Num_Acc;senc;catv;occutc;obs;obsm;choc;manv;num_veh
201600000777;2;7;0;0;0;3;1;A01
201600000778;1;7;0;8;0;2;1;A01
201600000779;1;7;0;6;0;2;1;A01
201600000780;2;10;0;0;1;7;1;A01
201600000781;1;7;0;0;2;6;15;A01
201600000781;2;7;0;0;2;3;1;B02
201600000782;0;7;0;0;2;3;9;A01
201600000782;0;7;0;0;2;2;1;B02
201600000783;2;7;0;13;0;9;17;A01
201600000784;2;7;0;0;2;1;1;A01
201600000784;0;7;0;0;2;2;1;B02
201600000785;1;31;0;0;2;1;1;B02
201600000785;1;10;0;0;2;6;15;A01
201600000786;0;7;0;0;1;2;1;A01
201600000787;2;7;0;0;2;7;15;B02
201600000787;1;31;0;0;2;1;1;A01
201600000788;2;31;0;0;2;1;21;A01
201600000788;2;7;0;0;2;8;15;B02
201600000789;1;7;0;0;2;3;13;A01
201600000789;2;7;0;0;2;8;1;B02
201600000789;2;33;0;0;2;1;21;C03
201600000790;2;7;0;0;2;3;1;B02
201600000790;0;7;0;0;2;2;1;A01
201600000791;2;7;0;0;6;1;1;A01
201600000792;2;7;0;2;0;1;1;A01
201600000793;2;7;0;0;2;8;1;B02
201600000793;1;7;0;0;2;1;15;A01
201600000794;2;10;0;16;2;3;13;A01
201600000794;1;7;0;16;2;3;1;B02
201600000795;1;7;0;0;2;1;1;B02
201600000795;1;21;0;0;2;1;1;A01
201600000796;0;33;0;0;2;1;1;A01
201600000796;0;7;0;0;2;5;10;B01
201600000797;0;7;0;0;2;2;15;A01
201600000797;2;33;0;0;2;1;1;B01
201600000798;0;7;0;0;2;1;1;A01
201600000798;0;3;0;0;2;3;15;B02
201600000799;2;7;0;2;0;8;13;A01
201600000800;0;33;0;0;2;1;13;A01
201600000800;0;7;0;0;2;1;1;B02
201600000801;2;7;0;0;2;1;1;B02
201600000801;1;7;0;0;2;1;13;A01
201600000802;0;7;0;0;2;3;19;B02
201600000802;1;32;0;0;2;1;1;A01
201600000803;2;7;0;0;2;7;13;A01
201600000803;1;7;0;0;2;1;1;B02
201600000804;1;33;0;0;2;3;13;A01
201600000804;2;7;0;0;2;3;1;B02
201600000805;1;1;0;0;2;7;19;B02
201600000805;1;7;0;0;2;1;1;A01
201600000806;2;7;0;0;2;1;15;A01
201600000806;1;34;0;0;2;1;1;B01
201600000807;2;7;0;13;0;2;1;A01
201600000808;1;30;0;0;2;6;15;B02
201600000808;1;7;0;0;2;2;17;A01
201600000809;2;7;0;0;1;1;1;A01
201600000810;1;7;0;2;2;1;1;A01
201600000811;2;7;0;13;0;2;1;A01
201600000812;2;1;0;0;2;2;1;A01
201600000812;1;3;0;0;9;7;15;B02
201600000813;2;7;0;0;2;1;1;B02
201600000813;1;7;0;0;2;1;13;A01
201600000814;0;7;0;2;0;8;1;A01
201600000815;1;1;0;0;0;1;1;B02
201600000815;1;7;0;0;0;1;15;A01
201600000816;0;1;0;0;0;4;1;B02
201600000816;0;7;0;0;2;1;1;A01
201600000817;1;7;0;0;2;1;1;A01
201600000817;1;7;0;0;2;1;1;B02
201600000818;1;7;0;0;2;1;1;A01
201600000818;2;7;0;0;2;8;1;B02
201600000819;1;7;0;0;2;1;1;A01
201600000819;1;1;0;0;2;4;1;B02
201600000819;1;1;0;0;2;4;1;C03
201600000820;2;7;0;0;2;1;1;B02
201600000820;1;7;0;0;2;1;13;A01
201600000821;1;7;0;0;2;0;1;A01
201600000822;1;7;0;0;2;1;17;A01
201600000822;2;10;0;0;2;1;1;B02
201600000823;2;7;0;5;0;2;1;A01
201600000824;2;7;0;1;1;1;1;A01
201600000825;1;7;0;0;2;3;5;A01
201600000825;2;7;0;0;2;2;1;B02
201600000826;1;10;0;13;0;3;1;A01
201600000827;0;7;0;0;1;4;4;A01
201600000828;0;7;0;0;2;1;11;A01
201600000828;0;10;0;0;2;1;1;B02
201600000829;0;33;0;0;2;8;1;B01
201600000829;0;7;0;0;2;1;19;A01
201600000830;2;7;0;2;0;1;1;A01
201600000831;2;31;0;0;2;7;1;A01
201600000831;0;7;0;0;2;1;15;B02
201600000832;1;31;0;3;0;1;1;A01
201600000833;1;7;0;0;1;2;17;A01
201600000834;2;7;0;0;2;3;1;C03
201600000834;1;7;0;0;2;3;11;A01
201600000834;2;7;0;0;2;3;1;B02
201600000835;0;33;0;0;2;8;1;A01
201600000835;1;7;0;0;2;3;15;B02
201600000836;1;7;0;0;1;1;1;A01
201600000837;1;7;0;0;2;2;1;B02
201600000837;1;1;0;0;2;1;9;A01
201600000838;2;7;0;0;0;4;23;B02
201600000838;2;7;0;0;2;1;2;A01
201600000839;1;7;0;13;0;1;1;A01
201600000840;0;7;0;0;2;2;2;B02
201600000840;0;7;0;0;2;7;19;A01
201600000841;0;32;0;8;0;1;1;A01
201600000842;2;33;0;6;2;1;14;A01
201600000843;0;7;0;13;0;1;14;A01
201600000844;0;7;0;0;2;3;1;A01
201600000844;0;7;0;0;2;8;19;B02
201600000845;1;7;0;0;5;1;19;A01
201600000846;2;7;0;0;2;3;1;D04
201600000846;2;7;0;0;2;3;13;A01
201600000846;2;33;0;0;2;1;1;C03
201600000846;2;7;0;0;2;3;1;B02
201600000847;2;7;0;14;0;1;0;A01
201600000848;2;14;0;13;0;2;14;A01
201600000849;1;7;0;0;2;1;1;B02
201600000849;2;7;0;0;2;1;13;A01
201600000849;1;7;0;0;2;1;1;C03
201600000850;2;7;0;0;2;8;15;B02
201600000850;2;33;0;0;2;1;1;A01
201600000851;2;7;0;0;2;1;1;B02
201600000851;1;7;0;0;2;1;13;A01
201600000852;0;10;0;0;2;3;1;A01
201600000852;0;2;0;0;2;1;16;B02
201600000853;0;1;0;14;0;2;1;A01
201600000854;1;7;0;0;2;8;10;A01
201600000854;2;33;0;0;2;8;0;B02
201600000855;0;2;0;0;2;8;13;B02
201600000855;0;2;0;0;2;1;1;A01
201600000856;2;7;0;0;0;3;1;A01
201600000857;0;7;0;0;0;1;1;A01
201600000857;0;31;0;0;0;1;1;B02
201600000858;1;7;0;0;2;3;1;B02
201600000858;1;7;0;0;2;3;13;A01
201600000859;1;7;0;13;0;1;2;A01
201600000860;0;7;0;0;1;1;1;A01
201600000861;0;7;0;1;1;3;20;A01
201600000862;0;10;0;0;0;6;15;A01
201600000862;0;7;0;0;2;1;2;B02
201600000863;1;7;0;8;0;2;1;A01
201600000864;0;30;0;0;2;1;17;A01
201600000864;0;7;0;0;2;6;15;B02
201600000865;2;10;0;0;2;6;23;B02
201600000865;2;7;0;1;0;2;14;A01
201600000866;0;7;0;0;2;1;23;C03
201600000866;0;7;0;0;2;1;1;B02
201600000866;0;7;0;0;2;1;15;A01
201600000867;0;33;0;0;2;1;21;A01
201600000867;0;7;0;0;2;2;1;B02
201600000868;0;33;0;0;2;1;1;B02
201600000868;0;7;0;0;2;3;15;A01
201600000869;1;33;0;0;2;1;1;A01
201600000869;2;7;0;0;2;7;15;B02
201600000870;1;7;0;0;2;2;17;A01
201600000870;1;1;0;0;2;6;13;B02
201600000871;0;7;0;0;0;2;10;A01
201600000871;0;2;0;0;2;1;1;B02
201600000872;0;10;0;0;0;3;1;A01
201600000873;1;30;0;0;2;1;0;A01
201600000873;0;7;0;0;0;5;0;B02
201600000874;1;7;0;0;2;3;1;A01
201600000874;2;7;0;0;2;1;1;B02
201600000875;2;7;0;0;2;2;12;A01
201600000875;2;33;0;0;2;3;3;B02
201600000876;0;7;0;6;0;1;1;A01
201600000877;2;7;0;0;0;3;1;B02
201600000877;2;7;0;0;2;5;1;A01
201600000878;1;7;0;0;0;1;1;A01
201600000879;0;30;0;0;2;1;1;A01
201600000879;0;7;0;0;2;8;1;B02
201600000880;0;7;0;0;2;1;15;B02
201600000880;0;30;0;0;2;2;1;A01
201600000881;0;7;0;0;0;8;9;A01
201600000881;0;1;0;0;0;7;1;B02
201600000882;1;33;0;0;0;8;1;A01
201600000883;2;10;0;0;2;3;1;A01
201600000883;1;7;0;0;2;3;1;B02
201600000884;1;15;0;0;2;4;2;B01
201600000884;1;7;0;0;2;1;2;A01
201600000885;2;2;0;0;0;8;15;A01
201600000886;0;7;0;0;1;5;4;A01
201600000887;1;14;0;0;2;3;1;A01
201600000887;1;7;0;0;0;3;19;B02
201600000888;0;7;0;0;2;3;15;B02
201600000888;0;33;0;0;2;1;1;A01
201600000889;1;17;0;13;0;1;1;A01
201600000890;2;7;0;0;2;3;15;A01
201600000890;2;33;0;0;2;1;1;B02
201600000891;1;33;0;13;0;6;1;A01
201600000892;2;1;0;0;2;1;1;B02
201600000892;1;7;0;0;2;1;1;A01
201600000892;2;1;0;0;2;1;1;C03
201600000893;1;7;0;0;2;3;2;A01
201600000893;1;1;0;0;2;4;15;B02
201600000894;2;7;0;0;0;9;1;A01
201600000895;2;7;0;13;0;1;1;A01
201600000896;0;7;0;0;1;1;1;A01
201600000897;2;7;0;13;0;7;1;A01
201600000898;2;7;0;13;0;2;2;A01
201600000899;1;7;0;0;2;1;9;A01
201600000899;0;1;0;0;0;7;1;B02
201600000900;1;7;0;0;2;1;13;A01
201600000900;2;7;0;0;0;1;1;B02
201600000901;0;7;0;6;0;7;15;A01
201600000902;2;31;0;0;2;7;1;B02
201600000902;1;7;0;0;2;3;9;A01
201600000903;1;7;0;0;2;3;9;A01
201600000903;0;1;0;0;2;7;1;B02
201600000904;0;7;0;0;2;3;1;A01
201600000904;0;30;0;0;2;2;15;B02
201600000905;0;7;0;0;0;1;1;A01
201600000905;0;7;0;2;0;2;19;B02
201600000906;2;7;0;0;2;2;17;B02
201600000906;1;7;0;0;2;3;15;A01
201600000907;1;7;0;0;1;8;15;A01
201600000908;0;7;0;0;1;1;1;A01
201600000909;1;7;0;2;0;2;17;A01
201600000910;0;7;0;2;0;1;0;A01
201600000911;0;7;0;0;2;1;1;B02
201600000911;0;7;0;0;0;7;19;A01
201600000912;1;10;0;0;2;3;19;B02
201600000912;2;7;0;0;2;2;1;A01
201600000913;1;7;0;3;0;0;1;A01
201600000914;1;7;0;2;0;9;1;A01
201600000915;2;7;0;13;0;1;13;A01
201600000916;0;7;0;13;0;0;17;B02
201600000916;0;10;0;0;0;0;1;A01
201600000917;2;7;0;2;0;9;14;A01
201600000918;2;7;0;0;0;1;1;A01
201600000919;1;7;0;0;9;2;1;A01
201600000919;1;1;0;0;0;4;1;B02
201600000920;2;7;0;0;2;1;1;A01
201600000920;2;7;0;0;2;4;1;B02
201600000920;2;10;0;0;0;4;1;C03
201600000921;2;7;0;0;2;3;17;A01
201600000921;2;7;0;0;2;3;1;C03
201600000921;1;7;0;0;2;1;1;B02
201600000922;0;1;0;0;2;1;15;B02
201600000922;0;14;0;0;2;7;1;A01
201600000923;1;2;0;0;0;0;1;A01
201600000924;1;33;0;0;0;0;9;A01
201600000925;0;7;0;16;0;2;17;A01
201600000926;2;10;0;0;2;1;13;A01
201600000926;1;7;0;0;2;1;1;B02
201600000927;0;1;0;0;2;8;19;B02
201600000927;0;7;0;0;2;1;1;A01
201600000928;0;30;0;0;2;1;1;A01
201600000928;0;30;0;0;2;8;10;B02
201600000929;2;7;0;0;2;1;1;B02
201600000929;1;14;0;0;2;1;1;A01
201600000930;2;7;0;0;2;2;1;A01
201600000930;1;7;0;0;2;1;1;B02
201600000931;1;7;0;0;2;7;17;A01
201600000931;1;2;0;0;0;8;13;B02
201600000932;1;34;0;3;0;8;9;A01
201600000933;2;7;0;0;2;7;1;B02
201600000933;1;7;0;0;2;7;13;A01
201600000934;0;36;0;16;0;0;1;A01
201600000935;2;7;0;0;2;3;9;A01
201600000935;1;30;0;0;2;7;2;B02
201600000936;0;7;0;0;2;3;1;A01
201600000936;0;1;0;0;2;7;16;B02
201600000937;2;7;0;0;2;2;1;A01
201600000937;0;7;0;0;2;1;1;B02
201600000938;2;10;0;0;0;2;1;B02
201600000938;1;2;0;0;0;1;13;A01
201600000939;0;7;0;0;2;1;1;A01
201600000939;0;2;0;0;2;1;5;B02
201600000940;1;33;0;0;2;1;1;B02
201600000940;2;10;0;0;2;8;15;A01
201600000941;2;7;0;0;2;3;1;A01
201600000941;1;7;0;0;2;3;17;B02
201600000942;0;10;0;0;2;1;13;A01
201600000942;0;7;0;0;2;1;1;B01
201600000943;2;7;0;0;1;2;1;A01
201600000944;0;7;0;0;2;6;1;A01
201600000944;0;32;0;0;2;5;0;B02
201600000945;0;2;0;0;0;7;1;A01
201600000946;2;7;0;0;0;0;1;A01
201600000947;2;7;0;8;0;2;1;A01
201600000948;0;7;0;0;2;2;15;A01
201600000948;0;1;0;0;2;8;15;B02
201600000949;2;7;0;0;2;6;11;A01
201600000949;2;33;0;0;2;1;11;B02
201600000950;1;7;0;3;0;1;1;A01
201600000951;0;7;0;0;2;2;1;C03
201600000951;0;7;0;0;2;3;13;A01
201600000951;0;7;0;0;2;6;1;B02
201600000952;0;7;0;0;2;3;1;B02
201600000952;2;7;0;0;2;2;11;A01
201600000953;1;7;0;0;0;4;2;B02
201600000953;1;33;0;0;2;1;2;A01
201600000954;1;7;0;0;2;3;0;B02
201600000954;2;33;0;0;2;3;1;A01
201600000955;2;7;0;8;0;8;1;A01
201600000956;2;7;0;13;0;1;13;A01
201600000957;1;33;0;0;0;4;1;A01
201600000958;1;33;0;0;2;1;1;A01
201600000958;2;7;0;0;2;2;15;B02
201600000959;0;7;0;2;0;2;1;A01
201600000960;1;7;0;0;2;3;1;B02
201600000960;2;7;0;0;2;3;1;A01
201600000961;0;7;0;6;0;1;1;A01
201600000962;0;10;0;0;1;3;1;A01
201600000963;2;33;0;0;5;3;1;A01
201600000964;1;7;0;0;2;3;1;A01
201600000964;0;7;0;0;2;8;19;B02
201600000965;2;7;0;6;0;3;1;A01
201600000966;1;7;0;13;0;3;1;A01
201600000967;0;7;0;13;0;2;1;A01
201600000968;1;2;0;6;0;1;1;A01
201600000969;0;7;0;0;2;1;15;A01
201600000969;0;30;0;0;2;1;1;B02
201600000970;0;7;0;0;2;3;15;A01
201600000970;0;2;0;0;2;1;1;B02
201600000971;1;7;0;13;0;1;19;A01
201600000972;0;7;0;0;1;7;0;A01
201600000973;0;10;0;0;2;1;1;A01
201600000973;0;10;0;6;0;4;1;B02
201600000974;0;7;0;0;1;3;1;A01
201600000975;1;7;0;0;2;3;1;A01
201600000975;2;10;0;0;2;1;15;B02
201600000976;2;30;0;0;0;0;0;A01
201600000976;1;7;0;13;0;0;21;B02
201600000977;2;7;0;13;0;7;1;A01
201600000978;0;1;0;2;0;1;1;A01
201600000979;2;15;0;0;2;8;21;A01
201600000979;1;7;0;0;2;3;13;B02
201600000980;1;7;0;0;2;7;15;A01
201600000980;2;7;0;0;2;1;1;B02
201600000981;0;7;0;0;2;7;17;A01
201600000981;0;15;0;0;2;8;21;B02
201600000981;0;15;0;0;2;3;21;C03
201600000982;1;7;0;13;0;7;1;A01
201600000983;2;7;0;0;2;8;19;B02
201600000983;1;15;0;0;2;1;1;A01
201600000984;0;14;0;0;0;8;1;A01
201600000985;1;7;0;0;2;3;1;A01
201600000985;2;14;0;0;2;3;1;B02
201600000986;0;7;0;0;1;4;4;A01
201600000987;0;7;0;6;0;1;1;A01
201600000988;2;30;0;0;2;8;15;A01
201600000988;2;10;0;0;2;1;17;B02
201600000989;0;7;0;2;0;8;14;A01
201600000990;1;7;0;0;2;5;13;A01
201600000990;2;7;0;0;2;2;1;B02
201600000991;0;7;0;1;0;2;14;A01
201600000992;0;7;0;0;2;1;13;A01
201600000992;0;30;0;0;2;1;1;B02
201600000993;0;30;0;0;2;1;1;A01
201600000993;0;7;0;0;2;6;19;B02
201600000994;2;7;0;13;0;3;1;A01
201600000995;2;14;0;0;2;7;13;A01
201600000995;2;1;0;0;0;0;2;B02
201600000996;2;7;0;0;2;1;2;A01
201600000996;2;7;0;0;0;4;2;B02
201600000997;2;7;0;0;2;6;13;A01
201600000997;1;10;0;0;2;8;1;B02
201600000998;0;7;0;13;0;1;1;A01
201600000999;2;33;0;0;2;2;1;A01
201600000999;2;7;0;0;0;6;20;B02
201600001000;2;38;6;0;2;3;1;A01
201600001000;1;7;0;0;2;8;9;B02
201600001001;2;2;0;6;0;3;13;A01
201600001002;0;30;0;0;2;1;11;A01
201600001002;0;7;0;0;2;3;1;B02
201600001003;2;1;0;0;2;2;1;B02
201600001003;0;7;0;0;2;1;19;A01
201600001004;2;30;0;0;2;7;1;B02
201600001004;0;7;0;0;2;2;15;A01
201600001005;0;7;0;0;2;2;16;A01
201600001005;0;7;0;0;2;3;1;B02
201600001006;0;10;0;0;0;7;1;B02
201600001006;0;1;0;0;2;1;1;A01
201600001007;1;33;0;0;2;1;1;A01
201600001007;2;14;0;0;2;7;15;B02
201600001008;0;7;0;13;0;9;14;A01
201600001009;0;30;0;11;0;1;1;A01
201600001010;2;7;0;0;1;1;1;A01
201600001011;2;33;0;0;2;7;17;A01
201600001011;2;7;0;0;2;8;15;B02
201600001012;1;33;0;0;2;8;3;A01
201600001012;2;7;0;0;2;3;1;B02
201600001012;1;7;0;0;2;6;1;C03
201600001013;1;7;0;0;2;5;1;A01
201600001013;1;1;0;0;0;3;2;B02
201600001014;1;7;0;0;2;7;13;A01
201600001014;2;7;0;0;2;1;1;B02
201600001014;2;30;0;0;2;6;1;C03
201600001015;1;21;0;0;2;5;16;A01
201600001015;1;33;0;0;2;8;18;B02
201600001016;2;7;0;0;2;3;15;A01
201600001016;1;7;0;0;2;1;1;B02
201600001017;0;7;0;0;2;2;2;A01
201600001017;0;30;0;0;2;7;5;B02
201600001018;0;7;0;13;0;3;1;A01
201600001019;0;30;0;0;2;1;1;A01
201600001019;0;30;0;0;2;1;1;B02
201600001020;1;7;0;0;2;1;1;B02
201600001020;0;7;0;0;2;7;19;A01
201600001021;1;2;0;;;;;Z01
201600001021;0;30;0;0;2;8;1;A01
201600001022;0;10;0;0;1;2;1;A01
201600001023;1;7;0;0;2;1;13;A01
201600001023;2;7;0;0;2;0;1;B02
201600001024;2;1;0;0;2;8;19;A01
201600001024;1;7;0;0;2;2;1;B02
201600001025;2;7;0;0;2;2;15;A01
201600001025;1;1;0;0;2;1;1;B02
201600001026;0;7;0;0;1;1;1;A01
201600001027;2;30;0;5;0;1;1;A01
201600001028;2;7;0;0;2;1;1;A01
201600001028;1;7;0;0;2;1;15;B02
201600001029;1;10;0;0;2;1;1;B02
201600001029;0;7;0;0;2;8;15;A01
201600001030;1;2;0;0;2;1;9;A01
201600001030;1;7;0;0;2;6;1;B02
201600001031;1;7;0;0;1;2;1;A01
201600001032;0;7;0;0;2;1;13;A01
201600001032;0;7;0;0;2;1;1;B02
201600001033;0;30;0;0;0;1;1;A01
201600001034;0;30;0;0;2;1;1;A01
201600001034;0;7;0;0;2;3;15;B02
201600001035;1;7;0;0;1;1;1;A01
201600001036;1;7;0;0;2;6;15;A01
201600001036;1;31;0;0;2;1;2;B02
201600001037;1;7;0;0;2;3;1;A01
201600001037;2;7;0;0;2;3;1;B02
201600001038;2;31;0;0;2;1;19;B02
201600001038;2;7;0;0;2;3;16;A01
201600001039;1;7;0;2;0;7;13;A01
201600001040;2;7;0;0;2;1;1;A01
201600001040;1;32;0;0;2;1;5;B02
201600001041;1;7;0;0;2;3;1;B02
201600001041;1;7;0;0;2;2;19;A01
201600001042;1;1;0;0;1;1;1;A01
201600001043;1;33;0;0;2;1;17;A01
201600001043;1;7;0;0;2;7;19;B02
201600001044;2;7;0;6;0;3;13;A01
201600001045;2;7;0;0;2;3;15;A01
201600001045;1;2;0;0;2;8;1;B02
201600001046;2;7;0;0;2;8;15;A01
201600001046;1;2;0;0;2;8;1;B02
201600001047;0;7;0;0;1;1;1;A01
201600001048;0;31;0;0;2;1;13;A01
201600001048;0;7;0;0;2;1;1;B02
201600001049;1;1;0;0;2;1;1;B02
201600001049;0;7;0;0;2;5;19;A01
201600001050;1;33;0;0;0;1;1;A01
201600001051;2;30;0;0;2;1;1;B02
201600001051;0;7;0;0;2;3;15;A01
201600001052;0;7;0;0;2;3;1;A01
201600001052;0;1;0;0;2;1;13;B02
201600001053;1;7;0;13;0;3;1;A01
201600001054;1;33;0;0;2;1;1;A01
201600001054;1;7;0;0;2;2;1;B02
201600001055;2;7;0;0;1;2;1;A01
201600001056;2;33;0;0;2;1;1;B02
201600001056;1;7;0;0;2;3;15;A01
201600001057;1;7;0;0;1;2;1;A01
201600001058;2;1;0;0;2;0;2;A01
201600001058;2;7;0;0;2;7;2;B02
201600001059;1;7;0;0;2;3;19;B02
201600001059;2;30;0;0;2;1;1;A01
201600001060;1;7;0;0;2;3;17;A01
201600001060;2;1;0;0;2;1;1;B02
201600001061;1;7;0;0;2;7;15;A01
201600001061;2;33;0;0;2;1;1;B02
201600001062;1;7;0;0;1;2;1;A01
201600001063;1;33;0;0;2;8;1;A01
201600001063;2;7;0;0;2;2;19;B02
201600001064;1;7;0;3;2;5;19;A01
201600001064;2;7;0;0;2;1;1;B02
201600001065;2;10;0;0;2;1;13;A01
201600001065;1;7;0;0;2;1;1;B02
201600001066;1;7;0;0;2;3;13;A01
201600001066;1;31;0;0;2;1;17;B02
201600001067;1;7;0;0;2;4;1;A01
201600001067;1;33;0;0;2;1;1;B02
201600001068;1;7;0;0;2;3;1;A01
201600001068;2;7;0;0;2;1;15;B02
201600001069;0;7;0;0;1;2;1;A01
201600001070;0;7;0;0;2;3;1;A01
201600001070;0;1;0;0;2;1;5;B02
201600001071;2;7;0;0;2;3;13;A01
201600001071;1;3;0;0;2;1;1;B02
201600001072;0;7;0;0;1;2;15;A01
201600001073;1;7;0;0;2;1;1;A01
201600001073;2;7;0;0;2;1;1;B02
201600001074;2;30;0;1;0;1;1;A01
201600001075;0;1;0;0;0;2;1;A01
201600001076;0;30;0;0;1;1;1;A01
201600001077;0;7;0;0;2;5;1;A01
201600001077;0;10;0;0;2;2;1;B02
201600001078;2;7;0;0;1;2;1;A01
201600001079;2;10;0;0;1;1;2;A01
201600001080;2;30;0;0;0;1;1;A01
201600001081;1;7;0;3;0;1;1;A01
201600001082;1;10;0;0;2;3;13;A01
201600001082;2;7;0;0;2;2;1;B02
201600001083;1;33;0;0;0;0;0;A01
201600001084;0;30;0;0;2;3;16;A01
201600001084;0;7;0;0;2;3;1;B02
201600001085;1;7;0;0;2;8;19;A01
201600001085;1;33;0;0;2;8;17;B02
201600001086;2;7;0;13;0;1;13;A01
201600001087;0;7;0;0;1;1;1;A01
201600001088;1;7;0;0;2;1;1;A01
201600001088;1;7;0;0;0;4;1;B02
201600001089;1;7;0;0;0;6;13;A01
201600001089;1;7;0;0;2;1;21;B02
201600001089;1;7;0;0;2;1;1;C03
201600001089;1;7;0;0;2;1;21;D04
201600001090;2;7;0;0;1;2;1;A01
201600001091;2;2;0;0;2;1;1;B02
201600001091;0;7;0;0;2;7;19;A01
201600001092;1;7;0;0;2;1;13;A01
201600001092;2;7;0;0;2;1;1;B02
201600001093;2;7;0;2;0;2;14;A01
201600001094;2;7;0;0;0;0;1;A01
201600001094;1;1;0;0;2;8;1;B02
201600001095;2;7;0;0;0;2;14;A01
201600001096;2;7;0;0;2;1;1;A01
201600001096;2;7;0;0;2;4;1;B02
201600001096;2;7;0;0;0;4;15;C03
201600001097;0;7;0;0;1;4;4;A01
201600001098;2;2;0;0;2;1;13;A01
201600001098;1;7;0;0;2;6;23;B02
201600001099;2;10;0;0;9;3;0;A01
201600001100;0;2;0;0;0;1;1;A01
201600001101;1;30;0;11;0;1;1;A01
201600001102;2;7;0;0;1;2;1;A01
201600001103;1;7;0;13;0;2;1;A01
201600001104;0;7;0;0;2;3;1;B02
201600001104;0;7;0;0;2;3;13;A01
201600001105;1;7;0;0;1;2;1;A01
201600001106;0;21;0;0;2;7;15;A01
201600001106;0;7;0;0;2;1;1;B02
201600001107;1;7;0;0;2;1;1;B02
201600001107;2;7;0;0;2;1;1;A01
201600001108;0;7;0;0;2;1;2;A01
201600001108;0;1;0;0;0;4;2;B02
201600001109;1;31;0;0;2;2;17;A01
201600001109;1;10;0;0;2;6;15;B02
201600001110;0;7;0;0;2;3;15;A01
201600001110;0;10;0;0;2;1;1;B02
201600001111;0;7;0;0;1;2;1;A01
201600001112;2;7;0;0;2;1;13;A01
201600001112;1;7;0;0;2;1;1;B02
201600001113;2;7;0;0;2;1;1;A01
201600001113;0;7;0;0;2;7;19;B02
201600001114;2;7;0;0;2;2;1;B02
201600001114;1;7;0;0;2;7;13;A01
201600001115;2;7;0;0;2;1;1;A01
201600001115;1;7;0;0;2;3;1;B02
201600001116;2;7;0;0;9;1;15;A01
201600001116;2;1;0;0;2;7;1;B02
201600001117;2;10;0;0;2;1;1;A01
201600001117;0;7;0;0;2;8;19;B02
201600001118;1;7;0;0;2;3;13;A01
201600001118;2;7;0;0;2;3;1;B02
201600001119;1;7;0;2;0;1;1;A01
201600001120;0;14;0;1;0;4;4;A01
201600001120;0;7;0;1;2;3;24;B02
201600001120;0;7;0;1;2;3;24;C03
201600001121;0;10;0;0;2;7;1;A01
201600001121;0;1;0;0;2;0;16;B02
201600001122;1;7;0;0;2;2;19;A01
201600001122;2;7;0;0;2;3;1;B02
201600001123;0;7;0;0;2;1;1;A01
201600001123;0;30;0;0;2;1;0;B02
201600001124;1;7;0;0;2;3;13;B02
201600001124;2;7;0;0;2;3;1;A01
201600001125;0;7;0;0;2;1;15;A01
201600001125;0;2;0;0;2;1;1;B02
201600001126;0;10;0;0;1;2;1;A01
201600001127;0;7;0;0;2;2;1;A01
201600001127;0;30;0;0;2;1;15;B02
201600001128;1;7;0;6;0;1;1;A01
201600001129;1;10;0;13;0;1;13;A01
201600001130;0;7;0;13;0;1;1;A01
201600001131;1;7;0;13;0;2;14;A01
201600001132;1;7;0;0;2;3;1;A01
201600001132;2;7;0;0;2;3;6;B02
201600001133;1;7;0;0;2;1;1;A01
201600001133;1;7;0;0;2;6;4;B02
201600001134;1;7;0;14;0;1;1;A01
201600001135;1;10;0;0;2;1;1;A01
201600001135;2;10;0;13;0;7;23;B02
201600001136;2;7;0;0;1;5;1;A01
201600001137;1;7;0;0;0;2;2;A01
201600001137;1;1;0;0;0;4;0;B02
201600001137;1;1;0;0;0;4;0;C03
201600001138;1;7;0;0;2;1;1;A01
201600001138;1;7;0;0;2;4;15;B02
201600001139;0;2;0;0;2;1;15;A01
201600001139;0;7;0;0;2;2;1;B02
201600001140;0;7;0;13;0;1;1;A01
201600001141;1;30;0;12;0;1;16;A01
201600001142;0;10;0;0;1;1;15;A01
201600001143;2;10;0;0;2;1;13;A01
201600001143;1;10;0;0;2;1;1;B02
201600001144;2;10;0;0;2;3;13;A01
201600001144;1;10;0;0;2;3;1;B02
201600001145;2;7;0;0;2;1;9;A01
201600001145;2;10;0;0;2;2;1;B02
201600001146;1;7;0;13;2;5;13;A01
201600001146;2;7;0;0;2;1;1;B02
201600001147;1;7;0;13;0;3;1;A01
201600001148;1;7;0;0;2;0;11;A01
201600001148;1;7;0;0;2;7;17;B02
201600001149;1;33;0;0;2;1;1;B02
201600001149;2;10;0;0;2;7;15;A01
201600001150;1;31;0;0;1;1;1;A01
201600001151;0;7;0;0;1;6;15;A01
201600001152;0;2;0;6;0;1;13;A01
201600001153;2;7;0;0;2;2;9;A01
201600001153;2;1;0;0;0;0;2;B02
201600001154;1;7;0;8;0;3;1;A01
201600001155;1;33;0;0;6;3;21;A01
201600001156;1;14;0;13;0;1;1;A01
201600001157;0;7;0;0;1;2;1;A01
201600001158;2;10;0;0;2;1;13;A01
201600001158;1;10;0;0;2;1;21;B02
201600001159;1;7;0;0;2;5;19;A01
201600001159;0;7;0;0;2;2;1;B02
201600001160;2;7;0;2;0;1;1;A01