Num_Acc;senc;catv;occutc;obs;obsm;choc;manv;num_veh
201600001161;1;7;0;2;0;2;1;A01
201600001162;1;30;0;0;2;7;15;A01
201600001162;2;7;0;0;2;2;1;B02
201600001163;0;7;0;1;0;3;1;A01
201600001164;1;7;0;2;0;1;15;A01
201600001165;2;21;0;0;2;1;15;A01
201600001165;1;30;0;0;2;1;1;B02
201600001166;1;7;0;0;2;1;0;A01
201600001166;2;10;0;0;2;1;0;B02
201600001167;1;7;0;2;0;1;1;A01
201600001168;1;17;0;0;0;5;17;A01
201600001168;1;1;0;0;2;1;1;B02
201600001169;0;7;0;13;0;3;1;A01
201600001170;2;7;0;0;2;3;13;A01
201600001170;1;7;0;0;2;3;1;B02
201600001171;2;7;0;0;2;3;1;A01
201600001171;1;7;0;0;2;3;1;B02
201600001172;2;7;0;0;2;1;1;A01
201600001172;1;7;0;0;2;8;19;B02
201600001173;1;7;0;0;1;1;1;A01
201600001174;1;7;0;0;2;3;13;A01
201600001174;2;7;0;0;2;3;14;B02
201600001174;2;7;0;0;2;2;2;C03
201600001175;1;33;0;0;2;1;1;A01
201600001175;1;7;0;0;0;6;0;B02
201600001176;0;7;0;0;2;3;1;A01
201600001176;0;7;0;0;2;3;0;B02
201600001177;1;7;0;0;1;2;1;A01
201600001178;2;7;0;2;9;3;1;A01
201600001179;1;30;0;6;0;1;16;A01
201600001180;2;7;0;0;2;1;1;A01
201600001180;1;7;0;0;2;1;1;B02
201600001181;2;7;0;8;0;2;1;A01
201600001182;1;7;0;0;2;1;6;A01
201600001182;2;33;0;0;2;2;1;B02
201600001183;1;7;0;13;0;1;1;A01
201600001184;2;10;0;0;2;6;15;A01
201600001184;2;33;0;0;2;1;17;B02
201600001185;2;7;0;0;2;5;1;A01
201600001185;1;10;0;0;2;1;1;B02
201600001186;1;7;0;0;1;1;1;A01
201600001187;1;7;0;0;2;7;1;A01
201600001187;2;15;0;0;2;1;1;B02
201600001188;1;7;0;0;2;8;1;A01
201600001188;2;2;0;0;2;1;19;B02
201600001189;1;7;0;13;0;3;0;A01
201600001190;2;33;0;0;2;1;1;B02
201600001190;1;7;0;0;2;5;15;A01
201600001191;1;7;0;0;2;3;6;A01
201600001191;2;31;0;0;2;6;1;B02
201600001192;2;7;0;0;2;3;5;A01
201600001192;1;7;0;0;0;3;1;B02
201600001193;1;10;0;0;2;3;11;A01
201600001193;2;10;0;0;2;3;1;B02
201600001193;2;10;0;0;2;1;1;C03
201600001194;2;10;0;0;2;1;1;B02
201600001194;2;10;0;0;2;3;19;A01
201600001195;1;7;0;8;0;1;0;A01
201600001196;0;10;0;0;2;5;15;A01
201600001196;0;33;0;0;2;9;1;B02
201600001197;2;1;0;0;0;0;1;A01
201600001198;1;21;0;0;0;6;15;A01
201600001198;1;33;0;0;2;1;17;B02
201600001199;1;10;0;0;2;1;13;A01
201600001199;2;10;0;0;2;1;1;B02
201600001200;1;33;0;0;2;2;2;A01
201600001200;1;10;0;0;0;4;0;B02
201600001200;1;33;0;0;2;1;1;C03
201600001200;1;33;0;0;2;1;0;D04
201600001201;1;7;0;0;2;3;13;A01
201600001201;2;7;0;0;2;1;1;B02
201600001202;2;7;0;6;0;1;1;A01
201600001203;1;7;0;0;1;2;1;A01
201600001204;1;38;1;0;1;1;0;A01
201600001205;1;7;0;0;1;0;0;A01
201600001206;2;7;0;0;2;1;1;B02
201600001206;1;7;0;0;2;1;21;A01
201600001207;1;7;0;6;0;1;1;A01
201600001207;1;7;0;14;0;1;1;B02
201600001208;0;7;0;0;1;6;1;A01
201600001209;2;7;0;0;2;1;1;A01
201600001209;1;7;0;0;2;1;5;B02
201600001210;2;7;0;0;1;3;1;A01
201600001211;2;33;0;0;0;1;1;B02
201600001211;1;7;0;0;0;2;15;A01
201600001212;1;32;0;15;0;1;14;A01
201600001213;1;10;0;0;2;3;15;B02
201600001213;2;10;0;0;2;1;1;A01
201600001214;2;7;0;2;0;1;1;A01
201600001215;1;7;0;2;0;2;1;A01
201600001216;1;7;0;0;2;6;13;A01
201600001216;2;7;0;0;2;1;1;C03
201600001216;2;7;0;0;2;6;1;B02
201600001216;2;7;0;0;2;1;1;D04
201600001217;2;33;0;0;2;1;1;B02
201600001217;1;7;0;0;2;8;15;A01
201600001218;0;10;0;0;2;5;15;A01
201600001218;0;33;0;0;2;1;1;B02
201600001219;1;7;0;0;2;7;15;A01
201600001219;2;33;0;0;2;1;1;B02
201600001220;1;1;0;0;2;0;2;A01
201600001221;1;7;0;0;2;3;13;A01
201600001221;2;7;0;0;2;3;1;B02
201600001222;0;7;0;0;9;3;1;A01
201600001222;0;1;0;0;2;0;1;B02
201600001223;2;7;0;0;2;6;11;A01
201600001223;2;14;0;0;2;2;17;B02
201600001224;1;7;0;13;0;1;13;A01
201600001225;2;7;0;0;1;1;1;A01
201600001226;0;7;0;6;2;1;1;A01
201600001227;1;34;0;15;2;2;1;A01
201600001228;1;7;0;6;0;1;1;A01
201600001229;2;7;0;0;2;1;15;A01
201600001229;1;7;0;0;2;1;1;B02
201600001230;0;7;0;13;0;1;1;A01
201600001231;1;7;0;0;2;1;1;B02
201600001231;2;7;0;0;2;7;15;A01
201600001232;2;2;0;0;2;1;1;B02
201600001232;1;7;0;0;2;7;15;A01
201600001233;1;7;0;13;0;3;1;A01
201600001234;2;10;0;0;2;1;1;B02
201600001234;1;7;0;0;2;1;13;A01
201600001235;1;7;0;13;2;2;14;A01
201600001236;2;7;0;0;2;3;1;B02
201600001236;1;10;0;0;2;3;1;A01
201600001237;2;7;0;0;2;2;1;A01
201600001237;2;1;0;0;2;4;19;B02
201600001238;1;7;0;0;2;1;19;B02
201600001238;2;7;0;0;2;1;0;D04
201600001238;2;10;0;0;2;1;0;C03
201600001238;1;10;0;7;2;1;1;A01
201600001239;1;1;0;0;2;7;1;B02
201600001239;1;7;0;0;9;8;9;A01
201600001240;0;7;0;13;0;1;1;A01
201600001241;1;7;0;13;0;9;17;A01
201600001241;2;7;0;13;0;9;1;B02
201600001242;0;7;0;0;2;1;1;A01
201600001242;0;7;0;0;2;8;1;B02
201600001243;2;7;0;0;1;1;1;A01
201600001244;2;7;0;0;2;1;1;B02
201600001244;1;7;0;0;2;1;13;A01
201600001245;2;7;0;13;0;1;1;A01
201600001246;1;33;0;0;0;1;1;B02
201600001246;0;7;0;0;0;3;15;A01
201600001247;1;33;0;0;2;0;0;A01
201600001247;1;7;0;0;2;0;0;B02
201600001248;1;7;0;2;0;2;1;A01
201600001249;0;7;0;0;2;3;0;A01
201600001249;0;2;0;0;2;3;0;B02
201600001250;2;14;0;0;2;3;1;B02
201600001250;1;30;0;0;2;1;1;A01
201600001251;1;7;0;13;0;9;1;A01
201600001252;1;7;0;0;2;1;2;C03
201600001252;1;33;0;0;2;1;2;A01
201600001252;1;7;0;0;2;6;2;B02
201600001252;1;7;0;0;2;4;1;D04
201600001253;1;7;0;0;1;2;1;A01
201600001254;0;7;0;0;1;2;1;A01
201600001255;0;7;0;0;1;1;1;A01
201600001256;1;33;0;0;0;1;1;B02
201600001256;1;7;0;0;2;4;15;A01
201600001257;2;33;0;0;0;0;17;A01
201600001258;0;7;0;0;1;4;4;A01
201600001259;0;33;0;0;0;3;13;B02
201600001259;0;7;0;0;0;3;13;A01
201600001260;0;30;0;0;0;0;14;B02
201600001260;0;7;0;0;0;0;1;A01
201600001261;1;7;0;0;0;4;15;B02
201600001261;1;31;0;0;2;1;17;A01
201600001262;1;2;0;0;0;1;5;A01
201600001263;0;7;0;1;0;0;0;B02
201600001263;0;7;0;1;0;0;0;D04
201600001263;0;7;0;1;1;1;0;A01
201600001263;0;7;0;1;0;0;0;C03
201600001264;0;7;0;0;2;3;23;A01
201600001264;0;30;0;0;2;1;2;B02
201600001265;1;7;0;0;2;1;9;A01
201600001265;1;30;0;0;2;4;1;B02
201600001266;2;30;0;0;0;0;1;A01
201600001267;0;7;0;0;2;1;1;A01
201600001267;0;2;0;0;2;1;1;B02
201600001268;1;7;0;0;2;1;1;B02
201600001268;2;7;0;0;2;2;15;A01
201600001269;0;7;0;13;0;1;1;A01
201600001270;2;7;0;0;1;0;1;A01
201600001271;2;1;0;0;2;1;1;B02
201600001271;1;7;0;0;9;5;15;A01
201600001272;0;10;0;6;0;2;14;A01
201600001273;0;7;0;0;2;4;1;B02
201600001273;0;7;0;0;2;1;1;A01
201600001274;0;30;0;0;0;0;1;A01
201600001275;0;33;0;0;2;1;13;A01
201600001275;0;7;0;0;2;1;1;B02
201600001276;2;7;0;0;1;2;1;A01
201600001277;2;1;0;0;0;5;1;A01
201600001277;0;7;0;0;9;1;1;B02
201600001278;2;33;0;0;2;3;17;A01
201600001278;2;7;0;0;2;6;15;B02
201600001279;0;10;0;13;0;7;1;A01
201600001280;2;7;0;2;0;9;1;A01
201600001281;2;7;0;0;2;7;15;B02
201600001281;2;2;0;0;2;1;1;A01
201600001282;2;7;0;2;0;1;1;A01
201600001283;0;7;0;0;1;2;1;A01
201600001284;0;3;0;0;0;7;15;A01
201600001285;1;7;0;0;2;1;19;A01
201600001285;1;7;0;0;2;7;1;B02
201600001286;1;7;0;0;2;1;15;A01
201600001286;2;33;0;0;2;1;1;B02
201600001287;2;7;0;0;0;9;1;A01
201600001288;1;7;0;3;0;1;1;A01
201600001289;1;7;0;13;0;2;1;A01
201600001290;0;7;0;0;1;1;15;A01
201600001291;1;7;0;2;0;3;1;A01
201600001292;1;7;0;0;0;0;1;A01
201600001292;2;33;0;13;2;0;21;B02
201600001293;0;30;0;13;0;2;1;A01
201600001294;1;14;0;13;0;1;1;A01
201600001295;0;7;0;14;0;1;1;A01
201600001296;2;10;0;13;0;0;1;A01
201600001297;1;7;0;13;0;2;1;A01
201600001298;0;7;0;13;0;3;16;A01
201600001299;1;7;0;13;0;2;1;A01
201600001300;1;34;0;0;2;8;0;B02
201600001300;2;7;0;0;2;1;15;A01
201600001301;2;30;0;13;0;7;1;A01
201600001302;1;7;0;0;2;3;0;B02
201600001302;2;33;0;0;2;1;17;A01
201600001303;1;7;0;13;0;2;1;A01
201600001304;0;7;0;0;9;2;1;B02
201600001304;0;1;0;0;2;1;1;A01
201600001305;1;7;0;0;2;8;1;A01
201600001305;0;14;0;0;2;1;19;B02
201600001306;1;7;0;7;0;1;0;A01
201600001307;2;7;0;0;2;3;19;A01
201600001307;1;7;0;0;2;2;1;B02
201600001308;0;30;0;0;2;8;6;A01
201600001308;0;7;0;0;2;1;1;B02
201600001309;0;7;0;0;1;2;21;A01
201600001310;1;7;0;0;2;1;1;B02
201600001310;0;21;0;0;0;3;19;A01
201600001311;0;7;0;0;2;3;1;A01
201600001311;0;7;0;0;2;3;1;B02
201600001312;1;7;0;2;0;1;1;A01
201600001313;2;30;0;0;2;8;16;A01
201600001313;1;7;0;0;2;3;1;B02
201600001314;0;3;0;0;2;9;1;B02
201600001314;0;7;0;0;2;1;2;A01
201600001315;0;16;0;1;0;1;0;A01
201600001316;1;33;0;6;0;1;0;A01
201600001317;2;7;0;13;0;2;1;A01
201600001318;1;7;0;13;0;2;1;A01
201600001319;0;7;0;0;2;1;1;B02
201600001319;0;7;0;0;2;3;1;A01
201600001320;2;7;0;0;2;5;19;A01
201600001320;0;7;0;0;2;2;1;B02
201600001321;1;7;0;2;0;1;1;A01
201600001322;0;7;0;13;0;1;19;A01
201600001323;0;7;0;0;2;1;2;B02
201600001323;1;7;0;1;2;4;2;A01
201600001324;0;7;0;0;9;7;2;A01
201600001324;0;1;0;0;2;4;0;C03
201600001324;0;1;0;0;2;4;2;B02
201600001325;1;7;0;0;2;5;4;A01
201600001325;1;7;0;0;2;1;1;B02
201600001326;2;33;0;0;2;1;1;B02
201600001326;1;3;0;0;0;5;15;A01
201600001327;0;7;0;0;1;2;1;A01
201600001328;1;7;0;13;0;5;13;A01
201600001329;1;7;0;0;2;1;13;A01
201600001329;2;15;0;0;2;1;1;B02
201600001330;2;33;0;13;0;1;1;A01
201600001331;1;7;0;13;0;2;1;A01
201600001332;2;31;0;14;0;1;1;A01
201600001333;1;33;0;0;2;1;13;A01
201600001333;2;10;0;0;2;3;19;B02
201600001334;0;33;0;13;0;2;14;A01
201600001335;2;10;0;0;2;5;4;B02
201600001335;2;30;0;0;2;3;1;A01
201600001336;1;7;0;2;0;3;1;A01
201600001337;2;7;0;0;2;2;1;A01
201600001337;2;7;0;0;2;1;1;B02
201600001338;1;17;0;0;2;8;4;A01
201600001338;2;7;0;0;2;1;1;B02
201600001339;0;7;0;0;0;9;1;A01
201600001340;2;7;0;0;2;1;1;B02
201600001340;1;7;0;0;2;1;5;A01
201600001341;0;7;0;1;0;0;0;C03
201600001341;0;21;0;0;0;0;5;A01
201600001341;0;2;0;12;0;1;1;B02
201600001342;0;7;0;0;2;1;1;A01
201600001342;0;20;0;0;2;7;1;B02
201600001343;1;10;0;0;2;2;21;A01
201600001343;1;3;0;3;2;6;2;B02
201600001344;1;7;0;0;5;1;1;D04
201600001344;1;10;0;0;5;3;1;B02
201600001344;1;7;0;0;5;1;1;E05
201600001344;1;7;0;0;5;1;1;A01
201600001344;1;17;0;0;5;2;1;C03
201600001345;1;7;0;0;2;2;5;A01
201600001345;2;7;0;0;2;2;1;B02
201600001345;2;17;0;0;2;8;1;C03
201600001346;2;7;0;0;2;2;1;A01
201600001346;2;7;0;0;2;1;1;B02
201600001346;2;7;0;0;2;1;1;C03
201600001346;2;14;0;0;2;3;1;D04
201600001347;1;7;0;13;0;2;1;A01
201600001348;2;7;0;3;0;1;14;A01
201600001349;1;7;0;0;2;3;13;A01
201600001349;2;10;0;0;2;8;1;B02
201600001350;1;30;0;15;0;7;1;A01
201600001351;1;7;0;13;0;2;14;A01
201600001352;1;1;0;0;2;1;1;B01
201600001352;1;7;0;0;2;3;16;A01
201600001353;1;7;0;11;0;9;0;A01
201600001354;1;1;0;0;2;8;1;A01
201600001354;2;7;0;0;2;1;19;B02
201600001355;1;10;0;0;1;3;1;A01
201600001356;1;7;0;0;2;3;15;A01
201600001356;2;33;0;0;2;1;1;B02
201600001357;2;33;0;13;0;8;17;A01
201600001358;1;7;0;0;2;1;17;A01
201600001358;2;7;0;0;2;3;21;B02
201600001359;1;7;0;2;0;1;13;A01
201600001360;0;33;0;13;0;1;13;A01
201600001361;2;7;0;0;1;2;1;A01
201600001362;1;7;0;0;2;1;1;A01
201600001362;2;1;0;0;2;8;19;B02
201600001363;0;7;0;0;2;2;1;A01
201600001363;0;10;0;0;2;8;15;B02
201600001364;0;7;0;13;0;1;19;A01
201600001365;2;7;0;0;0;0;1;A01
201600001366;1;33;0;0;0;5;2;B02
201600001366;1;33;0;0;2;3;2;A01
201600001367;0;7;0;0;1;2;1;A01
201600001368;1;7;0;0;2;3;15;B02
201600001368;2;33;0;0;2;1;1;A01
201600001369;2;7;0;0;2;2;13;A01
201600001369;1;7;0;0;2;3;1;B02
201600001370;1;7;0;0;2;3;1;B02
201600001370;2;7;0;0;2;3;13;A01
201600001371;1;7;0;0;2;5;15;A01
201600001371;2;33;0;0;2;1;1;B02
201600001372;0;13;0;0;0;3;0;B02
201600001372;0;13;0;1;0;2;2;A01
201600001373;2;33;0;0;2;2;17;B02
201600001373;1;10;0;0;2;8;15;A01
201600001374;0;7;0;0;0;0;19;A02
201600001374;0;2;0;0;0;0;1;B01
201600001375;1;7;0;6;0;2;14;A01
201600001376;2;7;0;0;0;9;14;A01
201600001377;1;7;0;0;2;1;1;A01
201600001377;0;3;0;0;2;8;19;B02
201600001378;2;30;0;0;2;6;12;B02
201600001378;2;7;0;0;2;2;12;A01
201600001379;2;7;0;0;1;3;1;A01
201600001380;0;30;0;0;2;3;18;A01
201600001380;0;7;0;0;2;7;16;B01
201600001381;0;7;0;0;1;2;1;A01
201600001382;2;30;0;0;2;1;1;A01
201600001382;1;7;0;0;2;3;19;B02
201600001383;1;7;0;13;0;2;14;A01
201600001384;2;14;0;0;2;7;1;B01
201600001384;0;7;0;0;2;1;15;A01
201600001385;2;7;0;0;2;3;13;A01
201600001385;1;7;0;0;2;3;1;B02
201600001386;0;38;0;0;0;0;0;B02
201600001386;0;1;0;0;0;0;1;A01
201600001387;1;7;0;0;2;1;13;A01
201600001387;2;7;0;0;2;1;1;B02
201600001388;1;7;0;0;2;3;13;A01
201600001388;2;7;0;0;2;3;21;B02
201600001389;1;35;0;0;2;3;13;A01
201600001389;2;7;0;0;2;3;1;B02
201600001390;1;7;0;2;0;9;14;A01
201600001391;1;33;0;0;2;1;17;A01
201600001391;1;16;0;0;0;6;15;B02
201600001392;2;33;0;0;0;9;13;A01
201600001393;2;7;0;8;0;1;14;A01
201600001394;2;7;0;2;0;1;13;A01
201600001395;2;7;0;0;2;3;13;A01
201600001395;1;7;0;0;2;3;21;B02
201600001396;0;31;0;0;0;0;10;A01
201600001397;2;7;0;0;2;7;1;B01
201600001397;2;1;0;0;2;1;1;A01
201600001398;2;7;0;9;0;8;1;A01
201600001399;2;33;0;0;2;1;1;B01
201600001399;1;7;0;0;2;3;15;A02
201600001400;2;7;0;0;2;1;1;B02
201600001400;1;7;0;0;2;1;13;A01
201600001401;1;10;0;0;0;3;21;A01
201600001401;2;7;0;0;0;1;13;B02
201600001402;0;7;0;0;1;0;15;A01
201600001403;2;7;0;0;2;3;1;A01
201600001403;1;30;0;0;0;4;15;B01
201600001404;1;30;0;0;2;1;13;A01
201600001404;2;21;0;0;2;1;23;B02
201600001405;0;30;0;0;2;1;23;A01
201600001405;0;7;0;0;2;6;4;B02
201600001406;1;7;0;0;1;3;9;A01
201600001407;0;33;0;0;2;1;2;B02
201600001407;0;7;0;0;0;4;1;A01
201600001408;1;7;0;0;0;9;1;A01
201600001409;2;7;0;2;6;1;14;A01
201600001410;1;7;0;0;2;7;19;A01
201600001410;1;10;0;7;2;3;1;B02
201600001411;1;7;0;0;1;3;1;A01
201600001412;2;33;0;13;0;7;14;A01
201600001413;2;7;0;13;0;1;13;A01
201600001414;1;7;0;0;2;2;1;A01
201600001414;2;31;0;0;2;1;9;B02
201600001415;1;7;0;0;0;3;1;B02
201600001415;1;7;0;0;2;7;1;A01
201600001416;1;21;0;0;2;0;13;A01
201600001416;2;2;0;0;2;3;1;B02
201600001417;0;7;0;0;1;4;4;A01
201600001418;0;7;0;0;1;8;15;A01
201600001419;0;7;0;13;0;9;13;A01
201600001420;1;7;0;0;2;6;1;A01
201600001420;1;7;0;0;2;1;1;B02
201600001421;2;7;0;1;2;1;13;A01
201600001421;1;7;0;0;2;1;1;B02
201600001421;1;7;0;0;2;2;23;C03
201600001422;2;7;0;6;1;2;14;A01
201600001423;1;7;0;0;1;4;4;A01
201600001424;1;7;0;0;2;1;13;B02
201600001424;2;7;0;0;2;3;1;A01
201600001425;0;10;0;2;0;2;21;A01
201600001426;0;7;0;13;0;1;1;A01
201600001427;0;7;0;13;0;1;1;A01
201600001428;1;30;0;0;2;0;21;A01
201600001429;1;7;0;0;2;3;1;A01
201600001429;2;7;0;0;2;3;1;B02
201600001430;2;10;0;0;2;1;15;A01
201600001430;1;7;0;0;2;1;1;B02
201600001431;2;7;0;13;0;3;6;A01
201600001432;0;7;0;0;1;2;15;A01
201600001433;2;30;0;0;0;8;1;A01
201600001434;2;7;0;0;2;3;13;A01
201600001434;1;7;0;0;2;3;1;B02
201600001435;0;7;0;0;1;2;1;A01
201600001436;1;7;0;13;0;2;1;A01
201600001437;2;21;0;13;0;9;14;A01
201600001438;0;1;0;0;6;0;21;A01
201600001439;1;2;0;0;2;1;1;B02
201600001439;2;7;0;0;2;1;15;A01
201600001440;2;7;0;1;0;1;13;A01
201600001441;1;7;0;0;2;0;0;A01
201600001441;1;1;0;0;0;0;0;B02
201600001442;2;7;0;2;0;7;1;A01
201600001443;1;10;0;0;2;3;1;A01
201600001443;2;7;0;0;2;1;1;B02
201600001444;0;30;0;0;0;0;0;A01
201600001445;0;7;0;0;2;1;1;B02
201600001445;0;7;0;0;2;1;5;A01
201600001446;1;7;0;6;0;9;0;A01
201600001447;2;31;0;0;0;0;17;A01
201600001448;0;35;0;0;0;2;10;A01
201600001449;2;7;0;0;1;7;21;A01
201600001450;1;7;0;13;6;2;1;A01
201600001451;2;7;0;0;2;2;15;A01
201600001451;1;33;0;0;2;1;21;B02
201600001452;2;33;0;0;0;9;13;A01
201600001453;0;30;0;0;2;1;16;B02
201600001453;0;7;0;0;2;1;13;A01
201600001454;1;1;0;0;0;8;1;B01
201600001455;1;33;0;0;2;2;1;B02
201600001455;1;7;0;0;2;1;15;A01
201600001456;1;7;0;0;2;3;15;A01
201600001456;2;7;0;0;2;3;1;B02
201600001457;1;21;0;13;2;3;1;B02
201600001457;2;7;0;15;2;2;19;A01
201600001458;0;7;0;0;2;7;1;A01
201600001458;0;2;0;0;2;1;21;B02
201600001459;0;7;0;0;0;5;19;A01
201600001459;0;7;0;0;0;1;0;B02
201600001460;2;7;0;2;0;1;1;A01
201600001461;2;7;0;8;0;1;1;A01
201600001462;1;30;0;0;0;0;1;A01
201600001463;1;7;0;13;0;1;1;A01
201600001464;1;7;0;2;0;1;1;A01
201600001465;2;7;0;6;0;6;14;A01
201600001466;1;7;0;13;0;1;13;A01
201600001467;1;7;0;2;0;7;13;A01
201600001468;2;7;0;0;2;2;13;A01
201600001468;1;7;0;0;2;1;1;B02
201600001469;1;7;0;0;2;7;19;A01
201600001469;2;7;0;0;2;1;1;B02
201600001470;0;7;0;8;0;1;14;A01
201600001471;2;30;0;13;0;4;1;A01
201600001472;1;10;0;0;2;8;1;A01
201600001472;2;1;0;0;2;8;13;B02
201600001473;1;7;0;0;2;2;14;A01
201600001473;1;1;0;0;2;4;1;B02
201600001474;0;7;0;0;0;1;2;A01
201600001474;0;1;0;0;0;4;2;B02
201600001475;1;7;0;0;2;8;1;A01
201600001475;1;10;0;0;2;1;1;B02
201600001476;2;30;0;7;0;1;13;A01
201600001477;1;10;0;0;2;1;13;A01
201600001477;2;21;0;0;2;1;1;B02
201600001478;2;7;0;6;0;1;13;A01
201600001479;2;30;0;0;2;1;19;A02
201600001479;1;7;0;0;2;3;1;B01
201600001480;0;33;0;0;2;7;21;A01
201600001480;0;7;0;0;2;6;15;B02
201600001480;0;7;0;0;0;0;11;C03
201600001481;0;7;0;1;1;1;1;A01
201600001482;1;7;0;15;0;1;1;A01
201600001483;1;10;0;0;2;8;10;A01
201600001483;1;2;0;0;2;1;1;B02
201600001484;1;7;0;0;2;7;19;A01
201600001484;2;7;0;0;2;1;1;B02
201600001485;1;7;0;0;2;3;13;A01
201600001485;2;7;0;0;2;8;1;B02
201600001485;2;7;0;0;2;3;1;C03
201600001485;2;7;0;0;9;3;1;D04
201600001486;2;7;0;0;2;1;1;B02
201600001486;1;30;0;0;2;1;13;A01
201600001487;2;7;0;0;2;3;1;B02
201600001487;1;7;0;0;2;2;15;A01
201600001488;1;7;0;2;0;1;1;A01
201600001489;1;7;0;8;0;1;1;A01
201600001490;1;7;0;0;2;8;19;A01
201600001490;1;7;0;0;2;8;1;B02
201600001491;1;7;0;0;2;1;15;A01
201600001491;2;7;0;0;2;3;1;B02
201600001492;2;7;0;13;2;1;17;A01
201600001492;2;7;0;1;2;4;15;B02
201600001493;2;36;0;15;0;3;14;A01
201600001494;2;2;0;15;0;1;14;A01
201600001495;2;7;0;0;2;1;1;B02
201600001495;1;7;0;0;2;1;13;A01
201600001496;1;7;0;0;1;1;1;A01
201600001497;1;33;0;0;2;4;1;B02
201600001497;1;33;0;1;2;1;1;A01
201600001498;2;7;0;0;2;3;13;A01
201600001498;1;7;0;0;2;3;1;B02
201600001499;1;3;0;0;1;0;1;A01
201600001500;1;2;0;0;2;1;1;B02
201600001500;2;3;0;0;2;7;15;A01
201600001501;0;7;0;0;2;1;17;A01
201600001501;0;7;0;0;2;1;1;B02
201600001502;2;10;0;0;2;2;15;A01
201600001502;1;7;0;0;2;3;1;B02
201600001503;0;10;0;8;0;1;1;A01
201600001504;0;7;0;0;2;2;23;A01
201600001504;0;7;0;0;2;1;19;B02
201600001505;1;7;0;13;0;1;1;A01
201600001506;1;3;0;13;0;1;13;A01
201600001507;2;31;0;0;0;1;1;A01
201600001508;1;7;0;2;0;1;1;A01
201600001509;1;7;0;0;2;8;15;B02
201600001509;2;33;0;0;2;1;1;A01
201600001510;0;7;0;0;1;5;4;A01
201600001511;2;30;0;3;0;7;1;A01
201600001512;2;7;0;2;0;1;14;A01
201600001513;0;33;0;0;2;5;17;A01
201600001513;0;1;0;0;2;3;15;B02
201600001514;2;33;0;0;0;7;1;A01
201600001515;2;7;0;0;2;3;15;A01
201600001515;2;33;0;0;2;2;17;B02
201600001516;2;7;0;2;0;3;14;A01
201600001517;0;7;0;0;0;2;1;A01
201600001517;0;7;0;0;0;8;1;B02
201600001518;1;7;0;8;2;2;17;A01
201600001518;1;7;0;0;2;3;15;B02
201600001519;2;30;0;0;2;1;2;A01
201600001519;2;21;0;0;0;5;2;B02
201600001520;2;7;0;0;2;5;16;A01
201600001520;2;7;0;0;2;3;2;B02
201600001520;0;10;0;0;0;3;23;C03
201600001521;2;7;0;0;2;1;17;A01
201600001521;2;7;0;0;2;4;2;B01
201600001521;2;7;0;0;2;6;2;C01
201600001521;1;17;0;0;2;8;1;D01
201600001522;0;7;0;0;1;7;1;A01
201600001523;2;7;0;0;2;1;19;A01
201600001523;2;7;0;0;2;8;1;B01
201600001524;2;7;0;0;2;1;2;A01
201600001524;2;7;0;0;0;4;15;B01
201600001525;0;7;0;0;1;2;1;A01
201600001526;2;7;0;0;2;1;1;A01
201600001526;1;7;0;0;2;8;19;B01
201600001527;1;14;0;0;2;3;21;B01
201600001527;1;7;0;0;2;1;1;C01
201600001527;2;7;0;0;0;3;13;A01
201600001528;2;3;0;0;2;1;1;C01
201600001528;2;7;0;0;2;6;21;B01
201600001528;1;21;0;0;2;7;1;A01
201600001529;1;7;0;0;2;1;2;A01
201600001529;1;1;0;0;2;4;1;B01
201600001530;1;7;0;0;2;7;0;A01
201600001530;1;7;0;0;2;1;0;B01
201600001531;2;10;0;14;0;1;2;A01
201600001531;2;31;0;0;0;4;23;B02
201600001532;1;7;0;0;2;3;13;A01
201600001532;2;7;0;0;2;3;1;B01
201600001533;2;30;0;0;2;1;14;A01
201600001533;1;7;0;0;2;3;1;B01
201600001534;1;7;0;3;0;1;14;A01
201600001535;0;7;0;8;0;8;14;A01
201600001536;2;7;0;0;0;7;15;A01
201600001536;1;2;0;0;2;1;1;B01
201600001537;1;7;0;8;0;3;14;A01
201600001538;1;7;0;0;2;3;1;B01
201600001538;2;33;0;0;2;3;5;A01
201600001539;1;7;0;16;0;3;1;A01
201600001540;1;7;0;0;0;2;1;A01
201600001541;1;33;0;0;2;1;1;C01
201600001541;1;31;0;0;2;1;1;B01
201600001541;2;7;0;13;2;1;13;A01
201600001542;0;7;0;0;2;4;24;A01
201600001542;0;1;0;1;0;4;1;B01
201600001543;1;7;0;0;1;2;1;A01
201600001544;1;7;0;0;2;3;20;A01
201600001544;1;7;0;0;2;2;2;B01
201600001545;1;7;0;13;0;9;13;A01
201600001546;0;7;0;0;1;2;1;A01
201600001547;1;7;0;0;1;2;1;A01
201600001548;2;7;0;15;0;1;1;A01
201600001549;0;7;0;0;2;8;10;A01
201600001549;0;32;0;0;2;1;17;B01
201600001550;0;7;0;0;2;1;1;B01
201600001550;0;7;0;0;2;7;15;A01
201600001551;1;7;0;0;2;3;2;A01
201600001551;2;7;0;0;2;5;1;B01
201600001552;0;7;0;0;2;4;23;C01
201600001552;0;7;0;0;2;9;23;B01
201600001552;0;10;0;0;2;1;2;A01
201600001553;0;34;0;12;0;2;1;A01