Num_Acc;senc;catv;occutc;obs;obsm;choc;manv;num_veh
201600001554;0;7;0;0;2;4;1;B01
201600001554;0;7;0;0;2;1;2;A01
201600001555;0;7;0;0;2;3;13;A01
201600001555;0;10;0;0;2;6;1;B01
201600001556;0;7;0;0;1;3;1;A01
201600001557;0;7;0;0;2;1;2;Z02
201600001557;0;7;0;0;2;4;23;B01
201600001558;0;7;0;0;2;4;1;C03
201600001558;0;7;0;0;2;9;2;B02
201600001558;0;7;0;0;2;1;2;A01
201600001559;0;7;0;0;1;2;17;A01
201600001560;0;7;0;0;2;1;2;A01
201600001560;0;7;0;4;2;5;23;B01
201600001561;1;7;0;3;2;9;17;A01
201600001561;1;10;0;0;2;4;1;B01
201600001562;0;7;0;0;2;2;15;A01
201600001562;0;33;0;0;2;8;1;B01
201600001563;1;7;0;0;2;2;12;A01
201600001563;1;33;0;0;2;8;3;B01
201600001563;1;7;0;0;2;6;1;C01
201600001564;0;7;0;0;1;5;20;A01
201600001565;0;7;0;0;2;2;23;D01
201600001565;0;7;0;0;2;9;23;C01
201600001565;0;7;0;0;2;9;23;B01
201600001565;0;7;0;0;2;1;2;A01
201600001566;0;7;0;0;1;3;1;A01
201600001567;0;10;0;0;2;9;1;B01
201600001567;0;7;0;0;2;4;1;C01
201600001567;0;10;0;6;2;9;2;A01
201600001568;0;7;0;0;1;0;1;A01
201600001569;1;7;0;0;2;2;15;A01
201600001569;2;7;0;0;2;3;1;B01
201600001570;0;30;0;0;2;1;2;A01
201600001570;0;7;0;0;2;4;15;B01
201600001571;2;3;0;0;1;2;1;A01
201600001572;2;7;0;0;2;1;1;A01
201600001572;1;7;0;0;2;7;15;B01
201600001573;2;7;0;13;0;1;1;A01
201600001574;1;7;0;0;2;3;5;B01
201600001574;2;7;0;0;2;3;2;A01
201600001574;2;7;0;0;2;8;2;D01
201600001574;2;7;0;0;2;8;1;C01
201600001575;2;7;0;0;2;6;13;A01
201600001575;1;7;0;0;2;3;1;B01
201600001576;2;7;0;0;2;1;15;A01
201600001576;1;2;0;0;2;8;1;B01
201600001577;0;10;0;0;9;1;1;D01
201600001577;0;7;0;0;2;3;13;A01
201600001577;0;7;0;0;2;1;1;C01
201600001577;0;7;0;0;2;3;1;B01
201600001578;2;7;0;0;2;1;1;C01
201600001578;1;7;0;0;2;1;13;A01
201600001578;2;7;0;0;2;3;1;B01
201600001579;1;1;0;0;2;4;1;B01
201600001579;1;7;0;0;9;2;2;A01
201600001580;1;7;0;0;1;2;1;A01
201600001581;2;7;0;14;0;1;1;A01
201600001582;1;7;0;11;0;3;1;A01
201600001583;1;7;0;0;0;4;1;B01
201600001583;1;7;0;0;2;1;2;A01
201600001584;1;7;0;0;0;7;19;B02
201600001584;2;33;0;0;2;1;1;A01
201600001585;0;33;0;8;0;1;13;A01
201600001586;0;7;0;0;2;2;2;A01
201600001586;0;1;0;0;2;8;1;B01
201600001587;2;7;0;6;2;8;1;C01
201600001587;2;10;0;8;2;3;1;B01
201600001587;1;7;0;6;2;3;21;A01
201600001588;2;7;0;0;1;3;1;A01
201600001589;0;30;0;0;0;8;1;A01
201600001590;1;2;0;14;0;0;1;A01
201600001591;1;7;0;0;1;2;1;A01
201600001592;2;7;0;0;2;3;14;A01
201600001592;2;10;0;0;2;5;1;B01
201600001593;1;14;0;0;1;2;15;A01
201600001594;1;7;0;0;2;1;13;A01
201600001594;2;14;0;0;2;1;1;B01
201600001594;1;7;0;0;2;1;1;C01
201600001594;1;7;0;0;2;8;1;D01
201600001595;1;10;0;0;2;4;1;B02
201600001595;1;10;0;0;2;4;2;C03
201600001595;1;10;0;0;2;1;2;A01
201600001596;1;36;0;0;2;3;13;B01
201600001596;2;7;0;0;2;8;23;A01
201600001597;1;7;0;0;2;1;15;A01
201600001597;2;7;0;0;2;1;1;B01
201600001598;2;7;0;0;2;1;19;B01
201600001598;1;7;0;0;2;8;15;A01
201600001599;0;33;0;6;0;1;1;A01
201600001600;2;7;0;13;0;3;1;A01
201600001601;0;7;0;0;0;0;0;A01
201600001601;0;7;0;0;0;0;0;B02
201600001602;0;30;0;6;0;1;1;A01
201600001603;1;7;0;0;2;1;1;B01
201600001603;2;7;0;0;2;1;5;A01
201600001604;1;7;0;13;0;1;1;A01
201600001605;1;7;0;0;2;3;1;A01
201600001605;2;1;0;0;2;8;15;B01
201600001606;1;33;0;6;0;1;1;A01
201600001607;0;7;0;0;2;3;13;A01
201600001607;0;7;0;0;2;3;1;B01
201600001608;2;7;0;0;1;3;1;A01
201600001609;2;7;0;0;9;2;17;A01
201600001609;2;1;0;0;2;0;13;B01
201600001610;2;33;0;13;0;1;1;A01
201600001610;2;33;0;13;0;1;1;B01
201600001610;1;21;0;0;0;0;15;C01
201600001611;2;7;0;0;1;8;1;A01
201600001612;1;7;0;0;2;1;17;A01
201600001612;1;2;0;0;2;4;15;B02
201600001613;2;33;0;0;2;1;1;B02
201600001613;2;7;0;0;2;3;17;A01
201600001614;1;7;0;0;2;1;15;A01
201600001614;2;7;0;0;2;1;1;B01
201600001615;2;33;0;0;2;3;17;A01
201600001615;2;7;0;0;2;3;15;B01
201600001616;0;7;0;0;2;6;1;B01
201600001616;0;10;0;0;2;2;2;A01
201600001617;0;7;0;0;1;2;20;A01
201600001618;1;7;0;0;2;1;1;A01
201600001618;1;7;0;0;0;4;23;B01
201600001619;0;7;0;13;0;1;13;A01
201600001619;0;7;0;0;2;3;1;B01
201600001620;1;7;0;6;0;1;1;A01
201600001621;2;7;0;0;1;1;1;A01
201600001622;2;31;0;0;0;1;1;A01
201600001623;1;7;0;0;2;3;13;A01
201600001623;2;7;0;0;2;3;1;B01
201600001624;1;33;0;0;6;1;1;A01
201600001625;0;33;0;0;0;8;1;A01
201600001626;1;3;0;13;0;1;13;A01
201600001627;0;14;0;0;1;1;1;A01
201600001627;0;7;0;0;1;1;1;B01
201600001627;0;7;0;0;1;1;1;C01
201600001628;0;7;0;0;2;3;5;A01
201600001628;0;30;0;0;2;8;23;B02
201600001629;2;7;0;0;2;1;1;C01
201600001629;2;7;0;0;2;1;13;A01
201600001629;1;15;0;0;2;1;1;B01
201600001630;1;10;0;13;0;1;1;A01
201600001631;0;1;0;0;2;8;15;A01
201600001631;0;7;0;0;2;7;17;B02
201600001632;1;7;0;6;0;1;1;A01
201600001633;2;7;0;13;0;3;1;A01
201600001634;2;7;0;0;0;0;12;B01
201600001634;2;33;0;12;0;8;21;A01
201600001635;0;7;0;8;0;1;1;A01
201600001636;2;7;0;0;2;1;2;A01
201600001636;2;7;0;0;0;4;23;B01
201600001637;1;7;0;0;2;3;17;A01
201600001637;2;7;0;0;2;3;1;B01
201600001638;1;7;0;2;0;3;14;A01
201600001639;1;7;0;0;2;1;17;A01
201600001639;1;7;0;0;2;6;15;B01
201600001640;2;10;0;0;2;3;1;B01
201600001640;1;7;0;0;2;3;13;A01
201600001641;2;7;0;6;0;2;13;A01
201600001642;1;30;0;0;0;8;1;A01
201600001643;0;7;0;2;0;1;1;A01
201600001644;2;7;0;13;0;7;1;A01
201600001645;0;10;0;0;2;3;1;A01
201600001646;1;7;0;0;1;3;1;A01
201600001647;1;7;0;0;2;3;9;A01
201600001647;2;1;0;0;2;1;1;B01
201600001648;1;33;0;0;2;0;21;A01
201600001648;1;7;0;0;2;6;15;B01
201600001649;2;7;0;0;0;6;15;A01
201600001649;2;33;0;0;2;1;17;B01
201600001650;1;7;0;0;5;1;1;A01
201600001650;1;7;0;0;5;1;1;B01
201600001651;2;10;0;0;2;3;13;A01
201600001651;1;7;0;0;2;3;1;B01
201600001652;0;7;0;0;2;1;20;B01
201600001652;0;10;0;0;2;2;1;C01
201600001652;0;7;0;0;2;4;24;A01
201600001653;1;7;0;0;2;2;1;A01
201600001653;1;1;0;0;2;8;16;B01
201600001654;2;7;0;2;0;3;1;A01
201600001655;2;7;0;0;2;1;13;A01
201600001655;1;7;0;0;2;1;1;B01
201600001656;1;7;0;0;2;1;13;A01
201600001656;2;7;0;0;2;3;1;B01
201600001657;2;33;0;0;2;1;2;A01
201600001657;2;3;0;0;0;4;1;B02
201600001658;2;3;0;0;2;3;1;B01
201600001658;2;3;0;0;2;7;17;A01
201600001659;2;7;0;0;2;3;17;B01
201600001659;2;3;0;0;2;4;1;A01
201600001660;2;10;0;2;0;3;14;A01
201600001661;1;7;0;3;0;1;1;A01
201600001662;1;7;0;0;1;1;1;A01
201600001663;1;7;0;0;1;2;15;A01
201600001664;2;1;0;0;2;7;1;B01
201600001664;0;10;0;0;2;1;9;A01
201600001665;1;7;0;0;2;1;1;B01
201600001665;0;7;0;7;2;7;19;A01
201600001666;0;7;0;0;2;2;15;A01
201600001666;0;2;0;0;2;1;1;B01
201600001667;1;7;0;0;2;0;0;A01
201600001667;2;7;0;0;2;6;1;B01
201600001667;2;7;0;0;2;1;0;C01
201600001668;2;10;0;0;2;3;1;B01
201600001668;1;7;0;12;2;3;19;A01
201600001669;2;7;0;0;1;1;16;A01
201600001670;1;7;0;0;2;2;1;A01
201600001670;2;7;0;0;2;5;0;B01
201600001671;2;7;0;9;2;1;1;B01
201600001671;1;7;0;9;2;7;15;A01
201600001672;1;7;0;0;2;1;15;A01
201600001672;2;33;0;0;2;1;1;B01
201600001673;1;7;0;0;1;2;0;A01
201600001674;2;7;0;0;2;1;16;A01
201600001674;2;1;0;0;2;8;1;B01
201600001675;0;32;0;0;2;2;17;A01
201600001675;0;7;0;0;2;3;15;B01
201600001676;1;7;0;0;2;2;15;A01
201600001676;2;33;0;0;2;1;1;B01
201600001676;2;33;0;0;2;1;1;C01
201600001677;2;7;0;0;2;5;2;B01
201600001677;2;31;0;0;2;1;2;A01
201600001678;2;7;0;0;2;1;9;A01
201600001678;1;1;0;0;2;7;1;B01
201600001679;2;7;0;0;1;2;1;A01
201600001680;2;32;0;0;2;1;1;B01
201600001680;1;7;0;0;2;8;19;A01
201600001681;1;7;0;0;2;1;15;A01
201600001681;2;2;0;0;2;1;1;B01
201600001682;2;10;0;0;2;7;15;A01
201600001682;2;33;0;0;2;1;0;B01
201600001683;2;7;0;8;2;3;1;B01
201600001683;1;7;0;8;2;1;1;A01
201600001684;1;7;0;0;2;1;2;A01
201600001684;1;7;0;0;2;4;23;B01
201600001685;2;7;0;0;2;7;13;A01
201600001685;1;7;0;0;2;1;1;B01
201600001686;1;7;0;0;2;8;10;A01
201600001686;2;2;0;0;2;1;1;B01
201600001687;2;7;0;0;2;2;15;A01
201600001687;1;1;0;0;2;8;1;B01
201600001688;1;7;0;0;2;3;13;A01
201600001688;2;15;0;0;2;3;1;B01
201600001689;1;37;1;0;1;2;0;A01
201600001690;1;7;0;0;2;7;0;A01
201600001690;1;7;0;0;2;1;1;B01
201600001691;1;2;0;0;2;1;17;A01
201600001691;1;7;0;0;2;3;15;B01
201600001692;1;7;0;0;1;3;1;A01
201600001693;2;7;0;6;0;2;14;A01
201600001694;2;2;0;0;2;1;1;B01
201600001694;2;7;0;0;2;2;0;Z01
201600001695;2;7;0;0;2;3;13;A01
201600001695;1;7;0;7;2;8;1;B01
201600001696;0;1;0;11;2;1;2;A01
201600001696;0;7;0;0;2;2;2;B01
201600001697;2;7;0;0;2;3;0;A01
201600001697;1;15;0;0;2;8;0;B01
201600001697;1;7;0;0;2;1;1;C01
201600001698;2;7;0;0;2;1;13;A01
201600001698;1;7;0;0;2;1;1;B01
201600001699;2;33;0;0;2;1;1;B01
201600001699;2;7;0;7;2;3;19;A01
201600001700;2;33;0;0;2;1;1;B01
201600001700;1;7;0;0;2;3;15;A01
201600001701;0;7;0;0;2;1;0;A01
201600001701;0;7;0;0;2;2;0;B01
201600001702;2;33;0;0;2;1;1;B01
201600001702;2;7;0;0;2;7;15;A01
201600001703;2;7;0;0;2;1;0;A01
201600001703;2;7;0;0;2;4;2;B01
201600001703;2;7;0;0;2;4;2;C01
201600001704;1;1;0;0;2;8;1;A01
201600001704;1;7;0;0;2;7;16;B01
201600001705;2;7;0;0;2;1;0;A01
201600001705;1;7;0;0;2;1;0;B01
201600001706;2;1;0;0;2;8;19;A01
201600001706;2;7;0;0;2;1;1;B01
201600001707;2;13;0;0;1;3;15;A01
201600001708;2;7;0;0;2;1;15;A01
201600001708;1;7;0;0;2;3;0;B01
201600001709;1;7;0;0;1;1;1;A01
201600001710;2;7;0;0;2;8;9;A01
201600001710;2;33;0;0;2;1;1;B01
201600001711;2;7;0;13;0;1;14;A01
201600001712;1;10;0;6;2;1;1;B01
201600001712;1;7;0;6;2;8;1;A01
201600001713;1;7;0;0;2;1;1;A01
201600001713;2;2;0;0;2;2;1;B01
201600001714;2;7;0;14;0;1;14;A01
201600001715;2;1;0;0;2;7;1;B01
201600001715;2;7;0;0;2;2;15;A01
201600001716;2;7;0;0;2;1;13;A01
201600001716;1;7;0;0;2;8;0;B01
201600001716;1;7;0;0;2;1;1;C01
201600001717;1;33;0;0;2;7;17;A01
201600001717;1;7;0;0;2;3;15;B01
201600001718;0;7;0;0;2;1;1;B01
201600001718;0;7;0;8;2;2;1;A01
201600001719;1;7;0;0;2;1;15;A01
201600001719;2;2;0;0;2;8;1;B01
201600001720;1;7;0;0;0;0;0;B01
201600001720;1;7;0;0;0;0;0;A01
201600001721;1;7;0;4;0;7;14;A01
201600001722;1;7;0;0;1;0;0;A01
201600001723;2;7;0;0;2;7;23;A01
201600001723;2;1;0;0;2;1;18;B01
201600001724;1;2;0;0;2;8;16;A01
201600001724;1;1;0;0;2;1;1;B01
201600001725;2;31;0;1;0;1;1;A01
201600001726;2;7;0;0;2;1;1;A01
201600001726;2;7;0;0;2;4;15;B02
201600001727;2;10;0;13;;1;14;A01
201600001728;1;31;0;13;0;7;1;A01
201600001729;1;7;0;0;2;1;1;B02
201600001729;2;7;0;0;2;3;13;A01
201600001730;1;7;0;0;2;3;1;A01
201600001730;2;7;0;0;2;3;1;B02
201600001731;1;10;0;0;1;1;9;A01
201600001732;2;99;0;7;0;1;1;A01
201600001733;1;7;0;0;1;2;1;A01
201600001734;2;7;0;16;0;2;1;A01
201600001735;2;7;0;6;0;3;21;A01
201600001736;2;10;0;0;2;1;1;A01
201600001736;2;20;0;0;1;4;23;B02
201600001737;2;7;0;13;0;1;1;A01
201600001738;2;7;0;0;6;3;1;A01
201600001739;1;7;0;0;2;2;1;B02
201600001739;1;7;0;0;2;3;19;A01
201600001740;1;7;0;0;2;2;1;A01
201600001740;2;7;0;0;2;3;19;B02
201600001741;1;7;0;13;0;9;1;A01
201600001742;0;2;0;8;0;1;14;A01
201600001743;2;7;0;3;0;1;1;A01
201600001744;1;7;0;0;2;5;13;A01
201600001744;2;7;0;0;2;1;1;B02
201600001745;1;10;0;0;2;8;13;A01
201600001745;2;15;0;0;2;1;23;B02
201600001746;2;7;0;0;2;3;1;B02
201600001746;1;10;0;0;2;8;1;A01
201600001747;2;7;0;0;2;8;15;A01
201600001747;2;33;0;0;2;7;17;B02
201600001748;2;7;0;8;0;1;14;A01
201600001749;1;7;0;8;0;7;13;A01
201600001750;1;7;0;13;0;1;14;A01
201600001751;1;7;0;0;2;3;21;A01
201600001751;2;33;0;0;2;8;1;B02
201600001752;1;7;0;0;2;3;1;A01
201600001752;2;10;0;0;2;3;17;B02
201600001753;1;10;0;2;0;1;14;A01
201600001754;1;10;0;0;1;1;1;A01
201600001755;2;7;0;13;0;9;13;A01
201600001756;2;2;0;8;0;2;13;A01
201600001757;2;7;0;0;2;3;1;B02
201600001757;1;33;0;0;2;1;17;A01
201600001758;1;7;0;13;0;1;13;A01
201600001759;1;7;0;0;1;2;1;A01
201600001760;2;7;0;2;0;3;13;A01
201600001761;1;7;0;;2;3;1;A01
201600001761;2;7;0;0;2;3;13;B02
201600001762;2;30;0;16;0;0;1;A01
201600001763;2;7;0;1;1;2;1;A01
201600001764;1;7;0;8;0;3;13;A01
201600001765;1;7;0;2;0;7;0;A01
201600001766;2;7;0;0;1;8;9;A01
201600001767;2;7;0;0;2;1;13;A01
201600001767;1;7;0;0;2;1;1;B02
201600001767;1;7;0;0;2;8;1;C03
201600001768;1;33;0;0;2;1;1;B02
201600001768;2;7;0;0;2;8;19;A01
201600001769;1;7;0;0;0;9;1;A01
201600001770;1;7;0;0;2;2;15;A01
201600001770;2;33;0;0;2;1;1;B02
201600001771;1;7;0;;2;7;1;B02
201600001771;2;7;0;;2;2;19;A01
201600001772;1;7;0;10;0;1;1;A01
201600001773;1;7;0;12;0;1;1;A01
201600001774;2;7;0;0;6;1;1;A01
201600001775;2;7;0;0;2;1;1;A01
201600001775;1;31;0;0;2;8;16;B02
201600001776;2;7;0;0;2;8;1;B02
201600001776;2;7;0;0;2;1;19;A01
201600001777;2;7;0;16;0;9;1;A01
201600001778;2;7;0;0;2;7;19;A01
201600001778;2;7;0;0;2;1;1;B02
201600001779;1;7;0;0;1;1;1;A01
201600001780;1;7;0;0;2;8;20;A01
201600001780;1;7;0;0;2;2;1;B02
201600001781;1;33;0;3;0;1;1;A01
201600001782;1;30;0;7;0;1;1;A01
201600001783;1;7;0;2;0;8;13;A01
201600001784;0;7;0;0;1;3;1;A01
201600001785;2;7;0;6;0;1;1;A01
201600001786;2;1;0;16;0;7;1;A01
201600001787;1;7;0;0;2;1;15;A01
201600001787;2;7;0;0;2;1;1;B02
201600001788;2;7;0;0;2;2;1;A01
201600001788;2;2;0;0;2;4;2;B02
201600001789;2;33;0;0;2;1;1;A01
201600001789;0;3;0;0;2;3;15;B02
201600001790;2;7;0;0;2;7;15;A01
201600001790;1;7;0;0;2;2;1;B02
201600001791;2;30;0;1;0;1;20;A01
201600001791;2;15;0;0;2;4;24;B02
201600001792;0;7;0;2;0;1;13;A01
201600001793;2;33;0;0;2;1;1;B02
201600001793;1;7;0;0;2;4;15;A01
201600001794;1;33;0;0;2;2;1;A01
201600001794;0;21;0;0;2;3;23;B02
201600001795;1;10;0;8;0;9;14;A01
201600001796;1;7;0;16;0;9;18;A01
201600001797;0;7;0;0;2;3;11;A01
201600001797;0;10;0;0;2;3;1;B02
201600001797;0;7;0;14;0;1;1;C03
201600001797;0;7;0;14;0;1;1;D04
201600001798;1;7;0;0;2;1;13;A01
201600001798;2;7;0;0;2;1;1;B02
201600001799;0;33;0;15;0;3;1;A01
201600001800;1;30;0;0;2;7;13;A01
201600001800;2;10;0;0;2;7;21;B02
201600001801;0;7;0;12;0;0;14;A01
201600001802;0;7;0;13;0;1;1;A01
201600001803;2;99;0;0;2;1;1;A01
201600001803;1;10;0;0;2;1;15;B02
201600001804;1;7;0;0;2;1;21;A01
201600001804;2;7;0;0;2;1;13;B02
201600001805;1;7;0;0;2;2;17;A01
201600001805;1;30;0;0;2;3;2;B02
201600001806;1;7;0;0;2;3;13;A01
201600001806;2;15;0;0;2;3;1;B02
201600001807;1;7;0;0;1;4;20;A01
201600001808;1;7;0;2;0;1;21;A01
201600001809;1;7;0;13;0;1;13;A01
201600001810;2;7;0;13;0;2;14;A01
201600001811;1;7;0;6;0;2;1;A01
201600001812;2;1;0;0;2;3;13;B02
201600001812;2;14;0;0;2;7;17;A01
201600001813;0;7;0;8;0;3;1;A01
201600001814;0;1;0;1;0;1;1;B02
201600001814;0;17;0;0;2;3;0;A01
201600001815;1;7;0;0;1;3;1;A01
201600001816;2;33;0;0;2;1;17;B02
201600001816;2;7;0;0;0;6;15;A01
201600001817;0;7;0;9;0;3;1;A01
201600001818;1;1;0;0;0;4;2;B02
201600001818;1;1;0;0;2;1;2;A01
201600001819;2;7;0;0;2;1;1;B01
201600001819;0;34;0;0;2;0;2;A01
201600001820;1;7;0;0;2;1;0;C03
201600001820;2;7;0;0;2;7;13;A01
201600001820;1;7;0;0;2;1;1;B02
201600001821;1;10;0;0;0;6;1;B02
201600001821;1;33;0;0;2;1;1;A01
201600001822;0;7;0;0;2;3;1;A01
201600001822;0;7;0;0;2;3;0;B02
201600001823;1;7;0;0;2;3;13;A01
201600001823;2;17;0;0;2;3;1;B02
201600001824;1;7;0;0;2;1;0;B02
201600001824;2;30;0;0;2;1;1;A01
201600001825;2;7;0;0;2;1;1;A01
201600001825;1;7;0;0;2;1;1;B02
201600001826;1;33;0;0;0;0;17;A01
201600001827;1;7;0;0;2;3;1;B02
201600001827;2;7;0;0;2;3;5;A01
201600001827;2;7;0;0;2;1;2;C03
201600001828;1;33;0;0;2;1;13;A01
201600001828;2;33;0;0;2;1;1;B02
201600001829;1;7;0;6;0;2;14;A01
201600001830;1;7;0;0;2;5;17;A01
201600001830;1;7;0;0;2;6;1;B02
201600001831;0;10;0;0;1;4;4;A01
201600001832;0;7;0;0;2;3;1;B02
201600001832;0;30;0;0;2;1;15;A01
201600001833;1;33;0;0;0;7;1;A01
201600001834;1;7;0;0;1;1;1;A01
201600001835;2;7;0;0;0;4;0;C03
201600001835;2;7;0;0;0;4;0;B02
201600001835;2;7;0;0;0;1;1;A01
201600001836;1;1;0;0;2;0;2;B02
201600001836;1;7;0;0;2;0;2;A01
201600001837;2;7;0;0;2;3;15;A01
201600001837;1;33;0;0;2;7;1;B02
201600001838;2;33;0;0;2;1;2;A01
201600001838;2;10;0;0;2;6;23;B02
201600001839;1;7;0;0;0;3;19;A01
201600001839;1;33;0;0;0;1;1;B02
201600001840;1;33;0;11;0;1;0;A01
201600001841;0;7;0;1;2;3;17;A01
201600001841;0;7;0;0;2;3;1;B01
201600001842;0;7;0;0;1;3;1;A01
201600001843;2;7;0;12;0;2;1;A01
201600001844;1;7;0;2;0;0;1;A01
201600001845;0;7;0;2;0;3;16;A01
201600001846;2;33;0;0;2;1;17;A01
201600001846;2;7;0;0;2;2;15;B02
201600001847;0;30;0;0;0;0;17;B02
201600001847;0;21;0;0;0;0;15;A01
201600001848;1;7;0;0;2;2;1;A01
201600001848;2;7;0;0;2;2;1;B02
201600001849;1;7;0;0;2;1;1;C03
201600001849;1;21;0;0;2;1;1;B02
201600001849;2;7;0;0;2;1;1;A01
201600001850;2;7;0;0;2;3;15;A01
201600001850;1;33;0;0;2;8;1;B02
201600001851;2;7;0;0;2;8;1;B02
201600001851;1;7;0;0;2;1;1;A01
201600001852;1;7;0;2;0;1;0;A01
201600001853;2;7;0;0;2;8;1;B02
201600001853;1;7;0;0;2;8;1;A01
201600001853;1;99;0;0;2;8;1;C03
201600001854;0;7;0;6;0;2;13;A01
201600001855;2;7;0;2;0;1;16;A01
201600001856;1;10;0;0;2;8;1;B02
201600001856;0;10;0;0;2;1;1;A01
201600001857;1;30;0;0;2;2;1;A01
201600001857;2;30;0;0;2;3;9;B02
201600001858;1;30;0;0;0;7;21;A01
201600001858;0;7;0;0;0;1;19;B02
201600001859;2;7;0;0;2;1;1;B02
201600001859;1;7;0;0;2;3;9;A01
201600001860;1;31;0;13;0;1;15;A01
201600001861;1;31;0;0;2;2;16;B02
201600001861;2;7;0;0;2;3;15;A01
201600001862;1;7;0;0;2;3;0;B02
201600001862;2;7;0;0;2;3;13;A01
201600001863;1;33;0;0;2;1;1;B02
201600001863;1;7;0;0;2;7;19;A01
201600001864;0;2;0;0;2;1;1;B02
201600001864;0;7;0;0;2;1;16;A01
201600001865;2;7;0;0;0;4;1;A01
201600001865;2;7;0;0;2;1;1;B02
201600001866;2;2;0;0;2;4;1;B02
201600001866;2;7;0;0;2;2;1;A01
201600001867;2;7;0;0;2;1;1;B02
201600001867;2;7;0;0;2;8;1;C03
201600001867;1;7;0;0;2;1;13;A01
201600001868;1;7;0;0;2;1;1;C03
201600001868;1;7;0;0;2;1;1;B02
201600001868;2;7;0;0;2;4;13;A01
201600001869;1;7;0;0;2;1;1;B02
201600001869;1;7;0;8;0;1;1;A01
201600001870;1;7;0;0;1;1;1;A01
201600001871;1;7;0;0;2;7;13;A01
201600001871;2;7;0;0;0;2;1;B02
201600001872;2;7;0;0;1;1;1;A01
201600001873;1;7;0;0;0;1;1;B02
201600001873;0;7;0;0;0;8;19;A01
201600001874;1;7;0;6;0;1;1;A01
201600001875;1;7;0;0;9;1;0;A01
201600001875;0;1;0;0;2;1;1;B01
201600001876;1;7;0;2;0;1;14;A01
201600001877;1;7;0;0;2;3;1;B02
201600001877;1;7;0;4;2;2;13;A01
201600001878;0;7;0;0;1;7;1;A01
201600001879;1;7;0;0;2;1;13;A01
201600001879;2;7;0;0;2;3;1;B02
201600001879;2;7;0;0;2;3;1;C03
201600001880;1;7;0;0;2;2;1;B02
201600001880;0;10;0;0;2;3;19;A01
201600001881;1;10;0;6;0;3;13;A01
201600001882;1;7;0;0;2;3;1;A01
201600001882;2;1;0;0;2;7;1;B02
201600001883;2;7;0;0;2;3;1;B02
201600001883;1;7;0;0;2;3;13;A01
201600001884;1;33;0;16;0;1;1;A01
201600001885;0;1;0;0;2;1;5;B02
201600001885;0;10;0;0;0;0;1;A01
201600001886;1;7;0;0;2;4;2;A01
201600001886;1;7;0;12;1;1;2;B02
201600001887;2;1;0;0;2;2;9;B02
201600001887;0;7;0;0;6;8;9;A01
201600001888;0;33;0;0;2;1;0;B02
201600001888;0;7;0;0;2;3;15;A01
201600001889;2;7;0;0;2;2;1;A01
201600001889;1;1;0;0;2;3;19;B02
201600001890;2;7;0;0;2;3;13;A01
201600001890;1;7;0;0;2;2;13;B02
201600001891;1;10;0;0;2;8;1;C03
201600001891;1;7;0;0;2;8;1;B02
201600001891;2;7;0;0;2;3;13;A01
201600001892;1;7;0;0;2;1;1;B02
201600001892;1;7;0;0;2;8;1;C03
201600001892;1;7;0;0;2;8;1;A01
201600001892;2;7;0;0;2;9;13;D04
201600001893;0;7;0;0;2;2;1;A01
201600001893;0;30;0;0;2;1;13;B02
201600001894;1;7;0;0;9;3;1;A01
201600001895;1;7;0;0;2;3;1;A01
201600001895;2;30;0;0;2;1;13;B02
201600001896;0;7;0;0;0;5;1;A01
201600001896;1;33;0;0;2;1;9;B02
201600001897;1;7;0;0;2;6;1;A01
201600001897;1;33;0;0;2;1;1;B02
201600001898;0;7;0;6;0;1;13;A01
201600001899;2;7;0;0;2;3;15;A01
201600001899;2;33;0;0;2;1;17;B02
201600001900;1;7;0;0;0;3;9;A01
201600001900;1;1;0;0;0;0;1;B02
201600001901;2;36;0;2;0;1;1;A01
201600001902;0;31;0;0;0;1;1;A01
201600001903;0;3;0;8;0;3;1;A01
201600001904;2;7;0;0;1;2;1;A01
201600001905;1;7;0;0;1;2;1;A01
201600001906;1;30;0;0;2;7;1;B02
201600001906;0;10;0;0;2;3;9;A01
201600001907;0;30;0;0;2;1;1;A01
201600001907;0;7;0;0;2;3;1;B02
201600001908;0;7;0;0;2;1;1;A01
201600001908;0;7;0;0;2;8;1;B02
201600001909;1;7;0;0;1;3;1;A01
201600001910;0;7;0;0;0;7;1;B02
201600001910;0;7;0;0;0;1;9;A01
201600001911;0;7;0;0;2;1;15;A01
201600001911;0;33;0;0;2;1;1;B02
201600001912;1;7;0;0;2;3;1;B02
201600001912;2;7;0;0;2;3;13;A01
201600001913;0;7;0;0;2;1;1;A01
201600001913;0;1;0;0;2;7;1;B02
201600001914;1;7;0;0;2;7;17;A01
201600001914;1;99;0;0;2;8;2;B02
201600001915;1;7;0;0;2;3;13;A01
201600001915;2;7;0;0;2;1;0;B02
201600001916;0;7;0;0;1;1;15;A01
201600001917;1;7;0;2;0;1;1;A01
201600001918;1;7;0;0;2;3;9;A01
201600001918;1;1;0;0;2;7;1;B02
201600001919;1;30;0;0;2;7;1;B02
201600001919;0;7;0;0;2;3;9;A01
201600001920;0;7;0;0;1;2;1;A01
201600001921;1;30;0;6;0;5;1;A01
201600001922;2;33;0;13;0;1;1;A01
201600001923;0;1;0;0;2;1;1;B02
201600001923;0;7;0;0;2;1;1;A01