Num_Acc;senc;catv;occutc;obs;obsm;choc;manv;num_veh
201600001924;1;33;0;0;1;1;0;A01
201600001925;2;7;0;13;0;1;1;A01
201600001926;0;32;0;0;2;7;15;B02
201600001926;0;7;0;0;2;1;1;A01
201600001927;2;7;0;4;0;3;12;A01
201600001928;1;30;0;0;2;1;1;B02
201600001928;2;7;0;0;2;2;1;A01
201600001929;2;7;0;0;2;8;1;B02
201600001929;1;33;0;0;2;6;17;A01
201600001930;0;7;0;0;2;5;15;B02
201600001930;0;33;0;0;2;1;1;A01
201600001931;2;7;0;0;2;5;1;A01
201600001931;2;2;0;0;2;1;2;B02
201600001932;2;1;0;0;2;8;1;B02
201600001932;1;7;0;0;9;1;1;A01
201600001933;1;7;0;0;2;1;1;A01
201600001933;0;1;0;0;0;0;0;B02
201600001934;2;2;0;0;0;0;0;B02
201600001934;1;7;0;0;0;0;0;A01
201600001935;1;7;0;0;2;1;10;A01
201600001935;1;7;0;0;2;3;1;C03
201600001935;1;7;0;0;2;1;1;B02
201600001936;1;7;0;0;2;1;1;B02
201600001936;2;7;0;0;2;7;15;A01
201600001937;2;1;0;0;1;1;1;A01
201600001937;2;1;0;0;1;1;1;B02
201600001938;0;7;0;0;1;4;20;A01
201600001939;2;7;0;0;2;7;2;A01
201600001939;2;1;0;0;0;8;2;B02
201600001940;2;7;0;0;2;2;19;B02
201600001940;2;1;0;0;2;3;1;A01
201600001941;0;7;0;0;2;2;1;A01
201600001941;0;1;0;0;0;4;1;B02
201600001942;2;33;0;0;2;7;10;A01
201600001942;1;7;0;0;2;1;1;B02
201600001943;1;30;0;0;0;9;1;A01
201600001944;0;30;0;0;1;1;1;A01
201600001945;2;1;0;0;2;1;1;B02
201600001945;1;7;0;0;2;1;1;A01
201600001946;0;7;0;0;1;7;17;A01
201600001947;1;7;0;8;0;2;1;A01
201600001948;2;7;0;13;0;3;5;A01
201600001949;1;33;0;0;0;0;0;A01
201600001950;2;7;0;0;2;3;1;A01
201600001950;2;1;0;0;2;1;0;B02
201600001951;1;7;0;0;2;1;1;C03
201600001951;1;7;0;0;2;8;1;B02
201600001951;2;7;0;0;2;3;13;A01
201600001952;0;7;0;0;1;1;0;A01
201600001953;2;33;0;8;0;1;1;A01
201600001954;2;17;0;13;0;2;14;A01
201600001955;2;7;0;2;0;1;1;A01
201600001956;2;10;0;2;0;2;11;A01
201600001957;0;33;0;0;2;1;1;A01
201600001957;0;7;0;0;2;3;1;B02
201600001958;0;7;0;0;1;2;1;A01
201600001959;2;3;0;0;2;3;13;A01
201600001959;1;7;0;0;2;3;1;B02
201600001960;0;7;0;2;0;5;1;A01
201600001961;2;21;0;0;1;5;17;A01
201600001962;1;20;0;6;2;7;14;A01
201600001962;2;7;0;0;2;1;23;B02
201600001963;1;7;0;13;0;3;13;A01
201600001964;2;33;0;6;2;7;17;A01
201600001964;2;7;0;0;2;8;15;B02
201600001965;2;7;0;0;2;1;1;A01
201600001965;2;7;0;0;2;4;15;B02
201600001966;2;7;0;0;1;2;1;A01
201600001967;2;30;0;0;1;1;1;A01
201600001968;2;30;0;8;0;7;1;A01
201600001969;2;7;0;0;2;1;1;B02
201600001969;1;7;0;0;2;1;0;A01
201600001970;0;30;0;0;2;0;1;A01
201600001970;0;7;0;0;2;2;1;B02
201600001971;2;7;0;6;0;1;1;A01
201600001972;1;7;0;0;1;1;1;A01
201600001972;1;10;0;0;0;4;1;B02
201600001973;1;33;0;0;6;1;1;A01
201600001974;2;7;0;13;0;3;2;A01
201600001975;1;7;0;0;2;1;13;A01
201600001975;2;7;0;0;2;3;1;B02
201600001976;2;7;0;2;0;8;1;A01
201600001977;1;7;0;0;2;1;9;A01
201600001977;1;30;0;0;2;7;1;B02
201600001978;1;7;0;13;0;9;1;A01
201600001979;2;7;0;3;2;1;1;A01
201600001979;1;7;0;0;2;1;1;B02
201600001980;1;7;0;13;0;9;1;A01
201600001981;1;33;0;0;2;1;1;A01
201600001981;1;7;0;0;0;4;15;B02
201600001982;1;7;0;13;0;1;1;A01
201600001983;2;7;0;2;0;5;5;A01
201600001984;1;7;0;0;1;2;1;A01
201600001985;2;33;0;0;0;7;1;B02
201600001985;0;7;0;0;2;6;19;A01
201600001986;1;7;0;0;2;1;2;A01
201600001986;1;3;0;0;2;4;1;B02
201600001987;0;7;0;0;2;2;2;A01
201600001987;1;33;0;0;2;3;20;B02
201600001988;2;7;0;0;2;7;19;A01
201600001988;1;31;0;0;2;1;1;B02
201600001989;2;7;0;0;2;3;15;A01
201600001989;2;34;0;0;2;2;1;B02
201600001990;1;7;0;0;2;7;19;B02
201600001990;1;7;0;0;2;1;1;A01
201600001991;2;30;0;16;0;7;1;A01
201600001992;2;7;0;0;2;2;17;A01
201600001992;2;2;0;0;2;3;15;B02
201600001993;2;7;0;0;2;3;13;A01
201600001993;1;7;0;0;2;3;1;B02
201600001994;2;7;0;13;0;1;1;A01
201600001995;1;31;0;0;2;1;17;A01
201600001995;1;10;0;0;2;3;15;B02
201600001996;1;10;0;0;2;1;1;A01
201600001996;1;33;0;0;2;4;23;B02
201600001997;1;33;0;0;2;1;1;B02
201600001997;0;7;0;0;2;8;1;A01
201600001998;1;7;0;0;2;2;1;A01
201600001998;1;1;0;0;0;6;1;B02
201600001999;0;7;0;13;0;8;13;A01
201600002000;0;7;0;13;0;9;1;A01
201600002001;2;33;0;0;2;0;1;A01
201600002001;1;7;0;0;2;7;15;B02
201600002002;2;2;0;0;6;1;1;A01
201600002003;2;7;0;0;1;1;1;A01
201600002004;1;7;0;13;0;1;1;A01
201600002005;1;30;0;0;0;0;1;A01
201600002006;1;3;0;0;2;8;1;A01
201600002006;2;7;0;0;2;1;1;B02
201600002007;0;7;0;16;0;2;1;A01
201600002008;2;7;0;0;2;3;13;A01
201600002008;1;7;0;0;2;3;1;B02
201600002009;0;30;0;8;0;3;1;A01
201600002010;0;33;0;0;2;1;1;A01
201600002010;0;21;0;0;2;8;15;B02
201600002011;2;33;0;0;2;1;2;A01
201600002011;2;7;0;0;0;4;2;B02
201600002012;0;30;0;0;2;8;13;A01
201600002012;0;7;0;0;0;3;1;B02
201600002013;1;33;0;0;2;1;1;A01
201600002013;1;7;0;0;2;3;1;B02
201600002013;1;33;0;0;2;2;1;C03
201600002014;1;7;0;3;0;3;1;A01
201600002015;0;36;0;0;0;0;1;A01
201600002016;0;21;0;0;0;0;15;A01
201600002017;0;7;0;0;2;1;15;A01
201600002017;0;2;0;0;2;2;1;B02
201600002018;0;2;0;0;0;0;0;A01
201600002019;1;7;0;0;1;1;15;A01
201600002020;0;7;0;8;0;1;13;A01
201600002021;0;7;0;0;1;5;0;A01
201600002022;0;10;0;6;0;3;13;A01
201600002023;1;7;0;6;0;7;1;A01
201600002024;2;10;0;0;1;3;16;A01
201600002025;2;7;0;2;0;9;1;A01
201600002026;2;2;0;0;0;1;13;A01
201600002026;1;7;0;0;0;3;1;B02
201600002027;1;7;0;16;0;0;1;A01
201600002028;2;30;0;0;1;1;1;A01
201600002029;2;7;0;0;2;2;15;A01
201600002029;1;2;0;0;2;1;1;B02
201600002030;1;2;0;0;2;1;1;B02
201600002030;2;7;0;0;2;6;19;A01
201600002031;1;7;0;6;0;7;1;A01
201600002032;1;33;0;0;0;1;1;A01
201600002032;1;7;0;0;0;4;6;B02
201600002033;1;7;0;6;0;1;1;A01
201600002034;1;33;0;5;0;1;1;A01
201600002035;1;2;0;0;0;8;1;A01
201600002036;0;1;0;0;0;1;1;C03
201600002036;0;1;0;0;0;1;1;B02
201600002036;0;10;0;0;9;1;1;A01
201600002037;0;10;0;0;2;3;1;A01
201600002037;0;7;0;0;2;3;1;B02
201600002038;1;2;0;16;0;1;1;A01
201600002039;1;7;0;0;1;1;1;A01
201600002040;0;7;0;0;1;2;1;A01
201600002041;1;7;0;0;2;2;15;B02
201600002041;2;2;0;0;2;2;21;A01
201600002042;0;2;0;11;0;1;1;A01
201600002043;2;7;0;13;0;2;1;A01
201600002044;0;17;0;0;0;7;1;A01
201600002045;1;33;0;0;2;2;17;A01
201600002045;1;7;0;0;2;8;1;B02
201600002046;2;33;0;0;0;1;1;A01
201600002047;0;2;0;13;0;1;0;A01
201600002048;2;7;0;0;2;7;19;A01
201600002048;0;7;0;0;2;1;1;B02
201600002049;2;7;0;0;2;1;15;A01
201600002049;1;7;0;0;2;1;1;B02
201600002050;2;7;0;0;2;1;13;A01
201600002050;0;7;0;0;0;1;1;B02
201600002051;0;10;0;0;0;0;0;A01
201600002051;0;33;0;0;0;0;0;B02
201600002052;2;7;0;2;0;1;1;A01
201600002053;1;7;0;13;0;1;13;A01
201600002054;1;7;0;0;1;1;1;A01
201600002055;1;7;0;0;2;1;13;A01
201600002055;2;7;0;0;2;1;1;B02
201600002055;1;7;0;0;2;1;1;C03
201600002056;1;7;0;6;0;7;1;A01
201600002057;0;7;0;0;2;2;19;A01
201600002057;0;7;0;0;2;1;1;B02
201600002058;1;33;0;16;0;7;1;A01
201600002059;1;2;0;0;0;3;1;A01
201600002060;1;7;0;0;2;1;2;A01
201600002060;1;3;0;0;0;4;2;B02
201600002061;1;7;0;0;0;1;1;A01
201600002062;1;7;0;0;2;2;1;A01
201600002062;0;30;0;0;2;8;15;B02
201600002063;2;7;0;0;0;1;13;A01
201600002063;1;7;0;0;0;1;13;B02
201600002064;1;7;0;0;0;0;0;A01
201600002064;1;30;0;0;0;1;1;B02
201600002065;1;7;0;9;0;9;1;A01
201600002066;1;21;0;0;2;6;13;A01
201600002066;2;7;0;0;2;3;1;B02
201600002067;1;7;0;0;2;3;13;A01
201600002067;2;7;0;0;2;3;1;B02
201600002068;1;7;0;0;2;3;19;A01
201600002068;2;7;0;0;2;1;1;B02
201600002069;2;10;0;0;2;1;1;A01
201600002069;0;7;0;0;0;3;1;B02
201600002070;1;7;0;0;2;1;5;A01
201600002070;2;7;0;0;2;1;1;B02
201600002070;2;7;0;0;2;3;1;C03
201600002070;2;7;0;0;2;3;1;D04
201600002071;1;7;0;0;2;3;13;A01
201600002071;2;30;0;0;2;3;1;B02
201600002072;1;7;0;0;1;2;1;A01
201600002073;0;30;0;0;2;8;13;A01
201600002073;0;10;0;0;2;8;1;B02
201600002074;1;7;0;13;0;1;1;A01
201600002075;2;7;0;0;2;3;15;A01
201600002075;2;33;0;0;2;1;1;B02
201600002076;1;33;0;6;0;1;1;A01
201600002077;2;7;0;0;2;2;15;A01
201600002077;1;7;0;0;2;2;1;B02
201600002078;1;7;0;6;0;2;1;A01
201600002079;2;7;0;0;2;2;1;A01
201600002079;1;30;0;0;2;4;0;B02
201600002080;0;7;0;0;2;1;5;A01
201600002080;0;7;0;0;2;3;1;B02
201600002081;0;7;0;0;1;2;2;A01
201600002082;0;2;0;0;2;1;2;A01
201600002082;0;7;0;0;2;7;19;B02
201600002083;0;30;0;0;2;1;13;A01
201600002083;0;21;0;0;2;1;1;B02
201600002084;1;33;0;0;2;3;1;A01
201600002084;1;7;0;0;0;5;15;B02
201600002085;1;7;0;0;2;1;1;B02
201600002085;2;7;0;0;2;3;15;A01
201600002086;0;33;0;1;0;1;14;A01
201600002087;0;10;0;0;0;1;1;A01
201600002088;1;30;0;0;2;1;13;A01
201600002088;2;7;0;0;2;2;1;B02
201600002089;0;7;0;0;2;3;13;A01
201600002089;0;7;0;0;2;3;1;B02
201600002090;2;10;0;8;0;3;1;A01
201600002091;0;7;0;0;0;1;1;A01
201600002092;1;33;0;2;0;1;1;A01
201600002093;2;1;0;0;2;1;13;A01
201600002093;1;7;0;0;2;3;1;B02
201600002094;0;20;0;0;2;3;19;A01
201600002094;0;33;0;0;2;1;1;B02
201600002095;0;7;0;0;2;1;13;A01
201600002095;0;1;0;0;0;1;1;B02
201600002096;2;7;0;2;0;1;1;A01
201600002097;2;7;0;13;2;1;13;A01
201600002097;1;3;0;0;2;7;1;B02
201600002098;0;33;0;0;2;1;1;B02
201600002098;0;33;0;0;2;1;1;A01
201600002099;0;2;0;0;2;1;1;A01
201600002099;1;7;0;0;2;1;15;B02
201600002100;0;33;0;0;2;1;1;A01
201600002100;0;7;0;0;2;3;15;B02
201600002101;2;21;0;0;2;1;1;B02
201600002101;2;3;0;0;2;3;15;A01
201600002102;2;7;0;0;2;1;19;B02
201600002102;1;7;0;13;2;8;1;A01
201600002103;1;7;0;0;2;1;2;B02
201600002103;1;7;0;0;2;9;1;A01
201600002104;1;2;0;0;2;8;1;B02
201600002104;1;7;0;0;2;1;15;A01
201600002105;0;7;0;0;2;3;15;A01
201600002105;0;2;0;0;2;1;0;B02
201600002106;0;33;0;0;0;0;16;A01
201600002107;1;7;0;4;0;3;0;A01
201600002108;0;21;0;0;0;0;16;A01
201600002109;1;7;0;0;2;5;15;A01
201600002109;2;7;0;0;2;1;1;B02
201600002110;2;33;0;13;0;1;1;A01
201600002111;2;7;0;0;2;8;1;A01
201600002111;1;33;0;0;2;8;13;B02
201600002112;1;7;0;8;0;1;1;A01
201600002113;0;7;0;0;5;2;1;A01
201600002114;1;10;0;0;2;3;13;A01
201600002114;2;7;0;2;2;9;1;B02
201600002115;1;7;0;2;0;1;1;A01
201600002116;1;7;0;13;0;1;1;A01
201600002117;1;7;0;0;2;3;13;A01
201600002117;2;10;0;0;2;1;1;B02
201600002118;0;10;0;0;2;2;17;A01
201600002118;0;33;0;0;2;1;1;B02
201600002119;0;7;0;0;2;4;4;A01
201600002119;0;30;0;0;2;7;1;B02
201600002120;2;7;0;0;2;7;13;A01
201600002120;1;7;0;0;2;1;1;B02
201600002121;1;7;0;0;2;3;1;B02
201600002121;0;10;0;0;2;2;19;A01
201600002122;1;10;0;0;2;7;1;A01
201600002122;1;1;0;0;0;6;1;B02
201600002123;0;7;0;13;0;2;1;A01
201600002124;1;7;0;13;0;9;1;A01
201600002125;0;7;0;0;0;0;1;A01
201600002126;1;10;0;0;1;7;1;A01
201600002127;2;7;0;0;2;6;2;A01
201600002127;2;7;0;0;2;2;2;B02
201600002128;2;7;0;13;0;2;0;A01
201600002129;2;33;0;0;0;6;1;A01
201600002130;2;33;0;0;2;2;18;A01
201600002130;2;17;0;0;0;3;0;B02
201600002131;2;7;0;0;2;3;13;A01
201600002131;2;7;0;13;2;4;17;B02
201600002132;1;2;0;0;0;0;1;A01
201600002133;1;7;0;0;2;5;0;A01
201600002133;2;7;0;0;2;2;1;B02
201600002134;0;7;0;1;0;4;20;A01
201600002135;1;7;0;0;2;1;13;A01
201600002135;2;21;0;0;2;1;1;B02
201600002135;2;7;0;0;0;0;1;C03
201600002136;2;7;0;6;0;1;1;A01
201600002137;0;7;0;6;0;2;1;A01
201600002138;1;7;0;0;2;7;1;A01
201600002138;1;1;0;0;2;8;1;B02
201600002139;0;7;0;0;1;1;1;A01
201600002140;2;33;0;0;2;1;1;B02
201600002140;2;33;0;0;2;1;0;C03
201600002140;1;10;0;0;2;8;15;A01
201600002141;2;33;0;0;2;1;13;A01
201600002141;1;21;0;0;2;1;1;B02
201600002142;2;30;0;0;2;1;5;A01
201600002142;1;7;0;0;2;1;1;B02
201600002143;2;7;0;0;2;3;13;A01
201600002143;1;7;0;0;2;3;1;B02
201600002144;0;7;0;0;1;5;4;A01
201600002145;2;31;0;0;2;1;1;A01
201600002145;2;7;0;0;2;4;1;B02
201600002146;1;33;0;11;0;1;1;A01
201600002146;1;33;0;0;2;1;1;B02
201600002147;2;14;0;13;0;9;1;A01
201600002148;1;7;0;0;1;2;1;A01
201600002149;2;7;0;13;0;0;1;A01
201600002150;2;7;0;0;2;1;1;B02
201600002150;2;7;0;0;2;3;1;A01
201600002151;0;7;0;13;1;3;1;A01
201600002152;1;7;0;0;1;3;1;A01
201600002153;2;33;0;2;0;1;1;A01
201600002154;2;30;0;0;2;1;15;A01
201600002154;0;7;0;0;2;2;1;B02
201600002155;1;10;0;0;2;2;2;A01
201600002155;1;1;0;0;0;0;0;B02
201600002156;1;7;0;0;9;3;15;A01
201600002156;2;1;0;0;2;8;1;B02
201600002157;2;7;0;13;0;3;1;A01
201600002158;1;33;0;13;0;1;14;A01
201600002159;2;7;0;0;0;1;0;B02
201600002159;1;7;0;0;0;7;0;A01
201600002160;2;2;0;2;0;1;1;A01
201600002161;1;7;0;0;2;6;17;A01
201600002161;1;7;0;0;2;6;2;B02
201600002162;0;7;0;0;1;1;1;A01
201600002163;1;7;0;8;0;1;1;A01
201600002164;2;10;0;2;0;1;1;A01
201600002165;1;7;0;13;0;3;1;A01
201600002166;1;7;0;13;0;2;1;A01
201600002167;1;7;0;13;0;2;1;A01
201600002168;1;3;0;14;0;1;1;A01
201600002168;1;7;0;0;0;4;1;B02
201600002169;2;7;0;0;2;1;1;A01
201600002169;2;7;0;0;0;7;19;B02
201600002170;1;7;0;0;2;2;17;A01
201600002170;2;7;0;0;2;2;14;B02
201600002171;2;7;0;13;0;3;13;A01
201600002172;2;7;0;0;0;0;1;A01
201600002173;1;21;0;0;2;1;15;A01
201600002173;1;7;0;0;2;2;17;B02
201600002174;1;7;0;13;0;2;14;A01
201600002175;1;7;0;13;0;3;13;A01
201600002176;1;10;0;0;2;3;9;A01
201600002176;1;1;0;0;2;1;1;B02
201600002177;2;7;0;0;2;3;13;A01
201600002177;1;7;0;0;2;3;1;B02
201600002178;1;7;0;0;1;1;1;A01
201600002179;1;33;0;0;2;1;1;A01
201600002179;1;7;0;0;0;4;1;B02
201600002180;2;33;0;0;9;0;1;A01
201600002180;0;1;0;0;2;2;19;B02
201600002181;1;33;0;0;2;1;1;A01
201600002181;1;7;0;0;2;1;1;B02
201600002181;2;7;0;0;2;9;13;C03
201600002182;2;33;0;0;2;1;2;A01
201600002182;2;7;0;0;2;4;15;B02
201600002183;0;7;0;0;9;1;1;A01
201600002183;0;1;0;0;2;8;19;B02
201600002184;1;7;0;0;0;1;1;A01
201600002185;1;33;0;0;2;2;12;A01
201600002185;1;10;0;0;2;8;12;B02
201600002186;2;7;0;0;1;3;1;A01
201600002187;2;7;0;15;0;7;1;A01
201600002188;2;33;0;8;2;2;13;A01
201600002188;1;7;0;0;2;2;1;B02
201600002189;1;14;0;0;0;0;0;A01
201600002190;1;7;0;0;2;1;1;A01
201600002190;2;7;0;0;2;1;5;B02
201600002191;2;1;0;0;0;0;1;A01
201600002192;1;7;0;0;2;1;15;A01
201600002192;2;7;0;0;2;1;1;B02
201600002192;1;7;0;0;2;1;1;C03
201600002193;1;7;0;0;1;1;1;A01
201600002194;0;33;0;0;0;8;1;A01
201600002195;2;10;0;0;1;2;11;B01
201600002196;2;7;0;8;0;6;2;A01
201600002197;2;7;0;13;0;3;17;A01
201600002198;1;7;0;13;0;2;1;A01
201600002199;2;7;0;13;0;9;1;A01
201600002200;1;7;0;0;2;7;15;A01
201600002200;2;7;0;0;2;1;1;B02
201600002201;2;7;0;0;2;1;17;A01
201600002201;1;30;0;0;2;1;1;B02
201600002202;1;7;0;0;1;0;1;A01
201600002203;2;7;0;13;0;1;14;A01
201600002204;0;20;0;0;2;1;1;B01
201600002204;0;7;0;0;2;7;1;A01
201600002205;2;33;0;0;0;0;1;A01
201600002205;2;7;0;0;0;0;0;B01
201600002206;1;7;0;0;2;8;0;A01
201600002206;2;33;0;0;2;8;1;B01
201600002206;1;7;0;0;0;0;0;C01
201600002207;2;7;0;0;2;2;15;A01
201600002207;1;1;0;0;2;1;1;B01
201600002208;2;7;0;0;1;3;0;A01
201600002209;1;7;0;2;0;1;13;A01
201600002210;1;7;0;0;2;2;9;A01
201600002210;2;2;0;0;2;1;1;B01
201600002211;1;7;0;13;0;9;2;A01
201600002212;1;7;0;0;1;1;15;A01
201600002213;1;7;0;0;1;2;1;A01
201600002214;2;7;0;0;2;1;13;A01
201600002214;1;7;0;0;2;1;1;B02
201600002215;2;7;0;6;0;1;1;A01
201600002216;1;33;0;0;0;7;2;A01
201600002217;1;7;0;0;1;1;1;A01
201600002218;1;7;0;8;0;3;1;A01
201600002219;2;7;0;0;2;3;1;A01
201600002219;1;7;0;0;2;3;13;B02
201600002220;1;7;0;0;2;1;1;B02
201600002220;2;7;0;0;2;2;1;A01
201600002221;1;7;0;0;2;3;0;B02
201600002221;2;7;0;0;2;3;9;A01
201600002222;1;7;0;13;0;1;15;A01
201600002223;2;33;0;0;2;7;1;B02
201600002223;1;7;0;0;2;2;15;A01
201600002224;0;7;0;0;2;2;1;B02
201600002224;0;7;0;0;2;3;1;A01
201600002225;2;7;0;6;0;3;17;A01
201600002226;2;7;0;2;0;8;6;A01
201600002227;1;7;0;13;0;1;1;A01
201600002228;1;33;0;0;0;8;1;A01
201600002229;2;7;0;0;2;3;13;A01
201600002229;1;7;0;0;2;3;1;B02
201600002230;2;33;0;0;0;0;0;A01
201600002231;1;33;0;13;0;9;17;A01
201600002232;1;30;0;0;0;7;0;A01
201600002233;2;7;0;0;1;2;0;A01
201600002234;2;7;0;0;2;8;1;D04
201600002234;2;7;0;0;2;1;1;B02
201600002234;2;15;0;0;0;8;1;C03
201600002234;2;7;0;0;2;1;17;A01
201600002235;1;7;0;0;0;0;1;A01
201600002236;1;7;0;0;0;0;23;B02
201600002236;1;33;0;0;0;8;21;A01
201600002237;1;7;0;0;0;1;1;A01
201600002237;2;7;0;0;0;3;1;B02
201600002238;1;31;0;0;2;7;9;A01
201600002238;2;7;0;0;2;2;1;B02
201600002239;1;7;0;0;2;1;0;B02
201600002239;2;7;0;0;2;1;13;A01
201600002240;2;7;0;2;0;1;1;A01
201600002241;1;7;0;0;2;1;5;A01
201600002241;2;7;0;13;0;7;21;C03
201600002241;2;7;0;0;2;1;1;B02
201600002242;1;7;0;0;2;3;13;A01
201600002242;2;7;0;0;2;3;1;B02
201600002243;2;7;0;0;2;3;1;A01
201600002243;1;7;0;0;2;3;1;B02
201600002244;1;7;0;13;0;1;1;A01
201600002245;0;7;0;0;2;1;13;B02
201600002245;1;7;0;0;0;5;23;D04
201600002245;0;7;0;14;0;1;2;A01
201600002245;1;7;0;0;2;1;1;C03
201600002246;0;33;0;0;2;5;1;B02
201600002246;0;7;0;0;2;2;16;A01
201600002247;1;7;0;2;2;1;1;A01
201600002247;2;7;0;0;2;2;1;B02
201600002248;2;7;0;0;2;3;1;C03
201600002248;2;30;0;0;2;3;1;B02
201600002248;1;10;0;0;2;3;13;A01
201600002249;2;7;0;0;2;3;13;A01
201600002249;1;7;0;0;2;3;1;C03
201600002249;1;7;0;0;2;8;1;B02
201600002250;2;7;0;0;2;8;15;B02
201600002250;2;1;0;0;2;1;1;A01
201600002251;1;33;0;0;2;1;5;A01
201600002251;2;7;0;0;2;2;21;B02
201600002252;1;7;0;0;1;7;15;A01
201600002253;2;33;0;0;2;1;1;B02
201600002253;2;33;0;0;9;1;1;C03
201600002253;1;33;0;0;2;7;0;A01
201600002253;1;33;0;0;9;1;2;E05
201600002253;2;7;0;0;9;3;1;D04
201600002253;1;33;0;0;9;4;1;F06
201600002254;1;7;0;0;2;4;0;A01
201600002254;1;10;0;0;2;1;2;B02
201600002254;1;7;0;0;2;1;2;C03
201600002255;0;7;0;0;2;2;19;B02
201600002255;1;33;0;0;2;3;1;A01
201600002256;0;10;0;0;2;1;1;A01
201600002256;0;1;0;0;2;0;19;B02
201600002257;1;7;0;0;2;7;17;A01
201600002257;1;1;0;0;2;8;1;B02
201600002258;2;7;0;0;2;3;5;A01
201600002258;2;14;0;0;2;8;0;B02
201600002259;1;33;0;5;0;0;1;A01
201600002260;0;7;0;0;0;2;2;A01
201600002261;0;7;0;2;0;1;0;A01
201600002262;0;3;0;0;2;3;1;A01
201600002262;0;7;0;0;2;3;1;B02
201600002263;1;7;0;0;2;3;19;A01
201600002263;1;33;0;0;2;1;1;B02
201600002264;1;7;0;0;2;2;1;A01
201600002264;1;1;0;0;2;4;1;B02
201600002265;1;7;0;2;0;2;1;A01
201600002266;0;1;0;0;2;1;1;B02
201600002266;0;7;0;0;2;1;15;A01
201600002267;1;7;0;3;0;3;13;A01
201600002268;0;7;0;0;0;0;0;A01
201600002269;1;7;0;0;1;1;1;A01
201600002270;1;30;0;0;2;1;1;A01
201600002270;1;7;0;0;2;3;15;B02
201600002271;1;7;0;0;2;3;1;B02
201600002271;2;7;0;0;2;3;21;A01
201600002272;0;7;0;13;0;2;1;A01
201600002273;0;7;0;0;2;1;13;A01
201600002273;0;7;0;0;2;1;1;B02
201600002274;1;10;0;0;2;1;0;C03
201600002274;2;7;0;0;2;1;1;B02
201600002274;1;7;0;0;2;9;15;A01
201600002275;2;7;0;0;2;3;1;B02
201600002275;1;7;0;0;2;3;19;A01
201600002276;1;7;0;0;2;3;1;A01
201600002276;0;7;0;0;2;3;3;B02
201600002277;0;33;0;0;0;0;2;A01
201600002278;1;7;0;6;0;2;1;A01
201600002279;1;33;0;0;2;1;13;A01
201600002279;2;7;0;0;2;1;1;B02
201600002280;1;1;0;0;2;6;15;B02
201600002280;2;7;0;0;9;3;1;A01
201600002281;1;7;0;11;0;3;13;A01
201600002282;1;33;0;0;2;1;1;A01
201600002282;1;21;0;0;2;5;1;B02
201600002283;2;10;0;0;2;3;1;B02
201600002283;1;7;0;0;2;3;1;A01
201600002284;2;7;0;8;0;3;1;A01
201600002285;1;30;0;0;0;0;0;A01
201600002286;1;7;0;0;2;2;2;B02
201600002286;1;33;0;0;2;4;1;A01
201600002287;0;7;0;0;2;1;1;B02
201600002287;0;3;0;0;2;1;13;A01
201600002288;2;2;0;0;2;1;0;B02
201600002288;1;10;0;0;2;7;19;A01
201600002289;2;32;0;0;0;7;1;A01
201600002290;2;7;0;2;0;1;1;A01
201600002291;1;3;0;16;0;4;10;A01
201600002292;2;31;0;0;2;3;2;A01
201600002292;2;10;0;0;2;6;2;B02
201600002293;0;7;0;0;2;3;13;A01
201600002293;0;7;0;0;2;3;1;B02
201600002294;0;7;0;2;0;5;1;A01
201600002295;1;7;0;0;2;0;0;B02
201600002295;1;7;0;0;2;4;0;A01
201600002296;1;7;0;0;2;3;19;B02
201600002296;2;7;0;0;2;2;1;A01
201600002297;1;7;0;0;2;2;19;B02
201600002297;1;33;0;0;2;2;1;A01
201600002298;0;2;0;0;9;0;0;A01
201600002298;0;1;0;0;2;0;0;B02
201600002299;1;7;0;0;2;2;2;A01
201600002299;1;1;0;0;2;4;1;B02
201600002300;1;7;0;0;1;2;1;A01
201600002301;1;7;0;0;1;2;1;A01
201600002302;2;7;0;0;2;2;1;A01
201600002302;1;1;0;0;2;0;19;B02
201600002303;0;7;0;0;2;1;0;B02
201600002303;0;31;0;0;2;1;0;A01
201600002304;0;33;0;0;2;1;1;B02
201600002304;0;7;0;0;2;8;9;A01
201600002305;1;7;0;0;2;3;1;A01
201600002305;1;7;0;0;2;3;1;B02
201600002306;1;7;0;8;0;3;1;A01
201600002307;2;21;0;0;2;3;15;A01
201600002307;2;10;0;0;2;1;17;B02
201600002308;2;7;0;13;0;1;1;A01
201600002309;2;32;0;0;2;1;1;B02
201600002309;1;21;0;0;2;6;1;A01
201600002310;1;7;0;13;0;1;1;A01
201600002311;0;33;0;0;2;1;1;A01
201600002311;0;17;0;0;2;5;15;B02
201600002312;2;1;0;0;2;1;16;B02
201600002312;1;7;0;0;9;2;19;A01
201600002313;2;10;0;0;2;1;1;B02
201600002313;1;7;0;0;2;1;5;A01
201600002314;0;33;0;12;0;0;13;A01
201600002315;1;7;0;0;2;3;13;A01
201600002315;2;7;0;0;2;3;1;B02
201600002316;1;7;0;0;2;0;23;A01
201600002316;1;7;0;0;2;1;1;C03
201600002316;1;7;0;0;2;4;23;B02
201600002317;1;7;0;0;1;2;1;A01
201600002318;0;7;0;13;0;1;13;A01
201600002319;0;7;0;0;2;3;9;A01
201600002319;0;31;0;0;2;7;1;B02
201600002320;1;33;0;0;0;3;15;A01