Num_Acc;senc;catv;occutc;obs;obsm;choc;manv;num_veh
201600002321;1;7;0;0;2;3;15;A01
201600002321;1;7;0;0;2;2;1;B02
201600002322;0;7;0;0;1;1;1;A01
201600002323;1;30;0;0;2;1;16;B02
201600002323;1;30;0;0;2;4;16;A01
201600002324;1;7;0;0;2;8;10;A01
201600002324;2;10;0;0;2;1;0;B02
201600002325;1;7;0;0;2;4;2;B02
201600002325;1;30;0;0;2;1;1;A01
201600002326;0;7;0;0;2;2;16;B02
201600002326;2;30;0;0;2;1;18;A01
201600002327;0;7;0;0;2;1;1;C03
201600002327;0;7;0;0;0;0;0;A01
201600002327;0;7;0;0;2;1;13;B02
201600002328;1;7;0;0;1;2;1;A01
201600002329;2;7;0;0;2;1;2;B02
201600002329;2;7;0;0;2;5;9;A01
201600002330;1;7;0;0;2;2;0;A01
201600002330;0;7;0;0;2;3;16;B02
201600002331;0;10;0;0;0;0;24;C03
201600002331;1;7;0;0;2;1;15;B02
201600002331;1;30;0;0;2;7;17;A01
201600002332;0;7;0;0;0;0;0;A01
201600002333;1;33;0;0;2;1;1;B02
201600002333;2;7;0;0;2;7;15;A01
201600002334;0;31;0;13;0;0;1;B02
201600002334;1;33;0;7;0;0;1;A01
201600002335;1;7;0;0;2;5;15;A01
201600002335;1;31;0;0;0;1;1;B02
201600002336;2;7;0;0;1;2;0;A01
201600002337;2;33;0;0;0;0;9;A01
201600002338;1;7;0;7;0;1;6;A01
201600002339;1;7;0;0;2;3;13;A01
201600002339;2;17;0;0;2;3;1;B02
201600002340;2;7;0;0;9;3;0;B02
201600002340;1;15;0;3;0;3;0;A01
201600002341;1;7;0;0;2;2;2;A01
201600002341;1;3;0;0;2;4;2;B02
201600002342;1;7;0;0;2;3;1;A01
201600002342;2;7;0;0;2;3;1;B02
201600002343;1;7;0;0;2;1;1;A01
201600002343;2;33;0;0;2;2;13;B02
201600002344;1;7;0;2;0;2;1;A01
201600002345;2;10;0;0;2;1;2;A01
201600002345;2;3;0;0;2;4;2;B02
201600002346;2;7;0;0;2;7;1;B02
201600002346;1;10;0;0;2;3;10;A01
201600002347;1;7;0;0;2;7;15;A01
201600002347;2;2;0;0;2;1;1;B02
201600002348;1;7;0;0;2;7;19;A01
201600002348;2;7;0;0;2;1;1;B02
201600002349;1;2;0;0;2;3;1;A01
201600002349;1;2;0;0;2;2;1;B02
201600002350;1;7;0;0;2;3;1;B02
201600002350;2;7;0;0;2;3;13;A01
201600002351;1;7;0;2;0;1;1;A01
201600002352;0;1;0;0;2;8;15;A01
201600002352;0;2;0;0;2;1;1;B02
201600002353;1;10;0;0;2;2;5;A01
201600002353;2;7;0;0;2;1;1;B02
201600002354;1;7;0;0;2;3;1;B02
201600002354;2;7;0;0;2;3;13;A01
201600002355;1;7;0;0;0;1;6;A01
201600002355;2;30;0;0;0;0;6;B02
201600002356;1;7;0;8;0;3;13;A01
201600002357;1;7;0;2;0;3;13;A01
201600002358;0;7;0;0;2;1;1;A01
201600002358;0;7;0;0;2;8;15;B02
201600002359;0;7;0;6;0;2;1;A01
201600002360;1;31;0;0;0;7;0;B02
201600002360;1;7;0;0;2;3;9;A01
201600002361;1;7;0;0;0;9;17;A01
201600002362;2;30;0;0;2;1;19;A01
201600002362;1;10;0;0;2;8;1;B02
201600002363;2;7;0;13;0;1;13;A01
201600002364;2;33;0;0;2;1;17;A01
201600002364;1;7;0;0;2;3;1;B02
201600002365;1;7;0;0;2;1;1;A01
201600002365;2;7;0;0;2;1;1;C03
201600002365;2;7;0;0;2;3;1;B02
201600002366;1;10;0;13;0;1;1;A01
201600002367;1;7;0;0;1;1;1;A01
201600002368;0;7;0;0;2;1;19;A01
201600002368;0;30;0;0;2;7;1;B02
201600002369;2;33;0;13;0;1;1;A01
201600002370;1;2;0;0;2;1;1;B02
201600002370;2;7;0;0;2;1;15;A01
201600002371;2;7;0;0;2;3;1;A01
201600002371;1;33;0;0;2;0;0;B02
201600002372;2;2;0;0;0;0;0;A01
201600002372;0;7;0;0;0;0;0;B02
201600002373;1;7;0;0;1;2;1;A01
201600002374;1;33;0;0;0;1;1;A01
201600002375;1;33;0;0;2;1;1;B02
201600002375;0;7;0;0;2;7;15;A01
201600002376;1;7;0;0;0;0;17;A01
201600002376;2;2;0;0;0;0;1;B02
201600002377;1;1;0;0;0;0;1;A01
201600002378;2;21;0;13;2;8;13;A01
201600002378;1;21;0;0;2;8;1;B02
201600002379;2;33;0;0;2;1;1;A01
201600002379;1;7;0;0;2;7;15;B02
201600002380;1;7;0;0;0;7;1;A01
201600002381;2;7;0;0;2;3;0;B02
201600002381;2;7;0;0;2;1;0;D04
201600002381;2;7;0;13;0;3;0;C03
201600002381;1;13;0;0;2;3;0;A01
201600002382;1;7;0;3;0;2;1;A01
201600002383;2;7;0;0;2;2;1;B02
201600002383;1;30;0;0;2;1;16;A01
201600002384;1;7;0;0;2;1;13;A01
201600002384;2;7;0;0;2;3;1;B02
201600002385;1;10;0;0;2;1;1;A01
201600002385;1;30;0;0;0;4;19;B02
201600002386;2;7;0;0;2;2;1;B02
201600002386;1;7;0;0;2;5;15;A01
201600002386;2;7;0;0;2;1;1;C03
201600002387;2;7;0;0;0;0;11;A01
201600002388;2;7;0;0;2;1;1;A01
201600002388;2;7;0;0;0;5;1;B02
201600002389;1;7;0;0;2;3;1;B02
201600002389;2;7;0;0;2;3;13;A01
201600002389;1;7;0;0;2;3;1;C03
201600002390;0;31;0;0;0;8;1;A01
201600002391;0;2;0;0;2;2;1;B02
201600002391;0;21;0;0;2;3;15;A01
201600002392;0;30;0;0;2;1;1;B02
201600002392;0;10;0;0;2;7;19;A01
201600002393;1;7;0;0;2;8;19;A01
201600002393;2;33;0;0;2;1;1;B02
201600002394;0;7;0;0;1;1;16;A01
201600002395;1;7;0;0;0;3;2;A01
201600002395;1;7;0;0;0;5;2;B02
201600002396;0;7;0;0;2;6;15;A01
201600002396;0;33;0;0;2;1;0;B02
201600002397;1;7;0;0;0;0;0;A01
201600002397;1;7;0;0;0;0;0;B02
201600002398;1;7;0;0;1;2;2;A01
201600002399;0;30;0;12;0;7;1;A01
201600002400;0;7;0;0;2;8;1;B02
201600002400;0;1;0;0;2;7;19;A01
201600002401;2;7;0;6;0;7;1;A01
201600002402;0;1;0;0;2;7;2;B02
201600002402;0;7;0;0;9;8;2;A01
201600002403;1;7;0;2;0;1;1;A01
201600002404;1;1;0;0;2;1;16;A01
201600002404;1;7;0;0;9;3;0;B02
201600002405;0;1;0;0;2;1;1;B02
201600002405;0;7;0;0;2;1;1;A01
201600002406;1;7;0;0;0;0;0;B02
201600002406;1;7;0;0;0;7;0;A01
201600002406;1;7;0;0;0;3;0;C03
201600002407;2;7;0;0;2;1;1;B02
201600002407;1;7;0;0;2;7;1;A01
201600002408;2;33;0;0;0;0;0;A01
201600002408;2;7;0;0;0;7;15;B02
201600002409;2;10;0;0;1;0;0;A01
201600002410;2;7;0;13;0;1;1;A01
201600002411;0;30;0;9;0;2;1;A01
201600002412;1;33;0;14;0;1;1;A01
201600002413;1;7;0;0;2;1;13;A01
201600002413;2;7;0;0;2;1;1;B02
201600002414;1;7;0;0;2;3;10;A01
201600002414;2;7;0;0;2;1;1;B02
201600002415;0;7;0;0;1;3;1;A01
201600002416;0;7;0;0;2;3;9;B02
201600002416;0;33;0;0;2;1;1;A01
201600002417;0;7;0;0;0;8;24;A01
201600002417;0;1;0;1;0;0;21;B02
201600002418;1;7;0;0;0;1;1;A01
201600002419;2;7;0;6;0;1;1;A01
201600002420;1;10;0;0;2;1;1;B02
201600002420;2;2;0;0;2;1;1;A01
201600002421;1;7;0;0;0;4;1;A01
201600002421;1;7;0;0;2;1;1;B02
201600002422;2;31;0;13;0;1;0;A01
201600002423;1;33;0;0;1;1;17;A01
201600002424;0;7;0;16;0;2;1;A01
201600002425;1;30;0;0;0;1;1;A01
201600002426;2;7;0;2;0;1;1;A01
201600002427;1;33;0;0;0;9;1;A01
201600002428;1;7;0;0;2;3;1;B02
201600002428;2;7;0;0;2;1;1;A01
201600002429;2;7;0;0;2;2;19;A01
201600002429;1;7;0;0;2;1;1;B02
201600002430;0;7;0;2;0;1;1;A01
201600002431;1;30;0;0;2;7;1;B02
201600002431;1;7;0;0;2;1;1;A01
201600002432;1;7;0;0;2;2;15;A01
201600002432;2;30;0;0;2;1;1;B02
201600002433;2;7;0;2;0;2;1;A01
201600002433;2;7;0;2;0;1;1;B02
201600002434;0;7;0;0;2;1;1;B02
201600002434;0;10;0;0;2;1;1;A01
201600002435;2;30;0;0;2;1;1;B02
201600002435;2;10;0;0;2;3;19;A01
201600002436;1;7;0;0;2;3;15;A01
201600002436;2;7;0;0;2;3;1;B02
201600002437;0;36;0;8;0;7;1;A01
201600002438;2;30;0;0;2;3;10;A01
201600002438;2;7;0;0;2;2;1;B02
201600002439;2;7;0;0;2;8;1;B02
201600002439;1;7;0;8;2;8;13;A01
201600002440;1;7;0;0;1;1;13;A01
201600002441;1;7;0;2;0;7;1;A01
201600002442;1;33;0;0;2;1;1;B02
201600002442;2;7;0;0;2;8;15;A01
201600002443;2;7;0;13;0;2;1;A01
201600002444;1;7;0;13;0;1;14;A01
201600002445;1;33;0;13;0;1;1;A01
201600002446;1;7;0;0;2;3;13;A01
201600002446;2;7;0;0;2;3;1;B02
201600002447;1;3;0;0;2;7;1;A01
201600002447;1;7;0;0;2;1;1;B02
201600002448;1;3;0;0;2;6;1;B02
201600002448;1;33;0;0;2;1;17;A01
201600002449;2;30;0;0;2;1;13;A01
201600002449;1;7;0;0;2;3;1;B02
201600002450;2;32;0;0;2;1;1;A01
201600002450;1;7;0;0;2;1;17;B02
201600002451;1;7;0;3;0;1;13;A01
201600002452;1;7;0;0;0;9;21;A01
201600002453;2;7;0;0;2;3;1;A01
201600002453;1;7;0;0;2;3;1;B02
201600002454;1;33;0;0;2;1;1;A01
201600002454;1;7;0;0;2;3;19;B02
201600002455;2;7;0;13;0;1;1;A01
201600002456;2;7;0;0;2;1;1;B02
201600002456;1;7;0;0;2;5;13;A01
201600002457;1;33;0;0;6;3;1;A01
201600002458;2;30;0;6;0;8;14;A01
201600002458;1;31;0;0;2;1;21;B02
201600002459;0;30;0;0;2;7;1;B02
201600002459;0;7;0;0;2;1;9;A01
201600002460;2;7;0;0;2;1;2;A01
201600002460;1;7;0;0;2;4;2;B02
201600002460;1;7;0;0;2;4;2;C03
201600002461;2;30;0;0;2;3;0;B02
201600002461;2;7;0;0;2;3;17;A01
201600002462;2;2;0;0;2;1;13;A01
201600002462;1;7;0;0;2;3;1;B02
201600002463;1;7;0;0;2;3;1;B02
201600002463;2;10;0;0;2;2;13;A01
201600002464;0;7;0;13;0;2;1;A01
201600002465;2;1;0;0;2;7;1;B02
201600002465;2;7;0;0;2;3;9;A01
201600002466;1;7;0;0;2;6;1;B02
201600002466;1;7;0;0;2;2;1;A01
201600002467;2;7;0;;2;1;1;B02
201600002467;1;33;0;0;2;1;13;A01
201600002468;1;33;0;16;0;1;1;A01
201600002469;2;7;0;2;0;3;13;A01
201600002470;2;7;0;0;2;8;19;A01
201600002470;2;33;0;0;2;1;1;B02
201600002471;1;7;0;2;0;3;15;A01
201600002472;1;7;0;0;1;2;11;A01
201600002473;2;7;0;0;0;0;1;M13
201600002473;2;7;0;0;0;0;1;P16
201600002473;2;7;0;0;0;0;1;I09
201600002473;2;17;0;0;0;0;1;I35
201600002473;1;17;0;0;0;0;0;K37
201600002473;1;7;0;0;0;0;1;B28
201600002473;2;17;0;0;0;0;1;G33
201600002473;2;7;0;0;0;0;1;X24
201600002473;2;7;0;0;0;0;1;G07
201600002473;1;7;0;0;0;0;1;A27
201600002473;2;7;0;0;0;0;1;U21
201600002473;2;7;0;0;0;0;1;B02
201600002473;2;7;0;0;0;0;1;T20
201600002473;2;7;0;0;0;0;1;F06
201600002473;1;17;0;0;0;0;1;E31
201600002473;2;7;0;0;0;0;1;N14
201600002473;2;7;0;0;0;0;1;H08
201600002473;2;7;0;0;0;0;1;Y25
201600002473;2;7;0;0;0;0;1;J10
201600002473;1;7;0;0;0;0;1;D30
201600002473;2;7;0;0;0;0;1;D04
201600002473;2;7;0;0;0;0;1;L12
201600002473;2;7;0;0;0;0;1;A01
201600002473;2;7;0;0;0;0;1;V22
201600002473;1;7;0;0;0;0;1;C29
201600002473;2;7;0;0;0;0;1;S19
201600002473;1;7;0;0;0;0;1;Z26
201600002473;2;10;0;0;0;0;1;Q17
201600002473;2;7;0;0;0;0;1;W23
201600002473;2;7;0;0;0;0;1;E05
201600002473;1;14;0;0;0;0;1;M39
201600002473;2;7;0;0;0;0;1;O15
201600002473;2;7;0;0;0;0;1;C03
201600002473;1;17;0;0;0;0;1;N40
201600002473;2;7;0;0;0;0;1;K11
201600002474;0;7;0;0;0;0;1;A01
201600002474;0;33;0;0;0;0;21;B02
201600002475;2;7;0;0;2;1;1;B02
201600002475;1;31;0;0;2;2;15;A01
201600002476;1;7;0;13;0;0;16;A01
201600002477;1;7;0;6;0;1;14;A01
201600002478;2;1;0;0;2;1;13;B02
201600002478;1;7;0;0;2;8;1;A01
201600002479;2;30;0;8;0;8;1;A01
201600002480;2;33;0;8;0;1;14;A01
201600002481;2;33;0;0;2;1;0;A01
201600002481;2;10;0;0;0;6;15;B02
201600002482;1;7;0;0;2;1;17;A01
201600002482;2;99;0;0;2;3;15;B02
201600002483;1;31;0;0;1;7;13;A01
201600002484;0;1;0;0;2;7;1;A01
201600002484;0;7;0;0;2;1;16;B02
201600002485;0;1;0;0;0;4;1;B02
201600002485;0;7;0;0;9;2;9;A01
201600002486;2;7;0;8;2;1;21;B02
201600002486;1;7;0;8;2;9;13;A01
201600002487;0;7;0;0;9;1;15;A01
201600002487;0;1;0;0;2;2;1;B02
201600002488;0;7;0;6;0;4;16;A01
201600002489;0;7;0;0;1;2;1;A01
201600002490;0;7;0;0;2;1;0;A01
201600002490;0;30;0;0;2;3;5;B02
201600002491;1;7;0;0;2;1;1;B02
201600002491;0;30;0;0;2;8;19;A01
201600002492;1;7;0;0;2;8;9;A01
201600002492;1;33;0;0;2;2;1;B02
201600002493;2;7;0;2;0;8;0;A01
201600002494;1;7;0;13;0;2;19;A01
201600002495;1;33;0;2;0;0;0;A01
201600002496;1;7;0;0;2;8;19;A01
201600002496;1;33;0;0;2;1;1;B02
201600002497;2;1;0;0;2;2;17;B02
201600002497;2;7;0;0;2;6;15;A01
201600002498;2;33;0;16;0;0;1;A01
201600002499;2;7;0;0;1;1;1;A01
201600002500;1;33;0;3;0;1;2;A01
201600002501;1;7;0;0;2;3;19;A01
201600002501;2;33;0;0;2;1;1;B02
201600002502;2;7;0;0;2;1;1;A01
201600002502;2;1;0;0;0;4;1;D04
201600002502;2;1;0;0;0;4;1;B02
201600002502;2;1;0;0;0;4;1;C03
201600002503;0;2;0;0;2;1;1;B02
201600002503;0;30;0;0;2;8;10;A01
201600002504;1;7;0;0;5;1;5;A01
201600002505;1;1;0;0;2;7;1;B02
201600002505;1;7;0;0;2;3;16;A01
201600002506;1;7;0;0;2;0;2;B02
201600002506;1;33;0;0;2;0;2;A01
201600002507;1;33;0;0;2;1;17;A01
201600002507;1;21;0;0;2;3;15;B02
201600002508;1;7;0;0;1;2;15;A01
201600002509;1;1;0;0;2;6;1;B02
201600002509;1;7;0;0;2;7;17;A01
201600002510;0;7;0;0;1;4;1;A01
201600002511;2;7;0;0;1;1;12;A01
201600002512;1;7;0;6;0;1;1;A01
201600002513;0;1;0;14;0;1;1;A01
201600002514;1;7;0;0;0;2;1;A01
201600002515;1;7;0;13;0;2;1;A01
201600002516;2;10;0;0;2;7;15;A01
201600002516;2;7;0;0;2;1;1;B02
201600002516;1;7;0;0;2;1;21;C03
201600002517;1;1;0;0;2;4;2;B02
201600002517;1;7;0;0;2;2;2;A01
201600002518;0;30;0;1;0;1;2;A01
201600002518;0;7;0;0;2;4;2;B02
201600002519;2;15;0;0;9;7;2;A01
201600002519;;1;0;0;2;8;2;B02
201600002520;0;38;15;0;2;3;1;B02
201600002520;0;7;0;0;2;3;13;A01
201600002521;1;7;0;13;0;1;13;A01
201600002522;2;15;0;0;1;0;16;A01
201600002523;1;36;0;9;0;1;15;A01
201600002524;2;7;0;2;0;5;1;A01
201600002525;1;7;0;0;2;1;1;B02
201600002525;2;30;0;0;2;8;1;A01
201600002526;1;33;0;15;2;7;1;A01
201600002526;2;10;0;0;2;1;1;C03
201600002526;1;7;0;0;2;3;9;B02
201600002527;1;7;0;0;2;1;1;A01
201600002527;2;7;0;0;0;1;1;B02
201600002528;0;34;0;0;2;1;17;A01
201600002528;0;7;0;0;2;8;11;B02
201600002529;1;7;0;0;2;3;13;A01
201600002529;2;7;0;0;2;3;1;B02
201600002530;2;7;0;0;2;1;1;A01
201600002530;1;7;0;0;0;8;1;B02
201600002531;0;7;0;2;0;1;1;A01
201600002532;1;7;0;0;2;3;2;A01
201600002532;1;33;0;0;2;2;2;B02
201600002533;1;7;0;0;1;1;1;A01
201600002534;2;7;0;13;0;1;1;A01
201600002535;0;99;0;0;2;2;19;A01
201600002535;0;7;0;0;2;3;1;B02
201600002536;2;17;0;0;2;4;1;A01
201600002536;2;10;0;0;2;1;2;B02
201600002537;2;7;0;2;0;7;13;A01
201600002538;0;10;0;0;2;1;13;A01
201600002538;0;7;0;0;2;1;1;B02
201600002539;2;7;0;0;2;1;1;B02
201600002539;1;7;0;0;2;1;13;A01
201600002540;1;7;0;0;2;7;1;A01
201600002540;1;7;0;0;2;1;15;B02
201600002541;2;7;0;13;2;8;1;B01
201600002541;1;33;0;0;2;1;13;A01
201600002542;0;33;0;0;2;8;1;B02
201600002542;0;7;0;0;2;3;13;A01
201600002543;1;7;0;0;2;3;1;A01
201600002543;2;2;0;0;2;8;16;B02
201600002544;1;7;0;0;2;8;0;B02
201600002544;2;7;0;0;2;1;0;A01
201600002545;0;7;0;16;0;9;15;A01
201600002546;1;7;0;0;2;3;0;B02
201600002546;2;7;0;0;2;3;0;A01
201600002547;0;7;0;0;0;0;0;B02
201600002547;0;7;0;0;2;0;0;A01
201600002548;2;7;0;0;2;3;13;A01
201600002548;1;7;0;0;2;1;1;B02
201600002549;2;1;0;0;2;8;2;B02
201600002549;2;33;0;0;2;1;2;A01
201600002550;2;7;0;0;2;2;5;A01
201600002550;1;7;0;0;2;7;21;B02
201600002551;0;7;0;0;2;1;1;B02
201600002551;0;1;0;0;2;8;19;A01
201600002552;0;10;0;0;2;1;9;A01
201600002552;0;31;0;0;2;7;0;B02
201600002553;2;7;0;0;0;6;2;A01
201600002553;2;33;0;0;2;1;2;B02
201600002554;2;7;0;13;0;2;1;A01
201600002555;2;7;0;0;2;1;2;B02
201600002555;1;7;0;0;2;1;13;A01
201600002556;2;33;0;6;0;1;1;A01
201600002557;1;7;0;0;2;1;1;B01
201600002557;1;7;0;0;2;8;1;A02
201600002558;2;7;0;0;2;2;1;A01
201600002558;1;7;0;0;2;3;19;B02
201600002559;1;31;0;0;2;1;17;B02
201600002559;1;7;0;0;0;4;2;A01
201600002560;1;30;0;0;0;4;1;B02
201600002560;1;7;0;0;2;1;1;A01
201600002561;1;7;0;0;2;4;15;B02
201600002561;1;7;0;0;2;1;1;A01
201600002562;2;2;0;0;2;8;15;B02
201600002562;1;33;0;0;2;2;1;A01
201600002563;1;7;0;2;0;2;14;A01
201600002564;2;7;0;0;2;2;1;B02
201600002564;1;7;0;0;2;1;1;A01
201600002565;0;7;0;8;0;2;1;A01
201600002566;2;7;0;0;2;8;1;B02
201600002566;2;33;0;0;2;3;13;A01
201600002567;2;7;0;0;2;3;15;A01
201600002567;1;33;0;0;2;1;1;B02
201600002568;1;7;0;6;0;7;1;A01
201600002569;1;7;0;0;2;2;13;A01
201600002569;2;7;0;0;2;3;1;B02
201600002570;1;7;0;8;0;2;1;A01
201600002571;2;7;0;0;0;3;13;A01
201600002571;1;33;0;0;0;1;1;B02
201600002572;1;3;0;3;0;2;0;A01
201600002573;2;15;0;0;0;4;0;A01
201600002573;2;14;0;0;0;1;0;B02
201600002574;2;7;0;13;0;1;1;A01
201600002575;1;33;0;0;2;1;1;B02
201600002575;2;7;0;0;2;2;19;A01
201600002576;2;1;0;0;2;1;17;A01
201600002576;1;33;0;0;2;1;1;B02
201600002576;2;7;0;0;2;2;15;C03
201600002577;1;30;0;0;5;0;21;A01
201600002578;2;1;0;1;0;1;1;A01
201600002579;0;7;0;0;1;2;1;A01
201600002580;2;33;0;9;0;1;17;A01
201600002581;0;10;0;0;1;2;1;A01
201600002582;1;7;0;1;0;2;14;A01
201600002582;1;7;0;0;1;5;24;B02
201600002583;2;7;0;0;2;1;1;A01
201600002583;0;7;0;0;2;0;15;B02
201600002584;1;14;0;;2;4;1;B01
201600002584;1;7;0;;2;1;1;A01
201600002585;1;14;0;0;2;6;1;A01
201600002585;1;7;0;0;2;1;1;B02
201600002585;1;7;0;0;2;1;2;C03
201600002586;1;7;0;13;0;7;14;A01
201600002587;2;7;0;0;2;3;13;A01
201600002587;1;7;0;0;2;3;1;B02
201600002588;0;2;0;0;2;7;9;A01
201600002588;0;7;0;0;2;1;1;B02
201600002589;1;7;0;9;2;3;13;A01
201600002589;2;30;0;0;2;1;1;B02
201600002590;2;7;0;0;2;4;2;C03
201600002590;2;7;0;0;2;1;2;A01
201600002590;2;7;0;0;2;4;2;B02
201600002591;1;7;0;0;2;1;13;A01
201600002591;2;7;0;0;2;1;1;B02
201600002592;2;7;0;0;2;5;15;A01
201600002592;1;33;0;0;2;1;1;B02
201600002593;1;10;0;0;1;8;1;A01
201600002594;1;7;0;0;2;1;1;B02
201600002594;2;7;0;0;2;1;13;A01
201600002595;2;7;0;0;1;1;1;A01
201600002596;1;7;0;8;2;1;17;A01
201600002596;2;7;0;0;2;1;1;C03
201600002596;1;14;0;0;2;4;1;B02
201600002597;2;7;0;0;2;1;15;A01
201600002597;1;30;0;0;2;3;1;B02
201600002598;1;30;0;2;0;1;1;A01
201600002599;2;33;0;1;0;8;21;B02
201600002599;2;33;0;0;0;7;23;A01
201600002600;1;37;4;0;1;3;1;A01
201600002601;2;33;0;0;2;1;1;A01
201600002601;2;7;0;0;2;5;16;B02
201600002602;0;33;0;0;2;1;1;B02
201600002602;0;10;0;0;0;2;15;A01
201600002603;1;7;0;8;0;1;13;A01
201600002604;1;31;0;0;2;7;1;A01
201600002604;0;7;0;0;2;5;15;B02
201600002605;2;7;0;0;2;6;17;B02
201600002605;2;33;0;0;2;2;17;C03
201600002605;2;7;0;0;2;6;2;A01
201600002606;2;7;0;0;1;3;1;A01
201600002607;1;7;0;0;2;3;1;A01
201600002607;2;7;0;0;2;3;13;B01
201600002608;1;33;0;0;0;1;1;B02
201600002608;1;7;0;0;0;4;4;A01
201600002609;1;33;0;2;0;1;1;A01
201600002610;2;7;0;2;0;3;17;A01
201600002611;1;10;0;0;2;3;15;B01
201600002611;1;7;0;0;2;1;17;A01
201600002612;1;1;0;0;2;4;1;B02
201600002612;1;7;0;0;2;2;9;A01
201600002613;2;30;0;0;2;1;1;B02
201600002613;1;10;0;0;2;1;15;A01
201600002614;2;7;0;0;2;7;19;A01
201600002614;1;30;0;0;2;1;1;B01
201600002615;2;7;0;0;2;7;13;A01
201600002615;1;7;0;0;2;3;1;B02
201600002616;1;10;0;0;1;4;4;A01
201600002617;0;7;0;0;2;3;1;B02
201600002617;0;7;0;0;2;3;1;A01
201600002618;1;7;0;0;1;2;1;A01
201600002619;2;7;0;0;0;5;16;A01
201600002619;2;1;0;0;0;3;1;B02
201600002620;0;30;0;0;2;7;1;A01
201600002620;0;10;0;0;2;3;1;B02
201600002621;2;7;0;6;0;8;0;A01
201600002622;1;7;0;0;0;5;17;A01
201600002622;1;17;0;0;0;3;1;B02
201600002623;1;7;0;2;0;9;13;A01
201600002624;1;7;0;6;0;1;1;A01
201600002625;2;30;0;0;2;1;5;A01
201600002625;1;30;0;0;2;1;1;B02
201600002626;1;30;0;7;0;1;14;A01
201600002627;2;33;0;0;0;0;1;A01
201600002628;2;30;0;0;2;8;1;A01
201600002628;1;7;0;0;2;1;15;B02
201600002629;2;7;0;0;2;1;13;B02
201600002629;1;7;0;0;2;3;1;A01
201600002630;2;7;0;0;2;2;1;B02
201600002630;1;14;0;0;2;3;15;A01
201600002631;0;7;0;8;0;3;1;A01
201600002632;1;10;0;0;2;1;1;B02
201600002632;2;7;0;0;0;2;13;A01
201600002633;1;33;0;0;2;1;2;A01
201600002633;1;7;0;0;6;1;1;B02
201600002634;2;30;0;0;2;1;1;A01
201600002634;1;7;0;0;2;3;15;B02
201600002635;1;7;0;2;0;1;0;A01
201600002636;1;7;0;0;2;7;11;A01
201600002636;2;32;0;0;2;1;1;B02
201600002637;1;7;0;3;0;2;1;A01
201600002638;2;7;0;0;0;1;0;A01
201600002639;2;7;0;16;0;3;1;A01
201600002640;1;7;0;0;2;1;19;A01
201600002640;1;7;0;0;2;8;1;B02
201600002641;1;7;0;8;0;2;14;A01
201600002642;2;7;0;0;2;2;13;B01
201600002642;1;10;0;0;0;2;1;A01
201600002643;1;7;0;0;0;2;15;B02
201600002643;2;7;0;0;0;3;1;A01
201600002644;2;1;0;14;0;1;1;A01
201600002645;1;33;0;0;2;1;1;A01
201600002645;1;33;0;0;2;1;1;B02
201600002645;2;30;0;0;2;1;13;C03
201600002646;0;7;0;0;2;1;13;A01
201600002646;0;7;0;0;2;3;1;B02
201600002647;0;7;0;0;2;1;1;B02
201600002647;0;7;0;0;2;1;13;A01
201600002648;2;7;0;2;0;3;1;A01
201600002649;1;7;0;0;1;8;1;A01
201600002650;2;7;0;0;2;3;15;A01
201600002650;1;33;0;0;2;1;1;B02
201600002651;1;7;0;0;2;1;13;A01
201600002651;2;7;0;0;2;1;1;B02
201600002652;0;7;0;6;0;2;1;A01
201600002653;1;7;0;0;2;1;13;A01
201600002653;2;7;0;0;2;1;1;B02
201600002654;1;7;0;0;2;1;1;B02
201600002654;2;7;0;0;2;1;13;A01
201600002655;1;7;0;6;0;2;1;A01
201600002656;2;21;0;0;0;8;15;B02
201600002656;2;7;0;0;0;1;17;A01
201600002657;2;7;0;6;0;1;1;A01
201600002658;1;7;0;0;0;0;1;A01
201600002659;2;7;0;0;2;8;1;A01
201600002659;2;7;0;0;2;1;19;B02
201600002660;2;7;0;0;0;9;1;A01
201600002661;2;10;0;0;2;4;15;C03
201600002661;2;10;0;0;2;1;2;A01
201600002661;2;7;0;0;2;4;1;B02
201600002662;1;7;0;0;2;0;1;B02
201600002662;1;7;0;6;2;9;1;A01
201600002663;2;7;0;13;0;2;1;A01
201600002664;2;7;0;8;0;1;1;A01
201600002665;1;7;0;0;0;1;1;A01
201600002666;1;7;0;0;2;7;1;A01
201600002666;2;7;0;0;2;1;19;B02
201600002667;1;7;0;0;2;3;19;A01
201600002667;1;7;0;0;2;1;1;B02
201600002668;0;7;0;13;0;3;1;A01
201600002669;1;7;0;0;1;2;2;A01
201600002670;0;7;0;0;2;0;1;A01
201600002670;0;7;0;0;2;1;13;B02
201600002671;1;7;0;0;0;2;1;A01
201600002671;0;1;0;0;0;3;19;B02
201600002672;1;7;0;0;2;1;1;B02
201600002672;2;7;0;0;2;1;13;A01
201600002673;2;7;0;8;0;3;1;A01
201600002674;1;7;0;2;0;9;14;A01
201600002675;0;2;0;0;2;1;1;A01
201600002675;0;7;0;0;2;3;0;B02
201600002676;1;7;0;0;2;8;15;B02
201600002676;1;7;0;0;2;1;17;A01
201600002677;0;7;0;0;2;1;1;B02
201600002677;0;33;0;0;2;1;13;A01
201600002678;2;7;0;0;2;3;1;A01
201600002678;0;10;0;0;2;3;15;B02