Num_Acc;senc;catv;occutc;obs;obsm;choc;manv;num_veh
201600002679;2;7;0;0;0;2;15;B02
201600002679;2;7;0;0;0;1;1;A01
201600002680;2;2;0;0;2;1;1;A01
201600002680;2;7;0;0;2;2;1;B02
201600002681;2;7;0;6;0;0;0;A01
201600002682;2;7;0;13;0;9;17;A01
201600002683;2;7;0;13;0;1;1;A01
201600002684;1;33;0;16;0;1;1;A01
201600002685;1;7;0;6;0;2;1;A01
201600002686;2;7;0;8;0;0;1;A01
201600002687;2;7;0;13;0;9;14;A01
201600002688;2;7;0;0;1;3;1;A01
201600002689;1;7;0;0;9;3;17;A01
201600002689;1;1;0;0;2;4;1;B02
201600002690;1;33;0;0;2;6;9;B02
201600002690;1;7;0;0;2;1;1;A01
201600002691;1;7;0;0;2;8;13;A01
201600002691;2;7;0;0;2;1;1;B02
201600002692;2;7;0;13;0;1;1;A01
201600002693;0;10;0;2;0;1;0;A01
201600002694;1;7;0;15;0;1;0;A01
201600002695;1;7;0;0;2;3;1;A01
201600002695;2;33;0;0;2;1;13;B02
201600002696;2;7;0;0;0;9;0;A01
201600002697;2;7;0;0;1;2;1;A01
201600002698;2;7;0;0;2;7;1;B02
201600002698;1;10;0;0;2;1;19;A01
201600002699;2;7;0;6;0;1;21;A01
201600002700;0;30;0;0;2;1;19;A01
201600002700;0;7;0;0;2;8;1;B02
201600002701;1;99;0;0;2;4;0;A01
201600002701;1;7;0;0;2;1;2;B02
201600002702;2;7;0;13;0;1;9;A01
201600002703;2;7;0;0;0;1;1;A01
201600002703;1;7;0;0;0;3;0;B02
201600002704;1;7;0;13;0;2;14;A01
201600002705;0;30;0;16;0;8;1;A01
201600002706;1;33;0;0;2;8;1;A01
201600002706;2;7;0;0;2;2;19;B02
201600002707;1;7;0;2;0;8;1;A01
201600002708;2;7;0;0;1;1;1;A01
201600002709;2;7;0;0;2;3;1;B02
201600002709;1;7;0;0;2;1;15;A01
201600002710;1;10;0;0;2;3;1;A01
201600002710;2;7;0;0;2;3;13;B02
201600002711;0;2;0;0;2;1;9;B02
201600002711;0;7;0;0;2;3;9;A01
201600002712;1;33;0;0;2;1;1;B02
201600002712;2;7;0;0;2;2;15;A01
201600002713;0;7;0;0;2;2;1;A01
201600002713;0;2;0;0;2;1;1;B02
201600002714;1;7;0;2;0;2;13;A01
201600002715;1;7;0;0;2;4;1;B02
201600002715;1;7;0;0;2;1;1;A01
201600002716;1;7;0;1;0;2;14;A01
201600002717;2;7;0;0;2;1;1;A01
201600002717;2;1;0;0;2;1;16;B01
201600002718;2;14;0;0;0;2;24;B02
201600002718;1;7;0;1;0;2;1;A01
201600002719;2;33;0;13;0;3;13;A01
201600002720;2;30;0;0;2;1;1;B01
201600002720;1;7;0;0;2;3;15;A01
201600002721;1;7;0;6;0;2;1;A01
201600002722;1;7;0;8;0;3;1;A01
201600002723;0;7;0;0;2;3;1;A01
201600002723;0;7;0;0;2;3;1;B02
201600002724;2;15;0;0;2;7;1;A01
201600002724;2;7;0;0;2;1;9;B02
201600002725;1;7;0;0;2;1;19;A01
201600002725;2;33;0;0;2;1;1;B02
201600002726;2;7;0;0;2;1;1;A01
201600002726;1;7;0;0;2;1;5;B02
201600002727;2;33;0;0;2;1;1;A01
201600002727;0;7;0;0;2;3;19;B02
201600002728;1;31;0;0;2;1;1;B02
201600002728;1;10;0;0;2;4;23;A01
201600002729;2;10;0;0;2;1;1;A01
201600002729;0;7;0;0;2;8;19;B02
201600002730;1;7;0;0;0;1;0;A01
201600002730;2;7;0;0;0;3;1;B01
201600002731;1;7;0;0;2;1;17;A01
201600002731;2;7;0;0;0;1;1;B02
201600002732;2;7;0;0;2;1;1;B01
201600002732;;7;0;0;2;8;1;A01
201600002733;0;30;0;0;2;1;13;A01
201600002733;0;7;0;0;2;3;1;B02
201600002734;1;7;0;0;1;2;1;A01
201600002735;1;7;0;0;2;3;13;A01
201600002735;2;7;0;0;2;3;1;B02
201600002736;2;33;0;0;2;1;1;B02
201600002736;1;7;0;0;2;7;15;A01
201600002737;1;7;0;0;2;1;1;A01
201600002737;1;7;0;0;2;2;19;B02
201600002738;1;7;0;0;2;5;19;A01
201600002738;1;7;0;0;2;1;1;B02
201600002739;1;7;0;0;2;1;1;A01
201600002739;2;7;0;0;2;1;6;B02
201600002740;1;31;0;0;1;1;1;A01
201600002741;2;7;0;0;2;3;18;A01
201600002741;2;7;0;0;2;2;16;B02
201600002742;0;10;0;0;2;1;1;B02
201600002742;0;7;0;0;2;8;10;A01
201600002743;1;33;0;0;0;0;1;A01
201600002744;1;10;0;;;;15;B02
201600002744;1;30;0;0;2;1;1;A01
201600002745;1;33;0;16;0;1;1;A01
201600002746;1;7;0;1;0;2;14;A01
201600002747;0;10;0;0;0;0;1;A01
201600002748;1;10;0;6;0;1;1;A01
201600002749;2;7;0;0;0;3;1;B02
201600002749;2;7;0;0;2;7;19;A01
201600002750;1;7;0;6;0;1;13;A01
201600002751;1;7;0;13;0;2;1;A01
201600002752;1;7;0;0;2;2;1;A01
201600002752;1;7;0;0;2;3;5;B02
201600002753;1;2;0;0;2;1;1;B02
201600002753;2;7;0;0;2;1;13;A01
201600002754;1;7;0;0;0;1;13;A01
201600002755;2;33;0;15;0;7;1;A01
201600002756;2;10;0;13;0;9;1;A01
201600002756;0;7;0;0;0;0;0;B02
201600002757;2;7;0;0;2;7;9;A01
201600002757;2;33;0;0;2;1;1;B02
201600002758;2;7;0;0;2;7;9;A01
201600002758;2;33;0;0;2;8;1;B02
201600002759;2;7;0;0;2;3;13;A01
201600002759;1;7;0;0;2;3;1;D04
201600002759;1;7;0;0;2;3;1;C03
201600002759;1;10;0;0;2;8;1;B02
201600002760;2;33;0;16;0;1;1;A01
201600002761;2;7;0;0;0;7;1;B02
201600002761;2;37;3;0;0;3;1;A01
201600002762;2;33;0;8;0;2;1;A01
201600002763;1;7;0;0;2;4;23;B02
201600002763;1;7;0;0;2;1;1;A01
201600002764;1;7;0;0;2;0;0;A01
201600002764;1;30;0;0;2;8;1;B02
201600002765;1;7;0;0;2;6;23;A01
201600002765;1;1;0;1;0;1;1;B02
201600002766;0;7;0;0;0;1;1;A01
201600002767;1;7;0;0;2;1;0;B02
201600002767;1;7;0;0;2;7;1;A01
201600002768;2;7;0;8;0;2;13;A01
201600002769;2;7;0;0;1;1;19;A01
201600002770;1;7;0;13;0;7;14;A01
201600002771;2;7;0;8;0;7;1;A01
201600002772;2;1;0;0;0;2;1;A01
201600002773;1;33;0;0;0;0;1;A01
201600002774;1;33;0;0;0;7;1;A01
201600002775;1;10;0;0;2;7;13;A01
201600002775;2;7;0;0;2;2;1;B02
201600002776;1;10;0;13;0;7;14;A01
201600002777;2;7;0;0;2;6;15;A01
201600002777;1;33;0;0;2;1;1;B02
201600002778;1;7;0;13;0;1;17;A01
201600002779;2;7;0;4;2;8;1;B02
201600002779;2;7;0;0;2;2;17;A01
201600002780;0;33;0;0;0;0;0;B02
201600002780;0;7;0;0;0;0;0;A01
201600002781;1;31;0;8;0;0;21;B02
201600002781;1;7;0;0;0;0;15;A01
201600002782;1;7;0;0;4;1;1;A01
201600002782;0;39;0;0;0;3;0;B02
201600002783;1;7;0;0;2;8;9;A01
201600002783;1;7;0;0;2;1;1;B02
201600002784;2;30;0;0;0;0;0;A01
201600002785;1;10;0;2;0;1;1;A01
201600002786;0;7;0;2;0;2;1;A01
201600002787;0;33;0;0;0;2;0;A01
201600002787;0;10;0;0;0;6;0;B02
201600002788;2;10;0;0;2;3;1;A01
201600002788;1;7;0;0;2;1;1;B02
201600002789;2;7;0;6;0;3;1;A01
201600002790;0;36;0;0;0;4;0;A01
201600002791;1;7;0;0;2;3;13;A01
201600002791;2;7;0;0;2;3;1;B02
201600002792;2;33;0;0;2;7;1;B02
201600002792;1;7;0;0;2;3;1;A01
201600002793;1;21;0;0;2;8;1;B02
201600002793;2;7;0;10;2;8;1;A01
201600002794;2;7;0;2;0;3;21;A01
201600002795;1;33;0;0;2;1;1;B02
201600002795;1;7;0;0;2;4;1;C03
201600002795;1;33;0;0;2;1;1;A01
201600002796;1;30;0;0;2;1;1;B02
201600002796;0;7;0;0;2;1;19;A01
201600002797;2;2;0;0;2;1;1;B02
201600002797;1;7;0;0;2;2;11;A01
201600002798;1;7;0;0;2;1;13;A01
201600002798;2;10;0;0;2;1;1;B02
201600002799;1;7;0;0;2;6;1;B02
201600002799;1;7;0;0;2;1;1;C03
201600002799;2;7;0;0;2;1;13;A01
201600002800;1;30;0;0;0;0;15;A01
201600002800;1;33;0;0;2;1;1;B02
201600002801;0;7;0;0;1;1;0;A01
201600002802;1;1;0;0;9;4;1;B02
201600002802;1;7;0;0;9;2;1;A01
201600002803;1;33;0;13;0;8;1;A01
201600002804;2;7;0;2;0;7;1;A01
201600002805;0;7;0;0;0;1;21;A01
201600002806;2;30;0;1;0;1;1;B02
201600002806;0;7;0;0;0;6;24;A01
201600002807;1;7;0;0;2;2;19;A01
201600002807;2;7;0;0;2;1;1;B02
201600002808;0;33;0;0;0;7;1;A01
201600002809;0;7;0;0;2;1;1;A01
201600002809;0;7;0;0;2;2;1;B02
201600002810;2;7;0;0;2;1;1;B02
201600002810;1;7;0;0;2;1;13;A01
201600002811;2;7;0;0;2;3;1;B02
201600002811;1;30;0;0;2;1;1;A01
201600002812;2;7;0;0;2;1;13;A01
201600002812;1;7;0;0;2;1;1;B02
201600002813;2;7;0;0;2;2;15;A01
201600002813;1;7;0;0;2;1;0;B02
201600002814;1;7;0;8;0;1;1;A01
201600002815;0;36;0;13;0;2;16;A01
201600002816;2;7;0;0;2;1;0;B02
201600002816;1;7;0;0;2;1;5;A01
201600002817;1;7;0;2;0;1;1;A01
201600002818;2;2;0;0;2;8;1;B02
201600002818;0;7;0;0;2;2;15;A01
201600002819;2;7;0;0;2;8;19;A01
201600002819;1;7;0;0;2;3;1;B02
201600002820;1;7;0;8;0;5;1;A01
201600002821;2;7;0;13;0;3;1;A01
201600002822;2;10;0;2;0;1;0;A01
201600002823;2;7;0;8;0;7;1;A01
201600002824;2;7;0;2;0;8;1;A01
201600002825;0;33;0;0;2;1;1;A01
201600002825;0;14;0;0;0;7;15;B02
201600002826;2;7;0;0;2;2;13;A01
201600002826;1;7;0;0;2;1;1;B02
201600002827;0;7;0;0;1;4;20;A01
201600002828;2;7;0;0;0;7;19;B02
201600002828;2;7;0;0;2;1;1;A01
201600002829;2;33;0;0;0;0;1;A01
201600002830;2;7;0;0;0;1;0;A01
201600002830;1;7;0;0;0;7;1;B02
201600002831;1;7;0;0;1;2;1;A01
201600002832;0;33;0;16;0;1;1;A01
201600002833;2;7;0;0;2;3;23;B02
201600002833;1;7;0;0;2;3;13;A01
201600002834;1;7;0;0;2;3;5;A01
201600002834;2;7;0;0;2;1;1;C03
201600002834;2;7;0;0;2;3;21;B02
201600002835;2;7;0;0;1;2;1;A01
201600002836;1;2;0;0;0;7;15;A01
201600002836;2;7;0;0;0;2;1;B02
201600002836;0;7;0;0;0;0;23;C03
201600002837;0;7;0;0;1;1;1;A01
201600002838;2;1;0;0;2;1;1;C03
201600002838;1;7;0;0;2;5;19;A01
201600002838;2;1;0;0;2;1;1;B02
201600002839;1;7;0;0;1;8;1;A01
201600002840;1;7;0;0;2;1;1;A01
201600002840;2;7;0;0;2;1;1;B02
201600002841;0;7;0;0;2;3;0;A01
201600002841;0;21;0;0;2;8;0;B02
201600002842;1;31;0;0;2;1;1;B02
201600002842;2;7;0;0;2;6;19;A01
201600002843;0;7;0;0;9;1;15;A01
201600002843;0;1;0;0;2;1;1;B02
201600002844;1;33;0;0;2;1;1;B02
201600002844;1;10;0;0;0;6;3;A01
201600002845;1;7;0;0;2;8;19;A01
201600002845;1;7;0;0;2;1;1;B02
201600002846;1;7;0;0;2;1;1;B02
201600002846;2;7;0;0;2;1;13;A01
201600002847;1;21;0;13;0;9;1;A01
201600002848;2;7;0;13;0;9;1;A01
201600002849;1;7;0;0;2;3;1;A01
201600002849;2;7;0;0;2;3;1;B02
201600002850;2;33;0;0;2;1;1;A01
201600002850;2;7;0;0;2;7;15;B02
201600002851;0;7;0;0;9;2;2;A01
201600002851;0;1;0;0;2;0;0;B02
201600002852;2;7;0;0;2;1;1;B02
201600002852;0;7;0;0;2;8;15;A01
201600002853;1;33;0;0;2;1;1;B02
201600002853;2;7;0;0;2;2;15;A01
201600002854;0;10;0;0;1;4;20;A01
201600002855;1;10;0;0;2;7;15;A01
201600002855;2;33;0;0;2;1;1;B02
201600002856;1;7;0;0;2;1;11;A01
201600002856;2;7;0;0;2;1;1;B02
201600002857;1;7;0;0;2;8;1;C03
201600002857;2;7;0;0;2;1;13;A01
201600002857;1;7;0;0;2;3;1;B02
201600002858;2;7;0;0;2;1;1;B02
201600002858;1;7;0;0;2;1;1;A01
201600002859;1;7;0;0;2;1;1;B02
201600002859;2;7;0;0;2;1;13;A01
201600002860;2;7;0;0;2;7;19;A01
201600002860;1;17;0;0;2;1;1;B02
201600002861;0;7;0;0;2;3;1;A01
201600002861;0;14;0;0;2;3;1;B02
201600002862;2;7;0;2;0;2;14;A01
201600002863;2;7;0;0;2;2;13;A01
201600002863;1;7;0;0;2;2;1;B02
201600002864;2;7;0;13;6;3;1;A01
201600002865;1;7;0;0;2;1;13;A01
201600002865;2;7;0;0;2;1;1;B02
201600002866;1;7;0;2;0;1;13;A01
201600002867;1;7;0;0;2;1;13;A01
201600002867;2;10;0;0;2;3;1;B02
201600002868;1;7;0;0;2;2;13;A01
201600002868;1;10;0;0;2;2;21;B02
201600002869;1;7;0;13;0;5;1;A01
201600002870;0;7;0;2;0;3;13;A01
201600002871;1;7;0;16;9;9;16;A01
201600002872;0;7;0;13;0;8;1;A01
201600002873;1;7;0;0;1;3;1;A01
201600002874;1;7;0;0;0;5;0;A01
201600002874;1;1;0;0;0;1;0;B02
201600002875;2;7;0;2;0;1;1;A01
201600002876;1;7;0;2;0;2;1;A01
201600002877;1;7;0;0;2;2;13;A01
201600002877;2;7;0;0;2;1;1;B02
201600002878;2;15;0;0;2;2;2;A01
201600002878;2;15;0;0;2;4;2;B02
201600002878;2;7;0;0;2;9;2;C03
201600002879;1;7;0;0;0;9;0;A01
201600002880;1;21;0;0;0;6;15;A01
201600002880;1;33;0;0;2;1;17;B02
201600002881;1;7;0;0;2;2;15;A01
201600002881;2;2;0;0;2;1;1;B02
201600002882;0;2;0;0;0;0;21;A01
201600002883;1;7;0;0;2;1;13;A01
201600002883;2;7;0;0;2;8;1;B02
201600002884;1;33;0;5;0;1;1;A01
201600002885;1;30;0;0;2;4;1;A01
201600002885;1;10;0;0;2;1;1;B02
201600002886;1;7;0;0;0;8;2;A01
201600002886;1;33;0;0;2;1;2;B02
201600002887;0;7;0;0;1;4;4;A01
201600002888;1;7;0;0;2;7;15;A01
201600002888;2;31;0;0;2;8;5;B02
201600002889;0;10;0;0;2;1;15;A01
201600002889;0;33;0;0;2;7;1;B02
201600002890;1;7;0;0;2;3;1;A01
201600002890;1;7;0;0;2;1;1;B02
201600002891;1;7;0;0;6;9;1;A01
201600002892;2;7;0;2;0;2;1;A01
201600002893;1;7;0;0;2;3;15;A01
201600002893;2;32;0;0;2;0;1;B02
201600002894;1;7;0;2;0;1;13;A01
201600002895;2;7;0;0;0;3;9;A01
201600002895;1;7;0;0;0;1;21;B02
201600002896;2;7;0;0;2;1;1;A01
201600002896;0;7;0;0;2;7;19;B02
201600002897;1;1;0;0;2;6;1;A01
201600002897;1;7;0;0;2;7;1;B02
201600002898;1;33;0;0;2;1;17;A01
201600002898;1;10;0;0;2;8;15;B02
201600002899;1;7;0;0;2;1;5;A01
201600002899;2;7;0;0;2;1;1;B02
201600002900;2;7;0;0;2;2;15;A01
201600002900;1;33;0;0;2;1;1;B02
201600002901;1;13;0;0;0;3;13;A01
201600002901;2;13;0;0;0;3;1;B02
201600002902;1;30;0;0;2;1;19;A01
201600002902;1;7;0;0;2;2;1;B02
201600002903;1;7;0;8;0;3;1;A01
201600002904;2;7;0;0;2;3;19;A01
201600002904;1;7;0;0;2;1;1;B02
201600002905;2;7;0;0;2;5;10;A01
201600002905;1;33;0;0;2;1;1;B02
201600002906;1;7;0;0;2;1;13;A01
201600002906;2;7;0;0;2;3;14;B02
201600002907;1;10;0;0;2;1;15;A01
201600002907;2;33;0;0;2;1;1;B02
201600002908;2;31;0;0;2;7;21;A01
201600002908;1;7;0;0;2;1;19;B02
201600002909;1;7;0;2;0;9;14;A01
201600002910;2;7;0;0;2;2;0;A01
201600002910;2;30;0;0;2;6;1;B02
201600002911;0;7;0;0;2;3;15;A01
201600002911;0;30;0;0;2;8;1;B02
201600002912;1;7;0;0;2;2;15;A01
201600002912;2;30;0;0;2;1;1;B02
201600002913;0;30;0;0;2;1;1;A01
201600002913;0;10;0;0;2;5;19;B02
201600002914;1;7;0;0;0;5;15;A01
201600002914;2;2;0;0;2;1;1;B02
201600002915;1;7;0;0;2;3;19;A01
201600002915;2;33;0;0;2;1;1;B02
201600002916;1;7;0;6;0;1;1;A01
201600002917;1;7;0;8;0;1;1;A01
201600002918;2;7;0;0;2;6;17;A01
201600002918;2;31;0;0;2;2;17;B02
201600002919;2;33;0;0;2;1;13;A01
201600002919;1;10;0;0;2;1;1;B02
201600002920;2;7;0;0;2;2;1;A01
201600002920;2;1;0;0;0;4;1;B02
201600002921;0;33;0;6;0;2;17;A01
201600002921;0;33;0;0;2;7;1;B02
201600002922;1;7;0;0;1;2;1;A01
201600002923;0;7;0;0;1;1;1;A01
201600002924;2;7;0;0;2;1;1;A01
201600002924;0;1;0;0;2;8;1;B02
201600002925;2;7;0;0;1;2;1;A01
201600002926;1;7;0;13;0;3;1;A01
201600002927;1;7;0;0;0;9;1;A01
201600002928;2;10;0;0;1;7;1;A01
201600002929;1;10;0;0;2;4;20;A01
201600002929;1;1;0;1;0;1;1;B02
201600002930;1;7;0;0;2;3;13;A01
201600002930;2;7;0;0;2;3;1;B02
201600002931;2;7;0;13;0;1;1;A01
201600002932;2;33;0;13;0;0;1;A01
201600002933;1;7;0;13;0;3;13;A01
201600002934;0;7;0;0;1;7;1;A01
201600002935;1;7;0;0;2;1;13;A01
201600002935;2;7;0;0;2;1;1;B02
201600002936;2;33;0;3;0;1;13;A01
201600002937;1;7;0;0;2;3;1;A01
201600002937;2;7;0;0;2;3;1;B02
201600002938;1;33;0;0;2;2;2;A01
201600002938;1;33;0;0;2;6;2;B02
201600002939;1;7;0;0;0;1;1;A01
201600002940;2;7;0;0;2;1;0;A01
201600002940;1;7;0;0;2;7;5;B02
201600002941;2;7;0;6;0;1;0;A01
201600002942;2;10;0;0;2;3;15;A01
201600002942;1;7;0;0;2;2;1;B02
201600002943;2;7;0;0;1;2;0;A01
201600002944;2;7;0;0;0;4;23;A01
201600002944;2;14;0;0;2;1;2;B02
201600002945;0;10;0;0;2;6;1;A01
201600002945;0;10;0;0;2;3;9;B02
201600002946;2;14;0;0;0;0;1;A01
201600002946;2;7;0;0;9;1;1;B02
201600002947;2;7;0;0;2;3;1;B01
201600002947;1;7;0;0;2;3;1;A02
201600002948;1;10;0;0;1;3;15;A01
201600002949;2;7;0;0;2;1;13;A01
201600002949;1;7;0;0;2;1;1;B02
201600002950;2;7;0;2;0;1;1;A01
201600002951;1;7;0;13;0;1;17;A01
201600002952;1;7;0;2;0;1;0;A01
201600002953;2;7;0;0;2;1;0;A01
201600002953;1;7;0;0;2;8;0;B02
201600002954;1;17;0;0;2;3;1;A01
201600002954;2;7;0;0;2;3;13;B02
201600002955;2;33;0;0;2;0;17;A01
201600002955;2;21;0;0;0;0;15;B02
201600002956;2;7;0;0;2;8;19;A01
201600002956;1;7;0;0;2;1;1;B02
201600002957;1;7;0;0;2;2;19;A01
201600002957;2;15;0;0;2;1;0;B02
201600002958;1;7;0;13;0;1;1;A01
201600002959;0;33;0;0;5;2;1;A01
201600002960;1;33;0;0;2;0;1;B02
201600002960;1;7;0;0;0;0;16;A01
201600002961;2;30;0;0;0;0;1;A01
201600002962;2;31;0;0;2;9;13;C03
201600002962;2;7;0;0;2;9;15;A01
201600002962;0;7;0;0;2;3;1;B02
201600002963;1;7;0;13;0;1;13;A01
201600002964;0;7;0;0;2;3;15;A01
201600002964;0;31;0;0;2;1;1;B02
201600002965;0;7;0;0;2;1;1;B02
201600002965;0;10;0;0;2;1;13;A01
201600002966;1;7;0;0;2;2;15;A01
201600002966;2;7;0;0;2;1;1;B02
201600002967;1;7;0;1;0;1;14;A01
201600002968;2;7;0;2;0;1;13;A01
201600002969;1;33;0;0;0;8;1;A01
201600002970;2;10;0;6;0;3;13;A01
201600002971;2;7;0;0;2;8;15;B02
201600002971;2;17;0;0;2;1;1;A01
201600002972;2;7;0;0;2;3;1;B02
201600002972;1;7;0;0;2;3;13;A01
201600002973;2;7;0;13;0;2;1;A01
201600002974;1;7;0;0;0;1;15;A01
201600002974;2;7;0;0;0;1;1;B02
201600002975;1;33;0;0;2;8;2;C03
201600002975;2;7;0;0;2;1;1;B02
201600002975;1;7;0;0;2;1;13;A01
201600002976;2;7;0;0;2;4;2;B02
201600002976;2;33;0;0;2;1;2;A01
201600002977;2;7;0;0;2;7;10;B02
201600002977;1;7;0;0;2;1;1;A01
201600002978;2;1;0;0;2;3;13;B02
201600002978;1;33;0;0;2;2;1;A01
201600002979;1;7;0;0;0;6;15;A01
201600002979;1;34;0;0;2;1;17;B02
201600002980;1;7;0;0;2;3;13;A01
201600002980;2;7;0;0;2;3;1;B02
201600002981;2;17;0;0;0;8;15;A01
201600002981;2;33;0;0;2;1;17;B02
201600002982;2;7;0;2;0;1;13;A01
201600002983;2;7;0;0;2;1;13;A01
201600002983;1;7;0;0;2;1;1;B02
201600002984;1;33;0;13;0;1;1;A01
201600002985;2;7;0;0;2;4;2;B02
201600002985;2;7;0;0;2;1;2;A01
201600002986;1;7;0;0;2;1;13;A01
201600002986;2;7;0;0;2;1;1;B02
201600002987;2;33;0;0;2;1;17;A01
201600002987;2;1;0;0;2;8;15;B02
201600002988;1;7;0;0;2;1;1;B02
201600002988;1;7;0;0;2;4;23;A01
201600002989;2;30;0;1;0;1;1;A01
201600002989;2;7;0;0;2;4;23;B02
201600002990;2;7;0;0;2;3;13;A01
201600002990;1;10;0;0;2;3;1;B02
201600002991;1;15;0;0;2;3;1;B02
201600002991;2;33;0;0;2;3;1;A01
201600002992;2;33;0;0;2;1;1;B02
201600002992;1;7;0;0;0;3;19;A01
201600002993;2;1;0;0;2;4;1;B02
201600002993;2;7;0;0;2;2;14;A01
201600002994;0;33;0;0;0;2;1;A01
201600002995;2;33;0;0;1;1;1;A01
201600002996;1;7;0;0;2;8;19;A01
201600002996;2;7;0;0;2;1;1;B02
201600002997;2;7;0;0;2;1;2;A01
201600002997;2;7;0;0;0;4;23;B02
201600002998;1;31;0;0;2;1;1;B02
201600002998;1;7;0;0;2;3;9;A01
201600002999;1;7;0;13;0;2;1;A01
201600003000;1;32;0;13;0;1;1;A01
201600003001;1;7;0;3;0;1;6;A01
201600003002;2;7;0;0;2;3;13;A01
201600003002;1;7;0;0;2;3;1;B02
201600003003;0;7;0;0;1;3;1;A01
201600003004;2;7;0;2;0;9;1;A01
201600003005;1;7;0;0;2;2;1;B02
201600003005;2;7;0;0;2;3;13;A01
201600003006;2;10;0;12;2;2;1;A01
201600003006;0;7;0;0;2;3;19;B02
201600003007;2;7;0;0;2;1;1;B02
201600003007;1;7;0;0;2;2;13;A01
201600003008;1;7;0;0;2;8;19;A01
201600003008;1;30;0;0;2;1;1;B02
201600003009;1;7;0;0;2;8;1;A01
201600003009;1;1;0;0;2;4;19;B02
201600003010;2;33;0;0;2;1;1;A01
201600003010;2;10;0;0;0;4;15;B02
201600003011;2;7;0;0;1;3;15;A01
201600003012;1;30;0;0;2;7;1;A01
201600003012;0;7;0;0;2;1;15;B02
201600003013;0;7;0;16;0;1;13;A01
201600003014;2;7;0;0;2;2;19;A01
201600003014;2;7;0;0;2;1;1;B02
201600003015;2;7;0;2;0;2;14;A01
201600003016;1;1;0;0;2;1;1;B02
201600003016;1;1;0;0;2;1;1;A01
201600003016;0;7;0;0;9;7;9;C03
201600003017;0;33;0;16;0;8;1;A01
201600003018;0;30;0;0;0;8;13;A01
201600003019;1;7;0;0;2;1;1;C03
201600003019;1;7;0;0;2;8;1;E05
201600003019;1;7;0;0;2;6;17;A01
201600003019;1;10;0;0;2;1;1;D04
201600003019;2;14;0;0;2;3;1;B02
201600003020;1;7;0;0;1;2;21;A01
201600003021;1;7;0;0;2;2;17;A01
201600003021;1;1;0;0;2;8;13;B02
201600003022;2;7;0;0;2;1;17;A01
201600003022;1;7;0;0;2;1;1;B02
201600003023;1;10;0;6;0;3;13;A01
201600003024;2;7;0;0;2;1;19;A01
201600003024;2;7;0;0;2;8;1;B02
201600003025;1;7;0;13;0;1;1;A01
201600003026;1;36;0;13;0;1;13;A01
201600003027;2;7;0;0;2;3;16;A01
201600003027;2;7;0;0;2;1;1;B02
201600003028;2;7;0;0;2;7;13;A01
201600003028;1;7;0;0;2;1;1;B02
201600003029;1;7;0;13;0;3;14;A01
201600003030;1;33;0;15;0;9;14;A01
201600003031;2;7;0;0;0;6;1;B02
201600003031;2;7;0;0;0;1;21;A01
201600003031;1;7;0;0;0;3;1;C03
201600003032;1;33;0;0;2;1;1;B02
201600003032;2;7;0;0;2;7;15;A01
201600003033;1;7;0;0;1;2;1;A01
201600003034;1;7;0;13;0;2;14;A01
201600003035;2;7;0;13;6;1;19;A01
201600003036;1;7;0;13;0;9;13;A01
201600003037;0;7;0;2;0;1;14;A01
201600003038;1;7;0;0;1;2;1;A01
201600003039;0;7;0;2;0;3;13;A01
201600003040;0;10;0;0;2;2;1;B02
201600003040;0;7;0;0;2;3;1;A01
201600003041;1;32;0;0;2;1;1;B02
201600003041;1;7;0;0;2;5;19;A01
201600003042;1;7;0;0;2;3;15;A01
201600003042;2;7;0;0;2;1;1;B02
201600003042;1;7;0;0;2;3;1;C03
201600003043;2;7;0;0;2;1;13;A01
201600003043;1;10;0;0;2;8;1;B02
201600003043;1;10;0;0;2;1;1;C03
201600003044;1;7;0;0;2;3;9;A01
201600003044;1;31;0;0;2;2;1;B02
201600003045;1;7;0;0;2;8;19;A01
201600003045;1;7;0;0;2;1;1;B02
201600003046;2;10;0;0;2;3;1;B02
201600003046;1;10;0;0;2;3;13;A01
201600003047;0;7;0;0;1;8;1;A01
201600003048;2;7;0;0;2;6;1;B02
201600003048;1;7;0;0;2;2;9;A01
201600003049;1;10;0;0;1;2;1;A01
201600003050;2;7;0;0;2;2;0;B02
201600003050;1;20;0;0;2;3;13;A01
201600003051;2;33;0;0;2;1;13;A01
201600003051;1;7;0;0;2;1;1;B02
201600003052;1;7;0;13;0;1;14;A01
201600003053;2;7;0;13;0;1;1;A01
201600003054;0;7;0;0;0;2;0;B02
201600003054;1;31;0;0;0;7;13;A01
201600003055;1;10;0;0;2;3;17;A01
201600003055;2;7;0;0;2;1;1;B02
201600003055;2;7;0;0;2;1;1;C03
201600003056;2;10;0;13;0;1;1;A01
201600003057;2;31;0;0;2;0;13;A01
201600003057;1;7;0;0;2;3;1;B02
201600003058;1;1;0;0;0;4;2;B02
201600003058;1;7;0;0;2;2;1;A01
201600003059;1;7;0;2;0;1;1;A01
201600003060;1;7;0;0;2;1;13;A01
201600003060;2;7;0;0;2;1;1;B02
201600003061;1;10;0;13;0;3;1;A01
201600003062;1;7;0;0;0;1;1;B02
201600003062;2;7;0;0;0;1;19;A01
201600003063;1;7;0;0;2;3;15;B02