Num_Acc;senc;catv;occutc;obs;obsm;choc;manv;num_veh
201600004625;1;7;0;0;2;1;13;A01
201600004625;2;7;0;0;2;1;1;B02
201600004626;0;30;0;0;0;1;1;A01
201600004627;1;7;0;0;2;3;13;B02
201600004627;2;10;0;0;2;3;1;A01
201600004628;2;7;0;0;2;3;23;C03
201600004628;1;7;0;0;2;1;15;A01
201600004628;2;7;0;0;2;3;1;B02
201600004629;1;7;0;0;1;1;13;A01
201600004630;1;7;0;0;2;1;1;A01
201600004630;2;7;0;0;2;1;1;B02
201600004631;2;7;0;0;2;2;1;A01
201600004631;1;7;0;0;2;1;19;B02
201600004632;1;33;0;8;0;1;1;A01
201600004633;2;7;0;0;0;1;1;A01
201600004634;1;1;0;8;0;7;1;A01
201600004635;1;7;0;0;2;7;1;B02
201600004635;1;7;0;0;2;1;1;A01
201600004636;1;7;0;9;0;5;0;A01
201600004637;1;7;0;0;2;1;2;A01
201600004637;1;7;0;0;2;4;2;B02
201600004638;1;7;0;0;2;2;1;A01
201600004638;1;7;0;0;2;3;1;B02
201600004639;2;33;0;0;2;8;1;A01
201600004639;1;7;0;0;2;3;19;B02
201600004640;1;7;0;0;2;1;13;B02
201600004640;2;7;0;0;2;1;1;A01
201600004641;1;7;0;0;2;1;1;A01
201600004641;1;7;0;0;0;4;0;B02
201600004642;1;7;0;10;2;1;5;A01
201600004642;2;7;0;0;2;1;1;B02
201600004643;0;7;0;0;1;3;1;A01
201600004644;2;10;0;0;0;2;1;A01
201600004645;2;7;0;6;2;9;1;C03
201600004645;1;7;0;0;0;1;6;A01
201600004645;0;7;0;0;2;1;23;B02
201600004646;0;7;0;0;2;3;1;A01
201600004646;0;7;0;0;2;3;1;B02
201600004647;0;7;0;0;0;0;0;A01
201600004648;0;7;0;0;2;8;19;A01
201600004648;0;7;0;0;2;1;1;B02
201600004649;2;7;0;;;1;;A01
201600004649;2;7;0;0;2;4;9;B02
201600004650;0;10;0;0;1;1;1;A01
201600004651;0;7;0;2;0;2;1;A01
201600004652;2;15;0;0;2;1;1;B02
201600004652;1;7;0;0;2;6;15;A01
201600004653;0;30;0;0;1;1;16;A01
201600004654;0;7;0;0;2;2;15;A01
201600004654;0;7;0;0;2;1;1;B02
201600004655;1;7;0;0;2;1;1;B02
201600004655;2;7;0;0;2;7;1;A01
201600004656;1;10;0;0;2;2;19;A01
201600004656;1;7;0;0;2;1;1;B02
201600004657;0;7;0;0;2;3;1;A01
201600004657;0;7;0;0;2;3;13;B02
201600004658;1;7;0;0;2;2;1;A01
201600004658;2;7;0;0;2;3;1;B02
201600004659;0;10;0;8;0;1;1;A01
201600004660;2;7;0;0;2;0;17;A01
201600004660;2;30;0;0;0;3;2;B02
201600004661;1;7;0;0;2;3;1;A01
201600004661;1;7;0;0;0;5;1;B02
201600004662;2;33;0;0;0;1;1;A01
201600004662;2;7;0;0;0;2;1;B02
201600004663;1;2;0;0;2;1;1;A01
201600004663;0;7;0;0;2;1;16;B02
201600004664;2;10;0;0;2;1;19;A01
201600004664;2;10;0;8;0;4;1;B02
201600004665;2;7;0;0;1;1;1;A01
201600004666;2;1;0;0;0;0;1;A01
201600004667;0;7;0;0;1;2;1;A01
201600004668;2;14;0;0;0;5;0;B02
201600004668;2;1;0;0;0;8;1;A01
201600004669;0;7;0;16;0;0;1;A01
201600004670;0;7;0;0;1;2;9;A01
201600004671;0;31;0;0;0;1;0;A01
201600004671;0;7;0;0;0;3;0;B02
201600004672;2;33;0;0;2;1;1;A01
201600004672;1;7;0;0;0;7;15;B02
201600004673;0;7;0;0;0;1;13;A01
201600004674;1;7;0;0;2;8;1;B02
201600004674;2;7;0;0;2;8;13;A01
201600004675;1;33;0;0;0;8;1;A01
201600004676;1;7;0;0;1;2;13;A01
201600004677;2;7;0;0;2;1;1;A01
201600004677;1;7;0;0;2;2;15;B02
201600004678;2;33;0;11;0;1;0;A01
201600004679;1;10;0;0;2;2;1;B02
201600004679;2;7;0;0;0;7;1;A01
201600004680;1;7;0;0;2;1;19;B02
201600004680;2;7;0;0;2;6;1;A01
201600004681;1;2;0;0;2;1;19;A01
201600004681;2;7;0;0;2;8;1;B02
201600004682;1;7;0;0;1;2;1;A01
201600004683;1;7;0;0;1;2;17;A01
201600004683;2;7;0;0;2;2;21;B02
201600004684;1;32;0;4;9;3;1;A01
201600004685;2;33;0;0;0;1;21;A01
201600004685;1;7;0;0;0;1;5;B02
201600004686;1;7;0;0;1;2;1;A01
201600004687;1;14;0;2;0;3;11;A01
201600004688;1;7;0;6;1;1;9;A01
201600004689;1;7;0;0;2;3;1;B02
201600004689;2;14;0;0;2;1;1;C03
201600004689;2;7;0;0;2;3;13;A01
201600004690;0;30;0;0;0;8;19;A01
201600004691;2;30;0;12;0;7;1;A01
201600004692;2;7;0;0;2;2;14;A01
201600004693;0;33;0;0;0;1;0;A01
201600004694;0;7;0;0;0;0;0;B02
201600004694;0;1;0;14;0;3;13;A01
201600004695;0;33;0;0;2;7;17;A01
201600004695;0;7;0;0;2;3;1;B02
201600004696;0;31;0;16;0;1;1;A01
201600004697;1;7;0;0;2;2;19;A01
201600004697;2;7;0;0;2;1;1;B02
201600004698;0;30;0;0;2;8;15;B02
201600004698;2;7;0;0;2;1;1;A01
201600004699;2;34;0;0;2;1;0;B02
201600004699;1;7;0;0;2;3;13;A01
201600004700;0;7;0;0;2;1;13;B02
201600004700;0;7;0;0;2;3;1;A01
201600004701;2;33;0;14;0;1;2;B02
201600004701;2;7;0;0;0;5;23;A01
201600004702;2;7;0;0;0;3;1;A01
201600004702;2;33;0;0;2;1;17;B02
201600004703;1;10;0;0;2;2;19;A01
201600004703;2;7;0;0;2;3;1;B02
201600004704;2;7;0;0;2;3;19;A01
201600004704;1;33;0;0;2;1;1;B02
201600004705;1;7;0;2;0;9;13;A01
201600004706;0;7;0;0;1;3;1;A01
201600004707;1;7;0;0;6;1;0;A01
201600004708;0;3;0;0;0;4;15;A01
201600004708;0;33;0;0;0;1;1;B02
201600004709;0;7;0;0;2;1;1;B02
201600004709;0;7;0;0;2;1;13;A01
201600004709;0;7;0;0;2;1;1;C03
201600004710;2;7;0;0;1;3;10;A01
201600004711;0;7;0;0;9;3;23;A01
201600004711;0;2;0;0;2;2;1;B02
201600004712;2;36;0;6;0;8;1;A01
201600004713;1;33;0;13;0;1;1;A01
201600004714;2;7;0;0;2;3;1;B02
201600004714;1;7;0;0;2;8;13;A01
201600004715;1;33;0;0;2;1;1;A01
201600004715;1;10;0;0;2;8;19;B02
201600004716;1;7;0;0;2;3;1;A01
201600004716;1;33;0;0;2;7;1;B02
201600004717;1;33;0;0;2;7;1;B02
201600004717;0;10;0;0;2;1;15;A01
201600004718;1;7;0;0;2;1;1;B02
201600004718;2;7;0;0;2;1;13;A01
201600004719;1;7;0;0;2;4;24;B02
201600004719;1;7;0;1;0;1;14;A01
201600004720;2;7;0;0;1;2;1;A01
201600004721;2;7;0;0;2;5;17;B02
201600004721;2;1;0;0;2;1;1;A01
201600004722;2;33;0;0;2;3;18;A01
201600004722;2;7;0;0;2;2;16;B02
201600004723;2;10;0;0;2;7;13;A01
201600004723;1;10;0;0;2;1;1;B02
201600004724;2;7;0;16;0;9;1;A01
201600004725;2;7;0;0;1;3;1;A01
201600004726;1;1;0;0;2;8;1;A01
201600004727;1;10;0;0;2;1;13;A01
201600004727;2;7;0;0;2;1;1;B02
201600004728;1;7;0;0;1;1;1;A01
201600004729;1;30;0;0;2;1;13;A01
201600004729;2;7;0;0;2;1;1;B02
201600004730;1;7;0;2;0;9;19;A01
201600004731;1;7;0;6;0;8;1;A01
201600004732;0;10;0;0;5;1;0;A01
201600004733;0;7;0;0;0;8;15;B02
201600004733;0;2;0;0;2;1;15;A01
201600004734;0;7;0;5;0;3;13;A01
201600004735;1;33;0;0;2;1;13;A01
201600004735;2;7;0;0;2;1;1;B02
201600004736;2;7;0;0;2;1;1;A01
201600004736;1;7;0;0;2;1;5;B02
201600004737;0;33;0;13;0;8;1;A01
201600004738;0;33;0;0;2;1;1;A01
201600004738;0;7;0;0;2;2;15;B02
201600004739;0;7;0;0;1;3;16;A01
201600004740;1;7;0;4;0;1;1;A01
201600004741;1;7;0;0;2;3;1;B02
201600004741;2;7;0;0;2;1;1;A01
201600004742;1;10;0;2;0;7;21;A01
201600004743;2;33;0;0;2;1;1;B02
201600004743;1;7;0;0;2;2;15;A01
201600004744;0;33;0;0;2;1;17;B02
201600004744;0;7;0;0;0;3;15;A01
201600004745;0;7;0;8;0;2;0;A01
201600004746;2;7;0;13;0;9;1;A01
201600004747;1;7;0;0;2;3;1;B02
201600004747;1;7;0;0;2;1;1;C03
201600004747;2;33;0;0;2;8;13;A01
201600004748;2;33;0;0;0;0;1;A01
201600004749;1;7;0;0;1;1;1;A01
201600004750;0;36;0;0;0;2;21;A01
201600004751;2;7;0;0;2;3;1;A01
201600004751;1;7;0;0;2;3;13;B02
201600004752;1;7;0;0;1;1;1;A01
201600004753;1;2;0;9;0;1;1;A01
201600004754;1;7;0;0;1;1;0;A01
201600004755;0;1;0;0;2;4;1;B02
201600004755;0;7;0;0;9;1;1;A01
201600004756;0;7;0;0;1;2;1;A01
201600004757;1;33;0;4;0;7;0;A01
201600004758;0;33;0;0;0;3;1;A01
201600004759;1;7;0;0;9;2;1;A01
201600004759;1;1;0;0;2;3;11;B02
201600004760;2;7;0;0;0;0;0;A01
201600004761;1;7;0;0;2;1;1;C03
201600004761;1;7;0;0;2;3;1;B02
201600004761;2;7;0;0;2;1;17;A01
201600004762;0;7;0;3;0;9;1;A01
201600004763;0;36;0;12;0;2;1;A01
201600004764;0;7;0;0;2;3;17;B02
201600004764;0;10;0;3;0;2;1;A01
201600004764;0;7;0;0;2;3;1;C03
201600004765;1;7;0;0;2;4;2;B02
201600004765;1;7;0;0;2;4;2;C03
201600004765;1;7;0;0;2;1;2;A01
201600004766;0;2;0;0;0;7;1;A01
201600004767;0;10;0;0;0;2;13;A01
201600004768;1;7;0;2;0;8;14;A01
201600004769;0;7;0;6;0;2;1;A01
201600004770;0;2;0;0;2;5;2;B02
201600004770;0;7;0;0;2;3;2;A01
201600004771;1;31;0;1;0;8;1;A01
201600004772;1;7;0;3;0;1;14;A01
201600004773;2;10;0;0;0;0;1;A01
201600004774;2;7;0;13;0;3;1;A01
201600004775;2;10;0;0;2;1;21;B02
201600004775;0;7;0;0;2;1;13;A01
201600004776;2;1;0;0;0;8;1;B02
201600004776;2;7;0;0;0;8;1;A01
201600004777;2;7;0;2;0;1;0;A01
201600004778;1;33;0;0;2;1;1;A01
201600004778;2;10;0;0;2;1;0;B02
201600004779;0;10;0;0;1;2;1;A01
201600004780;1;7;0;0;2;3;5;A01
201600004780;2;7;0;0;2;3;1;B02
201600004781;1;33;0;0;0;0;0;A01
201600004782;0;7;0;2;0;2;0;A01
201600004783;0;33;0;0;0;3;16;A01
201600004784;1;31;0;0;2;1;13;B02
201600004784;2;7;0;0;2;3;1;A01
201600004785;1;7;0;0;9;2;16;A01
201600004785;1;1;0;0;2;8;2;B02
201600004786;2;7;0;0;2;3;5;A01
201600004786;1;7;0;0;2;3;14;B02
201600004787;0;30;0;0;2;1;13;A01
201600004787;0;7;0;0;2;1;1;B02
201600004788;1;7;0;8;0;3;13;A01
201600004789;2;10;0;0;2;1;13;A01
201600004789;1;7;0;0;2;1;1;B02
201600004790;1;33;0;0;2;1;1;B02
201600004790;2;7;0;0;2;5;19;A01
201600004791;2;33;0;0;0;0;1;A01
201600004792;2;7;0;0;2;6;19;A01
201600004792;1;31;0;0;2;1;1;B02
201600004793;2;7;0;0;2;3;9;A01
201600004793;1;33;0;0;2;1;1;B02
201600004794;1;7;0;0;2;1;13;A01
201600004794;2;7;0;0;2;1;1;B02
201600004795;1;7;0;0;0;9;13;A01
201600004795;2;31;0;0;2;2;21;B02
201600004796;2;7;0;0;2;1;5;A01
201600004796;1;7;0;0;2;7;5;B02
201600004797;1;33;0;0;2;1;2;A01
201600004797;1;7;0;0;0;6;20;B02
201600004798;1;7;0;4;0;2;1;A01
201600004799;2;33;0;0;2;8;13;A01
201600004799;2;7;0;0;2;8;1;B02
201600004800;1;7;0;0;2;7;13;A01
201600004800;2;7;0;0;2;1;1;B02
201600004801;1;7;0;0;2;5;17;A01
201600004801;1;7;0;0;2;3;1;B02
201600004802;1;7;0;0;2;3;13;A01
201600004802;2;7;0;0;2;6;1;B02
201600004803;1;2;0;13;0;1;1;A01
201600004803;1;2;0;0;2;1;1;B02
201600004804;2;7;0;0;1;2;2;A01
201600004805;1;7;0;0;2;5;17;A01
201600004805;1;7;0;0;2;3;1;B02
201600004806;0;7;0;0;1;3;1;A01
201600004807;0;7;0;0;2;2;17;A01
201600004807;0;1;0;0;2;8;1;B02
201600004808;1;10;0;0;2;1;13;A01
201600004808;2;7;0;0;2;1;1;B02
201600004809;2;7;0;0;2;1;1;B02
201600004809;1;7;0;0;2;3;15;A01
201600004810;0;14;0;0;1;8;1;A01
201600004811;0;7;0;0;2;3;16;A01
201600004811;0;2;0;0;2;5;1;B02
201600004812;1;7;0;4;0;2;14;A01
201600004813;1;7;0;8;0;1;1;A01
201600004814;1;7;0;0;1;3;1;A01
201600004815;2;7;0;0;0;0;15;A01
201600004815;1;2;0;14;0;8;21;B01
201600004816;1;2;0;0;1;1;14;A01
201600004817;2;14;0;0;2;1;1;B01
201600004817;1;7;0;0;2;1;13;A01
201600004818;2;10;0;0;1;1;1;A01
201600004819;1;7;0;0;2;2;1;B01
201600004819;1;10;0;0;1;3;9;A01
201600004820;2;7;0;0;2;6;16;A01
201600004820;2;33;0;8;2;1;1;B01
201600004821;1;7;0;0;1;3;1;A01
201600004822;1;7;0;0;1;2;1;A01
201600004823;2;10;0;0;2;1;9;A01
201600004823;1;7;0;0;2;2;1;B01
201600004824;1;7;0;0;2;3;1;B01
201600004824;2;2;0;0;2;1;13;A01
201600004825;2;7;0;0;1;2;1;A01
201600004826;2;33;0;13;0;1;1;A01
201600004827;2;33;0;0;2;1;13;A01
201600004827;1;10;0;0;2;2;1;B02
201600004828;1;7;0;13;0;9;1;A01
201600004829;2;7;0;;2;8;14;B02
201600004829;1;7;0;;2;8;13;A01
201600004830;1;7;0;13;0;1;1;A01
201600004831;2;33;0;11;0;2;1;A01
201600004832;1;30;0;0;2;1;13;A01
201600004832;2;14;0;0;2;8;1;B02
201600004833;1;7;0;0;2;2;5;A01
201600004833;2;7;0;0;2;3;1;B02
201600004834;0;10;0;1;1;2;24;A01
201600004835;1;7;0;0;0;1;5;A01
201600004835;2;7;0;0;0;1;1;B02
201600004836;2;14;0;0;2;1;13;A01
201600004836;1;7;0;0;2;1;1;B02
201600004837;0;7;0;0;2;1;1;A01
201600004837;0;7;0;0;0;1;1;B02
201600004838;2;17;0;0;0;9;1;A01
201600004839;0;38;1;0;2;1;1;A01
201600004839;0;2;0;0;2;1;13;B02
201600004840;2;7;0;0;2;8;13;A01
201600004840;1;14;0;0;2;8;1;B02
201600004841;1;14;0;0;2;1;2;A01
201600004841;1;7;0;0;2;9;2;B02
201600004841;1;14;0;0;2;4;2;C03
201600004842;1;14;0;0;1;1;1;A01
201600004843;1;7;0;0;2;1;13;A01
201600004843;2;17;0;0;2;3;1;B01
201600004844;0;7;0;0;1;4;23;A01
201600004844;0;7;0;0;2;1;2;B01
201600004845;2;7;0;0;1;0;1;A01
201600004846;2;7;0;0;1;1;15;A01
201600004847;1;7;0;0;1;1;1;A01
201600004848;2;7;0;6;1;1;14;A01
201600004849;1;7;0;0;1;1;1;A01
201600004850;2;15;0;0;2;3;2;A01
201600004850;2;2;0;0;2;9;2;B01
201600004851;1;2;0;0;2;1;1;B01
201600004851;2;10;0;0;2;2;15;A01
201600004852;1;7;0;0;1;1;1;A01
201600004853;1;7;0;16;0;1;14;A01
201600004854;1;7;0;0;2;3;1;A01
201600004854;0;33;0;0;2;1;1;B02
201600004855;1;10;0;0;9;8;1;A01
201600004855;2;1;0;0;2;9;0;B02
201600004856;2;1;0;0;2;8;17;A01
201600004856;2;7;0;0;0;8;1;B02
201600004856;1;7;0;0;9;6;1;C03
201600004857;0;10;0;0;1;6;4;A01
201600004858;2;7;0;0;2;8;15;A01
201600004858;2;30;0;0;2;7;17;B02
201600004859;1;2;0;0;2;2;1;A01
201600004859;1;7;0;0;2;6;1;B02
201600004860;2;14;0;0;2;1;13;A01
201600004860;1;7;0;0;2;1;1;B02
201600004861;0;7;0;13;0;3;1;A01
201600004862;0;7;0;0;1;3;1;A01
201600004863;0;7;0;0;2;3;1;A01
201600004863;0;7;0;0;2;3;1;B02
201600004864;0;7;0;0;2;3;1;A01
201600004864;0;33;0;0;2;2;1;B02
201600004865;0;7;0;0;2;3;20;A01
201600004865;0;30;0;0;2;2;1;B02
201600004866;0;7;0;0;2;1;1;A01
201600004866;0;7;0;0;2;4;1;B02
201600004867;0;7;0;6;2;2;1;A01
201600004868;0;7;0;0;1;3;1;A01
201600004869;0;7;0;0;2;3;13;C03
201600004869;0;10;0;0;0;6;21;A01
201600004869;0;7;0;0;2;8;1;B02
201600004870;0;7;0;15;0;2;1;A01
201600004870;0;33;0;0;0;4;23;B02
201600004871;1;7;0;6;0;2;1;A01
201600004872;2;7;0;1;0;1;13;A01
201600004873;1;7;0;0;2;3;1;A01
201600004873;2;2;0;0;0;1;11;B02
201600004874;1;7;0;2;0;1;1;A01
201600004875;0;7;0;0;1;2;15;A01
201600004876;1;7;0;0;0;3;15;A01
201600004876;1;33;0;0;0;1;1;B02
201600004877;1;33;0;6;0;2;17;A01
201600004878;1;7;0;2;0;7;1;A01
201600004879;1;7;0;0;1;2;1;A01
201600004880;0;7;0;0;2;1;1;B02
201600004880;0;7;0;0;2;2;9;A01
201600004881;0;7;0;0;2;2;15;A01
201600004881;0;7;0;0;2;3;9;B02
201600004882;0;7;0;0;2;2;19;A01
201600004882;0;7;0;9;0;3;21;B02
201600004883;0;99;0;0;0;4;0;B02
201600004883;0;7;0;0;0;4;0;A01
201600004883;0;7;0;0;0;2;0;D04
201600004883;0;7;0;0;0;4;0;C03
201600004884;0;7;0;0;2;3;1;A01
201600004884;0;2;0;0;2;1;1;B02
201600004885;1;10;0;0;2;1;5;A01
201600004885;2;10;0;0;2;1;1;B02
201600004886;2;7;0;0;2;1;1;A01
201600004886;2;14;0;0;2;6;1;B02
201600004887;1;33;0;13;0;7;1;A01
201600004888;2;7;0;0;0;4;0;B02
201600004888;2;7;0;0;2;1;2;A01
201600004889;0;7;0;0;1;4;20;A01
201600004890;0;7;0;0;1;2;1;A01
201600004891;1;1;0;0;2;1;5;B02
201600004891;2;7;0;0;9;2;1;A01
201600004892;1;10;0;0;2;1;1;A01
201600004892;2;7;0;0;2;8;1;B02
201600004893;1;3;0;0;9;2;14;A01
201600004893;1;1;0;0;0;4;1;B02
201600004894;0;7;0;0;1;1;0;A01
201600004895;0;7;0;6;0;8;1;A01
201600004896;1;7;0;2;0;9;1;A01
201600004897;1;30;0;0;0;0;1;A01
201600004898;0;7;0;2;0;6;17;A01
201600004899;2;7;0;0;0;1;1;B02
201600004899;1;7;0;0;0;1;13;A01
201600004900;0;10;0;0;0;6;1;B02
201600004900;0;7;0;0;2;2;1;A01
201600004901;0;1;0;0;2;7;15;A01
201600004901;0;33;0;0;9;1;1;B02
201600004902;1;33;0;16;0;8;0;A01
201600004903;0;7;0;0;2;1;15;B02
201600004903;0;7;0;0;2;8;1;A01
201600004904;1;33;0;0;0;0;1;A01
201600004905;1;33;0;0;2;1;2;A01
201600004905;2;7;0;0;2;3;2;B02
201600004906;0;33;0;0;2;8;13;A01
201600004906;0;14;0;0;2;6;1;B02
201600004907;0;7;0;0;2;1;1;A01
201600004907;0;7;0;0;2;2;2;B02
201600004908;1;7;0;0;2;1;1;A01
201600004908;1;7;0;0;2;7;16;B02
201600004909;2;10;0;0;0;4;0;A01
201600004909;2;1;0;0;0;1;0;B02
201600004910;1;33;0;0;2;1;17;A01
201600004910;0;7;0;0;2;8;15;B02
201600004911;2;33;0;0;2;3;0;A01
201600004911;1;7;0;0;2;8;19;B02
201600004912;2;33;0;0;2;1;1;B02
201600004912;1;7;0;0;2;3;15;A01
201600004913;0;2;0;9;0;1;21;A01
201600004914;2;33;0;0;0;0;0;A01
201600004914;2;33;0;0;0;0;0;B02
201600004915;1;7;0;5;0;2;1;A01
201600004916;2;2;0;0;0;7;1;A01
201600004917;2;7;0;0;2;3;15;B02
201600004917;1;30;0;0;2;1;17;A01
201600004918;0;7;0;13;0;2;1;A01
201600004919;1;7;0;0;2;1;15;A01
201600004919;2;7;0;0;2;1;1;B02
201600004920;0;1;0;0;2;1;1;B02
201600004920;0;7;0;0;2;5;15;A01
201600004921;1;32;0;0;0;0;16;A01
201600004922;1;30;0;11;0;1;1;A01
201600004923;0;3;0;0;1;1;1;A01
201600004924;0;33;0;0;0;7;1;A01
201600004924;0;7;0;0;0;3;9;B02
201600004925;0;10;0;3;6;0;21;A01
201600004926;2;7;0;0;2;3;15;A01
201600004926;1;33;0;0;2;8;1;B02
201600004927;0;7;0;0;2;8;13;A01
201600004927;0;1;0;0;2;8;1;B02
201600004928;1;31;0;0;2;7;21;B02
201600004928;1;7;0;0;2;1;9;A01
201600004929;0;36;0;13;0;2;2;A01
201600004930;1;33;0;3;0;0;1;A01
201600004931;2;7;0;2;0;1;1;A01
201600004932;1;33;0;0;0;0;1;A01
201600004933;0;7;0;1;0;1;1;A01
201600004934;1;33;0;0;2;8;19;A01
201600004934;2;7;0;0;2;3;1;B02
201600004935;1;33;0;10;0;0;1;A01
201600004936;0;14;0;0;2;4;2;B02
201600004936;0;14;0;1;0;1;1;A01
201600004936;0;14;0;0;2;4;24;C03
201600004937;2;7;0;0;1;3;2;A01
201600004938;0;7;0;0;1;4;4;A01
201600004939;1;7;0;0;2;2;23;C01
201600004939;1;7;0;0;2;1;1;B01
201600004939;2;7;0;0;2;8;9;A01
201600004940;2;7;0;0;2;2;21;C01
201600004940;2;7;0;0;2;1;21;B01
201600004940;1;7;0;0;2;1;13;A01
201600004941;1;7;0;0;1;3;16;A01
201600004942;0;7;0;0;1;1;1;A01
201600004943;2;31;0;0;2;7;17;A01
201600004943;2;7;0;0;2;8;15;B01
201600004944;1;7;0;0;1;2;1;A01
201600004945;1;30;0;12;0;5;1;A01
201600004946;1;2;0;0;2;8;1;B01
201600004946;1;7;0;0;2;1;19;A01
201600004947;2;7;0;1;0;2;14;A01
201600004948;1;30;0;0;2;1;13;A01
201600004948;0;10;0;0;2;7;1;B01
201600004949;0;7;0;0;1;2;1;A01
201600004950;1;7;0;0;9;1;15;A01
201600004950;2;1;0;0;2;7;1;B01
201600004951;1;33;0;0;0;4;1;A01
201600004952;2;7;0;0;2;1;13;A01
201600004952;1;7;0;0;2;8;1;B02
201600004953;2;7;0;0;1;5;2;A01
201600004953;2;7;0;0;2;3;2;B02
201600004954;1;33;0;0;1;3;3;A01
201600004955;1;7;0;0;2;2;1;A01
201600004955;2;7;0;0;2;1;13;B02
201600004956;2;7;0;15;0;8;1;A01
201600004957;2;33;0;0;2;1;16;A01
201600004957;2;7;0;0;2;8;1;B02
201600004958;2;7;0;0;2;3;13;B02
201600004958;1;7;0;0;2;3;1;A01
201600004959;2;33;0;0;0;8;1;A01
201600004960;1;33;0;3;0;8;1;A01
201600004961;1;33;0;0;2;0;1;A01
201600004961;2;7;0;0;0;0;17;B02
201600004962;1;7;0;13;0;2;1;A01
201600004963;1;7;0;0;2;1;1;A01
201600004963;2;30;0;0;2;1;15;B02
201600004964;2;7;0;0;2;3;15;A01
201600004964;1;7;0;0;2;3;1;B02
201600004965;1;7;0;13;0;1;1;A01
201600004966;0;7;0;3;0;3;0;A01
201600004967;0;7;0;16;0;0;19;A01
201600004968;1;7;0;0;1;1;1;A01
201600004969;1;7;0;0;2;8;17;A01
201600004969;2;7;0;0;2;3;1;B02
201600004969;2;7;0;0;2;3;0;C03
201600004970;1;7;0;0;2;2;2;A01
201600004970;1;1;0;0;2;4;2;B02
201600004971;1;10;0;0;2;1;1;B02
201600004971;2;7;0;0;2;2;1;A01
201600004972;2;7;0;0;2;4;2;A01
201600004972;2;7;0;0;2;4;2;B02
201600004972;2;99;0;0;2;1;17;C03
201600004973;2;1;0;10;0;1;1;A01
201600004974;0;7;0;2;0;1;1;A01
201600004975;2;7;0;0;2;3;5;A01
201600004975;1;10;0;0;2;3;1;B02
201600004975;1;7;0;0;2;1;2;C03
201600004976;1;7;0;0;1;3;1;A01
201600004977;1;7;0;0;2;6;15;B02
201600004977;2;33;0;0;2;1;1;A01
201600004978;2;13;0;0;2;1;1;B02
201600004978;1;7;0;0;2;2;5;A01
201600004978;2;7;0;0;2;1;1;C03
201600004979;2;7;0;0;2;6;15;A01
201600004979;2;7;0;0;2;1;1;B02
201600004980;1;7;0;0;1;1;1;A01
201600004981;2;33;0;0;0;0;1;A01
201600004982;2;7;0;0;2;2;1;B02
201600004982;1;30;0;0;2;1;1;A01
201600004983;2;7;0;0;2;2;1;A01
201600004983;1;7;0;0;2;3;19;B02
201600004984;1;7;0;0;2;1;13;A01
201600004984;2;10;0;0;2;1;1;B02
201600004985;1;7;0;6;0;1;1;A01
201600004986;0;30;0;16;0;8;13;A01
201600004987;1;30;0;0;2;1;13;A01
201600004987;2;7;0;0;2;1;1;B02
201600004988;2;7;0;0;2;3;13;A01
201600004988;1;7;0;0;2;1;1;B02
201600004989;0;7;0;0;2;3;1;B02
201600004989;0;7;0;0;2;1;0;A01
201600004990;0;10;0;0;1;2;1;A01
201600004991;1;33;0;15;0;1;1;A01
201600004992;2;7;0;0;2;6;17;A01
201600004992;2;31;0;0;2;7;17;B02
201600004993;1;7;0;13;0;7;14;A01
201600004994;1;33;0;12;2;1;13;A01
201600004994;2;10;0;0;0;6;1;B02
201600004995;1;7;0;0;2;6;1;A01
201600004995;1;33;0;0;2;1;2;B02
201600004995;2;7;0;0;2;3;5;C03
201600004996;2;7;0;0;2;3;13;A01
201600004996;1;7;0;0;2;3;1;B02
201600004997;2;2;0;0;0;6;15;A01
201600004998;0;7;0;0;2;1;19;A01
201600004998;0;7;0;0;2;8;1;B02
201600004999;1;7;0;0;2;3;13;A01
201600004999;2;7;0;0;2;8;1;B02
201600004999;2;7;0;0;2;3;1;C03
201600005000;1;7;0;6;0;1;14;A01
201600005001;1;7;0;0;2;1;1;B02
201600005001;1;7;0;0;0;8;19;A01
201600005002;2;33;0;0;2;7;1;A01
201600005002;2;7;0;0;2;3;19;B02
201600005003;2;7;0;0;2;2;1;A01
201600005003;1;7;0;0;2;3;1;B02
201600005004;0;7;0;6;0;1;1;A01
201600005005;2;7;0;2;0;3;13;A01
201600005006;2;7;0;0;2;1;13;A01
201600005006;1;7;0;0;2;1;1;B02
201600005007;2;7;0;0;2;1;13;A01
201600005007;1;10;0;0;2;1;1;B02
201600005008;1;7;0;8;0;7;0;A01
201600005009;2;33;0;0;2;4;2;A01
201600005009;2;33;0;0;2;1;2;B02
201600005010;1;7;0;6;0;2;15;A01
201600005011;1;7;0;0;2;1;17;A01
201600005011;2;7;0;0;2;1;1;B02
201600005011;2;7;0;0;2;1;1;C03
201600005011;1;7;0;0;2;8;1;D04
201600005012;1;7;0;4;0;1;0;A01
201600005013;1;7;0;0;0;1;0;A01
201600005013;1;7;0;0;0;4;15;B02
201600005014;0;7;0;6;0;1;16;A01
201600005015;1;7;0;6;0;0;0;A01
201600005016;0;7;0;2;0;1;0;A01
201600005017;0;7;0;0;2;1;15;A01
201600005018;0;7;0;0;2;3;1;A01
201600005018;0;7;0;0;2;1;21;B02
201600005019;0;7;0;0;2;9;0;A01