Num_Acc;senc;catv;occutc;obs;obsm;choc;manv;num_veh
201600006213;0;7;0;0;2;2;15;A01
201600006213;0;31;0;1;2;1;1;B01
201600006214;0;7;0;0;1;0;0;A01
201600006215;0;7;0;0;2;2;1;A01
201600006215;0;1;0;0;2;3;1;B01
201600006216;2;10;0;0;1;3;1;A01
201600006217;0;7;0;0;2;3;1;A01
201600006217;0;33;0;0;2;1;1;B01
201600006218;2;7;0;0;2;3;9;Z01
201600006218;1;30;0;0;2;1;1;A01
201600006219;0;7;0;14;0;1;2;A01
201600006219;0;7;0;0;0;4;23;B01
201600006220;0;7;0;9;2;7;1;B01
201600006220;0;7;0;0;2;8;19;A01
201600006221;0;7;0;0;2;1;2;A01
201600006221;0;7;0;0;2;4;15;B01
201600006222;0;7;0;0;1;4;4;A01
201600006223;0;7;0;0;2;2;1;B01
201600006223;0;7;0;5;2;5;21;A01
201600006223;0;1;0;0;0;0;0;Z01
201600006224;0;7;0;0;1;2;1;A01
201600006225;0;7;0;0;1;1;0;A01
201600006226;1;7;0;0;2;7;10;A01
201600006226;2;31;0;0;2;1;1;B01
201600006227;2;7;0;0;1;1;1;A01
201600006228;0;7;0;0;2;7;1;B01
201600006228;0;7;0;0;2;1;19;A01
201600006229;0;2;0;0;2;1;1;B01
201600006229;0;7;0;0;2;2;19;A01
201600006230;0;7;0;0;9;1;15;A01
201600006230;0;1;0;0;0;0;0;B01
201600006231;0;7;0;14;1;1;1;A01
201600006231;0;14;0;0;0;4;23;B01
201600006232;0;7;0;0;1;1;1;A01
201600006233;1;2;0;14;2;1;13;A01
201600006233;2;7;0;0;2;3;21;B01
201600006234;0;2;0;0;2;1;2;A01
201600006234;0;30;0;0;2;6;13;B01
201600006235;1;7;0;0;2;3;9;A01
201600006235;2;31;0;0;2;7;0;B01
201600006236;0;7;0;0;2;3;0;A01
201600006236;0;33;0;0;2;1;0;B01
201600006237;1;33;0;1;0;1;13;A01
201600006238;0;7;0;2;0;1;14;A01
201600006239;0;7;0;0;2;3;15;B01
201600006239;0;31;0;0;2;1;17;A01
201600006240;0;2;0;0;0;0;0;B01
201600006240;0;10;0;0;0;0;0;A01
201600006241;0;33;0;8;0;1;21;A01
201600006241;0;7;0;0;0;0;1;B01
201600006242;1;33;0;0;2;1;17;A01
201600006242;1;7;0;0;2;8;15;B01
201600006243;1;7;0;0;2;4;2;B01
201600006243;1;10;0;0;2;1;2;A01
201600006244;0;7;0;0;2;2;15;A01
201600006244;0;31;0;0;2;1;1;B01
201600006245;0;7;0;0;2;1;1;B01
201600006245;1;7;0;0;0;0;0;Z01
201600006245;0;7;0;0;2;1;21;A01
201600006246;0;7;0;0;0;0;0;Z01
201600006246;0;33;0;0;2;4;2;A01
201600006247;0;7;0;0;2;2;15;A01
201600006247;0;2;0;0;2;1;1;B01
201600006248;0;7;0;0;0;0;0;A01
201600006248;0;7;0;0;0;0;0;B01
201600006249;0;7;0;0;0;0;0;A01
201600006249;0;30;0;0;0;0;0;B01
201600006250;0;7;0;0;1;1;1;A01
201600006251;0;10;0;0;2;5;17;A01
201600006251;0;1;0;0;0;0;0;B01
201600006252;0;7;0;0;2;3;15;A01
201600006252;0;30;0;0;2;1;17;B01
201600006253;0;7;0;0;2;3;15;A01
201600006253;0;31;0;0;2;1;1;B01
201600006254;0;7;0;0;2;3;15;A01
201600006254;0;2;0;0;2;1;17;B01
201600006255;0;32;0;0;1;1;1;A01
201600006256;2;7;0;0;2;3;1;B02
201600006256;1;7;0;0;2;8;13;A01
201600006257;0;7;0;0;2;1;1;B02
201600006257;0;7;0;0;2;7;13;A01
201600006258;2;7;0;2;0;1;1;A01
201600006259;1;7;0;2;0;2;1;A01
201600006260;2;7;0;6;0;1;1;A01
201600006261;1;7;0;2;0;7;1;A01
201600006262;2;7;0;2;0;1;14;A01
201600006263;1;36;0;0;0;3;1;A01
201600006264;1;33;0;6;0;1;2;A01
201600006265;0;7;0;13;0;9;1;A01
201600006266;1;7;0;0;2;3;15;A01
201600006266;2;7;0;0;2;2;1;B02
201600006267;0;7;0;0;1;1;1;A01
201600006268;2;7;0;0;2;1;1;B02
201600006268;2;7;0;0;2;1;1;C03
201600006268;1;21;0;0;0;6;19;A01
201600006269;1;7;0;13;0;2;14;A01
201600006270;2;7;0;15;1;1;16;A01
201600006271;1;14;0;0;2;1;1;A01
201600006271;1;7;0;0;0;4;1;B02
201600006272;0;7;0;13;0;3;1;A01
201600006273;2;7;0;0;2;3;5;A01
201600006273;1;7;0;0;2;2;1;B02
201600006274;0;7;0;0;0;9;1;A01
201600006275;0;7;0;0;9;1;13;A01
201600006276;0;7;0;2;0;3;1;A01
201600006277;0;7;0;2;0;3;13;A01
201600006278;2;7;0;13;0;3;1;A01
201600006279;0;7;0;0;1;2;1;A01
201600006280;1;7;0;0;2;2;1;A01
201600006280;1;1;0;0;2;8;1;B02
201600006281;0;7;0;0;2;1;5;A01
201600006281;0;7;0;0;2;1;1;B02
201600006282;0;7;0;0;2;3;1;B02
201600006282;0;30;0;0;2;8;9;A01
201600006283;1;7;0;13;0;2;1;A01
201600006284;0;7;0;4;0;9;1;A01
201600006285;1;7;0;0;0;1;1;A01
201600006286;1;7;0;0;2;1;1;A01
201600006286;2;7;0;0;2;1;1;B02
201600006287;0;7;0;0;0;0;0;B02
201600006287;2;33;0;6;2;3;21;A01
201600006288;1;7;0;2;0;1;1;A01
201600006289;0;10;0;1;0;1;1;A01
201600006290;1;7;0;2;0;7;1;A01
201600006291;2;7;0;0;2;3;1;C03
201600006291;1;7;0;0;2;6;15;B02
201600006291;2;7;0;0;2;1;1;D04
201600006291;1;7;0;0;2;3;1;A01
201600006292;0;7;0;2;0;2;0;A01
201600006293;0;7;0;0;1;3;13;A01
201600006294;2;7;0;0;2;6;1;B02
201600006294;1;7;0;0;2;7;13;A01
201600006295;1;7;0;0;2;7;9;A01
201600006295;1;7;0;0;2;1;1;B02
201600006296;0;10;0;1;0;6;23;A01
201600006296;1;1;0;1;0;1;2;B02
201600006297;0;7;0;0;2;1;1;A01
201600006297;0;7;0;0;2;4;15;B02
201600006298;1;7;0;0;2;7;19;A01
201600006298;2;7;0;0;2;2;1;B02
201600006299;2;7;0;0;2;1;1;B02
201600006299;1;7;0;0;2;1;5;A01
201600006300;2;1;0;0;2;3;2;A01
201600006300;0;7;0;0;9;2;2;B02
201600006301;1;7;0;0;2;1;1;B02
201600006301;2;7;0;0;2;3;19;A01
201600006302;1;7;0;6;0;8;0;A01
201600006303;1;30;0;2;0;1;1;A01
201600006304;1;21;0;0;2;6;11;A01
201600006304;1;33;0;0;2;2;13;B02
201600006305;1;7;0;3;0;1;1;A01
201600006306;1;7;0;0;5;3;1;A01
201600006306;0;99;0;0;2;7;19;B02
201600006307;1;7;0;0;2;1;2;B02
201600006307;1;20;0;0;2;1;2;A01
201600006307;1;15;0;0;2;4;1;C03
201600006308;2;33;0;11;0;7;1;A01
201600006309;1;7;0;0;6;1;0;A01
201600006310;1;1;0;0;2;8;1;B02
201600006310;2;7;0;0;2;8;13;A01
201600006311;2;7;0;0;2;4;23;A01
201600006311;2;7;0;0;2;1;2;C03
201600006311;2;7;0;0;2;4;23;B02
201600006312;1;15;0;0;2;8;13;C03
201600006312;1;14;0;0;2;1;1;A01
201600006312;1;15;0;0;2;4;1;B02
201600006313;1;7;0;13;0;2;1;A01
201600006314;1;7;0;0;1;3;19;A01
201600006315;2;7;0;0;2;2;13;A01
201600006315;1;7;0;0;2;2;1;B02
201600006316;1;10;0;0;2;1;1;C03
201600006316;2;7;0;0;2;2;21;B02
201600006316;2;7;0;0;0;6;1;A01
201600006317;1;15;0;0;0;7;1;A01
201600006317;0;1;0;0;2;1;0;B02
201600006318;2;1;0;0;0;0;1;A01
201600006319;2;7;0;0;2;9;17;A01
201600006319;2;10;0;0;0;0;17;B02
201600006320;0;10;0;0;1;1;20;A01
201600006321;1;7;0;13;0;2;17;A01
201600006322;0;7;0;0;1;1;1;A01
201600006323;2;7;0;0;2;1;1;B02
201600006323;2;7;0;0;2;8;1;A01
201600006324;1;7;0;0;2;7;17;A01
201600006324;1;7;0;0;2;8;15;B02
201600006325;1;33;0;2;0;1;14;A01
201600006326;0;2;0;13;0;1;0;A01
201600006327;1;7;0;0;6;1;1;A01
201600006328;1;7;0;0;0;1;1;A01
201600006329;2;10;0;0;0;6;1;B02
201600006329;1;15;0;0;0;6;3;A01
201600006330;2;7;0;13;0;2;1;A01
201600006331;1;7;0;0;2;3;0;B02
201600006331;2;7;0;0;2;3;0;A01
201600006332;1;2;0;0;2;8;15;B02
201600006332;1;7;0;0;2;7;17;A01
201600006333;2;7;0;0;2;1;1;B02
201600006333;1;7;0;0;2;1;1;A01
201600006334;2;7;0;0;2;3;1;B02
201600006334;1;3;0;0;2;3;15;A01
201600006335;2;7;0;1;0;2;1;A01
201600006336;2;33;0;16;0;1;1;A01
201600006337;1;7;0;2;0;2;1;A01
201600006338;2;7;0;0;2;2;1;A01
201600006338;1;7;0;0;2;2;1;B02
201600006339;1;33;0;0;0;0;1;A01
201600006340;1;21;0;0;0;8;1;A01
201600006341;2;7;0;0;2;1;1;B02
201600006341;1;7;0;0;2;1;13;A01
201600006342;1;7;0;0;0;0;0;A01
201600006343;2;7;0;2;0;8;14;A01
201600006344;0;10;0;0;2;8;1;A01
201600006344;1;7;0;0;2;1;1;B02
201600006345;2;10;0;0;2;1;1;A01
201600006345;2;17;0;0;0;4;1;B02
201600006346;2;17;0;4;0;2;1;A01
201600006347;1;33;0;0;2;3;17;A01
201600006347;2;17;0;0;2;3;1;B02
201600006348;1;7;0;0;2;8;1;D04
201600006348;2;7;0;0;2;8;1;B02
201600006348;1;7;0;0;2;3;13;A01
201600006348;2;7;0;0;2;3;1;C03
201600006349;1;7;0;0;2;3;15;A01
201600006349;1;2;0;0;2;7;15;B02
201600006350;1;7;0;2;0;7;1;A01
201600006351;1;7;0;0;1;1;1;A01
201600006352;1;10;0;0;1;1;1;A01
201600006353;2;7;0;6;0;1;1;A01
201600006354;2;7;0;2;0;1;1;A01
201600006355;2;7;0;2;0;1;19;A01
201600006356;2;2;0;0;2;7;2;A01
201600006356;2;7;0;0;2;3;2;B02
201600006357;0;7;0;0;2;2;1;A01
201600006357;0;7;0;0;2;3;1;B02
201600006358;2;7;0;0;1;2;17;A01
201600006359;1;7;0;13;0;0;1;A01
201600006360;1;7;0;0;0;1;13;A01
201600006360;2;7;0;0;2;1;0;B02
201600006361;1;7;0;6;0;1;1;A01
201600006362;2;2;0;0;0;8;15;A01
201600006363;2;33;0;0;2;1;13;A01
201600006363;0;3;0;0;2;8;19;B02
201600006364;0;30;0;0;0;0;2;A01
201600006365;0;7;0;0;0;2;13;A01
201600006366;1;7;0;0;1;1;1;A01
201600006367;1;7;0;0;2;3;1;A01
201600006367;2;7;0;0;2;2;15;B02
201600006368;0;7;0;2;0;9;13;A01
201600006369;1;30;0;12;0;1;14;A01
201600006370;1;7;0;16;0;1;13;A01
201600006371;2;7;0;0;2;3;1;A01
201600006371;1;7;0;0;2;3;13;B02
201600006372;1;7;0;8;0;0;14;A01
201600006373;1;7;0;0;1;1;1;A01
201600006374;0;7;0;0;1;3;1;A01
201600006375;2;7;0;0;0;7;1;A01
201600006376;2;7;0;0;2;3;5;A01
201600006376;1;7;0;0;2;3;1;B02
201600006376;1;7;0;0;2;6;1;C03
201600006377;1;33;0;3;0;1;0;A01
201600006378;2;7;0;2;0;3;1;A01
201600006379;2;33;0;8;0;7;1;A01
201600006380;1;7;0;9;0;1;1;A01
201600006381;1;7;0;12;0;1;1;A01
201600006382;1;7;0;3;0;1;18;A01
201600006383;1;7;0;2;0;1;1;A01
201600006384;2;7;0;13;0;2;1;A01
201600006385;1;33;0;0;2;2;2;A01
201600006385;1;10;0;0;2;8;9;B02
201600006385;2;7;0;0;2;8;5;C03
201600006386;2;7;0;0;2;3;15;A01
201600006386;2;7;0;0;2;1;1;B02
201600006387;1;7;0;0;2;3;13;A01
201600006387;2;7;0;0;2;3;1;B02
201600006388;0;7;0;0;1;2;1;A01
201600006389;1;7;0;0;9;8;22;A01
201600006389;1;1;0;1;0;1;1;B02
201600006390;2;1;0;1;2;7;1;A01
201600006390;1;7;0;0;2;3;9;B02
201600006391;1;7;0;16;0;9;1;A01
201600006392;1;7;0;16;0;9;1;A01
201600006393;0;99;0;13;0;0;0;A01
201600006394;1;7;0;6;0;1;1;A01
201600006395;1;10;0;0;5;1;2;A01
201600006396;2;3;0;13;0;1;1;A01
201600006397;1;7;0;0;1;1;1;A01
201600006398;0;7;0;6;1;3;1;A01
201600006399;1;7;0;13;0;1;13;A01
201600006400;0;7;0;0;2;2;16;A01
201600006400;0;7;0;0;2;3;1;B02
201600006401;1;7;0;0;2;2;1;A01
201600006401;1;1;0;0;2;8;1;B02
201600006402;1;33;0;8;0;1;1;A01
201600006403;0;7;0;0;1;3;15;A01
201600006404;1;7;0;0;1;2;21;A01
201600006405;2;7;0;6;0;8;1;A01
201600006406;1;33;0;3;0;8;1;A01
201600006407;1;7;0;0;1;1;1;A01
201600006408;2;7;0;0;6;2;1;A01
201600006409;0;1;0;0;2;1;5;A01
201600006409;0;7;0;0;9;2;1;B02
201600006410;0;17;0;0;9;7;17;A01
201600006410;1;1;0;0;2;8;1;B02
201600006410;1;1;0;0;2;8;1;C03
201600006411;1;7;0;0;2;3;15;A01
201600006411;1;2;0;0;2;8;1;B02
201600006412;1;14;0;0;1;5;23;B02
201600006412;1;15;0;14;0;3;2;A01
201600006413;2;7;0;0;1;2;1;A01
201600006414;1;33;0;3;0;2;1;A01
201600006415;0;7;0;0;1;1;1;A01
201600006416;1;7;0;0;1;2;1;A01
201600006417;2;7;0;0;2;1;19;A01
201600006417;1;33;0;0;2;1;1;B02
201600006418;1;7;0;0;2;7;13;A01
201600006418;2;7;0;0;2;1;1;B02
201600006419;1;7;0;0;2;1;13;A01
201600006419;2;7;0;0;2;1;1;B02
201600006420;0;7;0;0;1;1;20;A01
201600006421;1;7;0;0;2;1;1;A01
201600006421;0;7;0;0;2;3;19;B02
201600006422;2;7;0;0;2;3;18;A01
201600006422;1;7;0;0;2;3;1;B02
201600006422;1;7;0;0;2;1;1;C03
201600006423;2;7;0;0;2;3;11;A01
201600006423;1;7;0;0;2;3;1;B02
201600006423;1;7;0;0;2;9;1;C03
201600006424;2;7;0;0;0;3;19;A01
201600006425;2;7;0;2;0;1;1;A01
201600006426;2;7;0;0;1;2;1;A01
201600006427;2;7;0;0;0;3;15;A01
201600006427;2;7;0;0;2;1;1;B02
201600006428;1;7;0;13;0;2;1;A01
201600006429;1;7;0;0;0;8;15;A01
201600006429;2;31;0;0;0;1;0;B02
201600006430;1;3;0;2;0;1;1;A01
201600006431;1;7;0;0;0;7;15;A01
201600006431;2;30;0;0;2;1;1;B02
201600006432;1;7;0;0;1;1;1;A01
201600006433;1;7;0;0;9;3;1;A01
201600006433;1;1;0;0;2;4;1;B02
201600006434;2;33;0;0;2;1;13;A01
201600006434;1;7;0;0;2;1;1;B02
201600006435;1;2;0;0;2;8;16;A01
201600006435;2;7;0;0;2;2;1;B02
201600006436;2;2;0;15;2;2;17;A01
201600006436;2;7;0;0;2;3;15;B02
201600006437;2;33;0;0;0;0;1;A01
201600006438;0;7;0;8;0;8;1;A01
201600006439;2;7;0;0;1;2;2;A01
201600006440;1;7;0;0;2;3;15;A01
201600006440;2;7;0;0;2;2;1;B02
201600006441;0;7;0;6;0;1;13;A01
201600006442;2;7;0;13;0;1;1;A01
201600006443;0;1;0;0;0;0;16;A01
201600006444;2;31;0;0;2;1;1;B02
201600006444;0;7;0;0;0;8;15;A01
201600006445;1;33;0;0;2;1;17;A01
201600006445;1;7;0;0;2;3;15;B02
201600006446;1;17;0;0;1;5;16;A01
201600006447;0;1;0;0;2;1;1;B02
201600006447;0;7;0;0;2;3;9;A01
201600006448;0;7;0;6;0;1;0;A01
201600006449;1;7;0;0;2;2;15;A01
201600006449;2;7;0;0;2;1;1;B02
201600006450;1;7;0;0;2;3;1;B02
201600006450;2;17;0;0;2;3;13;A01
201600006451;1;7;0;0;1;2;1;A01
201600006452;1;7;0;0;0;9;19;A01
201600006453;1;30;0;0;2;1;17;A01
201600006453;2;7;0;0;2;3;1;B02
201600006454;1;7;0;0;1;2;0;A01
201600006455;1;33;0;2;0;3;1;A01
201600006456;2;33;0;0;2;1;13;A01
201600006456;1;7;0;0;2;3;1;B02
201600006457;1;33;0;2;0;1;1;A01
201600006458;2;7;0;3;0;3;0;A01
201600006459;1;7;0;2;0;1;1;A01
201600006460;1;7;0;0;2;1;13;A01
201600006460;2;7;0;0;2;1;0;B02
201600006461;2;10;0;0;1;1;0;A01
201600006462;0;7;0;0;1;3;1;A01
201600006463;0;7;0;14;1;1;0;A01
201600006464;1;7;0;0;2;2;15;A01
201600006464;2;33;0;0;2;1;1;B02
201600006465;1;7;0;2;0;1;0;A01
201600006466;1;10;0;0;2;2;1;A01
201600006466;1;7;0;0;2;1;19;B02
201600006467;1;1;0;0;2;1;1;B02
201600006467;1;14;0;0;2;5;16;A01
201600006468;1;33;0;0;2;1;17;A01
201600006468;2;7;0;0;2;8;1;B02
201600006468;2;7;0;0;2;1;1;C03
201600006469;2;7;0;0;2;2;15;A01
201600006469;1;1;0;0;2;1;1;B02
201600006470;2;10;0;0;2;1;15;A01
201600006470;1;1;0;0;2;3;1;B02
201600006471;1;7;0;0;2;8;19;A01
201600006471;1;10;0;0;0;2;17;B02
201600006472;2;10;0;0;2;2;15;A01
201600006472;0;31;0;0;2;1;1;B02
201600006473;2;7;0;0;2;8;15;A01
201600006473;1;2;0;0;2;1;1;B02
201600006474;0;7;0;0;1;2;1;A01
201600006475;1;7;0;0;1;1;1;A01
201600006476;2;33;0;10;0;1;1;A01
201600006477;2;7;0;2;0;9;1;A01
201600006478;2;7;0;0;2;5;13;A01
201600006478;1;7;0;0;2;2;2;B02
201600006479;2;7;0;0;2;1;1;A01
201600006479;0;1;0;0;2;8;15;B02
201600006480;1;7;0;0;2;3;1;B02
201600006480;2;7;0;0;2;3;5;A01
201600006480;1;7;0;0;2;8;1;C03
201600006481;0;7;0;0;2;4;2;A01
201600006481;0;7;0;1;0;1;2;B02
201600006482;1;7;0;2;0;7;17;B02
201600006482;1;7;0;0;2;8;13;A01
201600006483;1;7;0;0;2;3;13;A01
201600006483;2;1;0;0;2;1;1;B02
201600006484;0;7;0;0;2;3;1;A01
201600006484;0;1;0;0;2;4;1;B02
201600006485;0;10;0;0;2;3;9;B02
201600006485;0;7;0;0;2;2;19;A01
201600006486;0;7;0;0;1;1;1;A01
201600006487;1;7;0;0;2;3;10;A01
201600006487;1;32;0;0;2;1;13;B02
201600006488;0;7;0;0;2;8;1;B02
201600006488;0;7;0;0;2;1;15;A01
201600006489;0;1;0;0;2;8;19;A01
201600006489;1;7;0;0;9;1;1;B02
201600006490;1;7;0;0;2;3;1;A01
201600006490;1;14;0;0;2;2;15;B02
201600006491;1;7;0;2;0;1;13;A01
201600006492;1;7;0;2;0;1;14;A01
201600006493;1;7;0;0;0;8;13;A01
201600006493;1;33;0;0;2;7;17;B02
201600006494;2;14;0;3;0;8;1;A01
201600006495;0;7;0;0;1;1;1;A01
201600006496;1;33;0;0;2;1;21;B02
201600006496;1;7;0;0;2;6;15;A01
201600006497;2;10;0;0;2;3;15;A01
201600006497;1;1;0;0;2;2;1;B02
201600006498;0;7;0;0;2;1;1;A01
201600006498;0;7;0;0;2;6;15;B02
201600006499;1;7;0;0;9;1;1;A01
201600006499;2;1;0;0;0;5;1;B02
201600006500;0;7;0;0;1;1;20;A01
201600006501;2;7;0;6;0;1;0;A01
201600006502;0;7;0;0;1;3;1;A01
201600006503;0;21;0;0;0;6;1;A01
201600006503;0;99;0;0;0;1;0;B02
201600006504;0;7;0;2;0;3;1;A01
201600006505;0;30;0;1;0;1;1;B02
201600006505;0;7;0;1;0;5;0;A01
201600006506;2;3;0;0;0;4;2;B02
201600006506;2;7;0;0;2;1;2;A01
201600006507;1;10;0;0;2;1;2;A01
201600006507;1;3;0;0;2;4;2;B02
201600006508;0;7;0;2;0;1;2;A01
201600006509;0;1;0;0;2;1;19;B02
201600006509;0;7;0;0;9;2;1;A01
201600006510;1;7;0;2;0;3;1;A01
201600006511;0;32;0;12;0;2;1;A01
201600006512;1;7;0;1;0;2;1;A01
201600006512;1;7;0;0;0;6;24;B02
201600006513;0;1;0;0;0;7;1;B02
201600006513;0;7;0;0;0;3;9;A01
201600006514;0;7;0;2;0;1;1;A01
201600006515;1;7;0;0;0;3;1;A01
201600006516;0;31;0;13;0;1;15;A01
201600006517;1;33;0;0;0;0;1;A01
201600006518;1;31;0;0;2;0;17;A01
201600006518;1;7;0;0;0;0;15;B02
201600006519;1;36;0;0;0;0;1;A01
201600006520;0;7;0;0;1;3;1;A01
201600006521;0;32;0;0;2;2;2;B02
201600006521;0;7;0;0;2;4;2;A01
201600006522;1;10;0;0;1;1;16;A01
201600006523;0;7;0;0;2;8;15;A01
201600006523;0;2;0;0;2;1;19;B02
201600006524;0;2;0;0;0;6;1;B02
201600006524;0;7;0;0;2;2;17;A01
201600006525;0;34;0;0;0;8;1;B02
201600006525;0;7;0;0;2;1;1;A01
201600006526;0;7;0;0;2;8;0;A01
201600006526;0;7;0;0;2;1;0;B02
201600006527;0;10;0;0;2;3;15;A01
201600006527;0;33;0;0;2;2;17;B02
201600006528;0;10;0;0;1;5;1;A01
201600006529;2;7;0;0;2;3;1;B02
201600006529;1;7;0;0;2;1;13;A01
201600006530;2;7;0;0;1;2;1;A01
201600006531;2;7;0;0;1;2;1;A01
201600006532;0;1;0;0;2;7;1;A01
201600006532;2;1;0;0;2;5;1;B02
201600006532;0;7;0;0;2;1;19;C03
201600006533;0;7;0;0;1;3;1;A01
201600006534;0;7;0;6;0;9;1;A01
201600006535;0;7;0;0;2;8;10;A01
201600006535;0;2;0;0;2;1;1;B02
201600006536;0;7;0;0;2;1;9;A01
201600006536;0;1;0;0;2;1;0;B02
201600006537;0;7;0;1;0;1;1;A01
201600006538;0;7;0;0;2;3;15;A01
201600006538;0;33;0;0;2;3;15;B02
201600006539;0;1;0;0;1;1;1;A01
201600006540;2;1;0;0;2;1;1;B02
201600006540;1;14;0;0;9;1;11;A01
201600006541;1;7;0;2;0;7;1;A01
201600006542;0;7;0;0;2;3;16;A01
201600006542;0;99;0;0;2;7;9;B02
201600006543;0;1;0;0;0;0;0;A01
201600006543;0;7;0;0;0;0;13;B02
201600006544;0;7;0;0;2;3;1;B02
201600006544;0;7;0;0;2;3;1;A01
201600006545;2;7;0;0;2;3;19;B02
201600006545;1;2;0;0;2;1;1;A01
201600006546;1;33;0;13;0;1;1;A01
201600006547;1;33;0;0;0;1;1;A01
201600006547;2;7;0;0;0;1;1;B02
201600006548;2;7;0;0;0;1;1;A01
201600006549;0;7;0;0;0;0;15;A01
201600006549;0;30;0;0;0;0;1;B02
201600006550;1;7;0;0;2;3;1;A01
201600006551;2;33;0;0;2;1;2;A01
201600006551;2;7;0;0;2;5;2;B02
201600006552;1;30;0;0;2;1;1;A01
201600006552;2;7;0;0;2;7;15;B02
201600006553;0;30;0;0;0;8;15;A01
201600006554;0;33;0;0;0;0;1;A01
201600006555;0;7;0;0;0;4;19;B02
201600006555;0;7;0;0;2;1;17;A01
201600006556;1;10;0;9;0;3;13;A01
201600006557;2;7;0;0;2;3;17;A01
201600006557;1;31;0;0;2;1;1;B02
201600006558;0;33;0;0;2;1;1;B02
201600006558;0;1;0;0;2;7;19;A01
201600006559;2;7;0;2;0;1;14;A01
201600006560;2;7;0;0;2;4;23;B02
201600006560;2;7;0;0;2;4;23;D04
201600006560;2;10;0;0;2;1;2;A01
201600006560;2;7;0;0;2;4;23;C03
201600006561;0;10;0;0;0;1;17;A01
201600006561;0;10;0;0;0;1;1;B02
201600006562;1;1;0;0;2;8;1;B02
201600006562;1;10;0;0;2;7;17;A01
201600006563;1;10;0;0;2;2;1;A01
201600006563;1;7;0;0;2;5;23;B02
201600006564;0;33;0;0;2;1;13;A01
201600006564;0;7;0;0;2;3;1;B02
201600006565;0;7;0;0;0;1;2;A01
201600006565;0;33;0;0;0;4;2;B02
201600006566;1;7;0;0;2;3;15;A01
201600006566;2;33;0;0;2;2;1;B02
201600006567;1;7;0;0;2;1;13;B02
201600006567;2;14;0;0;2;1;1;A01
201600006568;2;7;0;0;2;3;1;B02
201600006568;1;7;0;0;2;3;13;A01
201600006569;0;7;0;0;2;8;19;A01
201600006569;0;7;0;0;2;1;1;B02
201600006570;0;7;0;0;2;2;1;B02
201600006570;2;7;0;0;2;7;13;A01
201600006571;0;30;0;12;0;7;15;A01
201600006572;2;7;0;0;2;1;1;B02
201600006572;1;7;0;0;2;1;13;A01
201600006573;1;7;0;0;2;3;15;A01
201600006573;1;7;0;0;2;2;1;B02
201600006574;1;7;0;0;1;0;2;A01
201600006575;0;1;0;0;0;1;5;B02
201600006575;0;7;0;0;0;2;16;A01
201600006576;0;7;0;0;2;8;15;A01
201600006576;0;31;0;0;2;3;1;B02
201600006577;0;7;0;0;2;3;6;A01
201600006577;0;7;0;0;2;3;1;B02
201600006578;1;30;0;0;2;3;13;A01
201600006578;2;10;0;0;2;3;1;B02
201600006579;1;7;0;0;2;1;1;A01
201600006579;0;33;0;0;2;8;19;B02
201600006580;0;7;0;13;0;9;14;A01
201600006581;1;7;0;2;0;2;13;A01
201600006582;0;33;0;0;2;3;17;A01
201600006582;0;7;0;0;2;8;2;B02
201600006582;0;7;0;0;2;3;16;C03
201600006583;0;7;0;0;2;3;5;B02
201600006583;0;7;0;0;2;3;1;A01
201600006584;2;17;0;0;2;3;1;A01
201600006584;1;10;0;15;2;1;1;B02
201600006585;0;7;0;2;0;1;1;A01
201600006586;0;7;0;2;0;3;1;A01
201600006587;0;7;0;0;2;3;15;B02
201600006587;0;30;0;0;2;1;1;A01
201600006588;2;7;0;0;2;1;1;B02
201600006588;1;7;0;0;2;3;1;A01
201600006589;1;7;0;0;0;8;15;B02
201600006589;1;33;0;0;2;1;17;A01
201600006590;0;30;0;12;0;2;0;A01
201600006591;0;1;0;0;2;0;2;B02
201600006591;0;31;0;0;0;4;2;A01
201600006592;0;1;0;0;2;7;19;B02
201600006592;0;33;0;0;2;1;16;A01
201600006593;1;7;0;0;2;1;13;A01
201600006593;2;7;0;0;2;1;1;B02
201600006594;1;13;0;0;2;2;0;B02
201600006594;2;7;0;0;2;2;13;A01
201600006594;2;7;0;0;2;1;0;C03
201600006595;0;10;0;0;2;2;1;A01
201600006595;0;7;0;0;2;3;1;B02
201600006596;0;33;0;2;0;1;1;A01
201600006597;1;33;0;0;0;8;15;B02
201600006597;2;7;0;0;2;3;1;A01
201600006598;2;7;0;0;2;2;1;A01
201600006598;2;10;0;0;2;2;19;B02
201600006599;2;1;0;1;0;1;14;A01
201600006600;2;30;0;1;0;1;1;A01
201600006600;2;30;0;14;0;7;21;C03
201600006601;0;7;0;0;1;1;1;A01
201600006602;1;1;0;0;2;1;1;A01
201600006602;2;1;0;0;2;1;13;B02
201600006603;2;7;0;0;1;2;1;A01
201600006604;1;7;0;0;2;1;1;A01
201600006604;2;7;0;0;2;8;19;B02
201600006605;2;7;0;0;2;3;1;A01
201600006605;1;30;0;0;2;3;5;B02
201600006606;1;33;0;0;9;1;1;A01
201600006607;1;1;0;0;0;4;1;B02
201600006607;1;7;0;0;0;2;2;A01
201600006608;0;10;0;0;2;2;15;A01
201600006608;0;33;0;0;2;7;1;B02
201600006609;0;7;0;0;1;2;16;A01
201600006610;0;10;0;13;0;9;1;A01
201600006611;0;33;0;0;2;1;1;A01