Num_Acc;senc;catv;occutc;obs;obsm;choc;manv;num_veh
201600007404;2;1;0;0;0;1;1;B02
201600007405;0;36;0;8;0;1;15;A01
201600007406;1;7;0;0;2;1;21;A01
201600007406;2;7;0;0;2;1;0;B02
201600007407;1;7;0;3;0;9;13;A01
201600007408;1;7;0;8;0;1;13;A01
201600007409;2;7;0;0;2;3;13;A01
201600007409;1;7;0;0;2;3;1;B02
201600007409;1;7;0;0;2;1;21;C03
201600007410;2;7;0;0;2;1;19;A01
201600007410;1;7;0;0;2;1;1;B02
201600007411;1;7;0;0;1;0;1;A01
201600007412;2;7;0;0;2;3;13;A01
201600007412;1;7;0;0;2;3;1;B02
201600007413;2;7;0;0;2;2;15;A01
201600007413;2;7;0;0;2;3;1;B02
201600007414;1;7;0;8;0;7;1;A01
201600007415;1;7;0;0;2;2;2;A01
201600007415;1;7;0;0;2;3;10;B02
201600007416;0;7;0;0;1;3;1;A01
201600007417;0;10;0;0;1;2;16;A01
201600007418;2;7;0;0;0;9;1;A01
201600007419;2;7;0;6;0;1;5;A01
201600007420;2;7;0;13;0;7;1;A01
201600007421;1;7;0;0;2;7;17;A01
201600007421;2;7;0;0;2;1;1;B02
201600007422;1;7;0;1;2;2;13;A01
201600007422;2;7;0;0;2;2;1;B02
201600007423;2;33;0;13;0;1;1;A01
201600007424;2;10;0;0;2;2;1;A01
201600007424;1;7;0;0;2;2;1;B02
201600007425;1;33;0;0;2;4;17;A01
201600007425;1;21;0;0;2;3;15;B02
201600007426;1;7;0;0;2;3;1;A01
201600007426;1;7;0;0;2;2;19;B02
201600007427;2;30;0;0;0;0;21;A01
201600007428;1;10;0;0;0;9;13;A01
201600007428;2;10;0;0;0;0;1;B02
201600007428;2;10;0;0;0;6;0;C03
201600007428;2;13;0;0;0;8;0;D04
201600007428;2;15;0;0;0;2;0;E05
201600007429;1;7;0;6;0;1;1;A01
201600007430;2;7;0;1;0;1;1;A01
201600007431;1;7;0;13;0;2;1;A01
201600007432;1;7;0;14;0;1;14;A01
201600007433;1;7;0;13;0;1;1;A01
201600007434;1;7;0;0;1;1;1;A01
201600007435;1;14;0;0;2;3;13;A01
201600007435;2;7;0;0;2;3;1;B02
201600007436;1;2;0;0;2;3;13;A01
201600007436;2;7;0;0;2;3;1;B02
201600007437;1;7;0;0;2;1;2;A01
201600007437;1;16;0;0;0;0;0;B02
201600007437;1;99;0;0;0;5;0;C03
201600007437;1;7;0;14;0;1;0;D04
201600007437;1;7;0;14;0;3;2;E05
201600007438;2;16;0;14;0;2;0;A01
201600007438;2;10;0;0;0;6;23;C03
201600007439;1;7;0;0;0;9;1;A01
201600007440;1;7;0;4;0;2;1;A01
201600007441;1;7;0;0;0;2;0;A01
201600007441;1;7;0;0;0;4;0;B02
201600007442;2;7;0;4;0;1;1;A01
201600007443;1;7;0;0;2;1;2;A01
201600007443;1;7;0;0;2;4;2;B02
201600007443;1;7;0;1;0;1;21;C03
201600007444;2;10;0;0;2;2;2;A01
201600007444;2;10;0;0;2;4;2;B02
201600007445;2;7;0;5;0;1;23;A01
201600007445;2;7;0;14;1;3;1;C03
201600007445;2;7;0;0;2;3;1;B02
201600007446;2;10;0;0;2;2;17;A01
201600007446;2;7;0;0;0;6;1;B02
201600007447;1;7;0;13;0;2;14;A01
201600007448;1;7;0;0;0;1;15;A01
201600007448;2;7;0;0;0;7;1;B02
201600007449;1;7;0;3;0;2;1;A01
201600007450;1;7;0;7;0;1;1;A01
201600007451;1;10;0;1;0;2;1;A01
201600007451;1;15;0;0;2;6;23;B02
201600007452;2;7;0;3;0;3;1;A01
201600007453;1;15;0;16;0;1;1;A01
201600007454;2;7;0;3;0;1;1;A01
201600007455;1;33;0;0;0;0;1;A01
201600007456;1;7;0;0;0;9;1;A01
201600007457;2;7;0;13;0;9;1;A01
201600007458;1;7;0;0;2;2;3;A01
201600007458;1;7;0;0;2;6;1;B02
201600007459;2;7;0;0;1;2;1;A01
201600007460;1;33;0;0;2;1;2;A01
201600007460;1;3;0;0;2;5;15;B02
201600007461;0;7;0;0;2;1;13;A01
201600007461;0;31;0;0;2;1;1;B02
201600007462;1;7;0;0;2;1;1;A01
201600007462;1;7;0;0;2;4;6;B02
201600007463;1;7;0;0;2;7;13;A01
201600007463;2;7;0;0;2;1;1;B02
201600007464;2;7;0;0;2;1;13;A01
201600007464;2;7;0;0;2;3;1;B02
201600007465;1;33;0;0;2;2;5;A01
201600007465;2;7;0;0;2;2;1;B02
201600007466;2;7;0;0;0;6;11;A01
201600007466;2;33;0;0;2;1;17;B02
201600007467;0;7;0;0;2;1;2;A01
201600007467;0;7;0;0;2;4;2;B02
201600007468;0;7;0;16;0;9;1;A01
201600007469;1;7;0;0;0;4;2;A01
201600007469;1;7;0;0;2;1;2;B02
201600007470;0;7;0;0;2;3;13;A01
201600007470;0;31;0;0;2;1;1;B02
201600007471;2;7;0;0;2;7;13;A01
201600007471;1;7;0;0;2;1;1;B02
201600007472;2;7;0;0;2;3;5;A01
201600007472;1;7;0;0;2;3;0;B02
201600007472;1;7;0;0;2;8;0;C03
201600007473;2;33;0;14;0;8;1;A01
201600007474;0;33;0;0;2;1;2;A01
201600007474;0;7;0;0;2;8;15;B02
201600007475;0;33;0;0;0;0;1;A01
201600007476;1;7;0;0;0;1;1;A01
201600007477;2;30;0;0;0;8;1;A01
201600007478;1;7;0;2;0;1;1;A01
201600007479;2;7;0;0;2;1;1;A01
201600007479;1;13;0;0;2;8;1;B02
201600007479;1;7;0;0;2;1;1;C03
201600007480;1;7;0;2;0;3;13;A01
201600007481;2;7;0;7;0;3;1;A01
201600007482;0;7;0;0;1;4;20;A01
201600007483;1;7;0;0;2;1;19;A01
201600007483;2;7;0;0;2;1;1;B02
201600007484;1;7;0;0;2;7;1;A01
201600007484;1;15;0;0;2;3;15;B02
201600007485;0;7;0;0;0;7;1;A01
201600007485;0;7;0;0;0;1;1;B02
201600007486;0;7;0;0;2;1;1;B02
201600007486;0;7;0;0;2;3;19;A01
201600007487;2;7;0;0;2;3;1;A01
201600007487;2;10;0;0;0;0;12;B02
201600007487;1;17;0;0;2;8;1;C03
201600007488;1;33;0;16;0;0;1;A01
201600007489;1;33;0;0;0;0;21;A01
201600007489;0;7;0;0;0;0;0;B02
201600007490;2;1;0;0;2;7;15;A01
201600007490;2;7;0;0;2;1;1;B02
201600007491;1;7;0;0;2;1;11;A01
201600007491;2;7;0;3;2;1;1;B02
201600007492;0;7;0;0;2;3;1;A01
201600007492;0;10;0;0;2;3;1;B02
201600007493;1;2;0;0;2;8;19;A01
201600007493;2;10;0;0;2;3;21;B02
201600007494;1;7;0;0;2;1;1;A01
201600007494;2;7;0;0;2;4;13;B02
201600007495;2;7;0;0;2;1;19;A01
201600007495;1;7;0;0;2;6;1;B02
201600007496;1;7;0;0;2;2;17;A01
201600007496;1;7;0;0;2;3;15;B02
201600007497;1;7;0;2;0;1;1;A01
201600007498;1;7;0;0;2;5;17;A01
201600007498;1;10;0;0;2;3;1;B02
201600007499;1;7;0;0;1;2;1;A01
201600007500;1;33;0;0;6;2;21;A01
201600007501;2;14;0;0;0;1;1;A01
201600007502;0;7;0;0;2;1;1;A01
201600007502;0;7;0;0;0;0;0;B02
201600007503;2;33;0;0;2;8;1;A01
201600007503;0;7;0;0;2;8;23;B02
201600007503;0;7;0;0;2;1;0;C03
201600007504;2;33;0;13;0;1;1;A01
201600007505;0;21;0;0;2;0;0;A01
201600007505;0;7;0;0;2;3;0;B02
201600007506;2;7;0;0;2;1;17;A01
201600007506;1;10;0;0;2;3;1;B02
201600007506;2;38;1;0;2;8;1;C03
201600007507;1;7;0;2;0;1;1;A01
201600007508;1;7;0;8;0;1;1;A01
201600007509;2;7;0;2;0;8;1;A01
201600007510;2;7;0;0;0;8;10;A01
201600007510;2;31;0;0;2;1;21;B02
201600007511;1;33;0;14;0;1;1;A01
201600007512;1;7;0;0;2;2;17;A01
201600007512;1;7;0;0;2;3;15;B02
201600007513;0;7;0;0;2;7;15;A01
201600007513;0;7;0;0;2;1;1;B02
201600007514;1;30;0;0;2;8;15;A01
201600007514;2;7;0;0;0;2;1;B02
201600007515;1;10;0;16;2;7;13;A01
201600007515;2;7;0;16;2;3;1;B02
201600007516;1;7;0;0;2;5;17;A01
201600007516;1;36;0;0;2;8;15;B02
201600007516;1;36;0;0;2;1;23;C03
201600007517;0;7;0;0;1;1;1;A01
201600007518;1;14;0;0;2;2;1;A01
201600007518;0;7;0;0;9;0;1;B02
201600007518;2;38;8;0;2;2;9;C03
201600007519;1;7;0;2;0;1;1;A01
201600007520;2;7;0;0;2;1;13;A01
201600007520;1;7;0;0;2;3;1;B02
201600007521;2;10;0;0;2;1;1;A01
201600007521;1;7;0;0;2;1;1;B02
201600007522;0;7;0;0;2;1;1;A01
201600007522;0;7;0;0;2;8;19;B02
201600007523;0;7;0;0;2;1;19;A01
201600007523;0;33;0;0;2;7;1;B02
201600007524;0;7;0;0;2;1;9;A01
201600007524;0;7;0;0;2;7;1;B02
201600007525;2;7;0;0;2;3;6;A01
201600007525;1;10;0;0;2;1;1;B02
201600007526;1;37;1;0;0;6;23;A01
201600007526;1;7;0;0;2;2;2;B02
201600007527;1;7;0;0;2;3;13;A01
201600007527;2;7;0;0;2;3;1;B02
201600007528;1;7;0;0;2;3;1;A01
201600007528;2;33;0;0;2;1;13;B02
201600007529;1;7;0;15;0;9;1;A01
201600007530;0;7;0;0;1;2;1;A01
201600007531;1;7;0;9;0;1;17;A01
201600007532;1;7;0;0;2;1;1;A01
201600007532;1;7;0;0;2;4;23;B02
201600007532;1;7;0;0;2;4;23;C03
201600007533;0;7;0;0;2;3;9;A01
201600007533;0;31;0;0;2;1;9;B02
201600007534;2;7;0;0;1;3;1;A01
201600007534;1;7;0;0;2;2;1;B02
201600007535;0;7;0;0;0;6;1;A01
201600007535;0;7;0;0;0;2;11;B02
201600007536;0;7;0;0;2;2;1;A01
201600007536;0;7;0;0;2;3;1;B02
201600007537;1;7;0;2;0;3;13;A01
201600007538;1;30;0;0;2;8;19;B02
201600007538;1;17;0;0;2;2;1;A01
201600007539;0;7;0;0;2;1;1;A01
201600007539;1;1;0;0;2;8;15;B02
201600007540;2;17;0;0;2;1;2;A01
201600007540;2;7;0;0;2;4;2;B02
201600007540;2;7;0;0;2;4;2;C03
201600007541;1;7;0;0;0;2;15;A01
201600007541;2;33;0;0;0;1;1;B02
201600007542;0;7;0;6;0;8;1;A01
201600007543;2;10;0;0;2;1;13;A01
201600007543;1;7;0;0;2;1;1;B02
201600007544;0;7;0;0;2;1;19;A01
201600007544;0;7;0;0;2;8;1;B02
201600007545;2;10;0;0;2;1;9;A01
201600007545;2;7;0;0;2;3;1;B02
201600007546;2;7;0;0;0;6;1;A01
201600007546;1;7;0;0;2;1;19;B02
201600007547;2;15;0;0;2;3;1;A01
201600007547;1;7;0;0;2;8;1;B02
201600007548;2;33;0;0;0;0;1;A01
201600007549;0;7;0;0;0;3;1;A01
201600007549;0;14;0;1;0;5;1;B02
201600007550;1;7;0;0;2;1;2;A01
201600007550;1;3;0;0;0;4;1;B02
201600007551;0;33;0;1;0;1;13;A01
201600007552;2;7;0;0;2;2;1;A01
201600007552;1;7;0;0;2;3;19;B02
201600007553;1;33;0;3;0;2;15;A01
201600007554;1;7;0;0;2;1;1;A01
201600007554;2;7;0;0;2;1;23;B02
201600007555;1;7;0;13;0;9;14;A01
201600007556;1;7;0;0;2;1;13;A01
201600007556;2;10;0;0;2;8;1;B02
201600007556;2;33;0;0;2;1;1;C03
201600007556;1;10;0;0;2;4;1;D04
201600007556;1;7;0;0;2;1;1;E05
201600007556;1;7;0;0;2;4;1;F06
201600007557;1;1;0;0;2;4;2;B02
201600007557;1;10;0;0;9;1;2;A01
201600007558;1;7;0;2;0;9;1;A01
201600007559;2;7;0;2;0;1;13;A01
201600007560;1;7;0;0;2;1;13;A01
201600007560;2;7;0;0;2;3;1;B02
201600007561;1;7;0;0;0;1;1;A01
201600007562;2;33;0;13;0;1;1;A01
201600007563;2;17;0;0;2;3;15;A01
201600007563;2;31;0;0;2;1;17;B02
201600007564;0;7;0;6;0;1;1;A01
201600007565;1;33;0;3;0;1;1;A01
201600007566;1;7;0;0;1;1;1;A01
201600007567;1;7;0;0;1;1;2;A01
201600007568;1;7;0;2;0;1;1;A01
201600007569;2;7;0;0;2;1;15;A01
201600007569;1;7;0;0;2;3;1;B02
201600007570;1;7;0;16;0;1;13;A01
201600007571;2;10;0;0;5;3;1;A01
201600007571;1;7;0;0;2;1;1;B02
201600007572;2;33;0;0;2;1;13;A01
201600007572;1;7;0;0;2;3;1;B02
201600007573;1;33;0;0;0;0;1;A01
201600007574;2;7;0;0;2;1;1;B02
201600007574;2;31;0;0;2;1;13;A01
201600007575;2;31;0;0;2;1;5;A01
201600007575;1;7;0;0;2;2;1;B02
201600007576;1;36;0;8;0;2;1;A01
201600007577;0;39;1;0;1;1;0;A01
201600007578;2;7;0;0;1;5;14;A01
201600007579;1;33;0;16;0;8;16;A01
201600007580;1;10;0;0;1;2;2;A01
201600007581;2;7;0;13;0;3;1;A01
201600007582;0;7;0;0;0;6;1;A01
201600007582;0;2;0;0;2;1;2;B02
201600007583;0;7;0;0;1;2;1;A01
201600007584;0;30;0;0;0;0;1;A01
201600007585;2;7;0;0;2;3;1;A01
201600007585;1;2;0;0;2;1;13;B02
201600007586;0;7;0;2;0;1;1;A01
201600007587;2;7;0;0;1;1;1;A01
201600007588;2;7;0;0;2;3;1;A01
201600007588;1;7;0;0;2;3;0;B02
201600007589;1;7;0;0;6;1;13;A01
201600007589;2;7;0;0;2;1;1;B02
201600007590;2;33;0;13;0;9;1;A01
201600007591;2;7;0;0;2;3;15;A01
201600007591;2;33;0;0;2;7;17;B02
201600007592;1;7;0;0;2;1;13;A01
201600007592;2;7;0;0;2;3;1;B02
201600007593;1;7;0;2;0;7;1;A01
201600007594;1;30;0;0;2;1;11;A01
201600007594;2;7;0;0;2;1;1;B02
201600007595;1;7;0;0;2;2;15;A01
201600007595;2;7;0;0;2;2;1;B02
201600007596;0;7;0;14;1;3;0;A01
201600007597;1;7;0;13;0;2;1;A01
201600007598;1;30;0;0;2;3;1;A01
201600007598;2;7;0;0;2;3;1;B02
201600007599;2;7;0;0;2;1;1;C03
201600007599;2;10;0;0;2;1;1;B02
201600007599;1;7;0;0;2;1;13;A01
201600007600;2;7;0;2;0;9;1;A01
201600007601;0;7;0;0;0;9;14;A01
201600007602;1;31;0;0;2;1;0;B02
201600007602;1;30;0;0;2;4;0;A01
201600007603;1;2;0;0;2;1;5;A01
201600007603;2;7;0;0;2;1;1;B02
201600007604;1;31;0;3;0;7;1;A01
201600007605;1;7;0;0;2;3;15;A01
201600007605;1;7;0;0;2;2;1;B02
201600007606;2;7;0;6;0;1;1;A01
201600007607;1;7;0;8;2;1;13;A01
201600007607;2;7;0;0;2;1;1;B02
201600007608;1;7;0;2;0;7;1;A01
201600007609;2;7;0;0;2;1;1;A01
201600007609;1;7;0;0;2;1;1;B02
201600007610;2;7;0;8;0;1;1;A01
201600007611;1;7;0;0;2;2;1;A01
201600007611;2;1;0;0;2;1;1;B02
201600007612;2;7;0;0;0;3;15;A01
201600007612;1;33;0;0;2;1;1;B02
201600007613;2;7;0;0;0;9;13;A01
201600007614;1;7;0;0;2;2;15;A01
201600007614;2;1;0;0;2;1;1;B02
201600007615;1;33;0;0;2;1;1;A01
201600007615;0;7;0;0;2;3;15;B02
201600007616;1;10;0;2;0;3;1;A01
201600007617;1;7;0;0;2;3;1;B02
201600007617;2;10;0;0;2;1;17;A01
201600007618;2;7;0;0;0;2;1;A01
201600007619;1;7;0;0;2;1;13;A01
201600007619;2;10;0;0;2;1;1;B02
201600007620;1;7;0;2;0;1;13;A01
201600007621;1;36;0;2;0;1;1;A01
201600007622;1;10;0;0;2;6;19;A01
201600007622;2;31;0;0;2;1;1;B02
201600007623;1;7;0;2;0;9;1;A01
201600007624;0;21;0;0;1;5;0;A01
201600007625;1;7;0;0;2;1;1;B02
201600007625;2;21;0;0;2;7;1;A01
201600007626;1;7;0;0;0;9;1;A01
201600007627;1;7;0;0;2;3;13;A01
201600007627;2;7;0;0;2;3;1;B02
201600007628;2;7;0;0;2;1;13;A01
201600007628;1;7;0;0;2;1;1;B02
201600007628;1;7;0;0;2;3;1;C03
201600007628;2;7;0;13;0;0;1;D04
201600007629;2;7;0;0;2;1;13;A01
201600007629;1;7;0;0;2;1;1;B02
201600007629;2;7;0;0;2;1;0;D04
201600007629;1;7;0;0;2;2;1;C03
201600007630;2;7;0;2;0;3;19;A01
201600007631;1;7;0;0;2;1;1;A01
201600007631;2;7;0;0;2;1;0;B02
201600007632;2;7;0;0;2;1;0;B02
201600007632;1;7;0;0;2;1;0;A01
201600007633;1;7;0;0;2;1;13;A01
201600007633;2;7;0;0;2;3;1;B02
201600007633;2;7;0;13;0;1;21;C03
201600007634;0;10;0;14;0;1;17;A01
201600007635;1;33;0;0;2;1;1;A01
201600007635;1;7;0;0;0;6;1;B02
201600007635;2;7;0;0;2;3;1;C03
201600007636;2;7;0;0;2;3;15;A01
201600007636;2;33;0;0;2;2;17;B02
201600007637;2;7;0;0;2;1;2;A01
201600007637;2;7;0;0;2;9;2;B02
201600007637;2;7;0;0;2;4;2;C03
201600007638;1;31;0;0;2;1;1;A01
201600007638;1;7;0;0;2;3;10;B02
201600007639;1;7;0;0;2;1;11;A01
201600007639;2;7;0;0;2;3;1;B02
201600007639;2;7;0;0;2;3;1;C03
201600007640;1;33;0;7;0;1;16;A01
201600007641;2;33;0;0;0;4;1;A01
201600007641;2;7;0;0;0;1;2;B02
201600007642;1;30;0;0;0;2;1;A01
201600007643;0;33;0;0;0;0;0;A01
201600007644;1;33;0;0;0;1;17;A01
201600007645;1;33;0;0;2;1;2;A01
201600007646;1;7;0;2;0;0;17;A01
201600007647;2;33;0;16;0;0;17;A01
201600007648;1;7;0;0;1;2;0;A01
201600007649;2;36;0;2;0;2;1;A01
201600007650;1;7;0;0;2;3;15;A01
201600007650;2;7;0;0;2;1;1;B02
201600007651;1;1;0;0;2;8;1;A01
201600007651;1;7;0;0;2;7;17;B02
201600007652;2;33;0;13;0;1;1;A01
201600007653;2;33;0;0;2;8;18;A01
201600007653;2;7;0;0;2;2;16;B02
201600007654;1;7;0;0;1;1;1;A01
201600007655;2;33;0;0;2;1;17;A01
201600007655;1;7;0;0;2;3;15;B02
201600007656;0;7;0;0;1;2;1;A01
201600007657;1;7;0;0;2;6;13;A01
201600007657;2;7;0;0;2;1;1;B02
201600007658;1;7;0;0;2;1;13;A01
201600007658;2;7;0;0;2;8;1;B02
201600007658;2;7;0;0;2;8;1;C03
201600007659;2;7;0;0;2;0;1;A01
201600007659;1;7;0;0;2;1;1;B02
201600007659;2;7;0;0;2;1;1;C03
201600007659;2;7;0;0;2;1;1;D04
201600007660;2;7;0;0;2;5;1;A01
201600007660;1;10;0;0;2;1;1;B02
201600007661;1;7;0;0;2;1;1;A01
201600007661;2;7;0;0;2;1;13;B02
201600007662;2;7;0;0;1;2;1;A01
201600007663;2;7;0;0;2;7;1;A01
201600007663;2;1;0;0;2;0;19;B01
201600007664;1;7;0;0;2;8;10;A01
201600007664;1;7;0;0;2;1;1;B01
201600007665;1;30;0;1;0;0;21;A01
201600007666;0;7;0;0;2;0;9;A01
201600007666;0;1;0;0;2;0;0;B01
201600007667;2;7;0;2;0;1;13;A01
201600007668;1;1;0;0;2;1;1;B01
201600007668;1;10;0;0;2;2;19;A01
201600007669;1;7;0;0;2;7;2;A01
201600007669;1;10;0;8;2;1;2;B01
201600007670;1;33;0;0;0;0;2;A01
201600007671;1;3;0;0;1;2;1;A01
201600007672;0;33;0;0;2;2;0;B01
201600007672;0;7;0;0;2;6;9;A01
201600007673;1;7;0;0;1;1;1;A01
201600007674;1;7;0;0;2;5;11;A01
201600007674;2;7;0;0;2;1;5;C01
201600007674;2;31;0;0;2;1;1;B01
201600007675;1;2;0;0;2;1;1;A01
201600007675;2;2;0;0;2;1;1;B02
201600007676;1;7;0;6;0;3;1;A01
201600007677;2;7;0;0;2;3;19;A01
201600007677;1;7;0;0;2;1;1;B02
201600007678;1;10;0;0;2;2;1;B02
201600007678;2;15;0;0;2;6;19;A01
201600007679;2;7;0;16;0;1;1;A01
201600007680;1;7;0;0;0;9;13;A01
201600007681;1;33;0;6;0;7;0;A01
201600007682;2;7;0;13;0;1;13;A01
201600007683;2;33;0;0;2;1;1;B01
201600007683;2;10;0;0;2;3;19;A02
201600007684;2;10;0;0;2;7;19;A01
201600007684;1;7;0;0;2;1;1;B02
201600007685;1;7;0;0;0;3;13;A01
201600007685;2;7;0;0;0;3;1;B02
201600007686;2;7;0;0;0;1;1;B02
201600007686;1;21;0;0;0;6;19;A01
201600007687;1;7;0;0;2;8;15;A01
201600007687;2;7;0;0;2;1;1;B02
201600007688;1;7;0;0;2;1;17;A01
201600007688;1;7;0;0;2;8;15;B02
201600007689;2;7;0;2;0;7;14;A01
201600007690;1;36;0;0;2;1;1;B02
201600007690;2;7;0;0;2;7;15;A01
201600007691;2;2;0;6;0;1;1;A01
201600007692;0;7;0;0;1;7;15;A01
201600007693;1;7;0;0;2;1;1;B02
201600007693;1;7;0;0;2;2;19;A01
201600007694;1;7;0;0;2;1;13;A01
201600007694;2;7;0;0;2;1;1;B02
201600007695;1;7;0;13;0;9;13;A01
201600007696;2;7;0;13;0;3;13;A01
201600007697;1;7;0;2;0;1;13;A01
201600007698;2;7;0;0;2;7;1;A01
201600007698;1;2;0;0;2;1;1;B02
201600007699;2;7;0;16;0;9;1;A01
201600007700;2;7;0;0;2;3;5;A01
201600007700;1;2;0;0;2;8;1;B02
201600007701;1;7;0;2;0;2;1;A01
201600007702;2;7;0;13;0;9;0;A01
201600007703;1;33;0;0;0;9;1;A01
201600007703;1;33;0;0;0;9;1;B02
201600007704;2;7;0;0;2;1;2;A01
201600007704;2;10;0;0;2;4;2;B02
201600007705;1;7;0;3;0;8;1;A01
201600007706;1;33;0;0;2;0;1;C03
201600007706;1;7;0;0;2;3;1;B02
201600007706;2;7;0;0;2;3;13;A01
201600007706;2;7;0;0;9;0;1;F06
201600007706;2;7;0;0;9;2;1;E05
201600007706;1;7;0;0;9;1;1;D04
201600007707;2;7;0;0;2;1;1;B02
201600007707;1;7;0;0;2;1;5;A01
201600007707;2;7;0;0;2;2;1;C03
201600007708;2;7;0;0;2;2;15;A01
201600007708;1;2;0;0;2;1;1;B02
201600007709;2;7;0;0;9;3;19;A01
201600007709;2;1;0;0;2;1;1;B02
201600007710;1;7;0;0;2;1;2;A01
201600007710;1;1;0;0;2;4;2;B02
201600007711;1;7;0;0;0;1;1;A01
201600007711;2;10;0;0;0;8;1;B02
201600007712;2;33;0;0;2;1;13;A01
201600007712;1;38;1;0;2;8;1;B02
201600007713;2;10;0;0;2;3;15;A01
201600007713;1;33;0;0;2;1;1;B02
201600007714;2;7;0;0;2;2;13;A01
201600007714;1;7;0;0;2;1;1;B02
201600007715;2;33;0;16;0;0;1;A01
201600007716;2;7;0;13;0;1;13;A01
201600007717;2;10;0;0;2;3;1;B02
201600007717;2;7;0;0;2;8;19;A01
201600007718;1;33;0;10;0;1;1;A01
201600007719;2;33;0;0;2;2;1;A01
201600007719;2;7;0;0;2;3;15;B02
201600007720;2;7;0;3;2;7;13;A01
201600007720;1;10;0;0;2;1;1;B02
201600007721;0;1;0;0;2;1;9;B02
201600007721;2;10;0;0;9;3;1;A01
201600007722;1;7;0;2;0;1;13;A01
201600007723;1;33;0;6;0;9;1;A01
201600007724;2;33;0;0;2;7;17;A01
201600007724;2;7;0;0;2;8;17;B02
201600007725;2;7;0;0;2;1;13;A01
201600007725;0;21;0;0;2;2;23;B02
201600007726;2;1;0;0;2;1;1;B02
201600007726;2;7;0;0;9;3;15;A01
201600007727;2;33;0;0;2;1;17;A01
201600007727;1;7;0;0;2;3;1;B02
201600007727;2;14;0;0;2;8;1;C03
201600007728;2;14;0;0;2;1;1;B02
201600007728;2;7;0;0;2;8;15;A01
201600007729;2;7;0;2;0;1;14;A01
201600007730;1;7;0;0;1;1;1;A01
201600007731;1;2;0;0;0;0;0;A01
201600007732;2;7;0;0;2;1;1;A01
201600007732;1;7;0;0;2;1;13;B01
201600007733;2;7;0;15;0;2;14;A01
201600007734;0;7;0;0;2;1;1;A01
201600007734;0;7;0;0;2;1;1;B01
201600007735;1;33;0;0;2;2;17;A01
201600007735;1;7;0;0;0;8;1;B01
201600007736;1;1;0;0;2;1;2;A01
201600007736;1;7;0;0;2;3;9;B01
201600007737;1;7;0;0;1;7;2;A01
201600007738;1;1;0;0;2;3;1;A01
201600007738;1;7;0;0;2;2;1;B01
201600007739;1;7;0;0;2;2;15;A01
201600007739;2;31;0;0;2;1;1;B01
201600007740;1;7;0;2;0;2;14;A01
201600007741;0;1;0;0;0;0;0;A01
201600007741;0;7;0;0;2;0;0;B01
201600007742;2;33;0;0;2;7;1;B01
201600007742;1;7;0;0;2;0;15;A01
201600007743;1;7;0;0;2;4;23;B01
201600007743;1;7;0;0;2;1;2;A01
201600007743;2;7;0;0;2;0;0;C01
201600007744;1;7;0;0;0;4;23;D01
201600007744;1;7;0;0;2;9;23;C01
201600007744;1;7;0;0;2;4;23;B01
201600007744;1;7;0;0;2;1;2;A01
201600007745;1;38;20;0;2;8;9;B01
201600007745;2;2;0;0;2;1;0;A01
201600007746;2;13;0;0;2;7;2;A01
201600007746;2;1;0;0;2;8;2;B01
201600007747;1;7;0;0;2;2;15;B01
201600007747;1;7;0;0;2;2;1;A01
201600007748;1;7;0;0;2;1;15;B02
201600007748;1;7;0;0;2;1;1;A01
201600007749;2;7;0;0;2;2;2;A01
201600007749;2;30;0;0;0;4;2;B02
201600007750;2;33;0;0;2;1;1;B02
201600007750;1;7;0;0;2;8;19;A01
201600007751;1;7;0;0;2;1;13;A01
201600007751;2;14;0;0;2;1;1;B02
201600007752;1;7;0;6;0;1;0;A01
201600007753;2;7;0;0;9;7;2;A01
201600007753;2;1;0;0;2;3;2;B02
201600007754;1;1;0;0;0;1;2;A01
201600007755;1;10;0;0;2;5;15;A01
201600007755;2;31;0;0;2;1;1;B02
201600007756;2;7;0;13;0;1;1;A01
201600007757;0;7;0;0;2;2;14;A01
201600007757;0;7;0;0;2;3;1;B01
201600007758;1;7;0;2;0;1;21;A01
201600007759;2;38;14;16;0;7;1;A01
201600007760;0;7;0;0;2;1;1;A01
201600007760;0;7;0;0;2;8;1;B01
201600007761;2;7;0;10;0;1;1;A01
201600007762;2;7;0;0;2;7;15;A01
201600007762;1;7;0;0;2;1;1;B02
201600007763;1;7;0;0;2;2;1;A01
201600007763;1;7;0;0;2;3;1;B02
201600007764;1;10;0;0;2;3;13;A01
201600007764;2;7;0;0;2;3;1;B02
201600007765;1;7;0;0;2;2;15;A01
201600007765;2;7;0;0;2;2;1;B02
201600007766;0;2;0;0;2;3;17;A01
201600007766;0;31;0;0;2;3;1;B02
201600007767;2;7;0;0;2;2;15;A01
201600007767;1;1;0;0;2;1;1;B02
201600007768;1;7;0;0;2;3;13;A01
201600007768;2;7;0;0;2;3;1;B02
201600007769;2;7;0;0;2;8;13;A01
201600007769;1;7;0;0;2;3;1;B02
201600007770;2;7;0;13;0;1;1;A01
201600007771;1;7;0;0;2;4;13;A01
201600007771;2;7;0;0;2;3;1;B02
201600007772;2;33;0;0;0;7;13;A01
201600007773;1;7;0;0;2;1;13;A01
201600007773;2;7;0;0;2;1;1;B02
201600007774;2;7;0;0;4;1;1;A01
201600007774;0;39;11;0;2;1;0;B02
201600007775;1;7;0;0;2;1;19;A01