Num_Acc;senc;catv;occutc;obs;obsm;choc;manv;num_veh
201600007775;2;7;0;0;2;8;1;B02
201600007776;1;7;0;0;2;2;2;A01
201600007776;1;7;0;0;2;8;14;B02
201600007776;2;20;0;0;2;3;1;C03
201600007777;2;7;0;0;2;7;19;A01
201600007777;2;1;0;0;2;1;1;B01
201600007778;0;1;0;0;2;1;15;A01
201600007778;0;7;0;0;2;8;1;B02
201600007779;0;7;0;6;0;3;13;A01
201600007780;2;7;0;0;0;9;1;A01
201600007781;2;7;0;0;2;8;19;A01
201600007781;1;7;0;0;2;1;1;B01
201600007782;0;7;0;0;1;1;2;A01
201600007783;2;7;0;0;1;3;19;A01
201600007784;1;7;0;0;2;2;21;A01
201600007785;0;7;0;0;2;3;1;A01
201600007785;0;7;0;0;2;3;1;B02
201600007786;1;38;14;0;0;0;0;A01
201600007787;0;7;0;8;0;3;2;A01
201600007788;2;7;0;12;0;3;1;A01
201600007789;1;7;0;0;1;1;1;A01
201600007790;1;38;20;0;2;7;1;A01
201600007790;0;21;0;0;2;1;15;B01
201600007791;2;7;0;0;2;3;13;A01
201600007791;1;7;0;0;2;2;1;B02
201600007792;0;10;0;0;1;8;1;A01
201600007793;2;30;0;0;2;1;1;B01
201600007793;1;7;0;0;0;5;15;A02
201600007794;1;7;0;0;1;3;1;A01
201600007795;2;7;0;0;2;1;13;A01
201600007795;1;7;0;0;2;1;1;B02
201600007796;1;3;0;0;2;6;15;A01
201600007796;1;33;0;0;2;1;13;B02
201600007797;1;7;0;0;2;2;13;A01
201600007797;2;7;0;0;2;3;1;B02
201600007798;1;7;0;0;1;8;1;A01
201600007799;2;33;0;15;0;8;1;A01
201600007800;2;10;0;0;2;7;1;B01
201600007800;0;1;0;0;2;7;9;A01
201600007801;1;30;0;0;2;1;19;B02
201600007801;1;7;0;0;2;2;1;A01
201600007802;2;30;0;0;2;1;1;A01
201600007802;2;7;0;0;2;4;15;B02
201600007803;2;30;0;0;2;1;15;A01
201600007803;2;33;0;0;0;8;15;B02
201600007804;1;7;0;0;2;3;13;A01
201600007804;2;17;0;0;2;3;1;B02
201600007804;2;38;1;0;2;1;1;C03
201600007804;2;7;0;0;2;1;1;D04
201600007805;2;7;0;0;2;3;13;A01
201600007805;1;17;0;0;2;2;0;B02
201600007806;2;7;0;13;0;3;1;A01
201600007807;1;7;0;0;2;8;1;A01
201600007807;1;2;0;0;2;2;15;B02
201600007808;1;7;0;0;2;3;13;A01
201600007808;2;7;0;0;2;3;1;B02
201600007809;1;7;0;2;0;1;13;A01
201600007810;1;7;0;0;2;1;1;A01
201600007810;;7;0;0;2;2;19;B02
201600007811;0;33;0;3;0;1;1;A01
201600007812;0;33;0;0;0;3;17;A01
201600007813;0;33;0;0;0;8;1;B02
201600007813;0;10;0;0;0;3;5;A01
201600007814;1;7;0;2;0;1;2;A01
201600007815;0;7;0;8;0;3;1;A01
201600007816;0;33;0;0;0;0;5;A01
201600007817;0;7;0;8;0;3;0;A01
201600007818;0;31;0;0;2;8;1;B02
201600007818;0;7;0;0;2;3;15;A01
201600007819;0;7;0;0;1;1;0;A01
201600007820;2;7;0;0;2;1;11;A01
201600007820;1;7;0;0;2;1;5;B02
201600007820;2;7;0;0;0;9;0;C03
201600007821;2;7;0;2;9;1;21;A01
201600007822;1;7;0;10;0;1;1;A01
201600007823;1;7;0;0;2;1;1;A01
201600007823;0;7;0;0;2;3;15;B02
201600007824;2;2;0;0;1;1;1;A01
201600007825;2;7;0;2;0;1;19;A01
201600007826;0;7;0;0;2;2;1;A01
201600007826;0;2;0;0;2;1;15;B02
201600007827;2;1;0;0;0;0;1;A01
201600007828;1;7;0;0;2;7;17;A01
201600007828;1;1;0;0;2;8;13;B02
201600007829;1;33;0;0;2;3;1;A01
201600007829;2;7;0;0;2;3;3;B02
201600007830;1;14;0;13;0;2;1;A01
201600007831;1;33;0;0;0;1;0;A01
201600007832;2;7;0;0;1;2;1;A01
201600007833;0;7;0;10;0;2;1;A01
201600007834;2;7;0;0;2;2;15;A01
201600007834;1;30;0;0;2;1;1;B02
201600007835;2;10;0;0;2;3;1;B02
201600007835;1;7;0;0;2;1;17;A01
201600007836;1;7;0;0;2;1;17;A01
201600007836;2;7;0;0;2;1;1;C03
201600007836;1;7;0;0;2;6;1;B02
201600007837;1;7;0;13;0;0;1;A01
201600007838;2;7;0;0;0;1;0;A01
201600007839;2;7;0;0;2;7;1;A01
201600007839;1;7;0;0;2;2;1;B02
201600007840;2;17;0;4;0;3;1;A01
201600007841;1;14;0;0;2;1;1;B02
201600007841;2;7;0;0;2;1;13;A01
201600007842;0;14;0;0;0;3;1;A01
201600007843;1;15;0;0;2;4;2;B02
201600007843;1;15;0;0;2;1;2;C03
201600007843;1;15;0;0;0;0;9;A01
201600007844;2;38;48;3;0;1;1;A01
201600007845;2;10;0;6;0;1;1;A01
201600007846;1;7;0;4;0;2;21;A01
201600007846;1;7;0;0;0;2;21;B02
201600007847;2;7;0;4;0;4;0;A01
201600007847;2;17;0;0;2;1;2;B02
201600007848;1;7;0;0;2;2;2;A01
201600007848;1;7;0;0;0;6;2;B02
201600007849;1;7;0;0;2;1;13;A01
201600007849;2;17;0;0;2;1;1;B02
201600007850;2;7;0;0;2;1;1;A01
201600007850;2;14;0;0;0;4;1;B02
201600007851;1;10;0;4;2;1;13;A01
201600007851;1;10;0;0;2;1;1;B02
201600007851;1;10;0;0;2;1;1;C03
201600007852;2;7;0;3;0;2;1;A01
201600007853;1;10;0;4;0;2;0;A01
201600007854;2;7;0;0;2;4;9;A01
201600007854;2;17;0;0;2;1;1;B02
201600007855;2;7;0;5;0;1;14;A01
201600007856;1;7;0;4;2;3;14;A01
201600007856;1;15;0;0;2;3;1;B02
201600007857;2;10;0;0;1;2;1;A01
201600007858;0;7;0;0;2;1;1;A01
201600007858;1;7;0;0;2;8;1;B02
201600007859;1;7;0;0;2;2;1;A01
201600007859;1;10;0;0;2;6;1;B02
201600007860;0;7;0;0;2;1;1;A01
201600007860;0;7;0;0;2;8;19;B02
201600007861;2;7;0;13;0;1;13;A01
201600007862;1;3;0;0;2;8;1;B02
201600007862;2;7;0;0;2;1;1;A01
201600007863;2;7;0;0;2;3;15;A01
201600007863;1;7;0;0;2;1;1;B02
201600007864;1;7;0;4;0;1;13;A01
201600007865;1;7;0;0;2;3;9;A01
201600007865;1;15;0;4;2;2;1;B02
201600007865;1;10;0;0;2;1;1;C03
201600007865;1;7;0;0;9;1;1;D04
201600007865;1;7;0;0;9;1;1;E05
201600007865;1;17;0;0;9;1;1;F06
201600007866;1;7;0;0;0;8;0;A01
201600007867;2;10;0;2;0;8;1;A01
201600007868;2;33;0;0;0;1;1;A01
201600007869;2;7;0;0;2;3;9;A01
201600007869;2;1;0;0;0;4;1;B02
201600007870;1;7;0;0;0;4;23;A01
201600007870;1;7;0;0;2;4;2;B02
201600007870;1;7;0;0;2;4;2;C03
201600007870;1;7;0;0;2;1;2;D04
201600007870;1;7;0;0;2;4;0;E05
201600007870;1;7;0;0;2;1;2;F06
201600007870;1;7;0;0;2;4;0;G07
201600007870;1;7;0;0;2;1;0;H08
201600007871;2;17;0;0;2;2;5;A01
201600007871;1;7;0;0;2;1;5;B02
201600007872;0;7;0;6;0;3;1;A01
201600007873;2;7;0;16;0;3;13;A01
201600007874;0;7;0;6;0;2;0;A01
201600007875;1;7;0;0;2;1;2;A01
201600007875;1;7;0;0;2;4;2;B02
201600007875;1;7;0;0;0;4;2;C03
201600007876;2;33;0;0;2;1;2;A01
201600007876;2;7;0;0;2;3;0;B02
201600007876;1;10;0;0;9;1;0;C03
201600007877;1;7;0;0;2;4;1;A01
201600007878;1;30;0;0;0;7;0;A01
201600007879;2;10;0;0;2;1;2;A01
201600007879;2;7;0;0;2;4;2;B02
201600007879;2;7;0;0;2;4;2;C03
201600007880;1;7;0;0;2;1;1;A01
201600007880;2;7;0;0;2;8;15;B02
201600007880;2;7;0;0;2;6;23;C03
201600007881;2;30;0;0;2;7;12;A01
201600007881;2;7;0;0;2;8;1;B02
201600007882;1;7;0;0;0;0;0;A01
201600007882;2;7;0;0;0;1;0;B02
201600007883;1;7;0;8;0;2;14;A01
201600007884;1;7;0;0;2;3;13;A01
201600007884;2;7;0;0;2;3;1;B02
201600007885;1;7;0;6;0;3;14;A01
201600007886;1;7;0;0;2;3;13;A01
201600007886;2;38;25;0;0;3;1;B02
201600007887;2;16;0;1;2;3;12;A01
201600007887;2;17;0;1;0;4;24;B02
201600007887;2;17;0;0;0;4;24;C03
201600007888;2;33;0;0;9;1;16;A01
201600007889;2;7;0;0;0;0;0;A01
201600007889;1;33;0;0;0;0;21;B02
201600007890;1;33;0;0;2;8;11;A01
201600007890;1;7;0;0;2;7;1;B02
201600007891;1;7;0;16;0;8;21;A01
201600007891;0;7;0;0;0;0;19;B02
201600007892;0;7;0;0;2;8;1;A01
201600007892;0;2;0;0;2;1;19;B02
201600007893;1;33;0;0;2;1;1;A01
201600007893;1;17;0;0;0;6;23;B02
201600007894;2;7;0;0;2;1;13;A01
201600007894;1;7;0;0;2;1;1;B02
201600007895;2;33;0;16;0;1;13;A01
201600007896;2;7;0;11;0;1;1;A01
201600007897;2;14;0;0;2;8;1;C03
201600007897;2;33;0;0;2;8;1;D04
201600007897;1;7;0;3;2;1;6;A01
201600007897;2;7;0;0;2;1;1;B02
201600007898;1;39;0;0;2;3;2;B02
201600007898;1;7;0;0;4;2;1;A01
201600007899;1;1;0;0;2;8;9;A01
201600007899;1;15;0;0;9;1;1;B02
201600007900;1;33;0;8;2;1;1;B02
201600007900;1;10;0;0;0;6;19;A01
201600007901;1;7;0;2;0;1;21;A01
201600007902;1;7;0;0;2;1;1;A01
201600007902;1;7;0;0;2;8;19;B02
201600007903;1;7;0;0;2;1;1;B02
201600007903;2;7;0;0;2;7;13;A01
201600007904;2;7;0;0;2;7;1;A01
201600007904;1;7;0;0;2;1;1;B02
201600007905;2;7;0;13;0;2;1;A01
201600007906;2;7;0;0;2;1;13;A01
201600007906;1;7;0;0;2;1;1;B02
201600007907;0;7;0;0;2;3;1;B02
201600007907;0;30;0;0;2;1;1;A01
201600007908;0;7;0;0;0;2;15;B02
201600007908;0;33;0;0;0;1;1;A01
201600007909;0;33;0;0;2;1;1;B02
201600007909;0;7;0;0;0;8;1;A01
201600007910;1;7;0;0;2;3;1;B02
201600007910;2;34;0;0;2;1;13;A01
201600007911;0;7;0;0;2;2;1;B02
201600007911;0;7;0;0;2;1;15;A01
201600007912;0;7;0;0;2;7;15;A01
201600007912;0;33;0;0;2;1;1;B02
201600007913;1;7;0;0;2;3;1;B02
201600007913;2;7;0;0;2;3;17;A01
201600007914;1;7;0;4;0;2;1;A01
201600007915;0;7;0;2;0;7;13;A01
201600007916;2;31;0;0;0;7;17;B02
201600007916;2;7;0;0;2;3;15;A01
201600007917;2;33;0;0;2;7;17;A01
201600007917;1;7;0;0;2;1;15;B02
201600007918;1;7;0;0;2;1;1;A01
201600007918;1;10;0;0;0;3;16;B02
201600007919;2;7;0;0;1;1;1;A01
201600007920;2;33;0;0;1;2;17;A01
201600007921;1;7;0;0;0;6;17;A01
201600007921;1;33;0;0;0;1;17;B02
201600007922;1;7;0;0;2;2;1;A01
201600007922;2;7;0;0;2;5;13;B02
201600007923;0;7;0;0;0;1;1;B02
201600007923;0;33;0;0;0;7;1;A01
201600007924;0;33;0;0;2;2;2;A01
201600007924;0;10;0;0;0;3;10;B02
201600007925;1;7;0;0;1;1;16;A01
201600007926;1;7;0;0;0;7;15;A01
201600007926;2;33;0;0;2;1;1;B02
201600007927;1;7;0;0;2;3;15;B02
201600007927;1;33;0;0;2;1;1;A01
201600007928;0;10;0;0;2;2;15;A01
201600007928;0;33;0;0;2;1;1;B02
201600007929;1;7;0;0;1;2;13;A01
201600007930;0;7;0;0;2;3;13;A01
201600007930;0;10;0;0;2;8;21;B02
201600007931;0;7;0;0;0;3;13;A01
201600007931;0;7;0;0;0;3;0;B02
201600007932;0;33;0;0;2;8;1;B02
201600007932;0;7;0;0;2;1;15;A01
201600007933;2;1;0;0;2;8;1;A01
201600007933;2;7;0;0;9;5;14;B02
201600007934;1;33;0;6;0;1;17;A01
201600007935;0;33;0;0;2;1;1;A01
201600007935;0;7;0;0;2;4;1;B02
201600007936;1;15;0;0;2;4;2;B02
201600007936;1;10;0;0;2;1;2;A01
201600007937;0;7;0;13;0;9;13;A01
201600007938;0;7;0;13;0;1;1;A01
201600007939;2;7;0;13;0;9;1;A01
201600007940;1;7;0;0;2;1;1;C03
201600007940;2;7;0;0;2;1;13;A01
201600007940;1;33;0;0;2;1;1;B02
201600007941;0;7;0;0;0;8;10;A01
201600007941;0;7;0;0;2;1;17;B02
201600007942;2;7;0;13;0;1;1;A01
201600007943;0;7;0;0;0;1;1;A01
201600007944;0;32;0;0;0;7;1;A01
201600007944;0;7;0;0;2;1;15;B02
201600007945;0;7;0;0;0;5;15;B02
201600007945;0;7;0;0;2;3;1;A01
201600007946;0;33;0;0;2;7;1;A01
201600007946;0;7;0;0;0;8;20;B02
201600007947;1;33;0;0;1;1;17;A01
201600007948;1;33;0;0;2;7;1;B02
201600007948;1;10;0;0;2;1;9;A01
201600007949;2;33;0;2;0;1;0;A01
201600007950;2;7;0;13;0;1;17;A01
201600007951;0;7;0;0;0;5;15;A01
201600007951;0;33;0;0;0;1;1;B02
201600007952;1;7;0;0;2;7;0;A01
201600007952;1;7;0;0;2;1;1;B02
201600007953;2;2;0;0;2;1;1;B02
201600007953;2;14;0;0;2;5;1;A01
201600007954;0;7;0;0;0;8;19;B02
201600007954;0;33;0;0;2;1;1;A01
201600007955;1;7;0;13;0;6;13;A01
201600007956;0;33;0;0;2;1;0;A01
201600007956;0;7;0;0;2;8;0;B02
201600007957;1;10;0;0;1;1;0;A01
201600007958;0;33;0;0;2;5;1;A01
201600007958;0;7;0;0;2;2;15;B02
201600007959;2;7;0;0;2;8;14;B02
201600007959;1;7;0;0;2;3;13;A01
201600007959;1;7;0;0;9;3;0;C03
201600007960;1;1;0;0;2;1;1;C03
201600007960;1;1;0;0;2;1;1;B02
201600007960;2;7;0;0;9;1;5;A01
201600007961;0;7;0;2;0;2;1;A01
201600007962;2;33;0;0;6;1;1;A01
201600007963;0;20;0;0;2;8;10;B02
201600007963;0;30;0;0;2;1;1;A01
201600007964;0;10;0;2;0;1;1;A01
201600007965;0;10;0;0;2;1;9;A01
201600007965;0;33;0;0;2;7;1;B02
201600007966;0;7;0;13;0;1;0;A01
201600007967;1;7;0;7;0;2;14;A01
201600007967;1;14;0;0;2;3;1;B02
201600007968;2;7;0;2;0;1;13;A01
201600007969;0;7;0;0;2;3;11;A01
201600007969;0;7;0;0;2;6;21;B02
201600007970;1;7;0;0;0;9;6;A01
201600007971;0;7;0;0;0;0;13;A01
201600007972;2;7;0;2;0;9;1;A01
201600007973;0;7;0;0;2;1;1;C03
201600007973;0;7;0;0;2;3;1;B02
201600007973;0;7;0;0;2;1;13;A01
201600007974;0;7;0;0;6;2;21;A01
201600007975;1;7;0;0;0;7;17;A01
201600007976;1;33;0;0;2;1;2;A01
201600007976;1;7;0;0;2;6;15;B02
201600007977;0;7;0;0;2;8;1;A01
201600007977;0;2;0;0;2;1;1;B02
201600007978;2;38;0;0;2;3;13;A01
201600007978;1;7;0;0;2;3;1;B02
201600007979;1;7;0;0;1;1;1;A01
201600007980;0;7;0;2;0;9;1;A01
201600007981;1;7;0;0;2;2;0;B02
201600007981;2;33;0;0;2;1;21;A01
201600007981;1;7;0;0;2;3;0;C03
201600007982;2;33;0;0;0;1;1;A01
201600007983;1;7;0;13;0;1;1;A01
201600007984;0;33;0;0;2;1;1;B02
201600007984;1;7;0;0;2;5;15;A01
201600007985;1;7;0;0;2;3;1;B02
201600007985;2;7;0;0;2;1;1;A01
201600007986;1;7;0;0;2;2;1;A01
201600007986;2;7;0;0;2;1;1;B02
201600007987;1;33;0;0;1;1;1;A01
201600007988;1;7;0;0;1;1;1;A01
201600007989;2;33;0;13;0;1;1;A01
201600007990;1;7;0;0;2;6;24;B02
201600007990;1;7;0;1;0;2;1;A01
201600007991;2;7;0;0;2;1;13;A01
201600007991;1;7;0;0;2;1;1;B02
201600007992;2;2;0;0;2;1;13;A01
201600007992;1;7;0;0;2;3;1;B02
201600007993;2;7;0;0;2;2;15;A01
201600007993;2;33;0;0;2;1;1;B02
201600007994;1;7;0;0;2;2;10;A01
201600007994;2;33;0;0;2;1;1;B02
201600007995;1;10;0;0;1;3;16;A01
201600007996;0;30;0;0;0;1;1;A01
201600007997;2;33;0;0;2;7;14;A01
201600007997;1;1;0;0;2;8;13;B02
201600007998;2;7;0;0;2;1;1;B02
201600007998;2;33;0;0;2;1;13;A01
201600007999;1;37;0;0;2;4;24;B02
201600007999;1;30;0;0;2;1;2;A01
201600008000;1;10;0;0;2;8;2;C03
201600008000;1;33;0;0;2;3;5;A01
201600008000;2;7;0;0;2;3;0;B02
201600008001;1;33;0;13;0;2;1;A01
201600008002;0;1;0;0;2;2;1;B02
201600008002;0;7;0;0;9;3;14;A01
201600008003;1;1;0;0;0;7;0;A01
201600008004;0;7;0;0;2;1;13;A01
201600008004;0;7;0;0;2;1;1;B02
201600008005;0;7;0;0;2;3;9;A01
201600008005;0;33;0;0;2;1;1;B02
201600008006;2;33;0;0;2;1;1;A01
201600008006;1;10;0;0;2;1;1;B02
201600008007;1;31;0;0;2;1;17;B02
201600008007;1;7;0;0;2;3;1;A01
201600008007;2;7;0;0;2;3;13;C03
201600008007;1;10;0;0;2;3;1;D04
201600008008;1;7;0;0;1;6;1;A01
201600008009;1;33;0;0;2;1;17;A01
201600008009;2;7;0;0;2;6;1;B02
201600008010;0;10;0;0;2;9;5;A01
201600008010;0;10;0;0;2;8;1;C03
201600008010;0;10;0;0;2;1;1;B02
201600008011;1;14;0;0;2;1;1;B02
201600008011;2;7;0;0;2;2;15;A01
201600008012;1;7;0;0;2;3;17;A01
201600008012;2;7;0;0;2;2;2;B02
201600008013;0;7;0;0;2;3;1;B02
201600008013;0;7;0;0;2;3;1;A01
201600008014;1;7;0;0;0;1;0;B02
201600008014;2;33;0;0;0;1;0;A01
201600008015;2;33;0;0;2;9;1;B02
201600008015;1;7;0;0;2;8;1;C03
201600008015;1;7;0;0;2;7;5;A01
201600008016;0;7;0;0;1;3;1;A01
201600008017;0;7;0;0;2;0;5;A01
201600008017;0;2;0;0;2;1;17;B02
201600008017;0;10;0;0;2;1;5;C03
201600008018;0;7;0;6;0;1;21;A01
201600008019;1;10;0;0;2;1;1;C03
201600008019;1;33;0;0;2;1;1;B02
201600008019;2;33;0;0;2;1;5;A01
201600008020;1;34;0;0;2;1;17;A01
201600008020;1;7;0;0;0;6;15;B02
201600008021;0;7;0;0;1;3;15;A01
201600008022;2;1;0;0;2;4;2;B02
201600008022;2;7;0;0;2;2;2;A01
201600008023;0;7;0;11;0;1;1;A01
201600008024;0;1;0;1;0;1;1;B02
201600008025;0;7;0;0;0;2;16;A01
201600008025;0;7;0;0;0;2;1;B02
201600008026;0;7;0;0;2;2;15;A01
201600008026;0;30;0;0;0;1;1;B02
201600008027;0;7;0;0;9;3;9;A01
201600008027;0;1;0;0;2;2;1;B02
201600008028;0;14;0;0;0;8;1;A01
201600008029;1;10;0;0;2;3;1;B02
201600008029;2;33;0;0;2;8;13;A01
201600008030;2;10;0;6;0;4;1;A01
201600008031;1;3;0;0;2;1;1;A01
201600008031;2;7;0;0;2;1;1;B02
201600008032;1;7;0;2;0;8;1;A01
201600008033;0;7;0;0;2;8;19;A01
201600008033;0;10;0;0;2;1;1;B02
201600008034;0;7;0;0;2;3;2;A01
201600008034;0;7;0;0;2;1;19;B02
201600008035;2;7;0;0;2;5;15;A01
201600008035;2;33;0;0;2;1;2;B02
201600008036;2;7;0;2;0;1;1;A01
201600008037;0;7;0;0;2;2;19;B02
201600008037;0;7;0;0;2;1;1;A01
201600008038;0;7;0;0;2;2;2;B02
201600008038;0;1;0;0;2;4;2;A01
201600008039;0;7;0;0;2;8;10;B02
201600008039;0;7;0;0;2;1;1;A01
201600008040;1;7;0;0;2;8;11;B02
201600008040;1;31;0;0;2;5;17;A01
201600008041;0;30;0;13;0;1;1;A01
201600008042;0;1;0;0;2;1;19;B02
201600008042;0;7;0;0;9;2;1;A01
201600008043;0;7;0;0;2;1;1;A01
201600008043;0;2;0;0;2;1;1;B02
201600008044;0;7;0;1;0;2;14;A01
201600008044;0;7;0;0;2;5;24;B02
201600008045;0;7;0;0;2;4;15;A01
201600008045;0;7;0;0;2;1;2;B02
201600008046;2;7;0;0;2;1;5;A01
201600008046;1;10;0;0;2;1;1;B02
201600008047;2;7;0;2;0;3;13;A01
201600008048;1;7;0;2;2;2;13;A01
201600008049;1;7;0;8;0;1;13;A01
201600008050;2;7;0;0;0;1;1;B02
201600008050;1;33;0;0;6;1;13;A01
201600008051;2;33;0;0;2;1;1;B02
201600008051;2;7;0;0;0;8;15;A01
201600008052;1;7;0;13;0;2;13;A01
201600008053;0;7;0;16;0;9;1;A01
201600008054;1;7;0;0;2;1;1;A01
201600008054;2;7;0;0;2;1;1;B02
201600008055;2;7;0;0;0;0;1;A01
201600008056;0;2;0;0;2;1;1;A01
201600008056;0;7;0;0;2;3;1;B02
201600008057;1;7;0;0;2;2;1;A01
201600008057;2;33;0;0;2;1;1;B02
201600008058;1;33;0;0;2;1;17;A01
201600008058;2;7;0;0;2;1;1;B02
201600008059;2;10;0;0;2;3;1;B02
201600008059;1;33;0;0;2;1;13;A01
201600008060;1;7;0;0;2;1;1;B02
201600008060;2;7;0;0;2;1;13;A01
201600008061;2;7;0;0;0;4;1;B02
201600008061;1;7;0;0;2;1;1;C03
201600008061;0;7;0;0;2;1;1;A01
201600008061;1;7;0;0;2;1;1;D04
201600008062;0;2;0;0;2;8;19;A01
201600008062;2;7;0;0;2;1;1;B02
201600008063;1;7;0;0;2;1;13;A01
201600008063;2;38;18;0;2;1;1;B02
201600008064;0;7;0;0;0;9;1;A01
201600008065;1;7;0;0;2;3;1;C03
201600008065;2;7;0;0;2;4;1;B02
201600008065;2;1;0;0;2;1;1;A01
201600008066;2;10;0;0;9;3;9;A01
201600008066;2;1;0;0;2;7;9;B02
201600008067;2;33;0;3;0;3;6;A01
201600008068;2;1;0;0;2;1;13;B02
201600008068;1;7;0;0;2;1;1;A01
201600008069;2;7;0;0;0;9;1;A01
201600008070;0;7;0;0;2;3;13;A01
201600008070;0;14;0;0;2;3;1;B02
201600008071;1;7;0;2;0;2;0;A01
201600008072;1;99;0;0;1;6;1;A01
201600008073;1;7;0;13;0;2;1;A01
201600008074;2;7;0;0;2;1;1;A01
201600008074;2;1;0;0;2;4;1;B02
201600008075;2;33;0;5;0;7;14;A01
201600008076;1;2;0;0;2;1;13;A01
201600008076;2;7;0;0;2;2;1;B02
201600008077;2;7;0;0;2;1;17;A01
201600008077;1;7;0;0;2;3;1;B02
201600008078;1;7;0;2;0;1;1;A01
201600008079;1;33;0;0;2;1;1;B02
201600008079;2;7;0;0;2;7;15;A01
201600008080;0;7;0;0;0;1;1;A01
201600008081;2;7;0;0;2;2;1;B02
201600008081;1;7;0;0;2;2;13;A01
201600008082;1;7;0;0;2;1;13;A01
201600008082;2;7;0;0;2;1;1;B02
201600008083;2;33;0;0;0;1;1;B02
201600008083;2;7;0;0;2;3;1;A01
201600008084;1;7;0;0;2;1;13;A01
201600008084;2;7;0;0;2;1;1;B02
201600008085;2;31;0;13;0;0;1;A01
201600008086;1;2;0;0;2;7;1;A01
201600008086;1;2;0;0;2;8;18;B02
201600008087;2;33;0;0;0;0;1;A01
201600008088;2;7;0;13;0;1;0;A01
201600008089;2;7;0;13;0;2;1;A01
201600008090;2;7;0;0;0;9;19;A01
201600008091;1;33;0;3;0;7;1;A01
201600008092;1;33;0;2;0;1;1;A01
201600008093;1;33;0;3;0;7;1;A01
201600008094;1;7;0;0;2;6;9;B02
201600008094;1;33;0;0;2;1;1;A01
201600008095;2;7;0;6;2;1;1;A01
201600008095;2;7;0;0;2;4;1;B02
201600008096;0;7;0;0;1;4;20;A01
201600008097;1;7;0;0;2;3;9;A01
201600008097;2;2;0;0;2;2;1;B02
201600008098;1;7;0;0;2;3;1;B02
201600008098;0;10;0;0;2;1;9;A01
201600008099;1;7;0;0;2;9;1;C03
201600008099;0;7;0;0;2;1;1;B02
201600008099;2;7;0;12;2;9;1;A01
201600008100;1;7;0;0;2;2;15;A01
201600008100;2;7;0;0;2;1;1;B02
201600008101;2;13;0;0;2;3;13;A01
201600008101;1;7;0;0;2;3;1;B02
201600008102;2;10;0;14;0;5;0;A01
201600008103;2;33;0;0;2;3;10;A01
201600008103;2;31;0;0;2;2;17;B02
201600008104;2;7;0;0;0;0;0;A01
201600008105;0;7;0;0;0;3;9;A01
201600008105;0;33;0;0;0;2;1;B02
201600008106;2;7;0;0;2;1;1;B02
201600008106;1;7;0;0;2;3;15;A01
201600008107;0;7;0;0;0;9;1;A01
201600008108;2;33;0;0;0;2;13;A01
201600008109;2;10;0;0;2;3;1;B02
201600008109;1;33;0;0;2;1;13;A01
201600008110;1;7;0;2;0;1;1;A01
201600008111;1;33;0;3;0;7;1;A01
201600008112;1;7;0;0;2;2;17;A01
201600008112;2;33;0;0;2;2;1;B02
201600008113;2;10;0;15;0;1;0;A01
201600008114;2;7;0;2;0;1;1;A01
201600008115;2;33;0;2;0;4;17;A01
201600008116;2;7;0;0;0;2;1;A01
201600008117;1;7;0;9;0;1;0;A01
201600008118;2;7;0;0;0;4;15;B02
201600008118;2;33;0;0;2;1;1;A01
201600008119;1;2;0;0;0;0;17;A01
201600008120;0;7;0;16;0;9;1;A01
201600008121;2;33;0;0;0;0;13;A01
201600008122;0;33;0;16;0;1;1;A01
201600008123;1;33;0;0;0;0;1;A01
201600008124;2;7;0;15;0;1;1;A01
201600008125;2;31;0;13;0;1;1;A01
201600008126;1;34;0;0;1;1;1;A01
201600008127;2;7;0;2;0;3;1;A01
201600008128;2;7;0;0;2;6;15;A01
201600008128;1;33;0;0;2;3;1;B02
201600008129;1;7;0;0;2;3;1;B02
201600008129;2;7;0;0;2;3;13;A01
201600008130;2;7;0;0;2;3;1;A01
201600008130;1;33;0;0;2;1;13;B02
201600008131;1;7;0;0;0;9;13;A01
201600008132;1;7;0;15;0;1;0;A01
201600008133;2;7;0;16;0;9;1;A01
201600008134;1;7;0;2;0;0;0;A01
201600008135;1;1;0;0;0;1;1;A01
201600008136;1;1;0;0;2;3;2;B02
201600008136;1;10;0;0;2;2;2;A01
201600008137;2;10;0;8;0;1;13;A01
201600008138;1;1;0;0;2;8;13;A01
201600008138;1;10;0;0;2;2;17;B02
201600008139;2;10;0;0;2;1;1;A01
201600008139;1;7;0;0;2;1;1;B02
201600008140;1;7;0;13;0;9;19;A01
201600008141;1;33;0;13;9;1;0;A01
201600008142;2;7;0;6;0;2;1;A01
201600008143;0;7;0;2;0;1;1;A01
201600008144;2;7;0;0;2;7;1;C03
201600008144;1;7;0;0;2;1;1;B02
201600008144;2;7;0;0;2;0;19;A01
201600008145;2;3;0;13;0;3;13;A01
201600008146;1;7;0;0;2;4;1;B02
201600008146;1;31;0;0;2;1;2;A01
201600008147;1;7;0;0;1;2;1;A01
201600008148;1;7;0;2;2;1;1;A01
201600008148;2;7;0;0;2;1;1;B02
201600008149;0;7;0;6;0;2;1;A01
201600008150;2;7;0;2;0;8;1;A01
201600008151;2;7;0;0;1;3;1;A01
201600008152;1;7;0;13;0;1;1;A01
201600008153;1;33;0;0;0;3;1;A01