Num_Acc;senc;catv;occutc;obs;obsm;choc;manv;num_veh
201600008154;1;33;0;0;2;6;1;B02
201600008154;1;7;0;0;2;3;1;A01
201600008155;1;7;0;0;2;1;1;B02
201600008155;0;2;0;0;2;7;1;A01
201600008156;2;33;0;0;2;1;1;A01
201600008156;1;7;0;0;2;3;16;B02
201600008157;2;7;0;0;2;3;17;A01
201600008157;1;7;0;0;2;3;1;B02
201600008158;1;7;0;2;0;1;1;A01
201600008159;2;7;0;0;2;6;19;A01
201600008159;2;33;0;0;2;1;1;B02
201600008160;1;1;0;0;2;1;1;A01
201600008160;0;7;0;0;2;8;15;B02
201600008161;1;7;0;0;2;8;15;A01
201600008161;1;33;0;0;2;2;17;B02
201600008162;1;7;0;8;0;1;1;A01
201600008163;1;7;0;0;2;3;1;A01
201600008163;2;33;0;0;2;3;5;B02
201600008164;0;7;0;0;1;2;1;A01
201600008165;1;7;0;0;2;7;13;B02
201600008165;2;7;0;0;2;1;1;A01
201600008166;0;7;0;0;2;3;13;B02
201600008166;0;7;0;0;2;3;13;A01
201600008167;2;7;0;13;0;1;14;A01
201600008168;1;7;0;0;2;0;17;A01
201600008169;2;14;0;0;;3;1;B02
201600008169;1;7;0;0;2;1;1;A01
201600008170;1;7;0;0;2;1;17;B02
201600008170;1;7;0;0;2;6;15;A01
201600008171;2;7;0;0;1;1;1;A01
201600008172;2;2;0;0;2;7;1;A01
201600008172;1;7;0;0;2;1;9;B02
201600008173;1;7;0;2;0;2;1;A01
201600008174;2;7;0;0;2;1;2;B02
201600008174;2;7;0;0;;4;2;A01
201600008175;2;7;0;2;0;1;1;A01
201600008176;2;7;0;2;0;1;0;A01
201600008177;2;7;0;2;0;7;14;A01
201600008178;2;7;0;0;2;2;1;B02
201600008178;1;7;0;0;0;3;1;A01
201600008179;2;7;0;0;1;1;21;A01
201600008180;2;33;0;0;0;3;1;A01
201600008181;0;30;0;0;0;2;0;A01
201600008182;0;7;0;0;1;3;1;A01
201600008183;2;33;0;13;0;1;1;A01
201600008184;0;36;0;14;0;3;1;A01
201600008185;2;33;0;13;0;7;2;A01
201600008186;1;2;0;0;0;1;14;A01
201600008187;1;7;0;0;1;3;1;A01
201600008188;2;7;0;13;0;1;1;A01
201600008189;1;1;0;0;2;0;13;B02
201600008189;2;7;0;0;2;5;1;A01
201600008190;1;10;0;0;0;0;0;A01
201600008191;2;7;0;2;0;7;1;A01
201600008192;2;7;0;4;2;3;13;A01
201600008192;1;10;0;4;;3;1;B02
201600008193;1;7;0;0;0;5;23;B02
201600008193;1;2;0;0;2;1;1;A01
201600008194;2;7;0;0;2;2;17;A01
201600008194;1;33;0;0;2;1;1;C03
201600008194;2;7;0;0;0;1;1;B02
201600008195;1;7;0;13;0;9;1;A01
201600008196;2;1;0;0;2;4;1;A01
201600008196;2;7;0;0;2;7;2;B02
201600008196;2;7;0;0;2;2;2;C03
201600008197;2;13;0;0;2;4;23;A01
201600008197;2;30;0;0;2;1;2;B02
201600008198;2;7;0;0;2;1;15;A01
201600008198;1;7;0;8;2;1;1;B02
201600008199;1;33;0;2;0;1;14;A01
201600008200;1;33;0;16;0;7;14;A01
201600008201;1;7;0;2;0;1;13;A01
201600008202;1;7;0;0;;7;19;A01
201600008202;2;7;0;0;2;1;1;B02
201600008203;2;33;0;0;2;7;15;A01
201600008203;1;33;0;0;2;1;1;B02
201600008203;1;33;0;0;2;1;1;C03
201600008203;1;33;0;0;2;3;1;D04
201600008204;2;7;0;16;0;1;1;A01
201600008205;1;7;0;0;1;2;1;A01
201600008206;2;33;0;13;0;1;1;A01
201600008207;2;7;0;12;2;1;1;A01
201600008207;1;7;0;0;2;3;1;B02
201600008207;1;7;0;0;2;8;1;C03
201600008207;1;7;0;0;2;1;1;D04
201600008208;2;7;0;13;0;9;1;A01
201600008209;2;1;0;0;2;3;1;B02
201600008209;1;7;0;0;2;3;17;A01
201600008210;1;33;0;1;0;1;1;A01
201600008210;1;7;0;0;0;;24;B02
201600008211;1;33;0;3;0;9;14;A01
201600008212;1;7;0;0;2;3;1;B02
201600008212;1;7;0;0;2;2;19;A01
201600008213;1;7;0;0;0;4;17;B02
201600008213;1;7;0;0;2;1;17;A01
201600008214;2;7;0;9;0;2;14;A01
201600008215;1;14;0;0;;3;0;A01
201600008215;2;1;0;0;2;2;13;B02
201600008216;0;7;0;0;1;0;0;A01
201600008217;1;10;0;0;2;5;0;A01
201600008217;1;10;0;0;2;3;0;B02
201600008218;0;7;0;13;0;8;1;A01
201600008219;2;7;0;6;1;1;15;A01
201600008220;2;33;0;0;0;1;1;C03
201600008220;1;7;0;0;0;3;13;A01
201600008220;2;7;0;0;0;3;1;B02
201600008221;1;7;0;0;2;1;2;A01
201600008221;2;7;0;0;2;8;19;B02
201600008222;2;7;0;0;2;9;13;A01
201600008222;1;7;0;0;2;3;1;B02
201600008222;1;7;0;0;2;6;1;C03
201600008222;1;7;0;0;2;1;1;D04
201600008223;1;1;0;0;4;9;19;A02
201600008223;1;39;50;0;2;1;1;B01
201600008224;2;14;0;0;2;1;5;A01
201600008224;1;7;0;0;;1;1;B02
201600008225;2;7;0;0;0;0;1;A01
201600008226;1;33;0;0;;4;2;A01
201600008226;1;33;0;0;2;1;21;B02
201600008226;1;33;0;0;0;1;21;C03
201600008227;1;33;0;3;0;8;1;A01
201600008228;2;10;0;0;2;3;1;A01
201600008228;1;7;0;0;2;8;1;B02
201600008229;1;33;0;6;0;8;0;A01
201600008230;2;31;0;0;2;1;13;A01
201600008230;1;7;0;0;2;1;1;B02
201600008231;2;7;0;0;2;3;1;A01
201600008231;0;7;0;0;2;0;1;B02
201600008232;0;31;0;0;2;7;21;A01
201600008232;0;10;0;0;2;8;15;B02
201600008233;2;7;0;0;2;8;13;A01
201600008233;1;7;0;0;2;3;1;B02
201600008234;2;7;0;0;0;9;1;A01
201600008235;0;33;0;5;0;0;16;A01
201600008236;2;33;0;0;2;1;1;A01
201600008236;1;7;0;0;2;1;15;B02
201600008237;2;33;0;0;2;1;1;A01
201600008237;1;7;0;0;2;3;15;B01
201600008238;0;1;0;3;0;3;13;A01
201600008239;1;31;0;0;2;1;13;A01
201600008239;2;10;0;0;2;3;1;B02
201600008240;1;10;0;8;0;1;1;A01
201600008241;1;7;0;0;2;3;15;A01
201600008241;2;7;0;0;2;1;1;B02
201600008242;0;33;0;0;2;1;17;A01
201600008242;0;38;10;0;2;2;1;B01
201600008243;1;7;0;0;2;1;1;B02
201600008243;2;7;0;0;2;1;13;A01
201600008244;1;7;0;0;0;7;1;A01
201600008245;0;14;0;4;0;3;0;A01
201600008246;2;7;0;0;2;2;13;A01
201600008246;0;7;0;0;2;2;1;B02
201600008247;1;10;0;0;2;4;23;E05
201600008247;1;10;0;0;2;4;23;C03
201600008247;1;10;0;0;2;1;1;B02
201600008247;1;33;0;3;2;1;21;A01
201600008247;1;10;0;0;2;4;23;D04
201600008248;1;33;0;10;0;1;1;A01
201600008249;0;30;0;1;0;1;21;A01
201600008249;0;10;0;1;0;6;24;B02
201600008250;1;1;0;0;2;1;1;A01
201600008250;0;7;0;0;2;3;15;B02
201600008251;2;7;0;0;2;3;17;A01
201600008251;1;2;0;0;2;1;2;B02
201600008252;2;33;0;12;0;3;0;A01
201600008253;2;1;0;12;0;2;1;A01
201600008254;0;2;0;12;0;1;0;A01
201600008255;2;7;0;0;1;1;1;A01
201600008256;0;7;0;0;1;4;4;A01
201600008257;2;34;0;0;2;1;1;A01
201600008258;0;30;0;8;0;1;1;A01
201600008259;0;32;0;6;0;1;1;A01
201600008260;0;30;0;0;2;3;18;B02
201600008260;0;7;0;0;0;7;16;A01
201600008261;2;7;0;5;0;2;1;A01
201600008262;2;33;0;13;0;1;1;A01
201600008263;0;33;0;12;0;7;14;A01
201600008264;1;3;0;0;1;1;1;A01
201600008265;0;30;0;0;0;1;1;A01
201600008266;0;7;0;0;1;1;15;A01
201600008267;1;33;0;0;2;3;1;B02
201600008267;2;10;0;0;2;3;15;A01
201600008268;0;33;0;0;2;1;1;A01
201600008269;1;7;0;0;1;2;1;A01
201600008270;0;30;0;0;0;1;1;A01
201600008270;0;7;0;0;0;3;10;B02
201600008271;0;7;0;0;1;3;15;A01
201600008272;0;10;0;0;1;4;4;A01
201600008273;0;10;0;0;1;0;4;A01
201600008274;1;7;0;0;1;2;1;A01
201600008275;2;7;0;10;0;9;1;A01
201600008276;2;33;0;0;2;7;1;B02
201600008276;1;10;0;0;0;7;15;A01
201600008277;0;10;0;0;1;5;1;A01
201600008278;2;33;0;0;0;1;0;A01
201600008279;2;33;0;0;1;7;16;A01
201600008280;1;33;0;0;2;3;5;A01
201600008280;2;7;0;0;2;3;2;B02
201600008281;0;32;0;0;2;5;2;A01
201600008281;0;7;0;0;2;6;2;B02
201600008282;2;7;0;0;2;3;15;A01
201600008282;1;33;0;0;2;3;1;B02
201600008283;2;30;0;0;2;2;19;A01
201600008283;1;30;0;0;2;3;1;B02
201600008284;0;7;0;0;2;8;1;B02
201600008284;0;33;0;0;2;8;11;A01
201600008285;1;7;0;2;0;1;2;A01
201600008286;0;2;0;0;0;1;1;A01
201600008287;0;2;0;0;0;2;0;A01
201600008288;1;7;0;0;2;2;0;A01
201600008288;2;7;0;0;2;1;1;B01
201600008289;1;7;0;8;0;3;2;A01
201600008290;1;7;0;0;2;3;2;A01
201600008290;2;7;0;0;2;8;15;B01
201600008290;2;7;0;0;2;3;15;C01
201600008291;2;7;0;0;0;4;1;A01
201600008291;2;7;0;7;2;1;1;B02
201600008292;0;33;0;0;2;1;1;A01
201600008292;0;1;0;0;0;4;11;B02
201600008293;0;10;0;0;2;3;19;A01
201600008293;0;33;0;0;2;1;1;B02
201600008293;0;30;0;0;2;7;1;C03
201600008294;1;33;0;3;0;1;13;A01
201600008295;2;33;0;15;0;1;1;A01
201600008296;0;7;0;0;2;8;1;C03
201600008296;0;7;0;0;2;2;17;A01
201600008296;0;7;0;0;2;3;1;B02
201600008297;1;1;0;1;0;2;2;A01
201600008297;1;10;0;0;0;6;23;B02
201600008298;1;30;0;0;2;8;1;B02
201600008298;1;7;0;0;2;7;17;A01
201600008299;2;33;0;0;2;1;1;A01
201600008299;1;7;0;0;2;3;1;B02
201600008299;2;7;0;0;0;6;1;C03
201600008300;1;7;0;0;2;8;10;A01
201600008300;1;34;0;0;2;7;21;B02
201600008301;1;7;0;2;0;1;1;A01
201600008302;2;34;0;0;2;4;23;B02
201600008302;2;7;0;0;2;2;2;A01
201600008303;0;7;0;0;2;3;23;B02
201600008303;1;32;0;0;2;1;0;A01
201600008304;2;34;0;6;0;2;1;A01
201600008305;0;34;0;0;2;1;2;A01
201600008305;0;7;0;0;2;8;6;B02
201600008306;1;32;0;0;2;3;5;A01
201600008306;2;7;0;0;2;3;1;B02
201600008307;0;31;0;0;1;1;1;A01
201600008308;1;33;0;13;0;2;14;A01
201600008309;1;33;0;0;2;1;17;A01
201600008309;1;7;0;0;2;8;15;B02
201600008310;2;7;0;0;0;1;1;B02
201600008310;0;7;0;0;2;1;13;A01
201600008311;2;7;0;0;2;3;13;A01
201600008311;1;7;0;0;2;8;1;B02
201600008312;1;33;0;0;0;7;1;A01
201600008313;0;33;0;0;2;1;1;A01
201600008313;0;33;0;0;2;1;1;B02
201600008314;0;33;0;14;0;1;0;A01
201600008315;1;7;0;0;2;1;13;A01
201600008315;2;7;0;0;2;1;0;B02
201600008316;1;7;0;0;0;3;0;A01
201600008316;2;7;0;0;0;3;0;B02
201600008317;1;33;0;0;0;8;0;A01
201600008318;2;10;0;0;2;8;1;B02
201600008318;1;10;0;0;2;2;13;A01
201600008319;1;31;0;0;2;1;17;A01
201600008319;1;7;0;0;2;6;17;B02
201600008320;1;13;0;2;0;1;13;A01
201600008321;1;7;0;0;2;3;10;A01
201600008321;1;33;0;0;2;1;1;B02
201600008322;2;2;0;2;0;1;13;A01
201600008323;1;10;0;0;2;1;0;B02
201600008323;2;7;0;0;2;1;13;A01
201600008324;2;7;0;0;2;1;1;B02
201600008324;1;7;0;0;2;1;13;A01
201600008325;2;7;0;0;2;2;1;B02
201600008325;2;7;0;0;2;6;4;A01
201600008326;1;30;0;0;0;0;1;A01
201600008327;1;7;0;1;0;1;14;A01
201600008328;1;7;0;0;9;7;2;A01
201600008328;1;1;0;0;2;6;13;B02
201600008329;2;15;0;0;2;1;2;B02
201600008329;2;7;0;0;2;4;15;A01
201600008330;2;7;0;2;0;2;1;A01
201600008331;0;7;0;9;0;5;1;A01
201600008332;1;30;0;0;2;1;1;B02
201600008332;2;7;0;0;2;6;19;A01
201600008333;2;33;0;10;0;0;1;A01
201600008334;1;33;0;16;0;2;1;A01
201600008335;2;33;0;0;0;8;1;A01
201600008336;1;36;0;6;0;3;17;A01
201600008337;1;33;0;0;2;0;1;B02
201600008337;2;7;0;0;2;3;1;A01
201600008338;2;33;0;0;2;8;13;A01
201600008338;1;7;0;0;2;8;1;B02
201600008339;2;7;0;0;2;1;2;A01
201600008339;2;7;0;0;0;4;23;B02
201600008340;1;7;0;2;0;3;13;A01
201600008341;1;7;0;0;2;6;17;A01
201600008341;2;7;0;0;2;3;1;B02
201600008342;2;20;0;3;0;7;1;A01
201600008343;1;7;0;0;2;3;15;A01
201600008343;2;7;0;0;2;3;1;B02
201600008344;1;30;0;15;0;1;1;A01
201600008345;1;7;0;0;2;5;1;B02
201600008345;1;33;0;0;2;1;2;A01
201600008346;1;7;0;6;0;1;1;A01
201600008347;2;33;0;0;9;0;0;A01
201600008348;2;7;0;0;1;2;11;A01
201600008349;1;7;0;0;2;8;1;A01
201600008349;2;7;0;0;2;3;13;B02
201600008350;2;7;0;0;2;3;15;A01
201600008350;2;33;0;0;2;1;17;B02
201600008351;2;10;0;0;2;3;1;A01
201600008351;1;7;0;0;2;3;1;B02
201600008352;2;31;0;0;2;1;13;A01
201600008352;1;38;1;0;2;1;1;B02
201600008353;1;7;0;0;2;2;1;B02
201600008353;2;7;0;0;2;3;17;A01
201600008354;2;7;0;0;2;3;9;A01
201600008354;2;33;0;0;2;8;15;B02
201600008355;1;33;0;0;2;1;1;B02
201600008355;2;10;0;0;0;7;15;A01
201600008356;2;33;0;0;2;1;1;B02
201600008356;2;7;0;0;2;7;1;A01
201600008357;2;1;0;0;2;3;1;A01
201600008357;0;1;0;0;2;1;1;B02
201600008358;1;30;0;0;0;7;15;A01
201600008359;2;7;0;13;0;1;14;A01
201600008360;2;7;0;0;0;1;13;A01
201600008361;0;7;0;0;2;2;0;B02
201600008361;0;33;0;0;2;1;21;A01
201600008362;2;7;0;2;0;3;1;A01
201600008363;2;7;0;0;2;3;15;B02
201600008363;1;30;0;0;2;1;1;A01
201600008364;2;1;0;0;2;1;15;B02
201600008364;1;7;0;0;2;1;1;A01
201600008365;1;10;0;0;0;6;10;A01
201600008365;1;7;0;0;2;2;1;B02
201600008366;2;33;0;14;2;1;1;A01
201600008366;2;7;0;0;2;4;1;B02
201600008367;1;7;0;0;2;3;1;A01
201600008367;2;34;0;0;2;1;1;B02
201600008368;1;7;0;0;2;8;1;C03
201600008368;2;7;0;0;2;3;13;A01
201600008368;2;10;0;0;2;1;1;B02
201600008369;1;2;0;0;2;1;17;A01
201600008369;1;7;0;0;0;6;15;B02
201600008370;1;7;0;0;2;3;9;A01
201600008370;2;30;0;0;2;2;1;B02
201600008371;2;7;0;0;2;1;0;B02
201600008371;1;31;0;0;2;1;17;A01
201600008372;1;7;0;0;2;3;1;A01
201600008372;2;7;0;0;2;8;0;B02
201600008372;2;7;0;0;2;2;0;C03
201600008373;2;2;0;6;0;1;1;A01
201600008374;2;7;0;0;2;5;1;A01
201600008375;1;7;0;2;0;1;1;A01
201600008376;2;2;0;0;2;1;1;A01
201600008376;1;7;0;0;2;3;15;B02
201600008377;2;7;0;0;2;3;17;A01
201600008377;2;7;0;0;2;3;1;B02
201600008378;2;7;0;2;0;1;0;A01
201600008379;2;33;0;3;0;7;1;A01
201600008380;2;7;0;2;0;7;1;A01
201600008381;1;7;0;0;2;7;1;A01
201600008381;2;33;0;0;2;1;15;B02
201600008382;1;7;0;6;0;9;0;A01
201600008383;1;7;0;0;2;3;1;B02
201600008383;2;33;0;0;2;3;13;A01
201600008384;1;7;0;0;1;7;1;A01
201600008385;1;7;0;0;2;1;1;A01
201600008385;2;31;0;0;2;8;15;B02
201600008386;1;7;0;13;0;2;0;A01
201600008387;1;10;0;0;1;2;1;A01
201600008388;2;15;0;0;2;1;1;A01
201600008388;2;7;0;6;0;4;2;B02
201600008388;2;7;0;6;2;0;2;C03
201600008389;1;31;0;0;2;1;2;A01
201600008389;1;7;0;0;0;4;0;B02
201600008390;1;33;0;0;2;2;2;B02
201600008390;1;7;0;0;2;4;1;A01
201600008391;1;7;0;0;2;1;21;A01
201600008391;2;7;0;0;2;1;13;B02
201600008392;1;7;0;0;2;1;2;A01
201600008392;1;7;0;0;6;4;1;B02
201600008393;0;7;0;0;2;6;19;A01
201600008393;2;7;0;0;2;3;1;B02
201600008394;1;7;0;13;6;3;1;A01
201600008395;0;7;0;9;1;1;1;A01
201600008396;1;7;0;6;2;1;5;A01
201600008396;2;7;0;0;2;1;1;B02
201600008397;1;7;0;0;2;1;13;A01
201600008397;2;7;0;0;2;1;2;B02
201600008398;1;7;0;0;2;3;1;B02
201600008398;2;7;0;0;2;1;17;A01
201600008399;2;10;0;0;0;4;2;B02
201600008399;2;7;0;14;0;1;2;A01
201600008400;2;31;0;0;2;1;1;B02
201600008400;1;7;0;0;2;7;9;A01
201600008401;1;33;0;8;0;0;2;A01
201600008402;1;7;0;0;2;8;19;B02
201600008402;2;10;0;15;2;1;1;A01
201600008403;1;33;0;13;0;1;1;A01
201600008404;0;7;0;0;0;2;6;A01
201600008404;0;7;0;0;2;1;2;B02
201600008405;2;33;0;0;0;1;2;A01
201600008405;2;33;0;0;0;1;0;C03
201600008405;2;7;0;0;0;6;15;B02
201600008406;1;33;0;0;0;1;1;A01
201600008407;2;7;0;0;2;3;15;A01
201600008407;1;1;0;0;2;1;0;B02
201600008408;2;7;0;0;2;3;15;A01
201600008408;1;1;0;0;2;1;0;B02
201600008409;2;14;0;0;0;0;21;A01
201600008410;2;10;0;2;0;9;19;A01
201600008411;0;10;0;1;1;2;1;A01
201600008412;1;7;0;2;0;1;0;A01
201600008413;2;7;0;0;2;3;15;A01
201600008413;2;33;0;0;2;1;17;B02
201600008414;2;7;0;0;2;1;13;A01
201600008414;1;7;0;0;2;1;1;B02
201600008415;2;33;0;13;0;7;1;A01
201600008416;2;7;0;0;2;3;13;A01
201600008416;1;7;0;0;2;3;1;B02
201600008417;1;7;0;0;2;3;17;B02
201600008417;2;7;0;0;2;3;1;A01
201600008418;2;7;0;0;0;6;9;B02
201600008418;1;33;0;0;2;1;1;A01
201600008419;1;7;0;0;2;1;1;B02
201600008419;2;7;0;0;2;5;15;A01
201600008420;0;7;0;14;1;5;16;A01
201600008421;2;7;0;0;2;1;1;C03
201600008421;1;7;0;0;2;5;0;B02
201600008421;1;7;0;0;2;1;1;A01
201600008422;1;7;0;0;2;6;15;B02
201600008422;1;7;0;0;2;1;17;A01
201600008423;2;33;0;2;0;1;13;A01
201600008424;2;33;0;13;0;2;0;A01
201600008425;0;7;0;0;2;3;1;A01
201600008425;0;2;0;0;2;1;13;B02
201600008426;2;10;0;13;0;1;19;A01
201600008427;0;10;0;0;1;4;20;A01
201600008428;2;10;0;3;0;8;13;A01
201600008429;2;7;0;0;2;1;1;B02
201600008429;1;7;0;0;2;1;1;A01
201600008430;1;33;0;0;2;3;1;C03
201600008430;2;99;0;0;2;4;2;A01
201600008430;2;33;0;0;2;1;2;B02
201600008431;2;33;0;0;2;5;17;A01
201600008431;2;7;0;0;2;3;1;B02
201600008432;1;10;0;6;0;3;13;A01
201600008433;1;7;0;8;0;1;0;A01
201600008434;2;7;0;0;0;8;1;B02
201600008434;1;33;0;0;0;8;17;A01
201600008435;1;7;0;0;0;1;13;A01
201600008435;2;7;0;0;0;1;1;B02
201600008435;2;7;0;0;0;9;1;C03
201600008436;2;7;0;13;0;1;1;A01
201600008437;1;31;0;0;0;8;1;A01
201600008438;0;7;0;0;2;1;1;B02
201600008438;0;7;0;0;2;8;1;A01
201600008439;1;7;0;8;2;2;1;A01
201600008439;0;7;0;0;2;2;1;B02
201600008440;2;30;0;0;2;1;2;B02
201600008440;2;7;0;0;0;6;16;A01
201600008441;1;7;0;0;2;3;13;A01
201600008441;2;7;0;0;2;3;1;B02
201600008442;1;7;0;0;2;5;15;A01
201600008442;2;33;0;0;2;1;1;B02
201600008443;0;30;0;0;0;7;1;A01
201600008444;2;7;0;0;0;1;0;B02
201600008444;2;7;0;0;0;1;5;A01
201600008445;2;7;0;0;9;1;13;A01
201600008445;1;1;0;0;2;1;1;B02
201600008446;1;7;0;8;0;2;0;A01
201600008447;2;7;0;0;2;4;4;A01
201600008447;2;1;0;0;2;1;1;B02
201600008448;1;2;0;0;0;7;14;A01
201600008449;0;7;0;0;1;2;1;A01
201600008450;1;33;0;0;2;2;12;B02
201600008450;1;7;0;0;2;3;1;A01
201600008451;1;3;0;0;2;7;16;A01
201600008451;1;33;0;0;2;1;1;B02
201600008452;2;1;0;0;0;4;1;B02
201600008452;2;1;0;0;0;4;1;D04
201600008452;2;1;0;0;0;4;1;C03
201600008452;2;7;0;0;9;2;1;A01
201600008453;2;33;0;0;2;1;21;A01
201600008453;2;15;0;0;0;8;15;B02
201600008454;1;7;0;6;0;1;19;A01
201600008455;2;30;0;0;2;1;1;B02
201600008455;2;7;0;0;2;5;14;A01
201600008456;0;7;0;8;0;1;0;A01
201600008457;2;7;0;0;2;5;1;B02
201600008457;2;30;0;14;0;3;2;A01
201600008458;0;7;0;6;0;1;1;A01
201600008459;1;30;0;5;0;7;14;A01
201600008460;1;10;0;0;1;2;1;A01
201600008461;0;7;0;0;1;1;1;A01
201600008462;1;1;0;0;2;4;1;B02
201600008462;1;33;0;0;2;1;1;A01
201600008463;1;7;0;0;2;1;5;A01
201600008463;2;7;0;0;2;1;1;B02
201600008464;2;7;0;0;2;1;5;A01
201600008464;1;7;0;0;2;1;1;C03
201600008464;1;10;0;0;2;8;1;B02
201600008465;2;7;0;0;2;3;1;B02
201600008465;1;30;0;0;2;1;13;A01
201600008466;1;32;0;0;2;1;1;C03
201600008466;2;7;0;0;2;1;17;A01
201600008466;1;33;0;0;2;1;1;D04
201600008466;1;32;0;0;2;7;1;B02
201600008467;1;34;0;6;0;1;13;A01
201600008468;2;33;0;0;2;0;13;B02
201600008468;1;7;0;0;2;3;1;A01
201600008469;2;7;0;0;2;3;15;B02
201600008469;1;33;0;0;2;1;1;A01
201600008470;2;33;0;0;2;1;1;B02
201600008470;1;7;0;0;2;2;17;A01
201600008471;0;7;0;13;0;0;1;A01
201600008472;0;2;0;0;2;1;9;B02
201600008472;0;7;0;0;2;3;9;A01
201600008473;2;7;0;0;1;3;15;A01
201600008474;0;7;0;0;1;2;2;A01
201600008475;1;7;0;0;1;2;1;A01
201600008476;1;33;0;2;0;1;14;A01
201600008477;0;14;0;0;1;1;1;A01
201600008478;1;7;0;0;0;4;23;A01
201600008478;1;7;0;0;0;1;1;C03
201600008478;1;1;0;0;2;1;1;B02
201600008479;1;14;0;2;0;2;1;A01
201600008480;2;31;0;0;2;1;1;B02
201600008480;1;10;0;0;2;1;11;A01
201600008481;2;1;0;0;2;6;15;B02
201600008481;2;7;0;0;2;2;1;A01
201600008482;1;10;0;0;2;3;1;A01
201600008482;2;14;0;0;2;3;1;B02
201600008483;2;7;0;0;2;8;1;B02
201600008483;2;33;0;0;2;8;13;A01
201600008484;2;7;0;0;1;2;9;A01
201600008485;0;7;0;13;0;1;14;A01
201600008486;1;7;0;0;6;4;1;B02
201600008486;1;10;0;0;2;1;1;A01
201600008487;1;7;0;0;2;2;17;A01
201600008487;2;7;0;0;2;2;1;B02
201600008488;0;7;0;0;2;7;12;B02
201600008488;0;31;0;0;2;8;1;A01
201600008489;2;30;0;0;2;1;1;B02
201600008489;1;7;0;0;2;3;19;A01
201600008490;1;7;0;2;0;1;1;A01
201600008491;1;7;0;0;2;3;15;A01
201600008491;1;31;0;0;2;2;5;B02
201600008492;1;30;0;0;2;1;1;B02
201600008492;1;7;0;0;2;3;10;A01
201600008493;1;32;0;0;2;1;15;B02
201600008493;2;7;0;0;2;7;15;A01
201600008494;0;33;0;6;0;2;1;A01
201600008495;2;30;0;0;2;1;5;A01
201600008495;1;31;0;0;2;1;1;B02
201600008496;2;7;0;2;0;5;1;A01
201600008497;2;33;0;0;1;1;17;A01
201600008498;2;7;0;2;0;3;13;A01
201600008499;0;14;0;0;1;3;1;A01
201600008500;0;32;0;0;0;3;1;A01
201600008501;1;31;0;13;0;1;17;A01
201600008502;0;7;0;2;0;2;14;A01
201600008503;2;31;0;12;0;3;1;A01
201600008504;2;7;0;6;0;2;1;A01
201600008505;2;7;0;0;0;8;10;B02
201600008505;1;2;0;0;0;1;1;A01
201600008506;0;7;0;6;0;2;17;A01
201600008507;2;33;0;0;2;1;1;A01
201600008507;0;7;0;0;2;3;15;B02
201600008508;2;33;0;2;0;9;13;A01
201600008509;1;7;0;0;2;7;9;A01
201600008509;1;33;0;0;2;3;1;B02
201600008510;1;33;0;0;0;9;16;A01
201600008511;2;31;0;8;0;3;21;A01
201600008512;1;7;0;0;0;2;15;A01
201600008512;2;33;0;0;0;1;1;B02
201600008513;2;7;0;0;2;1;15;A01
201600008513;1;7;0;0;2;1;1;B02
201600008514;2;7;0;2;0;2;1;A01
201600008515;1;7;0;0;2;1;1;C03
201600008515;2;7;0;0;2;2;1;A01
201600008515;1;7;0;0;2;3;1;B02
201600008516;2;7;0;2;0;1;13;A01
201600008517;1;7;0;0;2;1;17;A01
201600008517;2;7;0;0;2;1;1;B02
201600008518;2;7;0;0;1;2;1;A01
201600008519;1;33;0;3;0;7;14;A01
201600008520;1;7;0;0;1;2;1;A01
201600008521;2;10;0;0;2;4;17;A01
201600008521;2;30;0;0;2;1;0;B02
201600008522;1;1;0;0;2;1;2;B02
201600008522;1;1;0;0;2;4;2;A01
201600008523;1;10;0;0;1;2;1;A01
201600008524;2;10;0;4;0;1;1;A01
201600008525;2;1;0;0;2;8;15;A01
201600008525;1;7;0;0;2;1;1;B02
201600008526;0;7;0;0;2;3;9;A01
201600008526;0;32;0;0;2;1;1;B02
201600008527;0;7;0;0;2;1;1;A01
201600008527;0;7;0;0;2;1;1;B02
201600008528;1;7;0;0;2;4;2;B02
201600008528;1;33;0;0;2;1;2;A01
201600008529;1;31;0;0;2;8;12;B02
201600008529;1;7;0;0;0;0;9;A01
201600008530;1;30;0;0;0;6;1;A01
201600008530;1;7;0;0;2;2;1;B02
201600008531;2;33;0;0;2;7;15;B02
201600008531;1;7;0;0;2;8;9;A01
201600008532;1;7;0;0;2;1;1;C03
201600008532;2;14;0;0;2;3;1;B02
201600008532;1;7;0;0;2;3;1;A01
201600008533;2;7;0;0;1;1;1;A01
201600008534;2;33;0;13;0;2;14;A01
201600008535;1;32;0;0;2;1;16;B02
201600008535;1;7;0;0;0;3;9;A01
201600008536;1;1;0;0;1;1;1;A01
201600008537;0;7;0;0;9;1;0;A01
201600008537;2;1;0;0;2;1;0;B02
201600008538;0;2;0;0;2;4;1;A01
201600008538;0;14;0;0;2;3;11;B02
201600008539;0;7;0;0;0;3;1;A01
201600008539;0;1;0;0;0;0;1;B02
201600008540;0;10;0;0;1;1;1;A01
201600008541;2;7;0;0;2;1;1;A01
201600008541;1;7;0;0;2;1;17;B02