Num_Acc;senc;catv;occutc;obs;obsm;choc;manv;num_veh
201600008542;0;30;0;0;2;8;21;B02
201600008542;0;10;0;0;2;0;19;A01
201600008543;1;7;0;0;2;2;15;A01
201600008543;2;33;0;0;2;1;1;B02
201600008544;1;7;0;0;2;1;13;A01
201600008544;2;7;0;0;2;3;1;B02
201600008545;1;33;0;0;0;0;0;A01
201600008546;2;7;0;13;0;1;13;A01
201600008547;1;7;0;8;0;7;13;A01
201600008548;0;7;0;0;0;2;17;A01
201600008548;0;7;0;0;0;7;1;B02
201600008549;2;7;0;8;0;1;1;A01
201600008550;2;33;0;12;0;7;1;A01
201600008551;0;7;0;0;2;1;1;B02
201600008551;0;7;0;0;2;7;19;A01
201600008552;0;7;0;0;1;2;1;A01
201600008553;2;7;0;0;2;2;1;A01
201600008553;1;1;0;0;2;1;15;B02
201600008554;1;7;0;13;0;1;1;A01
201600008555;0;7;0;0;1;3;1;A01
201600008556;1;7;0;0;2;6;15;B02
201600008556;1;33;0;0;2;1;17;A01
201600008557;0;37;0;1;0;6;0;B02
201600008557;0;34;0;1;0;1;2;A01
201600008558;1;33;0;0;2;7;12;A01
201600008558;1;7;0;0;2;3;1;B02
201600008559;0;33;0;0;1;1;1;A01
201600008560;0;2;0;0;0;0;1;A01
201600008561;0;10;0;0;2;5;0;A01
201600008561;0;33;0;0;2;1;0;B02
201600008562;0;7;0;0;1;1;1;A01
201600008563;0;31;0;0;2;1;17;B02
201600008563;0;7;0;0;0;6;15;A01
201600008564;0;7;0;0;1;1;0;A01
201600008565;1;7;0;0;0;2;10;A01
201600008565;2;33;0;0;0;1;1;B02
201600008566;0;7;0;0;1;1;1;A01
201600008567;2;3;0;0;0;4;1;A01
201600008567;2;38;1;0;2;2;1;B02
201600008568;0;37;0;6;0;0;1;A01
201600008569;0;15;0;0;0;3;1;B02
201600008569;0;7;0;0;0;1;13;A01
201600008570;2;7;0;13;0;1;1;A01
201600008571;0;7;0;0;2;3;1;B02
201600008571;0;2;0;0;2;2;17;A01
201600008572;0;10;0;0;2;6;13;A01
201600008572;0;3;0;0;2;1;1;C03
201600008572;0;7;0;0;2;2;17;B02
201600008573;1;7;0;0;2;6;1;A01
201600008573;2;7;0;0;2;3;1;B02
201600008574;2;7;0;0;2;3;13;A01
201600008574;1;14;0;0;2;3;1;B02
201600008575;2;10;0;0;2;1;1;B02
201600008575;1;10;0;0;2;1;13;A01
201600008576;0;33;0;12;0;1;1;A01
201600008577;1;7;0;2;0;1;13;A01
201600008578;0;33;0;3;0;7;2;A01
201600008579;0;7;0;0;2;8;19;A01
201600008579;1;2;0;0;2;1;1;B02
201600008580;1;7;0;0;0;9;21;A01
201600008581;0;7;0;0;2;3;13;A01
201600008581;0;7;0;0;2;3;1;B02
201600008582;2;7;0;0;1;1;1;A01
201600008583;0;10;0;0;2;2;1;B02
201600008583;0;7;0;0;2;2;13;A01
201600008584;2;7;0;0;2;1;19;B02
201600008584;0;7;0;0;2;1;1;A01
201600008585;1;7;0;0;2;1;17;A01
201600008585;2;7;0;0;2;1;1;B02
201600008586;2;7;0;0;2;3;1;B02
201600008586;1;7;0;0;2;3;1;A01
201600008587;2;7;0;2;0;8;13;A01
201600008588;1;7;0;0;9;2;17;A01
201600008588;1;1;0;0;2;8;1;B02
201600008589;1;7;0;0;2;1;1;B02
201600008589;2;7;0;0;2;1;13;A01
201600008590;0;7;0;0;2;3;15;B02
201600008590;0;30;0;0;2;1;1;A01
201600008591;1;7;0;6;2;8;1;A01
201600008592;2;33;0;6;0;1;14;A01
201600008593;2;7;0;0;1;2;1;A01
201600008594;1;7;0;0;2;1;13;A01
201600008594;2;15;0;0;2;3;1;B02
201600008595;0;7;0;0;9;1;1;B02
201600008595;0;1;0;0;2;1;13;A01
201600008596;2;7;0;16;0;7;1;A01
201600008597;2;7;0;0;2;7;15;A01
201600008597;1;34;0;0;2;7;1;B02
201600008598;0;7;0;0;1;3;0;A01
201600008599;2;7;0;0;2;3;1;A01
201600008599;1;30;0;0;2;1;1;B02
201600008600;1;7;0;2;0;1;1;A01
201600008601;0;7;0;0;1;5;0;A01
201600008602;0;7;0;0;1;1;1;A01
201600008603;2;7;0;0;2;3;23;A01
201600008603;1;7;0;0;2;3;5;B02
201600008604;0;7;0;0;1;2;0;A01
201600008605;0;7;0;0;2;3;1;A01
201600008605;0;33;0;0;2;8;19;B02
201600008606;0;33;0;0;0;0;1;A01
201600008607;0;7;0;0;1;1;16;A01
201600008608;2;7;0;2;0;3;1;A01
201600008609;2;7;0;0;2;1;17;A01
201600008609;2;7;0;0;0;8;15;B02
201600008610;1;7;0;2;0;2;1;A01
201600008611;1;7;0;13;0;3;1;A01
201600008612;1;14;0;0;1;3;1;A01
201600008613;2;7;0;0;2;3;1;B02
201600008613;2;7;0;0;2;1;1;C03
201600008613;1;7;0;0;2;3;1;A01
201600008614;1;7;0;0;2;1;1;A01
201600008614;0;10;0;0;2;7;15;B02
201600008615;1;7;0;0;2;8;13;A01
201600008615;2;7;0;0;2;1;1;B02
201600008616;0;21;0;0;0;0;1;A01
201600008617;1;7;0;8;0;9;13;A01
201600008618;1;33;0;0;0;7;21;A01
201600008619;1;33;0;8;0;1;19;A01
201600008620;0;7;0;0;0;6;1;A01
201600008620;0;7;0;0;0;1;1;B02
201600008621;0;33;0;0;0;0;1;A01
201600008622;1;33;0;0;9;1;1;A01
201600008622;1;1;0;0;2;8;19;B02
201600008623;1;7;0;2;0;9;1;A01
201600008624;2;15;0;13;2;3;1;B02
201600008624;1;7;0;0;2;3;13;A01
201600008625;2;33;0;0;2;1;1;A01
201600008625;1;7;0;0;2;8;15;B02
201600008626;1;7;0;6;0;2;1;A01
201600008627;1;7;0;0;1;2;1;A01
201600008628;0;31;0;0;0;2;1;A01
201600008628;0;7;0;0;0;1;9;B02
201600008629;2;7;0;13;0;1;1;A01
201600008630;1;7;0;2;0;1;1;A01
201600008631;0;7;0;0;2;6;23;C03
201600008631;1;7;0;1;0;2;12;B02
201600008631;1;7;0;0;0;8;23;A01
201600008632;0;7;0;0;1;3;1;A01
201600008633;2;99;0;8;0;3;1;A01
201600008634;0;7;0;2;0;1;1;A01
201600008635;0;7;0;0;0;3;9;A01
201600008635;0;34;0;0;0;1;1;B02
201600008636;0;33;0;0;2;8;2;B02
201600008636;0;7;0;0;2;8;15;A01
201600008637;0;99;0;0;0;0;0;A01
201600008638;0;7;0;0;1;2;16;A01
201600008639;0;7;0;0;0;3;19;A01
201600008639;0;31;0;0;0;7;1;B02
201600008640;0;7;0;0;2;7;1;B02
201600008640;0;7;0;0;2;1;12;A01
201600008641;2;1;0;0;2;1;1;B02
201600008641;1;7;0;0;0;3;1;A01
201600008642;0;1;0;0;0;0;1;A01
201600008643;1;7;0;2;0;7;1;A01
201600008644;2;7;0;16;0;9;13;A01
201600008645;2;7;0;0;2;3;1;A01
201600008645;1;7;0;0;2;3;1;B02
201600008646;2;7;0;0;2;1;2;A01
201600008646;2;7;0;0;2;3;1;B02
201600008647;1;7;0;0;2;8;1;A01
201600008647;2;7;0;0;2;1;13;B02
201600008648;2;7;0;0;2;1;1;C03
201600008648;1;7;0;0;2;3;0;B02
201600008648;2;7;0;0;2;1;0;D04
201600008648;2;7;0;0;2;3;1;A01
201600008649;0;7;0;0;1;1;1;A01
201600008650;2;14;0;0;1;7;1;A01
201600008651;1;33;0;0;0;3;2;A01
201600008652;0;33;0;0;4;8;19;A01
201600008652;0;40;0;0;2;1;1;B02
201600008653;0;1;0;0;4;0;0;B02
201600008653;1;40;0;0;2;2;1;A01
201600008654;0;31;0;0;2;1;11;A01
201600008654;0;7;0;0;2;3;1;B02
201600008655;0;40;0;0;1;2;1;A01
201600008656;0;31;0;0;2;1;1;A01
201600008656;0;7;0;0;2;2;1;B02
201600008657;1;7;0;0;1;1;1;A01
201600008658;0;7;0;0;0;1;0;B02
201600008658;0;7;0;0;0;1;13;A01
201600008658;0;7;0;0;0;1;0;C03
201600008659;2;7;0;0;2;1;1;B02
201600008659;1;7;0;0;2;3;5;A01
201600008660;2;30;0;0;2;1;21;B02
201600008660;1;7;0;0;2;8;10;A01
201600008661;0;33;0;0;1;2;1;A01
201600008662;2;7;0;0;0;6;16;B02
201600008662;1;30;0;0;2;2;2;A01
201600008663;0;7;0;0;2;2;1;B02
201600008663;0;10;0;0;2;1;1;A01
201600008664;0;33;0;2;0;1;1;A01
201600008665;2;33;0;0;2;1;1;A01
201600008665;1;7;0;0;0;5;19;B02
201600008666;0;7;0;0;2;1;1;C03
201600008666;0;10;0;0;2;3;1;B02
201600008666;0;7;0;0;2;2;19;A01
201600008667;0;33;0;0;2;2;17;A01
201600008667;0;7;0;0;0;3;15;B02
201600008668;0;31;0;0;2;1;1;B02
201600008668;0;7;0;0;2;3;16;A01
201600008669;0;13;0;0;2;1;1;A01
201600008669;0;7;0;0;2;1;6;B02
201600008670;0;30;0;0;1;2;17;A01
201600008671;1;7;0;0;2;3;15;B02
201600008671;2;33;0;0;2;1;1;A01
201600008672;0;7;0;0;2;1;1;A01
201600008672;0;7;0;0;2;1;1;B02
201600008673;1;7;0;0;1;3;1;A01
201600008674;1;31;0;12;0;1;1;A01
201600008675;1;7;0;2;0;8;1;A01
201600008676;1;7;0;2;0;8;13;A01
201600008677;0;7;0;0;2;3;1;B02
201600008677;0;7;0;0;2;2;15;A01
201600008678;0;7;0;0;2;1;1;A01
201600008678;0;7;0;4;2;6;19;B02
201600008679;0;7;0;0;2;3;15;B02
201600008679;0;33;0;0;2;1;1;A01
201600008680;0;7;0;0;2;3;0;B02
201600008680;0;7;0;0;1;1;21;A01
201600008681;0;1;0;0;2;1;5;B02
201600008681;0;7;0;0;2;2;9;A01
201600008682;1;33;0;0;2;1;23;B02
201600008682;1;7;0;0;2;5;23;A01
201600008683;0;7;0;0;9;1;9;A01
201600008683;0;1;0;0;2;4;1;B02
201600008684;0;7;0;0;1;1;1;A01
201600008685;0;7;0;0;0;2;0;A01
201600008685;0;30;0;0;0;1;1;B02
201600008686;1;7;0;0;2;3;1;A01
201600008686;2;7;0;0;2;2;1;B02
201600008687;0;7;0;0;1;4;4;A01
201600008688;1;33;0;0;0;8;1;B02
201600008688;1;7;0;0;0;7;14;A01
201600008689;0;7;0;0;1;3;0;A01
201600008690;0;7;0;0;2;2;1;A01
201600008690;0;7;0;0;2;7;1;B02
201600008691;0;7;0;0;1;1;1;A01
201600008692;1;1;0;0;0;4;2;A01
201600008692;1;7;0;0;0;2;9;B02
201600008693;2;34;0;0;0;2;1;A01
201600008694;2;33;0;13;0;9;21;B02
201600008694;1;7;0;0;0;0;17;A01
201600008695;2;7;0;0;2;7;13;A01
201600008695;1;7;0;0;2;7;21;B02
201600008696;0;10;0;2;0;1;14;A01
201600008697;0;7;0;0;2;3;1;C03
201600008697;0;30;0;0;2;1;1;A01
201600008697;0;7;0;0;2;2;12;B02
201600008698;1;32;0;0;2;1;1;A01
201600008698;0;7;0;0;2;7;19;B02
201600008699;1;7;0;0;2;8;13;A01
201600008699;1;7;0;0;2;3;1;B02
201600008700;0;30;0;0;2;8;1;B02
201600008700;0;7;0;0;2;3;15;A01
201600008701;0;7;0;0;2;3;15;A01
201600008701;0;31;0;0;2;2;1;B02
201600008702;0;7;0;0;0;7;1;A01
201600008702;0;1;0;0;0;1;1;B02
201600008703;2;7;0;0;2;1;13;A01
201600008703;1;7;0;0;2;1;1;B02
201600008704;0;7;0;0;1;1;19;A01
201600008705;0;7;0;0;2;1;1;B02
201600008705;0;7;0;0;2;1;1;C03
201600008705;0;10;0;0;2;1;1;A01
201600008706;1;7;0;2;0;7;1;A01
201600008707;0;7;0;0;2;8;10;A01
201600008707;1;7;0;0;2;1;1;B02
201600008708;0;34;0;0;2;1;1;A01
201600008708;0;10;0;0;2;4;1;B02
201600008709;1;7;0;0;2;3;1;A01
201600008709;1;1;0;0;2;0;13;B02
201600008710;0;10;0;0;2;1;1;B02
201600008710;0;7;0;0;2;7;13;A01
201600008711;2;10;0;0;0;8;10;A01
201600008711;2;33;0;0;2;1;17;B02
201600008712;1;30;0;0;2;7;1;A01
201600008712;2;7;0;0;0;0;0;B02
201600008713;2;7;0;0;2;1;1;B02
201600008713;1;7;0;0;2;1;5;A01
201600008714;0;14;0;0;2;3;1;B02
201600008714;1;34;0;0;2;1;17;A01
201600008715;1;21;0;0;2;3;1;B02
201600008715;1;7;0;0;2;6;19;A01
201600008716;1;7;0;13;0;2;14;A01
201600008717;1;32;0;0;2;3;18;A01
201600008718;1;7;0;0;2;9;1;B02
201600008718;1;7;0;0;0;4;1;A01
201600008718;1;7;0;0;0;4;1;C03
201600008719;1;31;0;0;2;1;1;B02
201600008719;2;10;0;0;2;3;15;A01
201600008720;1;1;0;12;0;6;1;A01
201600008721;1;7;0;0;2;6;1;B02
201600008721;2;7;0;0;2;1;1;C03
201600008721;1;33;0;0;2;1;17;D04
201600008721;2;7;0;0;2;3;1;A01
201600008722;2;7;0;0;2;7;13;A01
201600008722;1;7;0;0;2;1;1;B02
201600008723;2;7;0;0;6;1;1;A01
201600008724;1;10;0;5;0;3;19;A01
201600008725;1;7;0;5;0;1;1;A01
201600008726;1;7;0;0;9;1;1;A01
201600008726;1;1;0;0;2;2;1;B02
201600008727;0;33;0;0;2;1;1;B02
201600008727;2;7;0;0;2;2;15;A01
201600008728;0;31;0;0;0;3;21;B02
201600008728;0;7;0;0;0;3;1;A01
201600008729;1;7;0;0;2;6;1;C03
201600008729;2;7;0;0;2;3;1;A01
201600008729;1;7;0;0;2;3;1;B02
201600008730;0;7;0;0;1;7;1;A01
201600008731;0;7;0;0;2;7;16;A01
201600008731;2;1;0;0;2;8;1;B02
201600008732;2;7;0;0;0;8;1;A01
201600008732;1;10;0;0;0;1;1;B02
201600008733;2;33;0;0;2;1;13;A01
201600008733;1;7;0;0;2;3;1;B02
201600008734;2;7;0;0;2;8;15;A01
201600008734;1;7;0;0;2;3;1;B02
201600008735;2;33;0;3;0;1;1;A01
201600008736;1;33;0;0;2;1;13;A01
201600008736;2;7;0;0;2;3;1;B02
201600008737;2;33;0;0;0;0;1;A01
201600008737;1;33;0;0;0;1;1;B02
201600008738;2;7;0;0;1;3;1;A01
201600008739;1;7;0;0;2;7;13;A01
201600008739;2;15;0;0;0;1;0;B02
201600008740;0;7;0;0;0;0;0;A01
201600008741;2;7;0;0;2;3;1;C03
201600008741;1;7;0;0;0;6;1;A01
201600008741;1;33;0;0;2;1;0;B02
201600008742;0;7;0;0;2;2;1;B02
201600008742;0;13;0;0;2;1;1;A01
201600008743;0;31;0;0;2;1;1;B02
201600008743;0;7;0;0;2;2;1;A01
201600008744;0;7;0;14;0;1;1;A01
201600008745;1;7;0;13;0;8;1;A01
201600008746;1;33;0;8;0;2;1;A01
201600008747;1;7;0;0;2;3;13;A01
201600008747;2;10;0;0;2;2;1;B02
201600008747;2;7;0;0;2;8;1;C03
201600008748;1;7;0;0;2;1;13;A01
201600008748;2;7;0;0;2;3;1;B02
201600008749;2;7;0;13;0;9;1;A01
201600008750;1;33;0;0;2;1;17;A01
201600008750;1;7;0;0;2;6;15;B02
201600008751;0;10;0;0;0;1;0;A01
201600008751;0;10;0;0;2;1;1;B02
201600008752;0;7;0;13;0;1;1;A01
201600008753;1;21;0;0;9;2;16;A01
201600008753;2;1;0;0;2;7;15;B02
201600008754;1;31;0;0;0;1;1;A01
201600008755;0;7;0;0;2;3;13;A01
201600008755;0;7;0;0;2;3;0;B02
201600008756;2;7;0;0;1;1;1;A01
201600008757;2;7;0;0;2;1;1;C03
201600008757;2;7;0;0;2;1;1;B02
201600008757;1;7;0;2;2;1;17;A01
201600008758;1;7;0;12;0;1;1;A01
201600008759;2;7;0;0;0;0;1;A01
201600008760;0;7;0;2;0;1;1;A01
201600008761;1;7;0;2;0;1;0;A01
201600008762;0;7;0;0;1;3;1;A01
201600008763;1;7;0;2;0;3;1;A01
201600008764;1;7;0;0;2;3;1;A01
201600008764;2;7;0;0;2;3;13;B02
201600008765;1;7;0;6;0;2;1;A01
201600008766;0;7;0;2;0;1;1;A01
201600008767;1;7;0;0;2;7;16;A01
201600008767;2;15;0;0;2;1;1;B02
201600008768;2;30;0;0;0;8;0;A01
201600008769;0;7;0;2;0;1;13;A01
201600008770;0;7;0;2;0;3;1;A01
201600008771;2;7;0;0;2;4;2;A01
201600008771;0;33;0;0;2;1;2;B02
201600008772;0;7;0;0;2;6;4;A01
201600008772;0;33;0;0;2;5;1;B02
201600008773;0;7;0;0;1;1;15;A01
201600008774;1;20;0;0;0;2;15;B02
201600008774;1;7;0;0;2;3;1;A01
201600008775;2;7;0;13;0;9;1;A01
201600008776;1;7;0;6;0;3;1;A01
201600008777;2;7;0;2;0;2;1;A01
201600008778;1;33;0;4;0;7;14;A01
201600008779;2;33;0;10;0;1;15;A01
201600008780;2;33;0;6;0;7;1;A01
201600008780;2;33;0;6;0;1;1;B02
201600008781;1;7;0;2;0;1;1;A01
201600008782;1;7;0;6;0;2;1;A01
201600008783;2;7;0;0;2;2;13;A01
201600008783;1;7;0;0;2;1;1;B02
201600008784;1;7;0;0;1;3;1;A01
201600008785;2;7;0;2;0;7;1;A01
201600008786;2;7;0;2;0;1;1;A01
201600008787;1;7;0;0;2;6;1;B02
201600008787;1;33;0;0;2;2;17;A01
201600008788;2;30;0;0;2;4;23;B02
201600008788;1;17;0;0;2;3;1;C03
201600008788;2;10;0;0;2;3;1;A01
201600008789;2;7;0;2;0;8;1;A01
201600008790;2;30;0;0;0;0;21;A01
201600008791;2;33;0;2;0;2;1;A01
201600008791;1;7;0;1;0;1;1;B02
201600008792;0;10;0;0;0;3;0;A01
201600008792;0;30;0;0;0;8;0;B02
201600008793;1;30;0;1;0;1;1;A01
201600008794;1;7;0;6;0;1;1;A01
201600008795;2;7;0;13;0;1;1;A01
201600008796;1;33;0;0;2;1;1;B02
201600008796;2;7;0;0;2;3;9;A01
201600008797;0;7;0;6;0;3;1;A01
201600008798;0;10;0;0;1;5;4;A01
201600008799;1;33;0;0;0;1;15;A01
201600008800;0;30;0;6;0;1;1;A01
201600008801;0;7;0;0;2;3;1;A01
201600008801;0;1;0;0;2;3;1;B02
201600008802;0;31;0;0;0;7;1;A01
201600008803;0;33;0;0;0;2;0;A01
201600008803;0;99;0;0;0;6;0;B02
201600008804;2;7;0;13;0;1;1;A01
201600008805;2;7;0;2;0;9;1;A01
201600008806;1;7;0;0;2;2;15;B02
201600008806;1;2;0;0;2;1;1;A01
201600008807;2;7;0;0;2;1;0;B02
201600008807;1;7;0;0;2;1;13;A01
201600008808;0;7;0;13;0;9;1;A01
201600008809;2;10;0;6;0;2;1;A01
201600008810;0;15;0;0;2;3;1;B02
201600008810;0;7;0;0;2;6;19;A01
201600008811;0;30;0;8;0;1;0;A01
201600008812;2;31;0;0;0;0;1;A01
201600008813;2;7;0;2;0;1;0;A01
201600008814;0;2;0;0;2;1;17;A01
201600008814;0;7;0;0;2;6;15;B02
201600008815;0;7;0;0;0;5;2;A01
201600008815;0;33;0;0;2;3;2;B02
201600008816;0;7;0;0;2;1;0;A01
201600008816;0;7;0;0;0;0;0;B02
201600008817;0;7;0;0;0;7;1;A01
201600008818;0;7;0;0;0;0;1;A01
201600008819;0;34;0;0;9;1;11;A01
201600008820;0;14;0;0;0;3;15;A01
201600008820;0;31;0;0;2;8;1;B02
201600008821;0;10;0;0;2;1;13;A01
201600008821;0;7;0;0;2;1;1;B02
201600008822;0;7;0;0;1;2;0;A01
201600008823;0;7;0;0;2;3;17;A01
201600008823;0;7;0;0;0;3;0;B02
201600008824;2;7;0;2;0;3;1;A01
201600008825;2;33;0;0;0;1;1;A01
201600008826;2;7;0;2;0;3;1;A01
201600008827;0;33;0;0;0;0;2;A01
201600008828;0;30;0;0;2;2;13;B02
201600008828;0;10;0;0;2;1;1;A01
201600008829;0;1;0;0;2;7;1;A01
201600008829;0;7;0;0;2;1;1;B02
201600008830;1;7;0;0;2;1;5;A01
201600008830;2;7;0;0;2;1;1;B02
201600008831;1;7;0;0;2;1;1;C03
201600008831;1;7;0;0;2;4;1;A01
201600008831;1;7;0;0;2;4;1;B02
201600008832;2;7;0;0;2;8;1;B02
201600008832;2;2;0;0;2;3;17;A01
201600008833;1;7;0;0;2;1;16;A01
201600008833;1;14;0;0;2;8;1;B02
201600008834;2;7;0;0;0;4;17;B02
201600008834;2;10;0;0;2;1;2;A01
201600008834;2;7;0;0;2;8;1;C03
201600008835;1;30;0;0;0;1;2;A01
201600008835;1;7;0;0;0;4;23;B02
201600008836;1;33;0;0;0;1;1;A01
201600008837;1;10;0;0;0;1;13;A01
201600008837;2;10;0;0;2;1;1;B02
201600008838;0;7;0;0;1;3;1;A01
201600008839;2;7;0;0;0;2;14;A01
201600008840;1;7;0;0;2;9;17;A01
201600008840;1;38;10;0;2;8;1;D04
201600008840;2;10;0;0;2;1;1;B02
201600008840;2;7;0;0;2;8;1;C03
201600008841;1;33;0;0;2;1;1;B02
201600008841;1;7;0;0;0;6;19;A01
201600008842;2;33;0;12;0;1;1;A01
201600008843;2;7;0;6;0;1;0;A01
201600008844;1;7;0;2;0;2;0;A01
201600008845;2;32;0;6;0;2;0;A01
201600008846;0;31;0;11;0;2;1;A01
201600008847;2;7;0;0;2;3;0;B02
201600008847;1;7;0;0;2;3;13;A01
201600008848;1;33;0;0;2;7;1;B02
201600008848;1;7;0;0;2;8;9;A01
201600008849;2;7;0;0;0;1;1;B02
201600008849;1;7;0;0;2;1;15;A01
201600008850;2;7;0;0;1;3;1;A01
201600008851;0;1;0;12;0;1;0;A01
201600008852;1;33;0;14;0;1;2;A01
201600008853;1;1;0;0;2;4;1;B02
201600008853;1;10;0;0;2;1;1;A01
201600008854;2;7;0;2;0;7;1;A01
201600008855;2;10;0;0;2;3;15;A01
201600008855;1;33;0;0;2;1;1;B02
201600008856;2;36;0;0;9;2;2;A01
201600008857;1;7;0;2;0;8;14;A01
201600008858;1;31;0;6;0;1;0;A01
201600008859;2;30;0;0;2;1;1;B02
201600008859;1;7;0;0;2;8;13;A01
201600008860;1;14;0;0;2;1;1;B02
201600008860;2;7;0;0;2;1;13;A01
201600008861;1;7;0;0;2;7;1;A01
201600008861;1;33;0;0;2;1;1;B02
201600008862;2;7;0;0;2;1;1;B02
201600008862;1;7;0;0;0;8;19;A01
201600008863;0;10;0;0;2;8;1;B02
201600008863;0;30;0;0;2;1;19;A01
201600008864;1;7;0;16;0;9;14;A01
201600008865;2;7;0;0;2;6;15;A01
201600008865;2;33;0;0;2;1;17;B02
201600008866;2;7;0;0;2;3;1;B02
201600008866;2;33;0;0;2;0;17;A01
201600008867;0;7;0;0;2;5;1;A01
201600008867;0;10;0;0;2;7;1;B02
201600008868;1;7;0;2;0;2;1;A01
201600008869;1;7;0;2;0;1;0;A01
201600008870;1;7;0;13;0;9;1;A01
201600008871;2;7;0;3;0;9;1;A01
201600008872;2;7;0;0;2;3;17;A01
201600008872;1;7;0;0;2;3;1;B02
201600008873;2;7;0;0;2;1;2;B02
201600008873;2;7;0;6;0;3;1;A01
201600008874;0;7;0;2;0;9;21;A01
201600008875;1;33;0;0;0;8;1;A01
201600008876;2;7;0;0;2;3;1;B02
201600008876;1;7;0;0;2;3;13;A01
201600008877;2;7;0;11;0;4;1;A01
201600008878;1;7;0;16;0;9;1;A01
201600008879;2;7;0;2;0;8;1;A01
201600008880;1;7;0;0;2;8;19;A01
201600008880;1;7;0;0;2;1;1;B02
201600008881;1;10;0;0;2;1;13;A01
201600008881;2;7;0;0;2;1;1;B02
201600008882;1;7;0;2;0;1;14;A01
201600008883;1;7;0;2;0;1;1;A01
201600008884;2;33;0;8;0;1;13;A01
201600008885;2;7;0;13;0;1;1;A01
201600008886;1;7;0;0;9;2;1;A01
201600008886;1;1;0;0;2;4;2;B02
201600008887;1;7;0;2;2;8;17;A01
201600008887;1;15;0;2;2;8;1;B02
201600008888;2;7;0;2;0;2;0;A01
201600008889;2;7;0;0;2;6;2;B02
201600008889;2;33;0;0;2;1;2;A01
201600008890;0;31;0;6;0;1;1;A01
201600008891;2;33;0;3;0;2;2;A01
201600008892;1;7;0;0;2;3;1;B02
201600008892;2;33;0;8;2;1;14;A01
201600008893;2;10;0;0;2;1;1;B02
201600008893;1;10;0;0;2;1;13;A01
201600008894;1;7;0;0;2;7;13;A01
201600008894;2;7;0;0;2;1;1;B02
201600008895;2;7;0;0;1;1;1;A01
201600008896;1;7;0;0;0;3;13;A01
201600008896;2;7;0;0;0;3;1;B02
201600008897;0;7;0;0;1;8;1;A01
201600008898;2;7;0;2;0;5;1;A01
201600008899;2;7;0;0;2;3;1;B02
201600008899;1;7;0;2;2;3;11;A01
201600008900;2;7;0;2;0;2;1;A01
201600008901;2;7;0;2;0;2;1;A01
201600008902;1;7;0;16;0;2;1;A01
201600008903;1;30;0;0;0;0;17;A01
201600008904;1;7;0;0;2;1;0;B02
201600008904;2;7;0;0;2;1;5;A01
201600008905;1;7;0;0;1;1;1;A01
201600008906;2;7;0;6;0;1;1;A01
201600008907;1;33;0;4;0;1;1;A01
201600008908;2;99;0;0;2;2;1;A01
201600008908;1;33;0;0;2;1;5;B02
201600008909;1;33;0;4;0;1;1;A01
201600008910;1;7;0;0;2;1;1;B02
201600008910;2;7;0;0;2;1;17;A01
201600008911;2;7;0;8;0;5;1;A01
201600008912;1;33;0;0;2;3;13;A01
201600008912;2;7;0;0;2;3;1;B02
201600008913;2;7;0;2;0;7;14;A01
201600008914;0;1;0;0;2;1;1;B02
201600008914;0;7;0;0;9;3;1;A01
201600008915;1;10;0;2;0;7;1;A01
201600008916;1;10;0;0;1;1;1;A01
201600008917;2;33;0;0;6;0;0;A01
201600008918;2;7;0;13;0;9;1;A01
201600008919;1;32;0;0;2;1;19;A01
201600008919;1;7;0;0;2;3;1;B02
201600008920;1;7;0;0;2;1;13;B02
201600008920;2;99;0;0;2;1;0;A01
201600008921;1;30;0;0;2;1;1;A01
201600008921;1;7;0;0;2;4;1;B02
201600008922;0;10;0;0;2;3;15;B02
201600008922;0;10;0;0;2;1;1;A01
201600008923;2;7;0;10;0;1;14;A01
201600008924;2;7;0;0;2;1;1;B02
201600008924;1;7;0;0;2;1;13;A01
201600008925;2;33;0;0;2;1;1;A01
201600008925;1;7;0;0;2;2;19;B02
201600008926;2;7;0;6;0;1;1;A01
201600008927;1;7;0;6;0;1;0;A01
201600008928;1;36;0;13;0;9;14;A01
201600008929;2;30;0;13;0;1;13;A01
201600008930;2;7;0;2;0;3;1;A01
201600008931;1;7;0;2;0;2;0;A01
201600008932;1;7;0;0;2;3;15;A01
201600008932;1;33;0;0;2;7;17;B02
201600008933;1;7;0;0;2;1;1;A01
201600008933;1;7;0;0;2;8;19;B02
201600008934;1;15;0;0;2;1;1;B02
201600008934;2;10;0;0;2;2;13;A01
201600008935;2;30;0;0;2;7;1;B02
201600008935;0;7;0;0;2;1;1;A01
201600008936;2;7;0;6;0;3;1;A01
201600008937;1;7;0;13;0;8;1;A01
201600008938;1;10;0;0;2;2;1;A01
201600008938;1;33;0;0;2;3;19;B02
201600008939;2;10;0;0;2;4;23;A01
201600008939;2;7;0;0;2;1;23;B02
201600008939;2;10;0;1;0;1;1;C03
201600008940;1;33;0;13;0;1;1;A01
201600008941;1;7;0;0;2;1;1;A01
201600008941;2;7;0;0;2;2;19;B02
201600008942;2;14;0;13;0;1;0;A01
201600008943;1;7;0;0;1;1;15;A01
201600008944;1;7;0;0;2;2;13;A01
201600008944;2;7;0;0;2;7;1;B02
201600008945;1;7;0;10;0;3;13;A01
201600008946;1;10;0;0;0;1;2;A01