Num_Acc;senc;catv;occutc;obs;obsm;choc;manv;num_veh
201600008946;1;10;0;0;0;4;2;B02
201600008946;1;1;0;0;0;4;2;C03
201600008947;2;7;0;0;2;3;1;A01
201600008947;2;7;0;0;2;2;21;B02
201600008948;1;7;0;0;2;1;2;A01
201600008948;1;7;0;0;2;4;2;B02
201600008948;1;7;0;0;2;4;2;C03
201600008949;0;1;0;0;9;3;18;B02
201600008949;0;1;0;0;9;7;16;A01
201600008950;1;31;0;3;0;3;17;A01
201600008951;1;7;0;2;0;8;1;A01
201600008952;2;7;0;0;2;1;13;A01
201600008952;1;10;0;0;0;1;1;B02
201600008953;1;7;0;0;2;2;1;B02
201600008953;1;7;0;0;2;3;19;A01
201600008954;2;10;0;0;2;3;1;B02
201600008954;1;7;0;0;2;3;1;A01
201600008955;1;7;0;0;2;1;1;A01
201600008955;2;7;0;0;2;3;1;B02
201600008956;0;7;0;4;0;1;0;A01
201600008957;0;1;0;0;2;4;2;B02
201600008957;0;7;0;0;2;0;0;A01
201600008958;2;7;0;0;2;2;2;A01
201600008958;2;1;0;0;2;8;2;B02
201600008959;1;30;0;0;1;1;1;A01
201600008960;0;7;0;16;2;1;1;B02
201600008960;0;7;0;0;2;8;15;A01
201600008961;2;10;0;0;9;3;5;A01
201600008961;1;1;0;0;2;1;1;B02
201600008962;0;7;0;4;0;1;1;A01
201600008963;2;7;0;0;2;3;13;A01
201600008963;2;7;0;0;2;6;2;C03
201600008963;1;10;0;0;2;3;1;B02
201600008964;0;10;0;1;1;2;21;A01
201600008965;1;7;0;0;2;1;13;A01
201600008965;2;7;0;0;2;5;21;B02
201600008966;2;7;0;2;0;1;13;A01
201600008967;0;7;0;0;2;1;15;A01
201600008967;0;7;0;0;2;1;1;B02
201600008968;2;7;0;0;2;3;13;B02
201600008968;1;7;0;0;2;3;1;A01
201600008969;1;7;0;0;2;3;1;B02
201600008969;1;7;0;0;2;2;6;A01
201600008970;0;7;0;8;0;3;1;A01
201600008971;2;7;0;13;0;9;19;A01
201600008972;1;7;0;0;2;1;1;B02
201600008972;2;7;0;0;2;1;13;A01
201600008973;2;31;0;0;0;8;15;A01
201600008974;0;7;0;0;2;5;5;A01
201600008974;0;7;0;0;2;3;1;B02
201600008975;1;7;0;0;2;1;1;B02
201600008975;2;7;0;0;2;6;19;A01
201600008976;1;7;0;10;0;7;1;A01
201600008977;2;7;0;0;2;1;13;A01
201600008977;2;7;0;0;2;1;1;B02
201600008978;2;7;0;0;2;3;13;A01
201600008978;1;7;0;0;2;1;1;B02
201600008979;0;14;0;6;0;7;1;A01
201600008980;2;7;0;13;0;2;1;A01
201600008981;2;33;0;0;2;5;17;A01
201600008981;2;10;0;0;2;3;15;B02
201600008982;0;7;0;0;2;3;13;B02
201600008982;0;10;0;0;2;3;1;A01
201600008983;1;7;0;0;2;1;13;A01
201600008983;2;7;0;0;2;1;1;B02
201600008984;1;7;0;0;2;3;2;B02
201600008984;2;32;0;0;2;1;17;A01
201600008985;0;7;0;0;1;3;15;A01
201600008986;1;7;0;16;0;9;1;A01
201600008987;0;30;0;0;2;1;1;A01
201600008987;0;7;0;0;2;3;15;B02
201600008988;2;1;0;0;0;0;1;A01
201600008989;0;30;0;12;0;2;14;A01
201600008990;0;7;0;0;0;4;15;B02
201600008990;0;33;0;0;2;1;1;A01
201600008991;1;33;0;0;2;1;1;B02
201600008991;0;7;0;0;2;3;15;A01
201600008992;1;7;0;0;2;2;13;A01
201600008992;1;1;0;0;2;8;15;B02
201600008993;1;7;0;0;2;6;15;A01
201600008993;1;33;0;0;2;1;1;B02
201600008994;0;2;0;0;2;1;9;B02
201600008994;0;7;0;0;0;2;15;A01
201600008995;1;7;0;6;0;8;1;A01
201600008996;1;17;0;0;0;0;0;A01
201600008997;2;10;0;0;2;3;15;B02
201600008997;1;31;0;0;2;3;1;A01
201600008998;2;33;0;0;2;2;0;A01
201600008998;0;7;0;0;2;8;19;B02
201600008999;0;2;0;0;2;1;13;A01
201600008999;0;10;0;0;2;1;0;B02
201600009000;1;7;0;0;5;1;1;A01
201600009001;1;7;0;6;0;2;1;A01
201600009002;1;33;0;0;0;2;16;A01
201600009003;2;7;0;0;2;3;13;A01
201600009003;1;33;0;0;2;1;0;B02
201600009004;1;7;0;0;2;4;1;B02
201600009004;1;33;0;0;2;1;1;A01
201600009005;2;1;0;0;0;1;1;A01
201600009006;2;33;0;0;2;1;17;A01
201600009006;1;7;0;0;2;3;1;B02
201600009007;1;33;0;0;2;6;5;A01
201600009007;2;7;0;0;2;3;1;B02
201600009007;2;7;0;0;2;3;1;C03
201600009008;0;14;0;2;0;1;1;A01
201600009009;1;7;0;16;0;9;1;A01
201600009010;1;7;0;0;2;1;1;B02
201600009010;2;7;0;0;2;7;13;A01
201600009011;2;10;0;0;2;3;15;A01
201600009011;1;33;0;0;2;1;1;B02
201600009012;2;7;0;6;0;1;14;A01
201600009013;1;10;0;0;2;7;16;A01
201600009013;1;2;0;0;2;1;1;B02
201600009014;2;7;0;0;2;3;1;B02
201600009014;1;7;0;0;2;2;1;A01
201600009015;1;7;0;0;0;2;15;A01
201600009015;2;31;0;0;2;1;1;B02
201600009016;2;10;0;5;0;8;13;A01
201600009017;1;7;0;0;2;3;1;C03
201600009017;2;7;0;0;2;5;15;B02
201600009017;2;33;0;0;2;1;1;A01
201600009018;2;7;0;6;0;1;14;A01
201600009019;1;7;0;0;0;1;2;A01
201600009019;1;1;0;0;0;4;2;B02
201600009020;2;7;0;2;0;2;13;A01
201600009021;1;33;0;0;2;2;1;B02
201600009021;1;10;0;0;2;8;17;A01
201600009022;2;14;0;0;2;3;21;C03
201600009022;1;7;0;0;2;3;13;A01
201600009022;2;10;0;0;2;3;5;B02
201600009023;1;7;0;0;2;1;13;A01
201600009023;2;7;0;0;2;2;0;B02
201600009023;2;7;0;0;2;6;0;C03
201600009024;1;7;0;2;2;2;17;B02
201600009024;1;7;0;0;2;6;13;A01
201600009025;0;33;0;0;2;1;17;A01
201600009025;0;14;0;0;2;3;15;B02
201600009026;0;30;0;0;2;1;1;A01
201600009026;0;7;0;0;2;3;15;B02
201600009027;0;7;0;0;1;4;4;A01
201600009028;1;10;0;0;0;9;0;A01
201600009029;2;33;0;0;2;1;1;B02
201600009029;0;7;0;0;2;3;1;A01
201600009030;1;31;0;8;0;1;1;A01
201600009031;1;33;0;0;6;1;2;A01
201600009032;0;30;0;0;0;8;0;A01
201600009033;2;2;0;0;2;1;1;B02
201600009033;1;7;0;0;2;1;15;A01
201600009034;1;7;0;0;2;1;15;B02
201600009034;1;7;0;0;2;1;1;A01
201600009035;0;7;0;0;2;1;23;A01
201600009036;0;7;0;0;2;3;1;A01
201600009036;0;31;0;0;2;1;14;B02
201600009037;0;33;0;0;2;1;1;A01
201600009037;0;7;0;0;2;2;1;B02
201600009038;1;17;0;0;2;3;1;C03
201600009038;2;7;0;0;2;3;1;B02
201600009038;1;7;0;6;2;3;17;A01
201600009039;1;7;0;0;2;1;13;A01
201600009039;2;7;0;0;2;1;1;B02
201600009040;1;33;0;0;2;1;15;A01
201600009040;2;7;0;0;2;3;1;B02
201600009041;1;10;0;0;2;3;13;A01
201600009041;2;7;0;0;2;3;0;B02
201600009042;0;33;0;0;0;1;2;B02
201600009042;0;7;0;0;0;5;15;A01
201600009043;1;33;0;13;0;9;1;A01
201600009044;1;33;0;0;2;4;2;B02
201600009044;1;7;0;0;2;2;2;A01
201600009045;1;7;0;2;0;3;1;A01
201600009046;2;7;0;2;0;8;1;A01
201600009047;1;33;0;13;0;7;13;A01
201600009048;1;7;0;2;0;7;0;A01
201600009049;2;7;0;0;2;1;1;B02
201600009049;1;7;0;0;2;7;13;A01
201600009050;1;7;0;0;2;3;13;A01
201600009050;2;7;0;0;2;3;1;B02
201600009051;2;7;0;0;2;6;13;A01
201600009051;1;7;0;0;2;3;1;B02
201600009052;0;36;0;0;2;1;2;A01
201600009052;0;7;0;0;2;4;2;B02
201600009053;0;7;0;0;2;4;1;A01
201600009053;0;33;0;0;2;1;1;B02
201600009054;2;7;0;13;0;1;0;A01
201600009055;1;7;0;0;2;6;0;B02
201600009055;2;7;0;0;2;2;13;A01
201600009056;1;7;0;0;0;1;1;A01
201600009057;2;10;0;0;2;5;15;A01
201600009057;1;33;0;0;2;1;1;B02
201600009058;1;7;0;0;2;6;21;B02
201600009058;2;15;0;0;2;1;1;C03
201600009058;2;14;0;0;0;6;2;D04
201600009058;2;7;0;0;2;2;17;A01
201600009059;0;7;0;16;0;9;1;A01
201600009060;0;7;0;2;0;7;1;A01
201600009061;2;7;0;0;2;8;1;C03
201600009061;2;7;0;0;2;1;1;B02
201600009061;1;7;0;0;2;1;13;A01
201600009062;1;7;0;0;2;3;13;A01
201600009062;2;7;0;0;2;3;1;B02
201600009063;2;36;0;3;0;2;1;A01
201600009064;0;7;0;0;0;0;1;A01
201600009065;2;2;0;6;0;0;1;A01
201600009066;1;7;0;16;0;7;13;A01
201600009067;0;7;0;0;2;3;15;A01
201600009067;1;31;0;0;2;1;1;B02
201600009068;0;33;0;0;2;7;1;B02
201600009068;0;7;0;0;2;3;15;A01
201600009069;0;10;0;0;1;1;1;A01
201600009070;1;7;0;2;0;8;1;A01
201600009071;2;7;0;0;0;4;23;A01
201600009071;2;33;0;0;2;1;2;B02
201600009072;2;7;0;13;0;2;1;A01
201600009073;2;33;0;0;2;1;17;A01
201600009073;1;7;0;0;2;3;1;B02
201600009074;0;20;0;15;0;2;14;A01
201600009075;0;33;0;0;2;1;19;A01
201600009075;1;7;0;0;2;3;1;B02
201600009076;1;17;0;0;2;4;2;B02
201600009076;1;7;0;0;2;1;2;A01
201600009077;0;7;0;0;0;3;19;A01
201600009077;1;7;0;0;2;1;1;B02
201600009078;1;7;0;13;0;9;13;A01
201600009079;1;7;0;13;0;2;1;A01
201600009080;0;14;0;0;1;2;0;A01
201600009081;2;7;0;0;2;2;15;A01
201600009081;1;30;0;0;2;1;1;B02
201600009082;1;7;0;0;0;4;23;A01
201600009082;1;33;0;0;2;1;1;C03
201600009082;1;10;0;0;2;1;1;B02
201600009083;2;7;0;0;2;2;1;B02
201600009083;1;7;0;0;2;1;1;A01
201600009084;2;10;0;0;2;8;1;B02
201600009084;1;33;0;0;2;0;13;A01
201600009085;1;7;0;0;2;3;13;A01
201600009085;2;7;0;0;2;3;1;B02
201600009086;2;33;0;0;2;8;18;B02
201600009086;2;33;0;0;2;7;1;A01
201600009087;2;13;0;3;0;5;12;A01
201600009087;2;7;0;0;2;1;2;B02
201600009088;2;33;0;16;0;1;1;A01
201600009088;2;33;0;16;0;1;1;B02
201600009089;0;7;0;0;2;1;13;A01
201600009089;1;7;0;0;2;1;1;B02
201600009090;0;7;0;2;0;7;1;A01
201600009091;0;10;0;13;0;0;17;A01
201600009092;2;7;0;0;2;1;1;A01
201600009092;1;7;0;0;2;1;1;B02
201600009093;2;33;0;10;0;1;1;A01
201600009094;0;7;0;6;0;8;15;A01
201600009095;2;1;0;0;2;1;0;B02
201600009095;1;10;0;0;9;8;13;A01
201600009096;2;33;0;0;9;1;1;A01
201600009096;1;1;0;0;2;7;15;B02
201600009097;0;33;0;0;2;3;13;A01
201600009097;1;7;0;0;2;3;13;B02
201600009098;2;7;0;2;0;2;1;A01
201600009099;1;7;0;7;0;1;1;A01
201600009100;1;7;0;0;0;7;1;A01
201600009101;1;2;0;0;2;3;13;A01
201600009101;2;7;0;0;2;3;1;B02
201600009102;2;7;0;0;2;3;13;A01
201600009102;1;31;0;0;2;8;1;B02
201600009103;2;7;0;0;2;1;1;B02
201600009103;1;7;0;0;2;1;13;A01
201600009104;1;7;0;10;0;1;14;A01
201600009105;1;7;0;0;1;2;1;A01
201600009106;1;7;0;0;0;0;1;A01
201600009107;1;7;0;6;2;0;1;A01
201600009107;1;7;0;6;2;0;17;B02
201600009108;2;7;0;0;2;1;1;B02
201600009108;1;7;0;0;2;8;13;A01
201600009108;2;7;0;0;0;0;1;C03
201600009109;2;14;0;13;2;1;21;B02
201600009109;1;7;0;0;2;3;9;A01
201600009110;0;36;0;0;0;0;1;A01
201600009111;1;10;0;0;2;3;1;B02
201600009111;2;7;0;0;2;3;13;A01
201600009112;2;7;0;0;1;2;2;A01
201600009113;1;7;0;2;0;3;1;A01
201600009114;0;31;0;0;2;1;1;A01
201600009114;0;7;0;0;2;8;15;B02
201600009115;2;1;0;0;2;1;1;B02
201600009115;1;7;0;0;2;3;15;A01
201600009116;2;33;0;0;0;0;2;A01
201600009117;2;33;0;0;2;9;13;A01
201600009117;1;7;0;0;2;3;1;B02
201600009118;2;7;0;0;2;1;1;B02
201600009118;1;33;0;13;2;9;13;A01
201600009119;1;7;0;6;0;2;1;A01
201600009120;2;33;0;0;0;0;0;A01
201600009121;2;7;0;13;0;1;1;A01
201600009122;2;33;0;14;0;7;1;A01
201600009123;2;33;0;13;0;3;1;A01
201600009124;1;33;0;13;0;1;1;A01
201600009125;1;33;0;0;0;3;0;A01
201600009126;1;7;0;6;0;1;1;A01
201600009127;1;7;0;16;0;9;1;A01
201600009128;1;7;0;2;0;8;1;A01
201600009129;2;7;0;0;2;1;13;A01
201600009129;1;14;0;0;2;0;1;B02
201600009130;0;7;0;0;1;3;1;A01
201600009131;1;7;0;3;0;1;0;A01
201600009132;2;7;0;2;0;1;14;A01
201600009133;1;21;0;0;2;6;15;B02
201600009133;1;10;0;0;2;3;17;A01
201600009134;2;30;0;12;0;3;16;A01
201600009135;1;7;0;0;2;1;15;A01
201600009135;2;7;0;0;2;3;1;B02
201600009136;2;7;0;8;0;1;1;A01
201600009137;0;7;0;0;1;0;1;A01
201600009138;0;7;0;0;1;8;1;A01
201600009139;0;33;0;0;2;1;1;B02
201600009139;0;7;0;0;2;1;15;A01
201600009140;1;7;0;0;2;1;1;C03
201600009140;2;7;0;1;2;1;18;A01
201600009141;1;32;0;0;2;8;10;A01
201600009141;1;7;0;0;2;1;1;B02
201600009142;0;34;0;0;2;4;2;B02
201600009142;0;10;0;0;2;1;2;A01
201600009143;1;7;0;0;2;3;1;A01
201600009143;2;7;0;0;2;3;13;B02
201600009144;1;10;0;13;0;8;1;A01
201600009145;1;7;0;0;2;1;2;A01
201600009145;1;7;0;0;2;4;2;B02
201600009146;0;7;0;0;2;3;1;A01
201600009146;;1;0;;;;;B01
201600009147;2;7;0;0;2;0;1;B02
201600009147;1;7;0;0;2;2;1;A01
201600009148;1;7;0;0;1;1;1;A01
201600009149;0;7;0;0;2;1;1;B02
201600009149;0;7;0;0;1;4;16;A01
201600009150;1;33;0;11;0;1;13;A01
201600009151;1;10;0;0;2;4;1;C03
201600009151;1;7;0;0;2;4;1;D04
201600009151;1;7;0;0;2;4;23;B02
201600009151;1;7;0;0;2;1;1;A01
201600009152;1;32;0;0;2;1;13;A01
201600009152;2;7;0;0;2;3;1;B02
201600009153;1;21;0;0;0;0;17;A01
201600009154;1;7;0;0;2;1;1;A01
201600009154;2;10;0;0;2;1;1;B02
201600009155;1;31;0;0;2;8;1;B02
201600009155;1;7;0;0;2;2;1;A01
201600009156;0;7;0;0;2;2;1;A01
201600009156;0;31;0;0;2;1;1;B02
201600009157;0;10;0;0;2;7;4;A01
201600009157;1;34;0;0;2;1;1;B02
201600009158;0;7;0;0;2;2;1;B02
201600009158;0;31;0;6;2;3;2;A01
201600009159;2;7;0;13;0;2;1;A01
201600009160;2;7;0;0;2;3;23;B02
201600009160;1;33;0;0;2;1;21;A01
201600009161;0;7;0;0;2;1;1;C03
201600009161;0;7;0;0;0;4;1;A01
201600009161;0;31;0;0;2;1;1;B02
201600009162;0;31;0;0;0;1;1;A01
201600009163;0;7;0;0;1;2;1;A01
201600009164;1;7;0;3;0;7;1;A01
201600009165;2;7;0;4;0;2;1;A01
201600009166;0;7;0;5;0;1;1;A01
201600009167;0;34;0;6;0;1;1;A01
201600009168;0;7;0;0;1;1;1;A01
201600009169;0;30;0;0;2;7;13;A01
201600009169;0;10;0;0;0;7;0;B02
201600009170;0;7;0;0;2;8;1;C03
201600009170;0;7;0;0;2;1;1;A01
201600009170;0;7;0;0;2;1;1;B02
201600009171;1;7;0;0;2;2;17;A01
201600009171;1;7;0;0;2;6;1;B02
201600009172;0;7;0;0;2;1;1;B02
201600009172;0;7;0;0;2;6;1;A01
201600009173;1;7;0;13;0;2;1;A01
201600009174;0;33;0;0;2;1;1;B02
201600009174;0;10;0;0;2;2;15;A01
201600009175;0;1;0;0;2;8;15;B02
201600009175;0;10;0;0;9;1;1;A01
201600009176;1;7;0;0;2;3;17;A01
201600009176;2;7;0;0;2;3;1;B02
201600009177;1;7;0;13;0;9;1;A01
201600009178;0;31;0;5;0;1;1;A01
201600009179;0;7;0;0;2;5;16;B02
201600009179;0;33;0;0;2;1;21;A01
201600009180;2;7;0;0;0;3;0;B02
201600009180;1;7;0;0;2;3;5;A01
201600009181;1;31;0;0;0;0;0;A01
201600009182;1;7;0;1;0;2;1;A01
201600009182;1;30;0;0;0;4;24;B02
201600009183;1;7;0;0;2;3;1;B02
201600009183;2;7;0;0;2;3;13;A01
201600009184;1;7;0;0;1;2;1;A01
201600009185;2;7;0;0;2;1;1;B02
201600009185;1;7;0;0;0;2;13;A01
201600009186;1;7;0;0;1;2;1;A01
201600009187;1;31;0;0;2;1;11;B02
201600009187;1;7;0;0;2;4;11;A01
201600009188;1;7;0;6;2;1;17;B02
201600009188;1;7;0;0;2;3;15;A01
201600009189;0;7;0;0;1;2;1;A01
201600009190;1;33;0;0;0;1;1;A01
201600009191;1;7;0;0;1;7;1;A01
201600009192;;7;0;0;2;1;0;B02
201600009192;0;3;0;0;2;1;0;A01
201600009193;1;7;0;0;2;1;5;A01
201600009193;2;10;0;0;2;2;1;B02
201600009194;0;7;0;0;1;1;19;A01
201600009195;1;33;0;0;2;1;1;B02
201600009195;2;7;0;0;2;1;15;A01
201600009196;2;33;0;0;2;1;11;B02
201600009196;2;10;0;0;2;3;10;A01
201600009197;0;7;0;2;0;1;14;A01
201600009198;1;7;0;0;2;3;1;B02
201600009198;2;7;0;0;2;3;13;A01
201600009199;0;7;0;0;9;2;1;A01
201600009199;0;1;0;0;0;4;2;B02
201600009200;1;10;0;0;2;7;15;A01
201600009200;1;31;0;0;2;1;1;B02
201600009200;0;14;0;0;2;1;1;C03
201600009201;0;31;0;0;2;1;13;A01
201600009201;0;7;0;0;2;2;16;B02
201600009202;0;7;0;2;0;3;13;A01
201600009203;1;31;0;16;0;8;19;A01
201600009203;2;7;0;0;2;3;1;B02
201600009204;1;17;0;0;0;0;0;A01
201600009205;2;7;0;0;2;1;13;A01
201600009205;1;7;0;0;2;1;1;B02
201600009206;0;7;0;0;1;1;1;A01
201600009207;2;7;0;0;1;2;14;A01
201600009208;2;7;0;0;2;3;13;A01
201600009208;1;7;0;0;2;3;1;B02
201600009209;1;33;0;0;2;1;1;B02
201600009209;1;7;0;0;2;3;9;A01
201600009210;2;33;0;13;0;1;1;A01
201600009211;0;2;0;0;0;8;1;A01
201600009212;1;7;0;1;0;2;1;A01
201600009213;1;7;0;8;0;1;14;A01
201600009214;2;7;0;0;2;8;1;B02
201600009214;1;7;0;0;2;1;5;A01
201600009214;2;7;0;0;2;0;1;C03
201600009215;1;7;0;0;2;1;1;B02
201600009215;1;7;0;0;2;1;5;A01
201600009216;2;7;0;0;2;6;13;A01
201600009216;1;7;0;0;2;1;1;B02
201600009217;1;31;0;0;2;1;17;A01
201600009217;2;7;0;0;2;1;1;B02
201600009218;1;7;0;0;2;3;1;B02
201600009218;2;7;0;0;2;3;13;A01
201600009219;1;7;0;10;1;2;1;A01
201600009220;1;7;0;0;2;1;13;A01
201600009220;2;7;0;0;2;3;1;B02
201600009221;1;10;0;0;0;6;2;B02
201600009221;2;7;0;0;0;2;5;C03
201600009221;1;33;0;0;2;1;2;A01
201600009222;2;7;0;0;1;2;1;A01
201600009223;1;7;0;0;1;1;1;A01
201600009224;2;7;0;0;2;3;1;B02
201600009224;1;7;0;0;2;3;13;A01
201600009225;2;7;0;3;2;3;16;A01
201600009225;1;7;0;3;2;3;1;B02
201600009226;0;7;0;4;0;2;1;A01
201600009227;1;7;0;0;2;1;13;A01
201600009227;2;7;0;0;2;1;1;B02
201600009228;1;7;0;0;2;9;1;A01
201600009228;2;7;0;0;0;1;0;B02
201600009229;2;7;0;0;2;3;1;B02
201600009229;1;7;0;0;2;3;17;A01
201600009230;1;7;0;0;2;8;1;C03
201600009230;1;7;0;0;2;8;1;B02
201600009230;2;7;0;0;2;1;13;A01
201600009231;1;7;0;1;0;3;0;A01
201600009232;0;3;0;2;0;2;0;A01
201600009233;1;33;0;12;0;1;0;A01
201600009234;2;7;0;0;2;1;15;A01
201600009234;1;32;0;0;2;8;1;B02
201600009235;1;30;0;2;0;1;13;A01
201600009236;2;33;0;5;0;1;14;A01
201600009237;1;7;0;0;2;1;9;A01
201600009237;2;31;0;0;2;3;17;B02
201600009238;1;7;0;0;2;3;1;A01
201600009238;2;33;0;0;2;3;1;B02
201600009239;1;7;0;0;2;1;1;A01
201600009239;1;7;0;0;2;4;1;B02
201600009240;2;7;0;0;2;2;15;A01
201600009240;2;32;0;0;0;1;1;B02
201600009241;2;7;0;0;2;3;15;A01
201600009241;1;33;0;0;2;1;17;B02
201600009242;1;31;0;0;2;1;2;A01
201600009242;1;7;0;0;2;5;15;B02
201600009243;2;7;0;0;2;5;15;A01
201600009243;1;33;0;0;2;1;1;B02
201600009244;1;31;0;0;2;1;1;A01
201600009244;2;7;0;0;2;7;15;B02
201600009244;1;7;0;0;9;4;1;C03
201600009245;2;7;0;0;2;1;1;A01
201600009245;1;7;0;0;2;1;1;B02
201600009246;1;10;0;0;2;2;1;A01
201600009246;1;33;0;0;2;4;1;B02
201600009247;0;7;0;14;0;1;1;A01
201600009247;0;7;0;0;2;1;1;B02
201600009248;2;7;0;13;0;1;1;A01
201600009249;1;7;0;0;2;2;17;A01
201600009249;1;7;0;0;0;6;13;B02
201600009250;1;14;0;0;2;4;1;A01
201600009250;1;14;0;0;2;1;2;B02
201600009251;2;7;0;0;2;1;17;A01
201600009251;2;7;0;0;2;9;11;B02
201600009252;1;34;0;0;0;4;2;A01
201600009252;1;34;0;0;2;1;2;B02
201600009253;1;7;0;0;2;7;15;A01
201600009253;2;32;0;0;2;1;0;B02
201600009254;2;7;0;0;1;3;21;A01
201600009255;1;7;0;0;0;8;15;A01
201600009255;1;31;0;0;2;7;17;B02
201600009256;1;7;0;0;2;1;5;A01
201600009256;2;7;0;0;2;1;1;B02
201600009257;1;34;0;0;2;8;13;A01
201600009257;2;7;0;0;2;8;1;B02
201600009258;2;7;0;0;2;7;9;A01
201600009258;2;34;0;0;2;1;1;B02
201600009259;2;7;0;0;2;1;15;A01
201600009259;1;7;0;0;2;1;1;B02
201600009260;2;7;0;0;2;2;13;A01
201600009260;1;7;0;0;2;3;1;B02
201600009261;2;1;0;0;0;4;2;A01
201600009261;2;10;0;0;2;2;1;B02
201600009262;1;33;0;6;0;2;1;A01
201600009263;2;7;0;13;0;1;1;A01
201600009264;0;1;0;6;0;1;1;A01
201600009265;0;33;0;0;0;3;0;A01
201600009265;0;7;0;0;0;0;1;B02
201600009266;1;7;0;0;0;8;10;A01
201600009266;1;33;0;0;0;1;1;B02
201600009267;2;31;0;16;2;8;15;A01
201600009267;2;31;0;0;2;2;17;B02
201600009268;1;7;0;0;2;1;13;A01
201600009268;2;7;0;0;2;1;1;B02
201600009269;2;33;0;0;2;1;13;A01
201600009269;1;10;0;0;2;1;1;B02
201600009270;1;7;0;0;2;2;16;A01
201600009270;2;7;0;0;2;3;1;B02
201600009271;1;7;0;0;2;1;1;A01
201600009271;2;7;0;0;0;8;1;B02
201600009271;2;7;0;0;2;7;15;C03
201600009272;1;3;0;0;0;9;1;A01
201600009273;1;2;0;0;2;1;17;A01
201600009273;1;7;0;0;2;3;19;B02
201600009274;1;7;0;0;2;4;2;A01
201600009274;1;7;0;0;2;1;2;B02
201600009275;2;7;0;0;0;4;16;A01
201600009275;2;7;0;0;2;1;1;B02
201600009276;2;7;0;0;2;3;9;A01
201600009276;2;32;0;0;2;2;1;B01
201600009277;2;7;0;0;2;3;15;A01
201600009277;1;1;0;0;2;1;1;B01
201600009278;1;7;0;2;0;1;6;A01
201600009279;1;7;0;0;2;7;15;A01
201600009279;1;33;0;0;2;2;1;B02
201600009280;2;15;0;0;0;0;5;A01
201600009280;1;7;0;0;9;3;0;B02
201600009281;1;7;0;0;2;1;2;A01
201600009281;1;33;0;0;2;4;2;B02
201600009281;2;7;0;0;2;8;1;C03
201600009282;1;7;0;6;0;3;13;A01
201600009283;1;7;0;0;2;6;17;A01
201600009283;1;33;0;0;2;7;2;B02
201600009284;2;7;0;0;0;0;10;A01
201600009284;1;7;0;0;2;2;21;B02
201600009285;2;7;0;0;5;1;1;A01
201600009286;1;10;0;13;0;1;13;A01
201600009287;1;7;0;0;2;1;1;B02
201600009287;1;7;0;0;2;3;9;A01
201600009288;0;7;0;0;2;2;19;A01
201600009288;0;7;0;0;2;3;1;B02
201600009289;0;7;0;0;1;3;17;A01
201600009290;2;7;0;0;1;1;1;A01
201600009291;0;7;0;13;0;2;1;A01
201600009292;2;10;0;0;2;5;12;A01
201600009292;2;33;0;0;2;3;18;B02
201600009293;2;10;0;0;2;3;1;A01
201600009293;1;10;0;0;0;0;1;B02
201600009294;1;7;0;0;2;3;1;A01
201600009294;1;1;0;0;2;1;0;B02
201600009295;1;7;0;0;2;2;1;A01
201600009295;0;7;0;0;2;3;15;B02
201600009296;1;30;0;8;0;1;17;A01
201600009296;1;30;0;0;0;0;17;B02
201600009296;1;7;0;0;0;0;15;C03
201600009297;1;7;0;0;0;6;12;A01
201600009297;1;7;0;0;2;3;2;B02
201600009298;1;7;0;0;2;1;13;A01
201600009298;2;7;0;0;2;1;2;B02
201600009299;1;7;0;0;2;8;21;C03
201600009299;2;7;0;0;0;3;13;A01
201600009299;1;7;0;0;2;3;1;B02
201600009300;0;33;0;15;0;7;1;A01
201600009301;1;7;0;0;2;3;1;A01
201600009301;1;30;0;0;2;2;9;B02
201600009302;1;7;0;0;2;1;1;A01
201600009302;2;7;0;0;2;1;1;B02
201600009303;1;7;0;0;0;9;1;A01
201600009304;0;33;0;0;0;0;21;A01
201600009305;1;7;0;0;0;9;1;A01
201600009306;2;33;0;16;2;0;1;A01
201600009306;1;7;0;0;2;1;1;B02
201600009307;2;10;0;0;2;3;1;A01
201600009307;2;7;0;0;2;3;13;B02
201600009308;0;1;0;0;2;1;1;A01
201600009308;0;7;0;0;9;3;23;B02
201600009309;1;33;0;0;2;3;21;A01
201600009309;2;7;0;0;2;3;9;B02
201600009310;0;33;0;12;0;8;1;A01
201600009311;2;10;0;0;2;7;15;A01
201600009311;1;33;0;0;2;3;1;B02
201600009312;2;7;0;0;2;8;19;A01
201600009312;1;33;0;0;2;1;1;B02
201600009313;1;33;0;0;2;1;5;B02
201600009313;2;7;0;0;2;8;13;A01
201600009314;1;33;0;6;0;1;14;A01
201600009315;2;31;0;16;0;1;13;A01
201600009316;2;1;0;0;0;0;1;A01
201600009317;0;10;0;13;0;1;13;A01
201600009318;2;33;0;0;2;7;13;A01
201600009318;1;7;0;0;2;1;1;B02
201600009319;1;33;0;0;2;3;1;A01
201600009319;2;33;0;0;2;3;1;B02
201600009320;2;7;0;0;2;7;17;A01
201600009320;1;2;0;0;0;8;1;B02
201600009321;1;33;0;1;0;1;0;A01
201600009322;2;33;0;0;2;2;17;B02
201600009322;2;7;0;0;2;6;17;A01