Num_Acc;senc;catv;occutc;obs;obsm;choc;manv;num_veh
201600009323;1;10;0;0;2;3;5;A01
201600009323;2;1;0;0;2;3;5;B02
201600009324;1;33;0;13;0;8;1;A01
201600009325;2;7;0;0;0;3;1;B02
201600009325;1;31;0;0;2;1;13;A01
201600009326;2;7;0;0;2;3;9;A01
201600009326;1;30;0;0;2;7;17;B02
201600009327;0;7;0;0;1;4;4;A01
201600009328;2;10;0;0;2;8;1;A01
201600009328;1;1;0;0;2;3;1;B02
201600009329;0;7;0;0;1;3;1;A01
201600009330;0;7;0;0;2;3;0;B02
201600009330;2;7;0;0;2;3;13;A01
201600009331;2;7;0;0;5;1;1;A01
201600009332;1;33;0;0;1;1;1;A01
201600009333;1;7;0;0;2;2;1;A01
201600009333;2;7;0;0;2;2;1;B02
201600009334;1;10;0;0;2;1;1;A01
201600009334;1;7;0;0;2;9;15;B02
201600009334;2;33;0;0;2;1;1;C03
201600009335;1;33;0;4;0;2;1;A01
201600009336;1;7;0;0;2;2;9;A01
201600009336;1;31;0;0;2;1;1;B02
201600009337;0;33;0;0;9;1;1;A01
201600009338;0;7;0;0;1;2;1;A01
201600009339;1;34;0;6;0;8;1;A01
201600009340;2;10;0;0;2;7;13;A01
201600009340;1;14;0;0;2;1;1;B02
201600009341;0;7;0;0;2;1;1;B02
201600009341;0;30;0;0;2;1;1;A01
201600009342;2;10;0;0;2;3;1;A01
201600009342;1;7;0;0;2;3;1;B02
201600009343;0;7;0;0;2;3;15;A01
201600009343;0;2;0;0;2;1;1;B02
201600009344;0;7;0;0;2;3;1;B02
201600009344;0;7;0;0;2;3;13;A01
201600009345;0;7;0;10;0;1;1;A01
201600009346;1;7;0;0;0;9;1;A01
201600009347;0;10;0;0;2;3;9;A01
201600009347;2;7;0;0;2;2;1;B02
201600009348;2;7;0;10;0;1;2;A01
201600009349;1;7;0;0;2;3;13;A01
201600009349;2;7;0;0;2;3;1;B02
201600009350;1;34;0;0;6;1;1;A01
201600009351;2;7;0;0;2;1;1;C03
201600009351;1;33;0;0;2;1;13;A01
201600009351;1;7;0;0;2;3;1;B02
201600009352;1;7;0;0;2;8;15;A01
201600009352;2;33;0;0;2;1;1;B02
201600009353;2;7;0;0;0;9;21;A01
201600009354;2;7;0;0;2;2;15;A01
201600009354;0;7;0;0;2;7;1;B02
201600009355;0;7;0;0;2;1;1;A01
201600009355;0;7;0;0;2;4;1;B02
201600009356;1;33;0;0;5;8;1;A01
201600009357;2;33;0;0;2;7;17;A01
201600009357;2;14;0;0;2;8;1;B02
201600009358;0;36;0;9;0;1;1;A01
201600009359;2;7;0;0;2;3;13;A01
201600009359;1;7;0;0;2;3;1;A02
201600009360;0;7;0;0;1;3;15;A01
201600009361;1;7;0;16;0;9;21;A01
201600009362;2;10;0;0;0;0;1;A01
201600009363;0;7;0;13;0;1;1;A01
201600009364;1;7;0;6;0;3;1;A01
201600009365;0;33;0;0;2;3;1;A01
201600009365;0;7;0;0;0;3;1;B02
201600009366;0;7;0;13;0;1;1;A01
201600009367;2;7;0;0;2;3;1;A01
201600009367;1;7;0;0;2;3;1;B02
201600009368;0;7;0;13;0;1;13;A01
201600009369;2;15;0;13;0;3;1;A01
201600009370;2;10;0;2;0;1;1;A01
201600009371;2;7;0;8;0;9;19;A01
201600009372;2;10;0;0;0;3;1;A01
201600009372;1;10;0;0;0;3;1;B02
201600009373;0;36;0;0;1;2;1;A01
201600009374;2;7;0;0;2;3;13;A01
201600009374;1;30;0;0;2;3;1;B02
201600009375;0;1;0;0;0;0;0;A01
201600009376;0;31;0;0;0;8;1;A01
201600009377;1;7;0;0;2;1;1;A01
201600009377;1;7;0;0;2;4;1;C03
201600009377;1;7;0;0;2;9;1;B02
201600009378;2;7;0;0;2;2;1;A01
201600009378;0;7;0;0;2;3;19;B02
201600009379;2;7;0;0;2;1;1;A01
201600009379;2;7;0;0;2;4;1;B02
201600009380;0;7;0;0;2;5;15;A01
201600009380;0;7;0;0;2;1;1;B02
201600009381;0;7;0;0;2;1;17;A01
201600009381;0;7;0;0;0;4;15;B02
201600009382;2;7;0;6;0;1;0;A01
201600009383;1;33;0;0;2;3;1;A01
201600009383;2;7;0;0;2;8;1;B02
201600009384;1;7;0;0;0;3;1;B02
201600009384;2;10;0;0;0;2;15;A01
201600009385;1;10;0;0;2;2;15;B02
201600009385;2;33;0;0;2;7;1;A01
201600009386;2;7;0;0;2;1;17;A01
201600009386;2;7;0;0;0;8;15;B02
201600009387;2;10;0;2;2;7;1;B02
201600009387;0;7;0;0;2;1;19;A01
201600009388;0;99;0;10;0;1;1;A01
201600009389;1;7;0;6;0;1;14;A01
201600009390;1;7;0;8;0;1;14;A01
201600009391;1;33;0;0;2;7;21;A01
201600009391;0;7;0;0;2;2;19;B02
201600009392;1;32;0;0;2;8;17;A01
201600009392;2;7;0;0;2;3;9;B02
201600009393;1;33;0;0;2;8;1;A01
201600009393;2;14;0;0;2;1;1;B02
201600009394;2;7;0;0;9;2;15;A01
201600009394;1;1;0;0;2;1;1;B02
201600009395;1;7;0;16;0;1;17;A01
201600009396;2;7;0;0;2;1;2;A01
201600009396;2;7;0;0;2;4;2;B02
201600009397;0;7;0;0;2;3;15;A01
201600009397;0;32;0;0;2;1;1;B02
201600009398;2;7;0;13;0;2;1;A01
201600009399;0;33;0;0;0;1;0;A01
201600009400;2;7;0;0;2;1;2;C03
201600009400;2;10;0;0;2;1;2;B02
201600009400;2;7;0;0;0;4;1;A01
201600009401;1;7;0;0;0;1;1;A01
201600009402;2;7;0;0;1;7;1;A01
201600009403;1;7;0;0;1;1;9;A01
201600009404;1;10;0;0;2;1;1;A01
201600009404;2;2;0;0;2;3;9;B01
201600009405;1;7;0;0;;3;1;B01
201600009405;2;7;0;0;2;3;13;A01
201600009406;1;31;0;0;2;2;1;B01
201600009406;2;7;0;0;;2;15;A01
201600009407;1;7;0;5;2;2;14;A01
201600009407;1;33;0;0;2;0;2;B01
201600009408;2;7;0;0;1;8;1;A01
201600009409;2;7;0;16;0;1;14;A01
201600009410;2;7;0;0;1;1;1;A01
201600009411;1;7;0;0;1;2;1;A01
201600009412;2;7;0;0;2;1;2;A01
201600009412;2;7;0;0;2;4;1;B01
201600009413;1;7;0;0;2;8;0;A01
201600009413;2;7;0;0;;8;1;B01
201600009414;2;7;0;0;1;2;15;A01
201600009415;2;7;0;0;2;4;2;B01
201600009415;2;7;0;0;2;1;2;A01
201600009416;1;7;0;0;2;2;15;A01
201600009416;2;7;0;9;2;1;1;B01
201600009417;2;7;0;0;2;2;1;C01
201600009417;2;7;0;0;2;8;1;B01
201600009417;1;7;0;0;2;8;13;A01
201600009418;2;7;0;0;2;1;1;A01
201600009418;1;32;0;0;;1;1;B01
201600009419;2;7;0;0;2;3;1;A01
201600009419;2;1;0;0;0;7;1;B01
201600009420;1;7;0;0;1;2;1;A01
201600009421;1;7;0;9;0;1;15;A01
201600009422;2;7;0;0;2;2;1;B01
201600009422;1;7;0;0;2;3;13;A01
201600009423;1;7;0;0;2;0;0;A01
201600009423;1;7;0;0;2;4;23;B01
201600009423;1;7;0;0;2;0;0;C01
201600009424;2;7;0;0;2;1;13;A01
201600009424;1;7;0;0;2;1;1;B01
201600009425;1;7;0;0;1;1;1;A01
201600009426;2;7;0;0;2;1;13;A01
201600009426;1;7;0;0;;3;1;B01
201600009427;1;7;0;0;2;3;13;A01
201600009427;2;33;0;0;;8;21;B01
201600009428;1;2;0;1;;8;1;B01
201600009428;1;7;0;0;2;2;12;A01
201600009429;1;7;0;0;2;8;19;A01
201600009429;2;1;0;0;;8;1;B01
201600009430;1;7;0;0;2;5;15;A01
201600009430;2;32;0;0;;8;1;B01
201600009431;2;7;0;0;2;1;1;Z01
201600009431;1;7;0;0;;5;1;A01
201600009432;2;7;0;0;2;1;9;A01
201600009432;1;33;0;0;2;7;1;B01
201600009433;2;33;0;0;2;7;12;A01
201600009433;2;7;0;0;;8;1;B01
201600009434;1;7;0;0;2;7;16;A01
201600009434;1;1;0;0;2;8;1;B01
201600009435;2;7;0;0;;6;15;B01
201600009435;1;7;0;0;2;3;1;A01
201600009436;2;10;0;0;2;8;15;A01
201600009436;1;33;0;0;2;2;1;B01
201600009437;1;7;0;1;2;6;9;A01
201600009437;1;7;0;0;2;2;1;B01
201600009438;1;2;0;0;;8;9;A01
201600009438;1;7;0;0;2;2;1;B01
201600009439;2;7;0;0;2;1;2;A01
201600009439;2;7;0;0;;4;23;B01
201600009440;2;3;0;0;1;1;1;A01
201600009441;2;7;0;0;2;1;1;A01
201600009441;2;7;0;0;2;4;2;C01
201600009441;2;7;0;0;2;9;2;B02
201600009442;1;7;0;4;0;2;14;A01
201600009443;2;7;0;3;0;2;0;A01
201600009444;2;7;0;1;0;2;14;A01
201600009444;2;10;0;0;0;4;23;B02
201600009445;1;7;0;0;2;5;15;A01
201600009445;2;34;0;0;2;7;21;B02
201600009446;2;7;0;3;0;3;1;A01
201600009447;2;7;0;1;0;8;1;A01
201600009447;0;7;0;0;0;4;0;B02
201600009448;1;10;0;9;0;1;1;A01
201600009449;2;7;0;0;2;7;15;A01
201600009449;2;33;0;0;2;1;17;B02
201600009450;0;1;0;0;2;1;1;B01
201600009450;0;31;0;0;2;1;13;A01
201600009451;0;7;0;13;0;3;1;A01
201600009452;1;7;0;0;2;1;2;A01
201600009452;1;7;0;0;2;4;23;B02
201600009452;1;7;0;16;2;4;23;C03
201600009453;1;38;0;0;1;2;1;A01
201600009454;1;7;0;0;1;1;1;A01
201600009455;1;7;0;0;2;3;13;A01
201600009455;2;10;0;0;2;3;1;B02
201600009456;2;33;0;0;0;2;0;A01
201600009457;1;33;0;0;0;1;0;A01
201600009458;2;7;0;0;2;9;19;B02
201600009458;1;10;0;0;2;1;0;A01
201600009459;0;33;0;0;0;0;0;A01
201600009460;1;33;0;0;2;1;1;A01
201600009460;1;7;0;0;2;3;9;B02
201600009461;2;7;0;0;2;0;1;C03
201600009461;2;7;0;0;2;1;1;B02
201600009461;1;7;0;0;2;3;13;A01
201600009462;1;30;0;2;0;1;1;A01
201600009463;1;7;0;3;0;2;1;A01
201600009464;2;33;0;0;2;1;1;A01
201600009464;1;10;0;0;2;8;15;B02
201600009465;2;33;0;0;2;1;17;A01
201600009465;2;7;0;0;2;3;10;B02
201600009466;0;14;0;0;1;0;0;B01
201600009467;1;7;0;0;1;2;1;A01
201600009468;1;7;0;2;0;8;14;A01
201600009469;1;7;0;0;2;1;17;A01
201600009469;0;7;0;0;2;1;16;B02
201600009470;1;7;0;0;1;2;1;A01
201600009471;0;1;0;8;0;0;1;A01
201600009472;2;7;0;0;2;8;1;B02
201600009472;1;7;0;0;2;3;17;A01
201600009473;0;31;0;0;2;9;1;A01
201600009473;0;14;0;0;2;1;1;B02
201600009474;0;7;0;8;0;1;21;A01
201600009475;0;7;0;2;0;3;0;A01
201600009476;1;7;0;15;0;1;14;A01
201600009477;2;7;0;2;0;8;1;A01
201600009478;1;7;0;0;2;2;13;A01
201600009478;2;7;0;0;2;1;1;B02
201600009479;1;33;0;2;0;1;1;A01
201600009480;0;7;0;0;0;3;19;B02
201600009480;1;33;0;0;2;1;1;A01
201600009481;1;7;0;0;2;3;1;B02
201600009481;2;7;0;0;2;3;13;A01
201600009482;1;7;0;2;0;7;1;A01
201600009483;1;33;0;0;2;1;17;B02
201600009483;1;33;0;0;0;4;15;A01
201600009484;2;7;0;2;0;3;15;A01
201600009485;1;7;0;2;6;3;1;A01
201600009486;1;30;0;14;2;8;1;A01
201600009486;2;7;0;14;2;8;6;B02
201600009487;1;2;0;0;0;8;0;A01
201600009488;0;7;0;0;0;1;1;A01
201600009489;0;7;0;0;0;1;1;A01
201600009490;0;7;0;0;0;1;1;A01
201600009491;0;7;0;2;0;1;1;A01
201600009492;0;7;0;15;0;1;0;A01
201600009493;0;7;0;0;2;1;13;A01
201600009493;0;14;0;0;2;1;1;B02
201600009494;0;7;0;0;0;1;1;A01
201600009495;0;7;0;0;1;1;15;A01
201600009496;0;10;0;0;2;7;13;A01
201600009496;0;1;0;0;2;1;1;B02
201600009497;1;10;0;0;2;3;1;B02
201600009497;2;33;0;0;2;1;17;A01
201600009498;1;7;0;0;2;3;1;B02
201600009498;2;33;0;0;2;1;13;A01
201600009499;2;33;0;0;0;1;5;A01
201600009499;0;7;0;0;0;1;5;B02
201600009500;0;14;0;0;1;7;16;A01
201600009501;2;7;0;0;1;7;0;A01
201600009502;0;7;0;14;0;3;2;A01
201600009503;0;7;0;0;2;3;13;B02
201600009503;1;2;0;0;2;1;1;A01
201600009504;1;7;0;13;0;9;13;A01
201600009505;2;7;0;5;0;3;1;A01
201600009506;1;7;0;0;2;1;1;B02
201600009506;2;7;0;0;2;7;15;A01
201600009507;1;7;0;15;0;3;10;B02
201600009507;1;7;0;15;0;3;10;A01
201600009508;0;7;0;0;0;4;4;A01
201600009508;0;7;0;0;0;7;23;B01
201600009509;0;7;0;0;2;1;2;A01
201600009509;0;1;0;0;0;4;2;B01
201600009510;0;7;0;2;0;5;1;A01
201600009511;0;7;0;0;1;3;0;A01
201600009512;1;7;0;0;0;0;14;A01
201600009513;0;1;0;3;0;2;2;A01
201600009514;0;7;0;2;0;7;1;A01
201600009515;0;7;0;0;0;2;0;A01
201600009516;0;33;0;0;2;8;8;B02
201600009516;0;7;0;0;2;9;8;A01
201600009517;0;7;0;0;2;1;1;B02
201600009517;0;7;0;0;2;1;5;A01
201600009518;0;7;0;0;6;0;0;A01
201600009519;0;2;0;1;2;2;17;A01
201600009519;0;7;0;0;2;3;15;B02
201600009520;1;1;0;0;0;2;0;A01
201600009521;0;7;0;0;1;2;0;A01
201600009522;1;7;0;0;2;2;1;B02
201600009522;0;7;0;0;2;8;15;A01
201600009523;0;33;0;0;1;2;21;A01
201600009524;0;33;0;0;0;0;0;A01
201600009525;0;7;0;0;2;7;15;B02
201600009525;0;7;0;0;2;1;1;A01
201600009526;2;33;0;1;0;7;0;A01
201600009527;1;7;0;0;0;9;21;A01
201600009528;1;33;0;0;2;8;2;A01
201600009528;1;7;0;0;2;8;15;B02
201600009529;2;37;5;7;0;2;1;A01
201600009530;0;10;0;0;1;3;1;A01
201600009531;0;33;0;0;2;3;1;B02
201600009531;0;7;0;0;2;2;19;A01
201600009532;0;7;0;0;2;7;15;B02
201600009532;0;7;0;0;2;1;1;A01
201600009533;0;33;0;0;2;1;1;A01
201600009533;0;14;0;0;2;1;1;B02
201600009534;0;7;0;0;1;2;1;A01
201600009535;1;7;0;2;0;9;21;A01
201600009536;2;7;0;0;2;3;1;A01
201600009536;1;7;0;0;2;3;13;B02
201600009537;2;33;0;0;0;0;21;A01
201600009538;1;7;0;0;2;8;15;A01
201600009538;1;33;0;0;2;1;17;B02
201600009539;2;14;0;0;0;2;1;A01
201600009540;1;10;0;0;2;4;1;B02
201600009540;2;15;0;0;2;1;1;C03
201600009540;2;7;0;0;2;4;15;A01
201600009541;0;14;0;0;0;7;12;A01
201600009542;1;33;0;0;0;0;1;A01
201600009543;0;7;0;0;1;3;1;A01
201600009544;0;7;0;0;2;1;1;B02
201600009544;0;7;0;0;2;1;13;A01
201600009545;1;7;0;0;2;1;1;A01
201600009545;1;7;0;0;2;8;1;C03
201600009545;1;10;0;0;2;4;2;B02
201600009546;0;7;0;0;2;1;5;A01
201600009546;0;33;0;0;2;1;13;B02
201600009547;0;1;0;0;2;4;19;B02
201600009547;0;7;0;0;2;1;13;A01
201600009548;0;7;0;0;2;9;1;C03
201600009548;0;7;0;0;2;9;1;B02
201600009548;0;7;0;0;2;3;13;A01
201600009549;1;15;0;0;1;2;1;A01
201600009550;1;7;0;0;2;2;11;A01
201600009550;0;7;0;8;2;3;1;B02
201600009551;0;7;0;0;1;1;1;A01
201600009552;0;7;0;0;2;3;1;A01
201600009552;0;7;0;0;2;3;1;B02
201600009553;0;7;0;16;0;0;1;A01
201600009554;0;33;0;0;0;0;9;A01
201600009555;0;7;0;8;0;1;17;A01
201600009556;1;7;0;12;2;7;19;A01
201600009556;2;7;0;0;2;1;1;B02
201600009557;1;33;0;12;0;8;1;A01
201600009558;2;7;0;0;2;8;1;B02
201600009558;2;33;0;0;2;1;1;A01
201600009559;0;7;0;0;1;1;16;A01
201600009560;2;7;0;13;0;2;1;A01
201600009561;0;7;0;0;2;1;1;A01
201600009561;0;7;0;0;2;1;0;B02
201600009562;2;7;0;0;2;4;1;B02
201600009562;2;7;0;0;2;1;1;A01
201600009563;2;7;0;2;0;9;13;A01
201600009564;2;7;0;13;0;2;1;A01
201600009565;0;7;0;0;2;3;1;A01
201600009565;0;7;0;8;2;1;15;B02
201600009566;1;15;0;0;2;1;2;B02
201600009566;1;15;0;0;2;6;1;A01
201600009567;1;10;0;0;2;2;17;A01
201600009567;2;10;0;0;2;2;0;B02
201600009568;0;2;0;0;2;1;1;B02
201600009568;0;7;0;0;2;7;19;A01
201600009569;1;7;0;4;0;0;1;A01
201600009570;2;7;0;0;2;2;1;B02
201600009570;1;7;0;0;2;2;1;A01
201600009571;0;7;0;6;0;1;5;A01
201600009572;2;2;0;0;2;4;1;B02
201600009572;2;7;0;0;2;1;1;A01
201600009573;2;7;0;0;2;2;19;A01
201600009573;2;7;0;0;2;1;1;B02
201600009574;1;7;0;0;2;3;1;B02
201600009574;2;7;0;0;2;6;1;C03
201600009574;2;7;0;0;2;3;5;A01
201600009575;2;7;0;13;0;3;1;A01
201600009576;0;7;0;0;2;7;15;B02
201600009576;0;34;0;0;2;1;1;A01
201600009577;0;2;0;0;2;1;1;B02
201600009577;0;7;0;0;2;2;15;A01
201600009578;0;2;0;8;0;1;21;A01
201600009579;0;7;0;11;2;1;5;A01
201600009579;0;7;0;0;2;1;1;B02
201600009580;1;7;0;0;2;1;2;B02
201600009580;1;7;0;0;2;6;1;A01
201600009581;2;15;0;14;0;0;21;A01
201600009582;0;33;0;0;2;1;3;A01
201600009582;0;14;0;0;2;4;12;B02
201600009583;0;7;0;0;2;1;1;A01
201600009583;0;7;0;0;2;4;2;B02
201600009584;1;7;0;0;2;2;15;A01
201600009584;1;31;0;0;2;1;21;B02
201600009585;1;2;0;3;0;2;1;A01
201600009586;1;10;0;0;2;3;13;A01
201600009586;2;14;0;0;2;3;1;B02
201600009587;2;7;0;14;2;4;23;A01
201600009587;2;7;0;1;0;1;1;B02
201600009588;1;7;0;0;2;3;1;B02
201600009588;1;7;0;0;2;1;5;Z03
201600009588;2;7;0;0;2;1;1;A01
201600009589;0;7;0;0;1;3;1;A01
201600009590;1;7;0;0;2;2;15;B02
201600009590;2;7;0;0;2;1;1;A01
201600009591;2;7;0;0;2;8;1;A01
201600009591;1;7;0;0;2;1;1;B02
201600009592;2;7;0;0;2;7;1;A01
201600009592;1;7;0;0;2;1;1;B02
201600009593;2;7;0;0;2;1;17;B02
201600009593;2;1;0;12;2;1;1;A01
201600009594;2;7;0;0;2;1;1;A01
201600009594;1;7;0;0;2;1;1;B02
201600009595;2;7;0;0;2;1;1;A01
201600009595;1;7;0;0;2;8;15;B02
201600009596;0;38;1;12;2;3;2;B02
201600009596;0;7;0;12;2;3;1;A01
201600009597;2;7;0;0;2;1;1;C03
201600009597;2;10;0;0;2;3;1;B02
201600009597;1;7;0;0;2;3;13;A01
201600009598;1;31;0;0;2;1;1;B02
201600009598;2;7;0;0;2;3;17;A01
201600009599;2;7;0;16;0;0;1;A01
201600009600;2;7;0;0;2;2;2;B02
201600009600;2;2;0;0;2;4;1;A01
201600009601;0;2;0;0;2;4;2;B02
201600009601;0;7;0;0;2;2;1;A01
201600009602;2;7;0;0;2;1;0;Z02
201600009602;2;7;0;0;2;1;1;A01
201600009603;0;7;0;0;2;1;9;A01
201600009603;0;7;0;0;2;8;1;B02
201600009604;1;33;0;0;2;1;18;B02
201600009604;1;10;0;0;2;2;12;A01
201600009605;2;10;0;0;1;1;1;A01
201600009606;1;33;0;0;2;7;1;A01
201600009606;1;7;0;0;2;6;2;B02
201600009607;1;33;0;0;2;1;1;A01
201600009607;1;7;0;0;2;4;2;B02
201600009608;0;7;0;0;2;1;1;A01
201600009608;0;7;0;0;2;8;15;B02
201600009609;2;7;0;0;2;6;2;B02
201600009609;2;33;0;0;2;1;1;A01
201600009610;0;7;0;0;2;3;1;A01
201600009610;0;1;0;0;2;5;14;B02
201600009611;1;7;0;0;2;1;13;A01
201600009611;2;7;0;0;2;8;21;B02
201600009612;0;33;0;0;2;1;1;A01
201600009612;0;7;0;0;2;1;1;B02
201600009613;0;7;0;0;2;3;1;A01
201600009613;0;7;0;0;2;3;1;B02
201600009614;0;7;0;0;2;1;8;A01
201600009614;0;7;0;0;2;8;16;B02
201600009615;0;2;0;0;0;0;0;A01
201600009616;0;1;0;0;0;1;1;A01
201600009617;0;7;0;0;2;1;1;C03
201600009617;0;7;0;0;2;4;23;B02
201600009617;0;7;0;0;2;4;23;A01
201600009618;0;7;0;0;2;1;0;B02
201600009618;0;7;0;0;2;3;1;A01
201600009619;0;7;0;0;2;1;1;B02
201600009619;0;7;0;0;2;1;1;A01
201600009620;0;30;0;0;0;7;9;A01
201600009621;2;7;0;3;2;3;1;B02
201600009621;1;7;0;3;2;2;1;A01
201600009622;2;7;0;0;2;2;1;E05
201600009622;2;7;0;0;2;5;2;C03
201600009622;1;7;0;0;2;3;13;A01
201600009622;2;7;0;0;2;5;2;D04
201600009622;2;7;0;0;2;3;1;B02
201600009623;1;7;0;0;2;1;13;A01
201600009623;2;10;0;0;2;3;21;B02
201600009623;2;7;0;0;2;1;21;C03
201600009624;1;31;0;16;0;8;14;A01
201600009625;2;7;0;0;2;1;1;B02
201600009625;2;7;0;0;2;6;1;C03
201600009625;1;7;0;0;2;1;13;A01
201600009626;1;7;0;0;2;1;1;A01
201600009626;2;7;0;0;2;1;15;B02
201600009627;1;1;0;0;2;1;13;B02
201600009627;2;10;0;0;2;2;23;A01
201600009628;1;7;0;16;0;9;1;A01
201600009629;1;7;0;0;2;1;13;A01
201600009629;2;7;0;0;2;1;1;B02
201600009630;1;7;0;13;0;1;12;A01
201600009631;1;7;0;0;2;1;13;A01
201600009631;2;7;0;0;2;8;21;C03
201600009631;2;7;0;0;2;1;1;B02
201600009632;1;14;0;2;0;2;14;A01
201600009633;2;7;0;2;2;9;17;A01
201600009633;2;7;0;0;2;2;17;B02
201600009633;2;7;0;0;2;6;1;C03
201600009634;2;7;0;0;2;1;13;A01
201600009634;1;10;0;0;2;3;21;B02
201600009635;2;7;0;3;0;2;13;A01
201600009636;1;7;0;2;0;7;13;A01
201600009637;1;10;0;0;2;2;1;A01
201600009637;0;7;0;0;2;8;16;B02
201600009638;2;7;0;0;1;2;1;A01
201600009639;0;7;0;0;2;3;13;B02
201600009639;0;30;0;0;2;8;1;A01
201600009640;2;7;0;0;2;7;17;B02
201600009640;2;1;0;0;2;8;1;A01
201600009641;2;10;0;0;2;1;15;A01
201600009641;1;30;0;0;2;1;1;B02
201600009642;2;7;0;5;0;3;13;A01
201600009643;1;10;0;13;0;1;14;A01
201600009644;1;10;0;0;2;8;15;B02
201600009644;1;33;0;0;2;1;1;A01
201600009645;1;7;0;16;0;9;5;A01
201600009646;0;7;0;0;2;3;1;B02
201600009646;0;33;0;0;2;1;5;A01
201600009647;1;7;0;8;0;7;14;A01
201600009648;1;7;0;0;2;4;23;B02
201600009648;1;7;0;1;0;4;21;A01
201600009649;2;10;0;0;2;3;1;B02
201600009649;1;7;0;0;2;2;13;A01
201600009650;1;10;0;0;2;4;2;A01
201600009650;1;33;0;0;2;1;17;B02
201600009651;1;7;0;0;2;1;23;A01
201600009651;1;7;0;1;0;1;21;B02
201600009652;1;7;0;0;2;2;15;B02
201600009652;2;32;0;0;2;1;1;A01
201600009653;1;2;0;0;2;2;1;A01
201600009653;1;7;0;0;0;3;23;B02
201600009654;2;7;0;4;2;1;1;C03
201600009654;2;7;0;4;0;1;13;A01
201600009654;2;7;0;0;2;4;23;B02
201600009655;0;7;0;1;2;5;1;A01
201600009655;0;33;0;0;2;1;1;B02
201600009656;0;7;0;0;2;2;15;A01
201600009656;0;10;0;1;2;1;1;B02
201600009657;0;7;0;0;2;5;13;A01
201600009657;0;7;0;0;2;1;1;B02
201600009658;1;7;0;0;2;3;6;A01
201600009658;2;34;0;0;2;1;1;B02
201600009659;1;10;0;0;2;2;15;A01
201600009659;2;10;0;0;2;1;1;B02
201600009660;0;7;0;0;1;2;1;A01
201600009661;1;7;0;0;2;1;9;A01
201600009661;2;7;0;0;2;7;1;B02
201600009662;2;7;0;0;2;3;13;A01
201600009662;1;7;0;0;2;3;1;B02
201600009663;1;7;0;0;2;2;1;A01
201600009663;1;30;0;0;2;4;2;B02
201600009664;0;7;0;0;1;2;1;A01
201600009665;1;10;0;0;2;3;13;A01
201600009665;2;37;1;0;2;3;1;B02
201600009665;2;7;0;0;2;6;1;C03
201600009666;1;7;0;0;2;1;1;A01
201600009666;0;7;0;0;2;7;19;B02
201600009667;1;7;0;0;2;3;13;A01
201600009667;2;7;0;0;2;3;1;B02
201600009667;2;17;0;0;2;3;1;C03
201600009668;2;7;0;0;0;1;1;A01
201600009668;1;7;0;0;0;1;1;B02
201600009669;2;34;0;0;2;1;17;A01
201600009669;2;10;0;0;0;4;15;B02
201600009670;2;7;0;2;0;3;13;A01
201600009671;1;10;0;13;0;1;1;A01
201600009672;2;33;0;0;0;1;1;A01
201600009672;2;10;0;0;2;2;19;B02
201600009673;2;1;0;0;2;3;1;A01
201600009673;2;7;0;0;2;1;1;B02
201600009674;1;7;0;0;2;1;1;A01
201600009674;1;36;0;0;2;1;1;B02
201600009675;1;7;0;0;2;2;19;A01
201600009675;1;2;0;0;2;1;1;B02
201600009676;1;7;0;0;2;1;13;A01
201600009676;2;7;0;0;2;1;1;B02
201600009677;1;33;0;0;0;1;1;A01
201600009678;1;7;0;0;2;2;2;A01
201600009678;1;1;0;0;2;4;2;B02
201600009679;1;10;0;0;0;3;1;A01
201600009680;1;10;0;0;2;1;17;A01
201600009680;2;15;0;0;2;1;21;B02
201600009681;1;7;0;0;2;3;13;A01
201600009681;2;15;0;0;2;1;1;B02
201600009682;2;7;0;0;2;1;13;A01
201600009682;1;7;0;0;2;1;1;B02
201600009683;1;7;0;2;0;2;14;A01
201600009684;2;33;0;0;2;1;1;A01
201600009684;2;7;0;0;0;6;16;B02
201600009685;1;7;0;0;2;1;5;A01
201600009685;2;7;0;0;2;1;1;B02
201600009686;2;7;0;2;0;8;4;A01
201600009687;1;7;0;0;1;1;1;A01
201600009688;2;7;0;0;2;1;13;A01
201600009688;1;7;0;0;2;3;1;B02
201600009688;2;7;0;0;2;8;2;C03
201600009688;2;7;0;0;2;4;2;D04
201600009689;1;7;0;0;2;1;1;A01
201600009689;1;7;0;0;2;1;1;B01
201600009689;1;7;0;0;2;6;1;C01
201600009689;1;7;0;4;2;1;1;D01
201600009689;1;7;0;0;2;3;1;E01
201600009690;1;7;0;0;0;9;0;A01
201600009690;1;7;0;0;0;9;0;B02
201600009691;2;33;0;9;0;1;1;A01
201600009692;1;31;0;0;2;1;17;A01
201600009692;1;7;0;0;2;6;10;B02
201600009693;2;7;0;0;2;9;17;A01
201600009693;2;14;0;0;2;3;1;B02
201600009693;1;7;0;0;2;3;1;C03
201600009694;1;7;0;0;2;1;21;A01
201600009695;2;33;0;0;0;0;1;A01
201600009696;2;33;0;0;2;1;13;A01
201600009696;1;7;0;0;2;1;1;B02
201600009697;2;33;0;0;2;7;13;A01
201600009697;1;7;0;0;2;8;1;B02
201600009698;1;2;0;0;2;2;17;A01
201600009698;1;7;0;0;2;8;15;B02
201600009699;2;7;0;14;1;3;1;A01