Num_Acc;senc;catv;occutc;obs;obsm;choc;manv;num_veh
201600010856;2;2;0;0;2;2;17;B01
201600010857;2;2;0;0;2;1;14;A01
201600010857;1;7;0;1;2;5;2;B01
201600010857;1;7;0;1;0;8;24;C01
201600010858;1;32;0;0;1;1;1;A01
201600010859;1;7;0;0;2;3;19;A01
201600010859;1;34;0;0;2;1;0;B01
201600010859;1;7;0;0;2;0;0;C01
201600010860;2;34;0;0;2;0;0;B01
201600010860;2;7;0;0;2;3;0;A01
201600010861;2;7;0;0;2;8;1;B01
201600010861;1;30;0;0;2;1;1;A01
201600010862;1;31;0;0;2;1;1;A01
201600010862;2;1;0;0;2;8;19;B01
201600010863;1;7;0;0;2;5;1;A01
201600010863;1;32;0;0;2;1;1;B01
201600010864;1;33;0;1;0;1;13;A01
201600010864;1;7;0;0;2;8;0;B01
201600010865;1;7;0;0;1;1;1;A01
201600010866;1;7;0;0;2;1;2;A01
201600010866;1;32;0;0;1;1;2;B01
201600010867;2;7;0;0;1;1;1;A01
201600010868;1;7;0;0;0;0;15;A01
201600010868;2;32;0;0;0;8;1;B01
201600010869;2;33;0;0;0;0;0;A01
201600010870;1;7;0;0;1;3;15;A01
201600010871;2;7;0;0;1;3;1;A01
201600010872;2;10;0;0;1;2;2;A01
201600010873;2;7;0;0;1;1;1;A01
201600010874;2;7;0;0;2;2;15;A01
201600010874;1;32;0;0;2;1;1;B01
201600010875;1;33;0;12;0;8;1;A01
201600010876;2;32;0;0;1;1;1;A01
201600010877;2;7;0;0;2;3;15;A01
201600010877;0;33;0;0;2;2;1;B01
201600010878;1;33;0;8;0;0;0;A01
201600010879;1;7;0;0;2;3;13;A01
201600010879;0;30;0;0;2;3;1;B01
201600010880;2;7;0;0;2;1;2;B01
201600010880;2;33;0;11;0;4;23;A01
201600010881;0;7;0;0;2;3;15;A01
201600010881;0;33;0;0;2;1;1;B01
201600010881;0;99;0;0;0;0;0;C01
201600010882;1;32;0;12;2;2;2;A01
201600010883;0;32;0;13;0;7;1;A01
201600010884;1;7;0;0;2;3;1;A01
201600010884;1;10;0;0;2;3;2;B01
201600010884;1;7;0;0;2;5;1;C01
201600010885;2;7;0;0;1;0;1;Z01
201600010886;2;33;0;0;2;2;2;B01
201600010886;1;7;0;0;2;2;9;A01
201600010887;1;32;0;0;2;3;18;A01
201600010887;1;7;0;0;2;5;1;B01
201600010888;2;34;0;3;0;3;13;A01
201600010889;1;7;0;1;0;3;13;A01
201600010890;1;2;0;1;2;8;12;B01
201600010890;1;7;0;0;2;7;12;A01
201600010891;0;7;0;0;2;3;13;A01
201600010891;0;7;0;0;2;3;1;B01
201600010892;1;10;0;0;2;1;1;A01
201600010892;1;7;0;0;2;8;1;B01
201600010893;2;7;0;0;2;1;1;B01
201600010893;2;7;0;0;2;8;1;A01
201600010894;2;33;0;0;2;2;1;B01
201600010894;2;7;0;0;2;3;11;A01
201600010895;1;7;0;0;2;1;1;A01
201600010895;2;33;0;0;2;7;15;B01
201600010896;1;7;0;0;1;2;0;A01
201600010897;1;7;0;0;2;2;1;A01
201600010897;1;7;0;0;2;3;1;B01
201600010898;1;7;0;0;2;7;1;B01
201600010898;1;7;0;0;2;1;16;A01
201600010899;1;7;0;0;2;1;1;C01
201600010899;2;7;0;0;2;3;13;A01
201600010899;2;7;0;0;2;8;1;B01
201600010900;0;7;0;0;2;6;20;B01
201600010900;0;7;0;0;2;1;2;A01
201600010900;0;7;0;0;2;5;24;C01
201600010901;1;7;0;0;2;3;1;B01
201600010901;1;3;0;0;2;2;17;A01
201600010901;1;7;0;0;2;3;1;C01
201600010902;2;7;0;0;1;1;1;A01
201600010903;0;31;0;0;2;8;0;B01
201600010903;0;7;0;0;2;2;0;A01
201600010904;1;7;0;0;1;1;0;A01
201600010905;2;31;0;0;2;0;1;A01
201600010905;1;7;0;0;9;1;1;B01
201600010905;1;10;0;0;0;0;10;C01
201600010906;2;31;0;0;2;8;1;A01
201600010906;2;33;0;0;2;8;1;B01
201600010907;1;31;0;0;2;3;2;A01
201600010907;1;7;0;0;2;4;2;B01
201600010908;0;7;0;0;2;4;2;A01
201600010908;0;7;0;0;2;1;2;B01
201600010909;0;2;0;0;2;1;2;A01
201600010909;0;7;0;0;2;4;23;C01
201600010909;0;7;0;0;2;9;2;B01
201600010910;1;7;0;0;1;4;4;A01
201600010911;1;33;0;5;9;9;1;A01
201600010912;2;7;0;6;0;9;1;A01
201600010913;0;30;0;0;1;1;1;A01
201600010914;2;1;0;0;2;8;5;A01
201600010914;1;7;0;0;2;1;2;B01
201600010915;1;7;0;0;2;5;23;B01
201600010915;1;7;0;0;2;0;2;A01
201600010916;1;7;0;0;2;1;18;A01
201600010916;1;7;0;0;9;5;1;B01
201600010917;1;7;0;0;2;2;1;B01
201600010917;1;7;0;0;2;1;15;A01
201600010918;1;34;0;0;2;8;23;B01
201600010918;1;7;0;0;2;8;23;C01
201600010918;2;7;0;0;2;3;13;A01
201600010919;2;7;0;0;2;3;1;B01
201600010919;2;7;0;0;2;3;15;A01
201600010920;2;7;0;0;2;1;0;A01
201600010920;2;7;0;0;2;6;2;B01
201600010920;2;7;0;0;2;4;0;C01
201600010920;2;7;0;0;2;4;2;D01
201600010921;1;7;0;0;2;1;1;A01
201600010921;1;7;0;0;2;7;1;B01
201600010922;1;7;0;6;0;1;23;A01
201600010923;0;40;1;0;1;2;1;A01
201600010924;1;32;0;0;2;1;1;A01
201600010924;1;7;0;0;2;6;1;B01
201600010925;2;7;0;0;2;3;0;B01
201600010925;1;7;0;0;2;2;1;A01
201600010926;0;1;0;0;2;0;0;B01
201600010926;0;1;0;0;2;0;0;A01
201600010926;0;7;0;0;9;0;0;C01
201600010927;2;7;0;1;1;4;2;B01
201600010927;2;7;0;0;2;4;2;A01
201600010927;1;7;0;0;2;1;0;C01
201600010928;1;7;0;0;2;6;15;B01
201600010928;1;31;0;0;2;1;1;A01
201600010929;2;7;0;0;2;3;15;A01
201600010929;2;33;0;0;2;2;17;B01
201600010930;1;32;0;0;1;0;1;A01
201600010931;0;7;0;0;9;4;4;A01
201600010931;0;13;0;0;9;8;0;B01
201600010932;1;7;0;0;2;5;15;A01
201600010932;2;32;0;0;2;3;1;B01
201600010933;0;34;0;0;2;1;0;A01
201600010933;0;7;0;0;0;5;0;B01
201600010933;0;7;0;0;9;3;0;C01
201600010934;2;33;0;0;2;8;0;A01
201600010934;2;7;0;0;2;0;9;Z01
201600010935;2;1;0;0;2;1;1;B01
201600010935;1;7;0;0;9;7;9;A01
201600010936;0;7;0;0;1;3;1;Z01
201600010937;2;37;1;0;2;3;1;B01
201600010937;2;7;0;4;2;7;21;A01
201600010938;1;10;0;0;2;1;1;A01
201600010938;1;7;0;0;2;4;1;B01
201600010939;0;3;0;0;2;3;1;A01
201600010939;0;32;0;0;2;7;15;B01
201600010940;1;33;0;0;1;1;1;A01
201600010941;1;7;0;0;2;1;2;A01
201600010941;0;7;0;0;2;4;23;B01
201600010942;1;33;0;0;2;1;21;A01
201600010942;2;2;0;0;2;3;13;B01
201600010942;1;7;0;0;2;4;1;C01
201600010943;0;31;0;0;2;7;5;B01
201600010943;0;7;0;0;2;1;15;A01
201600010944;2;7;0;0;2;8;15;A01
201600010944;2;31;0;0;2;1;17;B01
201600010945;0;7;0;4;0;1;0;A01
201600010946;1;7;0;0;2;4;2;B01
201600010946;1;37;1;0;2;3;2;A01
201600010947;0;10;0;0;2;8;15;A01
201600010947;0;2;0;0;2;8;17;B01
201600010948;2;30;0;12;0;7;1;A01
201600010948;1;15;0;0;2;0;1;B01
201600010949;0;7;0;0;1;3;0;A01
201600010950;1;34;0;0;2;7;0;A01
201600010950;1;2;0;0;2;8;15;B01
201600010951;2;7;0;0;1;1;1;A01
201600010952;2;10;0;0;2;4;23;A01
201600010952;2;7;0;0;2;0;2;B01
201600010952;2;7;0;0;2;1;2;C01
201600010953;2;7;0;0;2;1;15;A01
201600010953;1;34;0;0;2;3;1;B01
201600010954;1;7;0;0;2;2;1;B01
201600010954;1;2;0;0;2;1;15;A01
201600010955;2;2;0;0;2;4;5;A01
201600010955;1;7;0;0;2;3;1;B01
201600010956;2;7;0;0;1;3;2;A01
201600010957;0;7;0;0;2;3;12;A01
201600010957;1;7;0;0;2;4;1;B01
201600010958;1;31;0;0;2;1;1;B01
201600010958;1;7;0;0;2;3;10;A01
201600010959;1;7;0;6;0;1;1;A01
201600010960;2;2;0;0;2;2;16;A01
201600010960;0;7;0;0;2;8;1;B01
201600010961;0;7;0;0;2;1;2;A01
201600010961;0;33;0;0;2;4;23;B01
201600010962;1;33;0;0;1;8;1;A01
201600010963;0;7;0;0;0;0;23;A01
201600010963;0;37;1;0;2;1;2;B01
201600010963;0;7;0;0;2;4;2;C01
201600010963;0;7;0;0;2;4;2;D01
201600010963;0;7;0;0;2;4;2;E01
201600010963;0;7;0;0;0;0;0;F02
201600010964;1;7;0;0;2;2;1;A01
201600010964;1;33;0;8;2;3;1;B01
201600010965;1;7;0;0;1;0;1;A01
201600010966;1;2;0;1;1;0;12;A01
201600010967;1;7;0;0;1;4;4;A01
201600010968;1;10;0;0;2;3;3;A01
201600010968;1;10;0;0;2;5;1;B01
201600010968;1;7;0;0;2;8;1;C01
201600010968;1;7;0;0;2;7;1;D01
201600010968;1;7;0;0;2;4;1;E01
201600010969;2;7;0;4;2;3;1;B01
201600010969;2;7;0;0;2;2;16;A01
201600010970;1;7;0;0;2;3;15;A01
201600010970;2;30;0;0;2;1;1;B01
201600010971;1;34;0;0;2;8;1;B01
201600010971;1;7;0;0;2;1;15;A01
201600010972;2;7;0;0;2;1;1;B01
201600010972;2;31;0;0;2;1;13;A01
201600010973;1;10;0;0;1;1;9;A01
201600010974;1;7;0;0;2;1;15;A01
201600010974;2;31;0;0;2;3;1;B01
201600010975;0;7;0;0;2;2;15;A01
201600010975;0;31;0;0;2;1;1;B01
201600010976;1;7;0;0;1;8;15;A01
201600010977;1;37;1;0;1;7;1;A01
201600010978;1;7;0;1;1;3;0;A01
201600010979;0;31;0;0;2;2;3;B01
201600010979;0;7;0;0;2;6;11;A01
201600010980;2;7;0;0;2;4;2;B01
201600010980;2;7;0;0;2;4;23;C01
201600010980;2;7;0;0;2;1;2;A01
201600010981;1;7;0;0;1;1;1;A01
201600010982;1;7;0;0;2;2;15;A01
201600010982;2;33;0;0;2;1;1;B01
201600010983;1;1;0;0;2;4;2;A01
201600010983;1;7;0;0;2;1;1;Z01
201600010984;1;34;0;1;0;1;16;A01
201600010985;0;1;0;3;0;1;0;A01
201600010986;1;7;0;0;2;4;2;B01
201600010986;1;10;0;0;2;1;2;A01
201600010987;0;7;0;0;2;6;23;B01
201600010987;0;7;0;0;2;2;2;A01
201600010988;1;31;0;0;2;1;2;A01
201600010988;1;7;0;0;2;5;2;B01
201600010989;1;7;0;12;2;2;1;B01
201600010989;1;7;0;12;2;3;18;A01
201600010990;2;30;0;0;2;7;17;A01
201600010990;1;7;0;0;2;1;15;B01
201600010991;2;7;0;0;2;8;10;A01
201600010991;0;34;0;0;2;1;1;B01
201600010992;1;7;0;0;2;3;2;A01
201600010992;1;33;0;0;2;1;1;B01
201600010993;1;34;0;0;2;3;1;B01
201600010993;1;7;0;8;2;3;1;A01
201600010993;1;7;0;0;2;5;24;C01
201600010994;1;33;0;0;2;1;1;B01
201600010994;1;7;0;0;2;3;10;A01
201600010995;2;7;0;0;1;1;1;A01
201600010996;0;1;0;0;0;7;9;A01
201600010996;1;2;0;0;9;1;1;B01
201600010997;2;7;0;6;0;2;21;A01
201600010998;1;7;0;1;2;7;1;A01
201600010998;1;14;0;0;2;1;1;B01
201600010999;1;7;0;0;2;1;2;A01
201600010999;1;7;0;0;2;4;2;B01
201600011000;0;7;0;0;2;1;19;A01
201600011000;0;31;0;0;2;2;17;B01
201600011001;2;32;0;1;0;1;13;A01
201600011002;1;7;0;8;0;1;0;A01
201600011003;1;7;0;0;1;2;1;A01
201600011004;2;2;0;0;0;7;1;A01
201600011005;0;7;0;0;2;4;2;B01
201600011005;0;7;0;0;2;1;2;A01
201600011006;1;33;0;6;0;0;0;A01
201600011007;0;2;0;0;0;5;0;C01
201600011007;1;7;0;0;2;2;1;A01
201600011007;1;7;0;0;0;0;0;B01
201600011008;1;7;0;0;2;2;1;A01
201600011008;2;7;0;0;2;1;1;B01
201600011009;1;10;0;0;2;1;2;A01
201600011009;0;7;0;0;1;4;2;B01
201600011010;1;7;0;0;1;0;0;A01
201600011011;1;33;0;0;2;1;1;B01
201600011011;1;7;0;0;2;5;1;A01
201600011012;0;7;0;0;2;7;16;A01
201600011012;0;13;0;0;0;0;0;B01
201600011013;0;7;0;0;2;0;0;B01
201600011013;0;7;0;0;2;0;0;A01
201600011014;0;7;0;0;2;0;0;A01
201600011014;0;7;0;0;2;0;0;B01
201600011015;1;7;0;3;2;7;14;A01
201600011015;1;7;0;0;2;3;2;B01
201600011016;0;7;0;0;2;8;1;B01
201600011016;0;14;0;0;2;2;12;A01
201600011017;1;7;0;1;2;9;0;A01
201600011017;1;7;0;1;2;4;1;B01
201600011018;2;33;0;0;2;1;1;B01
201600011018;1;7;0;0;2;2;15;A01
201600011019;2;7;0;0;1;2;15;A01
201600011020;0;7;0;0;2;7;15;A01
201600011020;0;2;0;0;2;1;1;B01
201600011021;0;31;0;0;2;3;1;B01
201600011021;0;7;0;0;2;2;15;A01
201600011022;1;33;0;1;2;2;1;B01
201600011022;1;7;0;0;2;3;15;A01
201600011023;1;7;0;0;2;4;2;C01
201600011023;1;33;0;1;2;1;3;A01
201600011023;1;7;0;0;2;6;24;B01
201600011024;1;32;0;0;1;1;1;A01
201600011025;0;2;0;0;2;1;1;A01
201600011025;1;7;0;0;2;8;0;B01
201600011026;1;1;0;13;2;1;21;B01
201600011026;2;7;0;0;2;0;9;A01
201600011027;0;7;0;0;2;5;1;A01
201600011027;0;31;0;0;2;1;1;B01
201600011028;2;3;0;1;2;1;1;B01
201600011028;2;2;0;1;2;0;15;A01
201600011029;1;7;0;0;1;3;19;A01
201600011030;1;7;0;0;1;2;12;A01
201600011031;2;7;0;0;2;1;2;A01
201600011031;2;7;0;0;2;4;23;C01
201600011031;2;7;0;0;2;8;2;D01
201600011031;2;7;0;0;2;4;2;B01
201600011032;1;7;0;0;2;3;2;A01
201600011032;1;30;0;1;2;4;0;B01
201600011033;1;7;0;0;2;2;16;A01
201600011033;1;30;0;0;2;3;1;B01
201600011034;1;7;0;9;0;1;16;A01
201600011035;1;7;0;0;2;1;0;A01
201600011035;1;7;0;0;2;5;0;B01
201600011036;0;31;0;0;2;1;0;B01
201600011036;1;7;0;0;2;1;20;A01
201600011037;1;33;0;0;2;1;1;B01
201600011037;2;2;0;0;2;1;5;A01
201600011038;1;7;0;0;2;7;1;A01
201600011038;1;1;0;0;2;1;19;B01
201600011039;1;7;0;0;2;3;11;A01
201600011039;1;30;0;0;2;0;1;B01
201600011040;0;30;0;0;2;2;2;A01
201600011040;0;7;0;0;2;3;0;B01
201600011041;0;10;0;0;2;1;2;A01
201600011041;1;7;0;0;2;4;2;B01
201600011041;0;7;0;0;2;4;2;C01
201600011041;0;7;0;0;2;4;2;D01
201600011042;1;7;0;0;1;2;1;A01
201600011043;1;7;0;0;2;1;2;A01
201600011043;1;2;0;0;2;4;2;B01
201600011043;1;7;0;0;2;4;1;C01
201600011044;2;7;0;8;1;5;1;A01
201600011045;1;7;0;0;2;1;2;A01
201600011045;1;7;0;0;2;4;23;B01
201600011045;1;7;0;0;2;4;23;C01
201600011046;0;10;0;1;2;2;1;A01
201600011046;0;7;0;0;2;7;20;B01
201600011047;2;33;0;0;2;1;1;A01
201600011047;2;7;0;0;0;8;23;C01
201600011047;2;33;0;0;0;4;23;B01
201600011048;1;2;0;0;1;1;17;A01
201600011049;0;33;0;0;2;3;1;B01
201600011049;0;7;0;0;2;2;15;A01
201600011050;1;2;0;0;2;1;17;A01
201600011050;1;7;0;0;2;3;15;B01
201600011051;1;7;0;1;0;1;2;A01
201600011051;1;7;0;0;2;4;2;B01
201600011052;1;7;0;0;2;3;10;A01
201600011052;1;32;0;0;2;1;13;B01
201600011053;2;1;0;0;2;8;19;B01
201600011053;2;33;0;0;9;1;1;A01
201600011054;2;34;0;0;2;1;1;B01
201600011054;1;7;0;0;2;3;15;A01
201600011055;1;10;0;0;1;7;1;A01
201600011056;0;7;0;0;2;7;12;A01
201600011056;0;31;0;0;2;3;1;B01
201600011057;0;7;0;0;1;2;15;A01
201600011058;1;10;0;0;2;3;15;A01
201600011058;2;2;0;1;2;8;1;B01
201600011059;0;7;0;0;1;3;15;A01
201600011060;1;32;0;0;2;2;17;B01
201600011060;1;7;0;0;2;2;15;A01
201600011061;0;7;0;0;2;2;15;A01
201600011061;1;31;0;0;2;3;1;B01
201600011062;1;31;0;0;2;4;1;B01
201600011062;1;7;0;0;2;3;0;A01
201600011063;0;7;0;0;2;2;10;A01
201600011063;0;33;0;0;2;1;1;B01
201600011064;1;7;0;0;2;6;15;A01
201600011064;1;2;0;0;2;5;1;B01
201600011065;0;7;0;0;2;0;16;B01
201600011065;0;2;0;0;2;1;2;A01
201600011066;1;7;0;0;2;3;10;A01
201600011066;1;33;0;0;2;1;1;B01
201600011067;1;7;0;0;1;3;17;A01
201600011068;1;32;0;0;2;1;2;A01
201600011068;1;7;0;0;2;5;2;B01
201600011069;1;10;0;0;1;2;15;A01
201600011070;1;32;0;1;2;1;1;B01
201600011070;2;7;0;0;2;3;15;A01
201600011071;0;7;0;0;1;0;0;A01
201600011072;1;7;0;0;2;4;2;C01
201600011072;1;10;0;0;2;1;2;A01
201600011072;1;7;0;0;2;4;1;B01
201600011073;1;2;0;0;2;2;1;B01
201600011073;1;7;0;0;2;3;15;A01
201600011074;0;33;0;0;2;1;2;B01
201600011074;0;7;0;0;2;8;15;A01
201600011075;1;10;0;0;0;1;15;B01
201600011075;1;31;0;0;2;1;17;A01
201600011076;1;32;0;0;2;1;1;C01
201600011076;1;7;0;0;2;1;13;A01
201600011076;1;7;0;0;2;4;2;B01
201600011077;1;13;0;0;2;2;1;A01
201600011077;1;13;0;0;2;6;2;B01
201600011077;1;13;0;0;2;2;16;C01
201600011078;2;2;0;0;2;1;2;A01
201600011078;2;7;0;0;9;6;15;B01
201600011079;2;7;0;1;1;4;20;A01
201600011080;0;7;0;0;2;3;15;B01
201600011080;0;2;0;0;2;1;1;A01
201600011081;2;32;0;0;2;8;1;B01
201600011081;1;7;0;0;2;8;2;A01
201600011082;1;33;0;15;1;1;1;A01
201600011083;2;7;0;0;2;1;2;A01
201600011083;2;7;0;0;2;4;2;B01
201600011084;1;7;0;0;2;1;2;A01
201600011084;0;33;0;0;2;4;23;B01
201600011085;2;7;0;0;2;3;0;B01
201600011085;1;7;0;0;2;1;5;A01
201600011086;1;7;0;0;2;2;15;A01
201600011086;2;32;0;0;2;1;1;B01
201600011087;1;30;0;0;2;1;17;A01
201600011087;1;7;0;0;2;3;15;B01
201600011087;1;7;0;0;2;3;1;C01
201600011088;2;2;0;12;0;1;0;A01
201600011089;1;7;0;0;2;5;15;A01
201600011089;1;34;0;0;2;3;1;B01
201600011090;1;7;0;0;1;2;1;A01
201600011091;1;33;0;1;0;1;1;A01
201600011091;2;37;1;0;2;1;1;C01
201600011092;1;7;0;0;2;2;1;B01
201600011092;1;7;0;0;2;8;9;A01
201600011093;2;10;0;0;1;3;1;A01
201600011094;2;7;0;0;2;6;1;B01
201600011094;2;33;0;0;2;2;1;A01
201600011095;0;33;0;0;2;5;3;B01
201600011095;1;7;0;0;2;7;1;A01
201600011096;1;33;0;0;2;7;1;B01
201600011096;1;7;0;0;2;8;9;A01
201600011097;1;14;0;0;4;4;20;A01
201600011097;1;40;0;0;2;1;1;B01
201600011098;2;7;0;1;0;7;0;A01
201600011099;1;7;0;0;2;8;19;A01
201600011099;1;7;0;0;0;0;0;B01
201600011100;2;32;0;0;2;1;1;A01
201600011100;1;7;0;0;2;1;1;B01
201600011101;1;99;0;0;1;1;15;A01
201600011102;0;32;0;0;2;1;2;A01
201600011102;0;7;0;0;2;6;2;B01
201600011103;2;33;0;0;2;1;1;B01
201600011103;2;7;0;0;2;2;6;A01
201600011104;2;7;0;0;1;3;1;A01
201600011105;1;7;0;0;2;1;2;A01
201600011105;1;7;0;0;2;4;2;B01
201600011106;1;30;0;0;2;4;2;B01
201600011106;1;7;0;0;2;2;2;A01
201600011107;2;7;0;1;2;2;1;B01
201600011107;2;7;0;1;2;1;1;A01
201600011108;2;32;0;0;2;1;0;A01
201600011108;1;7;0;0;2;8;0;B01
201600011109;1;7;0;8;0;9;1;A01
201600011110;1;30;0;1;2;1;2;A01
201600011110;1;7;0;0;2;4;4;B01
201600011111;0;7;0;0;2;6;15;A01
201600011111;0;2;0;0;2;1;1;B01
201600011112;1;99;0;0;1;1;0;A01
201600011113;0;10;0;0;2;1;2;A01
201600011113;2;31;0;0;2;4;23;B01
201600011114;2;10;0;14;1;0;15;A01
201600011115;1;7;0;0;1;0;0;A01
201600011116;2;10;0;0;0;6;1;A01
201600011116;1;7;0;0;2;3;15;B01
201600011117;2;33;0;0;1;1;1;A01
201600011118;1;7;0;0;2;2;1;B01
201600011118;1;33;0;0;2;6;1;A01
201600011119;1;32;0;0;2;8;1;B01
201600011119;1;7;0;0;2;1;15;A01
201600011120;1;7;0;0;2;6;2;D01
201600011120;2;7;0;0;2;1;2;A01
201600011120;1;7;0;0;2;3;1;E01
201600011120;1;7;0;0;2;8;2;B01
201600011120;1;7;0;0;2;8;2;C01
201600011121;1;7;0;0;2;1;1;B01
201600011121;2;33;0;0;2;7;1;A01
201600011122;1;7;0;0;2;1;1;A01
201600011122;1;33;0;0;2;4;1;B01
201600011123;1;7;0;0;1;2;1;A01
201600011124;1;30;0;0;2;8;1;A01
201600011124;1;7;0;0;2;5;16;B01
201600011125;1;7;0;0;2;1;2;A01
201600011125;1;7;0;0;2;4;2;C01
201600011125;1;7;0;0;2;1;2;B01
201600011126;2;7;0;0;1;1;0;A01
201600011127;1;1;0;0;2;1;2;A01
201600011127;0;7;0;0;9;4;23;B01
201600011128;0;7;0;0;2;5;15;A01
201600011128;0;34;0;0;2;0;1;B01
201600011129;1;33;0;0;2;7;2;B01
201600011129;1;7;0;0;2;3;2;A01
201600011130;1;7;0;1;2;3;1;B01
201600011130;1;7;0;0;2;3;15;A01
201600011131;2;33;0;1;0;3;17;A01
201600011131;0;7;0;0;0;7;23;B01
201600011132;1;32;0;0;2;8;23;A01
201600011132;2;33;0;0;2;1;0;B01
201600011133;1;7;0;3;2;2;14;A01
201600011133;1;7;0;4;2;4;1;B01
201600011134;1;7;0;0;2;1;2;A01
201600011134;1;7;0;0;2;4;2;B01
201600011135;1;34;0;0;2;1;17;A01
201600011135;2;10;0;0;2;3;1;B01
201600011136;2;7;0;0;2;1;1;B01
201600011136;1;7;0;0;2;2;15;A01
201600011137;2;32;0;0;2;1;1;A01
201600011137;2;7;0;0;2;6;1;B01
201600011138;1;7;0;0;2;3;2;A01
201600011138;1;33;0;0;2;7;17;B01
201600011139;1;7;0;0;2;1;1;B01
201600011139;1;7;0;0;2;1;15;A01
201600011140;1;2;0;0;2;1;1;A01
201600011140;2;15;0;0;2;8;1;B01
201600011141;0;15;0;0;2;0;24;A01
201600011141;0;2;0;1;0;1;0;B01
201600011142;1;7;0;0;2;1;1;C01
201600011142;1;7;0;0;2;7;14;B01
201600011142;1;33;0;0;2;9;3;A01
201600011143;1;30;0;0;2;3;15;A01
201600011143;1;7;0;0;2;2;1;B01
201600011144;2;7;0;0;9;1;1;A01
201600011144;1;1;0;0;2;7;19;B01
201600011145;1;32;0;0;2;1;1;A01
201600011145;1;7;0;0;2;8;1;B01
201600011146;1;33;0;14;0;4;0;A01
201600011147;1;2;0;0;2;0;0;B01
201600011147;1;7;0;0;2;0;0;Z01
201600011148;0;7;0;0;1;1;1;A01
201600011149;2;33;0;0;2;1;0;B01
201600011149;1;7;0;0;2;7;15;A01
201600011150;0;7;0;0;2;3;1;B01
201600011150;0;32;0;0;2;1;13;A01
201600011151;0;7;0;0;2;1;2;A01
201600011151;0;32;0;0;2;4;1;B01
201600011152;2;7;0;12;2;1;1;B01
201600011152;1;7;0;12;2;2;10;A01
201600011153;2;7;0;15;0;1;14;A01
201600011154;1;32;0;0;2;2;17;A01
201600011154;1;7;0;0;2;7;2;B01
201600011155;1;10;0;0;1;2;1;A01
201600011156;1;30;0;0;2;1;2;A01
201600011156;1;7;0;0;2;4;2;B01
201600011157;1;32;0;0;2;1;18;A01
201600011157;1;7;0;0;2;6;23;B01
201600011158;1;7;0;0;2;3;9;A01
201600011158;2;7;0;0;2;3;1;B01
201600011159;0;34;0;0;2;1;17;A01
201600011159;0;7;0;0;0;6;15;B01
201600011160;2;2;0;0;2;7;1;A01
201600011160;1;7;0;0;2;3;1;B01
201600011161;0;34;0;0;1;1;1;A01
201600011162;1;32;0;0;2;1;1;B01
201600011162;1;7;0;0;2;8;1;A01
201600011163;1;33;0;0;2;2;17;A01
201600011163;2;7;0;0;0;8;23;B01
201600011164;1;7;0;0;2;3;13;A01
201600011164;2;7;0;0;2;8;1;B01
201600011165;1;7;0;14;2;1;1;A01
201600011165;1;2;0;14;2;7;15;B01
201600011166;1;7;0;0;2;1;1;A01
201600011166;1;33;0;0;2;8;1;B01
201600011167;1;7;0;0;2;3;1;A01
201600011167;1;7;0;8;2;2;0;B01
201600011168;1;7;0;0;2;1;2;A01
201600011168;1;7;0;14;0;4;2;B01
201600011168;1;7;0;0;2;4;2;C01
201600011169;0;7;0;0;2;4;23;B01
201600011169;0;2;0;0;2;1;2;A01
201600011170;1;7;0;0;2;1;1;A01
201600011170;2;10;0;0;2;6;15;B01
201600011171;1;7;0;0;2;6;11;A01
201600011171;1;33;0;0;2;7;1;B01
201600011172;2;7;0;0;2;3;11;A01
201600011172;2;30;0;0;2;7;2;B01
201600011173;1;31;0;0;1;3;1;A01
201600011174;1;33;0;0;2;1;1;B01
201600011174;1;7;0;0;2;6;17;A01
201600011175;2;34;0;0;2;1;17;A01
201600011175;2;7;0;0;2;3;2;B01
201600011176;2;7;0;3;1;1;15;A01
201600011177;1;7;0;0;2;1;1;A01
201600011177;2;10;0;0;2;0;0;B01
201600011178;1;7;0;6;0;2;1;A01
201600011179;2;33;0;0;2;8;1;B01
201600011179;1;7;0;0;2;3;15;A01
201600011180;1;10;0;0;2;8;0;B01
201600011180;1;32;0;0;2;1;17;A01
201600011181;1;2;0;0;2;1;0;A01
201600011181;2;7;0;6;2;2;1;B01
201600011182;0;2;0;1;0;1;0;A01
201600011182;0;10;0;0;2;6;0;B01
201600011183;2;7;0;0;1;3;1;A01
201600011184;0;7;0;1;1;1;1;A01
201600011185;1;7;0;0;1;1;15;A01
201600011186;1;33;0;0;1;1;1;A01
201600011187;1;32;0;0;2;1;16;B01
201600011187;1;7;0;0;2;7;1;A01
201600011188;1;7;0;0;2;8;15;B01
201600011188;1;7;0;0;2;1;1;A01
201600011189;0;2;0;0;2;1;16;A01
201600011189;0;7;0;0;2;3;1;B01
201600011190;0;33;0;0;2;1;1;B01
201600011190;0;7;0;0;2;3;15;A01
201600011191;0;10;0;1;2;5;1;B01
201600011191;0;7;0;0;2;1;1;A01
201600011192;1;7;0;0;1;2;1;A01
201600011193;2;7;0;13;0;0;1;A01
201600011194;2;7;0;0;1;3;15;A01
201600011195;1;32;0;0;2;4;16;B01
201600011195;1;2;0;0;2;1;0;A01
201600011196;1;7;0;0;1;1;15;A01
201600011197;0;7;0;0;2;1;15;A01
201600011197;0;30;0;0;2;1;1;B01
201600011198;1;7;0;0;2;4;1;B01