Num_Acc;senc;catv;occutc;obs;obsm;choc;manv;num_veh
201600011198;1;7;0;0;2;1;2;A01
201600011199;2;10;0;0;2;1;2;A01
201600011199;2;99;0;0;2;4;1;B01
201600011200;1;7;0;0;0;0;15;A01
201600011200;1;32;0;0;0;8;1;B01
201600011201;2;7;0;0;2;3;1;A01
201600011201;1;7;0;0;2;6;15;B01
201600011202;1;34;0;0;0;0;0;A01
201600011203;1;7;0;0;2;1;1;A01
201600011203;1;31;0;0;2;4;23;B01
201600011204;1;7;0;0;2;4;23;C01
201600011204;1;7;0;0;2;1;2;A01
201600011204;1;7;0;0;2;4;23;B01
201600011205;1;7;0;0;2;0;0;A01
201600011205;2;32;0;0;2;0;15;B01
201600011206;1;32;0;0;2;1;1;A01
201600011206;1;7;0;0;2;4;1;B01
201600011207;1;7;0;0;2;7;1;A01
201600011207;1;2;0;0;2;3;0;B01
201600011208;0;34;0;0;2;1;1;B01
201600011208;1;7;0;0;2;1;15;A01
201600011209;1;7;0;0;2;2;1;A01
201600011209;1;2;0;0;2;1;1;B01
201600011210;0;32;0;0;2;1;1;B01
201600011210;0;10;0;0;2;7;15;A01
201600011211;1;7;0;8;0;1;0;A01
201600011212;1;7;0;0;2;8;13;A01
201600011212;2;13;0;0;2;8;1;B01
201600011213;1;2;0;0;2;2;2;A01
201600011213;1;7;0;0;2;8;1;B01
201600011214;1;1;0;1;2;1;1;B01
201600011214;2;7;0;0;9;3;24;A01
201600011215;2;33;0;16;2;1;5;A01
201600011215;1;7;0;0;2;8;1;B01
201600011215;1;7;0;0;2;1;1;C01
201600011216;0;7;0;0;2;3;13;A01
201600011216;0;7;0;0;2;4;23;C01
201600011216;0;7;0;0;2;5;23;B01
201600011217;0;7;0;6;0;3;1;A01
201600011218;2;7;0;0;1;3;15;A01
201600011219;2;30;0;0;2;3;17;A01
201600011219;2;7;0;0;2;8;17;B01
201600011220;0;7;0;0;2;1;1;B01
201600011220;1;7;0;1;2;1;1;Z01
201600011221;0;32;0;0;2;1;17;A01
201600011221;0;7;0;0;2;8;15;B01
201600011222;0;7;0;0;2;2;19;A01
201600011222;0;7;0;0;2;8;1;B01
201600011223;2;30;0;6;0;1;1;A01
201600011224;1;33;0;0;2;1;1;A01
201600011224;1;7;0;0;2;4;0;B01
201600011225;2;34;0;0;2;7;1;B01
201600011225;1;7;0;0;2;1;9;A01
201600011226;1;7;0;0;2;6;1;A01
201600011226;1;7;0;0;2;2;0;B01
201600011227;0;7;0;0;2;2;16;A01
201600011227;0;32;0;0;2;3;1;B01
201600011228;1;7;0;0;2;2;12;A01
201600011228;1;2;0;0;2;9;1;B01
201600011229;1;7;0;0;1;2;1;A01
201600011230;1;30;0;0;2;0;18;Z01
201600011230;1;31;0;0;2;7;16;B01
201600011231;1;7;0;0;2;6;15;A01
201600011231;1;2;0;0;2;2;1;B01
201600011232;1;2;0;0;2;1;2;A01
201600011232;1;7;0;0;2;5;23;B01
201600011233;1;2;0;0;2;1;15;A01
201600011233;2;2;0;0;2;8;1;B01
201600011234;0;7;0;0;2;7;15;A01
201600011234;0;31;0;0;2;1;1;B01
201600011235;2;7;0;3;2;3;15;C01
201600011235;2;7;0;9;2;2;17;A01
201600011236;1;7;0;0;2;2;1;A01
201600011236;1;1;0;0;2;1;1;B01
201600011237;1;7;0;0;2;1;2;A01
201600011237;1;34;0;0;2;5;23;B01
201600011238;1;32;0;0;1;1;1;A01
201600011239;2;7;0;0;2;1;19;A01
201600011239;1;32;0;0;2;1;1;B01
201600011240;0;7;0;15;2;8;1;B01
201600011240;0;7;0;0;2;1;1;A01
201600011241;2;34;0;0;2;1;1;B01
201600011241;1;7;0;0;2;2;15;A01
201600011242;1;1;0;0;2;8;1;A01
201600011242;1;31;0;0;9;7;2;B01
201600011243;0;2;0;0;0;0;0;B01
201600011243;0;7;0;0;0;0;0;A01
201600011244;0;7;0;0;1;3;1;A01
201600011245;1;32;0;6;0;1;1;A01
201600011246;2;7;0;0;2;7;22;A01
201600011246;0;30;0;0;2;8;18;B01
201600011247;1;37;1;0;1;7;1;A01
201600011248;1;2;0;0;2;1;1;B01
201600011248;1;7;0;0;2;4;1;A01
201600011249;0;30;0;0;2;3;16;B01
201600011249;0;7;0;0;2;7;15;A01
201600011250;1;2;0;0;2;8;1;A01
201600011250;0;7;0;0;2;1;15;B01
201600011251;1;7;0;0;1;3;15;A01
201600011252;2;2;0;0;2;1;1;B01
201600011252;1;7;0;0;2;1;13;A01
201600011253;1;7;0;0;2;3;15;A01
201600011253;2;33;0;0;2;1;1;B01
201600011254;1;7;0;0;2;4;2;B01
201600011254;1;34;0;0;2;1;2;A01
201600011255;1;32;0;0;2;8;1;B01
201600011255;1;10;0;0;2;1;1;A01
201600011256;0;2;0;0;2;7;1;B01
201600011256;0;7;0;0;2;8;9;A01
201600011257;2;7;0;0;2;4;1;B01
201600011257;2;10;0;0;2;1;2;A01
201600011258;0;31;0;0;2;1;1;B01
201600011258;0;1;0;0;2;8;9;A01
201600011259;1;20;0;0;2;8;15;A01
201600011259;1;30;0;0;2;7;17;B01
201600011260;0;37;1;0;0;7;1;B01
201600011260;1;2;0;0;2;1;1;A01
201600011261;1;7;0;0;2;3;5;A01
201600011261;1;32;0;0;2;1;1;B01
201600011262;0;7;0;0;2;4;11;B01
201600011262;0;2;0;0;2;1;1;A01
201600011263;2;7;0;0;2;0;0;B01
201600011263;1;7;0;0;2;1;1;C01
201600011263;1;7;0;0;2;1;0;A01
201600011264;0;7;0;0;2;2;16;B01
201600011264;0;2;0;0;2;1;18;A01
201600011265;1;2;0;0;2;2;0;A01
201600011265;1;7;0;0;2;1;1;B01
201600011266;1;7;0;0;0;0;1;A01
201600011266;1;33;0;0;0;8;15;B01
201600011267;1;33;0;0;2;8;13;A01
201600011267;2;7;0;0;2;3;1;B01
201600011268;1;7;0;0;1;0;0;A01
201600011269;2;7;0;0;2;5;15;A01
201600011269;1;34;0;0;2;1;1;B01
201600011270;1;33;0;0;2;0;1;A01
201600011270;1;7;0;0;2;0;1;B01
201600011271;2;32;0;0;2;2;17;B01
201600011271;2;7;0;0;2;3;17;A01
201600011272;2;7;0;0;2;5;15;B01
201600011272;1;7;0;0;2;1;1;A01
201600011273;1;7;0;0;1;2;1;A01
201600011274;1;33;0;1;2;0;0;A01
201600011274;1;7;0;0;2;0;0;B01
201600011275;1;7;0;0;2;1;2;A01
201600011275;1;7;0;0;2;4;2;C01
201600011275;1;10;0;0;2;4;2;B01
201600011276;2;32;0;0;2;1;2;B01
201600011276;2;7;0;0;2;4;1;A01
201600011277;1;30;0;0;2;7;1;A01
201600011278;0;30;0;0;2;2;19;B01
201600011278;1;30;0;0;2;1;1;A01
201600011279;1;7;0;8;2;2;15;A01
201600011279;2;7;0;8;2;1;1;B01
201600011280;2;7;0;0;1;3;1;A01
201600011281;2;30;0;0;2;1;1;A01
201600011281;1;7;0;0;2;8;1;B01
201600011282;1;1;0;0;2;8;11;A01
201600011282;0;7;0;0;9;8;1;B01
201600011283;0;7;0;0;2;1;1;A01
201600011283;0;2;0;0;2;8;1;B01
201600011284;1;7;0;1;0;3;1;A01
201600011285;1;7;0;0;1;2;1;A01
201600011286;0;7;0;0;1;1;1;A01
201600011287;2;7;0;0;2;3;1;B01
201600011287;2;7;0;0;2;5;1;A01
201600011288;1;2;0;0;2;4;1;A01
201600011288;1;15;0;0;2;1;1;B01
201600011289;1;31;0;0;2;1;1;A01
201600011289;0;1;0;0;9;0;0;B01
201600011290;1;7;0;0;1;1;1;A01
201600011291;0;2;0;0;2;1;1;A01
201600011291;0;7;0;0;2;2;12;B01
201600011292;0;2;0;0;2;1;2;A01
201600011292;2;7;0;0;2;4;1;B01
201600011293;1;34;0;0;2;1;18;A01
201600011293;1;7;0;0;2;5;9;B01
201600011294;1;7;0;1;2;1;1;A01
201600011294;0;7;0;0;0;0;0;B01
201600011295;0;7;0;0;2;1;2;A01
201600011295;0;10;0;0;2;1;2;C01
201600011295;0;7;0;0;2;5;2;B01
201600011296;1;7;0;0;1;0;4;A01
201600011297;1;7;0;0;2;1;1;B01
201600011297;2;30;0;0;2;1;5;A01
201600011298;2;7;0;0;2;1;1;A01
201600011298;2;20;0;0;2;3;1;B01
201600011299;1;10;0;0;2;2;1;A01
201600011299;1;33;0;0;2;3;0;B01
201600011300;1;30;0;0;2;1;1;A01
201600011300;1;7;0;0;2;4;1;B01
201600011301;1;32;0;0;2;1;0;A01
201600011301;2;32;0;0;0;0;0;B01
201600011302;2;7;0;0;1;1;17;A01
201600011303;0;7;0;6;0;9;14;A01
201600011304;1;34;0;0;2;8;1;B01
201600011304;1;7;0;0;2;5;14;A01
201600011305;0;7;0;0;2;1;2;A01
201600011305;2;7;0;0;2;4;2;B01
201600011305;2;7;0;0;2;4;2;C01
201600011305;0;7;0;0;2;4;2;D01
201600011305;0;7;0;0;0;0;23;E01
201600011306;1;7;0;0;2;1;1;B01
201600011306;2;7;0;0;2;3;13;A01
201600011307;0;7;0;0;2;3;15;A01
201600011307;0;7;0;0;2;1;1;B01
201600011308;2;7;0;0;2;3;9;A01
201600011308;1;7;0;1;2;1;1;B01
201600011309;0;7;0;8;2;1;0;A01
201600011310;2;7;0;0;2;3;5;A01
201600011310;1;10;0;0;2;3;1;B01
201600011311;1;34;0;0;2;8;1;A01
201600011311;1;7;0;0;2;1;1;B01
201600011312;1;30;0;0;2;8;1;A01
201600011312;0;7;0;0;2;1;15;B01
201600011313;0;7;0;0;2;2;1;B01
201600011313;2;33;0;0;2;1;19;A01
201600011314;2;30;0;1;2;7;17;B01
201600011314;2;7;0;0;2;3;15;A01
201600011315;1;2;0;1;0;2;1;A01
201600011316;1;33;0;0;2;3;1;B01
201600011316;2;7;0;0;2;3;13;A01
201600011317;1;10;0;0;2;1;1;A01
201600011317;1;33;0;0;2;4;1;B01
201600011318;1;7;0;0;0;0;0;C01
201600011318;1;7;0;0;2;4;2;B01
201600011318;1;7;0;0;2;1;2;A01
201600011319;1;7;0;0;0;0;9;A01
201600011319;1;33;0;0;0;0;0;B01
201600011320;1;7;0;0;1;1;0;A01
201600011321;0;33;0;0;2;1;2;A01
201600011321;0;34;0;0;2;4;23;B01
201600011322;1;7;0;1;2;2;19;B01
201600011322;1;7;0;6;2;3;19;A01
201600011323;1;7;0;0;1;1;1;A01
201600011324;1;7;0;0;1;3;15;A01
201600011325;2;32;0;0;2;4;1;B01
201600011325;2;2;0;0;2;1;2;A01
201600011326;1;2;0;0;2;1;2;A01
201600011326;1;7;0;0;2;4;0;B01
201600011327;2;7;0;0;1;4;4;A01
201600011328;1;7;0;0;1;1;1;A01
201600011329;1;34;0;0;2;2;1;B01
201600011329;1;7;0;0;2;3;19;A01
201600011330;0;7;0;0;2;3;15;A01
201600011330;0;2;0;0;2;1;1;B01
201600011331;1;30;0;0;1;3;1;A01
201600011332;1;7;0;0;1;1;1;A01
201600011333;1;7;0;0;1;0;15;A01
201600011334;1;7;0;0;2;1;2;A01
201600011334;1;7;0;4;2;5;1;B01
201600011334;1;34;0;0;2;4;1;C01
201600011335;1;7;0;0;2;8;15;A01
201600011335;1;2;0;0;2;1;17;B01
201600011336;2;30;0;0;1;1;1;A01
201600011337;1;33;0;0;2;0;1;B01
201600011337;0;7;0;0;0;0;0;Z01
201600011338;1;7;0;0;2;8;1;B01
201600011338;1;33;0;0;2;1;1;A01
201600011339;1;10;0;0;2;4;11;A01
201600011339;1;34;0;0;2;1;21;B01
201600011340;2;7;0;0;2;3;15;A01
201600011340;1;7;0;0;2;8;1;B01
201600011341;1;32;0;12;2;1;18;A01
201600011341;1;37;1;0;2;2;1;B01
201600011342;1;32;0;0;2;8;1;A01
201600011342;2;7;0;0;2;3;1;B01
201600011343;0;7;0;8;2;1;1;B01
201600011343;1;7;0;0;2;7;15;A01
201600011344;2;33;0;0;2;0;0;A01
201600011344;2;33;0;0;2;1;2;B01
201600011345;2;32;0;0;0;1;1;A01
201600011346;2;7;0;0;2;3;1;B01
201600011346;1;7;0;0;2;3;13;A01
201600011347;0;10;0;0;1;3;16;A01
201600011348;1;10;0;0;1;1;15;A01
201600011349;1;30;0;0;2;1;1;A01
201600011349;2;32;0;0;2;1;1;B01
201600011350;0;7;0;0;1;2;1;A01
201600011351;1;7;0;0;2;1;0;A01
201600011351;2;32;0;0;2;0;0;B01
201600011352;2;7;0;0;1;1;15;A01
201600011353;1;33;0;0;2;1;1;B01
201600011353;1;7;0;0;2;2;1;A01
201600011354;1;7;0;0;2;7;14;A01
201600011354;1;7;0;0;2;3;1;B01
201600011354;1;31;0;0;2;8;1;C01
201600011355;1;2;0;0;2;4;2;A01
201600011355;1;7;0;0;2;4;1;B01
201600011356;0;1;0;0;2;7;2;A01
201600011356;0;7;0;0;2;0;15;Z01
201600011357;2;32;0;0;2;1;1;B01
201600011357;1;7;0;0;2;1;16;A01
201600011358;1;32;0;0;2;1;1;B01
201600011358;1;7;0;0;2;1;19;A01
201600011359;1;7;0;0;2;2;15;A01
201600011359;2;33;0;0;2;1;1;B01
201600011360;1;33;0;0;2;1;2;A01
201600011360;1;7;0;0;2;4;1;B01
201600011361;2;7;0;0;2;8;0;A01
201600011361;1;33;0;0;2;1;1;B01
201600011362;1;7;0;0;2;3;15;A01
201600011362;1;7;0;0;2;1;1;B01
201600011362;1;7;0;0;2;1;1;C01
201600011363;1;7;0;0;1;6;4;A01
201600011364;1;32;0;0;2;1;1;A01
201600011364;1;7;0;0;2;7;12;B01
201600011365;1;10;0;0;1;2;1;A01
201600011366;2;10;0;0;1;2;15;A01
201600011367;1;7;0;9;0;1;1;A01
201600011368;1;7;0;0;1;1;1;A01
201600011369;1;7;0;0;2;3;5;A01
201600011369;1;7;0;0;2;1;16;B01
201600011370;2;7;0;0;1;2;0;A01
201600011371;2;7;0;0;2;1;15;A01
201600011371;1;2;0;0;2;1;1;B01
201600011372;2;7;0;0;2;1;2;A01
201600011372;2;7;0;0;2;4;2;B01
201600011372;2;7;0;0;2;4;1;C01
201600011373;1;31;0;8;0;1;1;A01
201600011374;1;7;0;1;0;3;13;A01
201600011375;1;32;0;0;2;1;17;B01
201600011375;1;7;0;0;2;3;15;A01
201600011376;2;32;0;0;2;1;0;B01
201600011376;1;7;0;0;2;2;0;A01
201600011377;1;33;0;2;0;1;1;A01
201600011378;1;7;0;0;2;3;15;A01
201600011378;1;2;0;0;2;0;0;B01
201600011379;1;7;0;0;9;5;15;A01
201600011379;2;1;0;0;2;1;1;B01
201600011380;0;7;0;0;2;8;15;A01
201600011380;0;33;0;0;2;0;0;B01
201600011381;1;33;0;0;2;1;1;B02
201600011381;2;7;0;0;2;2;15;A01
201600011382;0;7;0;0;2;7;19;A01
201600011382;2;7;0;0;2;3;1;B02
201600011383;2;7;0;13;0;1;1;A01
201600011384;2;15;0;0;0;2;1;B02
201600011384;1;7;0;13;2;8;0;A01
201600011385;2;15;0;0;9;5;2;A01
201600011385;2;1;0;0;2;8;0;B02
201600011386;0;7;0;0;0;4;0;A01
201600011386;0;1;0;0;0;4;2;B02
201600011387;0;36;0;0;2;1;1;A01
201600011387;0;7;0;0;2;3;9;B02
201600011388;2;7;0;2;0;2;1;A01
201600011389;1;7;0;13;0;0;1;A01
201600011390;0;7;0;12;2;7;19;A01
201600011390;0;33;0;0;2;3;16;B02
201600011391;2;7;0;0;2;3;1;A01
201600011391;0;7;0;0;2;3;1;B02
201600011392;2;7;0;0;1;3;1;A01
201600011393;1;7;0;0;0;8;10;A01
201600011393;1;33;0;0;2;1;17;B02
201600011394;0;33;0;0;0;0;19;A01
201600011395;1;99;0;0;2;2;1;A01
201600011395;1;99;0;0;2;6;11;B02
201600011396;0;7;0;0;2;8;1;A01
201600011396;0;33;0;0;2;1;1;B02
201600011397;2;7;0;0;1;2;1;A01
201600011398;0;7;0;0;9;7;1;A01
201600011398;0;1;0;0;2;8;0;B02
201600011399;0;1;0;0;2;4;1;A01
201600011400;0;31;0;0;2;6;15;A01
201600011400;0;37;10;0;2;5;1;B02
201600011401;2;7;0;7;0;2;1;A01
201600011402;1;7;0;2;0;7;1;A01
201600011403;2;7;0;6;0;3;1;A01
201600011404;1;33;0;3;0;1;1;A01
201600011405;1;33;0;0;2;3;17;B02
201600011405;2;7;0;0;2;3;13;A01
201600011406;1;7;0;0;2;1;13;A01
201600011406;2;7;0;0;2;1;1;B02
201600011407;1;7;0;0;2;1;1;B02
201600011407;2;7;0;0;2;2;15;A01
201600011408;2;33;0;0;2;1;13;B02
201600011408;1;7;0;0;2;1;1;A01
201600011409;2;33;0;8;0;1;17;A01
201600011410;2;7;0;0;2;1;1;B02
201600011410;1;7;0;0;2;1;13;A01
201600011411;2;7;0;0;2;2;15;B02
201600011411;1;7;0;0;2;1;1;A01
201600011412;1;7;0;0;2;1;1;B02
201600011412;2;7;0;0;2;1;17;A01
201600011413;2;7;0;0;2;1;13;A01
201600011413;1;10;0;0;2;1;1;C03
201600011413;2;7;0;0;2;1;1;B02
201600011414;1;7;0;0;0;2;1;B02
201600011414;2;7;0;0;0;2;5;A01
201600011415;1;17;0;0;2;3;1;B02
201600011415;1;7;0;13;0;1;1;C03
201600011415;2;7;0;0;2;1;13;A01
201600011416;1;7;0;0;1;3;1;A01
201600011417;1;7;0;0;2;1;13;A01
201600011417;2;14;0;0;2;1;1;B02
201600011418;1;7;0;6;0;1;1;A01
201600011419;2;7;0;0;2;2;1;A01
201600011419;2;7;0;0;0;8;15;B02
201600011420;1;7;0;2;0;3;13;A01
201600011420;1;37;1;0;0;0;2;B02
201600011421;2;7;0;0;2;3;5;A01
201600011421;1;14;0;0;2;3;1;B02
201600011422;0;10;0;13;0;2;14;A01
201600011423;2;33;0;13;0;5;13;A01
201600011424;2;7;0;8;0;7;14;A01
201600011425;1;7;0;0;2;3;19;A01
201600011425;1;7;0;0;2;2;1;B02
201600011426;2;7;0;0;1;1;1;A01
201600011427;1;10;0;0;2;2;1;B01
201600011427;2;10;0;0;2;1;1;A01
201600011428;1;7;0;0;1;3;1;A01
201600011429;1;7;0;0;2;2;0;B01
201600011429;2;7;0;0;2;2;0;A01
201600011430;0;7;0;0;2;1;15;A01
201600011430;0;30;0;0;2;1;1;B01
201600011431;1;7;0;0;1;3;15;A01
201600011432;2;7;0;0;2;2;0;B01
201600011432;1;7;0;0;2;7;0;A01
201600011433;1;7;0;0;2;2;9;A01
201600011433;2;7;0;0;2;5;1;B01
201600011434;1;7;0;0;1;2;15;A01
201600011435;1;7;0;0;2;2;2;A01
201600011435;1;10;0;0;0;8;2;B01
201600011436;2;7;0;0;1;2;1;A01
201600011437;1;7;0;0;2;1;1;B01
201600011437;2;7;0;0;2;7;17;A01
201600011438;1;7;0;0;2;3;1;B01
201600011438;2;15;0;0;2;6;1;A01
201600011439;2;7;0;1;1;1;1;A01
201600011440;2;7;0;0;0;3;19;A01
201600011440;1;2;0;0;2;1;0;B01
201600011441;1;7;0;0;2;3;13;A01
201600011441;2;7;0;0;2;8;1;B01
201600011442;1;7;0;0;1;2;21;A01
201600011443;1;7;0;0;2;3;1;B01
201600011443;2;17;0;0;2;6;1;A01
201600011444;2;33;0;0;2;2;2;A01
201600011444;2;7;0;0;2;6;2;B01
201600011445;2;2;0;0;2;1;1;B01
201600011445;2;10;0;0;2;8;19;A01
201600011446;2;7;0;3;0;7;1;A01
201600011446;2;7;0;0;2;6;1;B01
201600011447;0;7;0;6;0;2;1;A01
201600011448;1;7;0;15;0;1;1;A01
201600011449;2;30;0;0;2;5;16;B01
201600011449;2;7;0;0;2;3;16;A01
201600011450;2;7;0;0;2;1;2;A01
201600011450;2;7;0;0;2;4;23;C01
201600011450;2;7;0;0;2;4;23;B01
201600011451;1;7;0;0;2;1;0;B01
201600011451;1;7;0;0;2;2;0;A01
201600011452;1;30;0;11;0;0;0;A01
201600011453;2;7;0;0;1;0;0;A01
201600011454;2;7;0;0;2;0;0;C01
201600011454;1;7;0;0;2;9;2;B01
201600011454;1;7;0;0;2;3;15;A01
201600011455;1;33;0;0;2;0;0;A01
201600011455;1;7;0;0;2;3;0;B01
201600011456;1;7;0;8;0;0;0;A01
201600011457;2;7;0;0;1;0;0;A01
201600011458;1;7;0;0;1;3;0;A01
201600011459;0;7;0;0;2;3;2;B01
201600011459;2;7;0;0;2;0;0;A01
201600011460;2;7;0;0;2;0;0;A01
201600011460;1;30;0;0;2;0;0;B01
201600011461;2;7;0;0;0;0;0;A01
201600011462;2;31;0;0;1;0;0;A01
201600011463;2;7;0;0;2;2;2;A01
201600011463;1;1;0;0;2;0;0;B01
201600011464;1;30;0;0;2;0;15;A01
201600011464;1;2;0;0;2;0;0;B01
201600011465;1;7;0;0;2;5;15;A01
201600011465;2;33;0;0;2;1;1;B01
201600011466;2;16;0;0;1;0;0;A01
201600011467;1;7;0;0;2;0;0;A01
201600011467;2;7;0;0;2;5;2;B01
201600011468;2;31;0;0;2;0;0;A01
201600011468;1;7;0;0;2;3;15;B01
201600011469;2;7;0;0;1;1;2;A01
201600011470;2;7;0;0;2;8;0;A01
201600011470;1;7;0;0;2;1;0;B01
201600011471;2;1;0;15;0;4;2;A01
201600011471;2;10;0;0;9;6;2;B01
201600011472;1;10;0;0;2;1;2;C01
201600011472;1;7;0;0;2;0;2;A01
201600011472;1;7;0;0;2;1;2;B01
201600011473;1;7;0;12;0;3;6;A01
201600011473;2;10;0;0;2;3;0;B01
201600011474;1;1;0;0;2;0;0;B01
201600011474;2;7;0;0;2;2;9;A01
201600011475;2;7;0;0;2;1;1;B02
201600011475;1;7;0;0;2;4;13;A01
201600011476;0;33;0;0;0;8;1;A01
201600011477;2;7;0;0;0;9;0;A01
201600011478;1;7;0;0;1;3;1;A01
201600011479;2;10;0;0;2;2;1;B02
201600011479;1;7;0;0;2;2;13;A01
201600011480;1;7;0;0;1;1;17;A01
201600011481;1;7;0;0;2;3;15;A01
201600011481;2;7;0;0;2;1;1;B02
201600011482;0;7;0;0;2;7;13;A01
201600011482;0;7;0;0;2;1;1;B02
201600011483;0;10;0;0;2;3;1;B02
201600011483;0;7;0;0;2;3;13;A01
201600011484;2;7;0;0;2;2;13;A01
201600011484;1;7;0;0;2;1;1;B02
201600011485;2;10;0;13;2;0;1;B02
201600011485;1;7;0;3;0;2;1;A01
201600011486;1;7;0;0;2;1;15;A01
201600011486;1;30;0;0;2;2;1;B02
201600011487;0;7;0;2;0;2;1;A01
201600011488;0;1;0;0;2;1;1;A01
201600011488;0;7;0;0;9;1;1;B02
201600011489;2;1;0;0;1;1;18;A01
201600011490;1;7;0;0;2;3;9;A01
201600011490;1;7;0;0;2;5;1;B01
201600011491;1;7;0;0;0;9;13;A01
201600011492;2;7;0;6;0;0;19;A01
201600011493;1;7;0;0;1;1;1;A01
201600011494;1;30;0;3;0;0;1;A01
201600011495;1;1;0;0;0;0;2;A01
201600011496;1;7;0;0;1;3;1;A01
201600011497;1;7;0;0;2;3;1;A01
201600011497;2;3;0;0;2;1;1;B01
201600011498;1;7;0;0;2;3;15;B01
201600011498;2;7;0;0;0;3;1;A01
201600011499;0;7;0;0;2;1;15;A01
201600011499;0;7;0;0;2;7;1;B01
201600011500;2;7;0;13;0;1;14;A01
201600011501;1;7;0;0;2;4;23;B01
201600011501;1;7;0;0;2;4;23;C01
201600011501;1;7;0;0;2;1;2;A01
201600011502;1;7;0;0;1;2;2;A01
201600011503;2;7;0;0;1;2;16;A01
201600011504;1;7;0;0;0;1;1;A01
201600011505;1;31;0;0;2;1;19;A01
201600011505;2;7;0;0;2;3;1;B02
201600011505;1;7;0;0;2;2;1;C03
201600011506;1;7;0;0;1;3;1;A01
201600011507;0;33;0;0;2;1;1;B02
201600011507;0;7;0;0;2;2;9;A01
201600011508;0;33;0;13;0;7;2;A01
201600011509;0;13;0;12;1;6;4;A01
201600011510;0;31;0;0;2;1;1;C03
201600011510;0;37;0;0;2;2;15;A01
201600011510;0;7;0;0;2;6;1;B02
201600011511;0;31;0;0;2;1;1;A01
201600011511;0;10;0;0;2;3;10;B02
201600011512;1;7;0;0;2;1;13;A01
201600011512;2;10;0;0;2;1;1;B02
201600011513;2;7;0;1;1;1;1;A01
201600011514;2;7;0;0;1;2;19;A01
201600011515;0;7;0;2;0;2;1;A01
201600011516;1;7;0;13;0;3;14;A01
201600011517;2;7;0;2;0;6;1;A01
201600011518;1;7;0;0;2;3;13;A01
201600011518;2;7;0;0;2;3;1;B02
201600011519;2;10;0;0;2;1;1;B02
201600011519;1;7;0;0;2;1;1;A01
201600011520;2;7;0;0;2;3;1;A01
201600011520;1;10;0;0;2;3;1;B02
201600011521;1;1;0;0;0;0;0;A01
201600011522;1;7;0;13;0;2;14;A01
201600011523;2;10;0;2;0;9;1;A01
201600011524;1;15;0;0;2;5;4;A01
201600011524;1;15;0;0;2;1;2;B02
201600011525;1;7;0;4;0;3;0;A01
201600011526;0;33;0;13;0;6;21;A01
201600011527;2;14;0;0;2;4;1;B02
201600011527;2;7;0;0;2;1;1;A01
201600011528;2;10;0;0;2;2;0;A01
201600011528;2;17;0;0;2;6;1;B02
201600011529;2;7;0;0;0;9;0;A01
201600011530;2;7;0;0;0;9;1;A01
201600011531;1;7;0;0;2;3;13;A01
201600011531;2;7;0;0;2;3;1;B02
201600011532;2;7;0;6;0;7;13;A01
201600011533;1;7;0;2;0;9;0;A01
201600011534;1;33;0;2;0;1;21;A01
201600011535;2;7;0;2;0;3;14;A01
201600011536;1;7;0;0;2;1;1;A01
201600011536;1;17;0;0;0;0;1;B02
201600011537;2;7;0;0;2;6;23;A01
201600011537;2;17;0;0;2;2;1;B02
201600011537;2;17;0;0;2;2;1;C03
201600011538;2;7;0;16;0;9;1;A01
201600011539;1;15;0;0;2;1;1;B02
201600011539;1;7;0;0;2;5;11;A01
201600011540;2;7;0;0;2;5;1;B01
201600011540;2;7;0;4;2;3;1;A01
201600011541;2;7;0;13;0;2;13;A01
201600011542;1;33;0;0;2;1;1;A01
201600011542;1;7;0;0;2;6;2;B02
201600011543;2;10;0;3;0;2;1;A01
201600011544;1;7;0;4;0;1;9;A01
201600011545;2;38;1;0;2;2;17;B02
201600011545;2;7;0;0;2;4;1;A01
201600011546;1;7;0;0;2;4;1;A01
201600011546;1;10;0;1;0;1;2;B02
201600011547;1;10;0;0;2;1;1;B02
201600011547;2;10;0;0;2;7;1;A01
201600011548;1;7;0;0;1;2;1;A01
201600011549;2;7;0;13;0;1;1;A01
201600011550;2;30;0;0;1;3;21;A01
201600011551;0;10;0;0;2;1;1;A01
201600011551;0;7;0;0;0;3;9;B02
201600011552;2;7;0;13;0;3;13;A01
201600011553;0;7;0;0;1;0;21;A01
201600011554;0;7;0;0;1;7;13;A01
201600011555;0;7;0;8;0;1;1;A01
201600011556;0;7;0;8;0;8;14;A01
201600011557;0;7;0;0;2;8;1;B02
201600011557;2;7;0;0;2;1;1;A01
201600011558;1;10;0;0;2;1;2;A01
201600011558;1;3;0;0;2;4;2;B02
201600011559;0;2;0;0;2;7;15;A01
201600011559;0;7;0;0;2;1;1;B02
201600011560;0;7;0;13;0;3;1;A01
201600011561;1;7;0;0;2;3;2;A01
201600011561;1;30;0;0;2;2;15;B02
201600011562;1;33;0;0;2;6;1;A01
201600011562;1;7;0;0;2;2;17;B02
201600011563;1;2;0;0;2;1;2;A01
201600011563;1;7;0;0;2;6;2;B02
201600011564;1;7;0;0;1;2;1;A01
201600011565;1;7;0;0;1;1;1;A01
201600011566;0;7;0;0;0;6;2;B02
201600011566;0;30;0;0;2;1;2;A01
201600011567;2;33;0;0;0;8;1;A01
201600011568;1;31;0;13;0;1;1;A01
201600011569;2;33;0;0;2;7;1;A01
201600011569;1;7;0;0;2;2;15;B02
201600011570;1;2;0;0;2;1;5;B02