Num_Acc;senc;catv;occutc;obs;obsm;choc;manv;num_veh
201600011570;1;7;0;0;0;7;1;A01
201600011571;2;7;0;0;2;3;1;B02
201600011571;1;7;0;0;2;3;13;A01
201600011572;1;7;0;2;0;1;18;A01
201600011573;2;7;0;0;2;1;13;A01
201600011573;1;7;0;0;2;5;1;B02
201600011573;1;7;0;0;2;1;1;C03
201600011574;1;7;0;0;2;1;13;A01
201600011574;2;7;0;0;2;1;1;B02
201600011575;2;1;0;0;2;7;19;B02
201600011575;2;7;0;0;2;3;0;A01
201600011576;2;2;0;0;2;1;1;B02
201600011576;1;7;0;0;2;3;15;A01
201600011577;1;7;0;0;1;1;1;A01
201600011578;0;7;0;0;1;2;1;A01
201600011579;0;33;0;0;0;0;0;A01
201600011580;0;7;0;0;0;0;0;A01
201600011580;0;7;0;0;0;0;0;B02
201600011581;0;7;0;0;0;0;0;B02
201600011581;0;7;0;0;0;0;0;A01
201600011582;0;7;0;0;6;4;1;A01
201600011582;0;7;0;;2;1;1;B02
201600011583;2;7;0;0;2;1;1;B02
201600011583;1;7;0;0;2;1;13;A01
201600011584;2;7;0;0;2;3;1;B02
201600011584;1;7;0;0;2;3;1;A01
201600011584;2;7;0;0;2;1;1;C03
201600011585;0;10;0;0;2;1;13;A01
201600011586;1;7;0;13;0;2;1;A01
201600011587;1;7;0;0;0;4;2;B01
201600011587;1;10;0;0;2;1;2;A02
201600011588;1;7;0;0;2;1;5;A01
201600011588;2;7;0;0;2;2;1;B02
201600011589;1;7;0;0;2;1;2;A01
201600011589;1;7;0;0;0;4;2;B02
201600011590;1;15;0;0;2;4;0;A01
201600011590;1;15;0;14;0;1;2;B02
201600011591;2;7;0;0;0;1;1;A01
201600011592;2;7;0;4;0;1;1;A01
201600011593;2;7;0;0;2;1;1;A01
201600011593;2;38;55;0;2;4;1;B02
201600011593;2;14;0;0;2;4;1;C08
201600011594;2;15;0;3;0;1;13;A01
201600011595;2;7;0;0;2;3;5;A01
201600011595;1;7;0;0;2;1;1;B02
201600011595;1;7;0;0;2;3;1;C03
201600011596;1;34;0;1;0;1;11;A01
201600011597;1;7;0;0;2;3;13;A01
201600011597;2;7;0;0;2;0;1;B02
201600011598;2;7;0;0;2;1;2;A01
201600011598;2;10;0;0;2;4;2;B02
201600011599;1;33;0;2;0;9;14;A01
201600011600;1;15;0;0;0;6;1;B02
201600011600;1;14;0;1;0;2;1;A01
201600011601;1;7;0;0;0;1;14;A01
201600011602;2;7;0;4;0;2;1;A01
201600011603;2;17;0;3;0;1;1;A01
201600011604;1;7;0;4;0;1;1;A01
201600011605;2;7;0;0;2;1;2;A01
201600011605;2;14;0;0;2;5;2;B02
201600011606;2;7;0;4;2;2;0;A01
201600011606;2;14;0;0;0;6;2;B02
201600011607;1;17;0;3;0;2;1;A01
201600011608;2;7;0;0;2;7;1;A01
201600011608;2;7;0;0;2;8;1;B02
201600011609;2;7;0;0;2;1;2;A01
201600011609;2;17;0;0;2;5;2;B02
201600011610;1;15;0;0;2;1;1;A01
201600011610;1;15;0;0;2;4;1;B02
201600011611;1;15;0;0;2;1;1;A01
201600011611;1;15;0;0;2;4;23;B02
201600011611;1;15;0;0;2;4;23;C03
201600011611;1;15;0;0;2;4;23;D04
201600011611;1;15;0;0;2;4;23;E05
201600011612;1;33;0;13;0;1;16;A01
201600011613;2;99;0;0;1;2;1;B01
201600011614;2;10;0;3;0;1;14;A01
201600011615;1;7;0;0;2;3;0;A01
201600011615;1;7;0;0;2;2;1;B02
201600011615;1;14;0;0;2;2;1;C03
201600011616;2;7;0;0;0;2;14;A01
201600011617;1;16;0;0;2;1;1;A01
201600011617;1;17;0;0;2;4;1;B02
201600011618;1;17;0;0;0;5;0;A01
201600011618;1;7;0;0;2;3;14;B02
201600011619;1;7;0;4;0;8;1;A01
201600011620;1;7;0;0;2;1;1;A01
201600011620;1;14;0;0;2;4;1;B02
201600011621;2;10;0;0;2;2;1;A01
201600011621;2;15;0;0;2;6;1;B02
201600011622;2;33;0;4;0;3;17;A01
201600011623;1;7;0;0;0;9;1;A01
201600011624;2;15;0;0;0;6;1;A01
201600011624;2;7;0;0;2;1;1;B02
201600011624;2;7;0;14;0;1;1;C03
201600011624;2;7;0;0;2;1;1;D04
201600011625;2;14;0;16;0;0;14;A01
201600011626;2;7;0;0;2;1;2;B02
201600011626;2;7;0;1;0;7;1;D04
201600011626;2;7;0;0;2;4;1;A01
201600011626;2;15;0;1;0;2;1;C03
201600011627;1;7;0;0;2;2;2;A01
201600011627;1;17;0;0;0;0;0;B02
201600011628;2;7;0;0;2;1;1;B02
201600011628;2;17;0;0;0;4;1;A01
201600011629;1;7;0;0;2;1;2;A01
201600011629;1;17;0;0;0;6;2;B01
201600011629;1;16;0;1;0;3;2;C01
201600011630;2;7;0;0;2;4;2;B02
201600011630;2;16;0;0;2;2;2;A01
201600011630;2;7;0;0;0;4;2;C03
201600011631;2;7;0;0;2;2;2;A01
201600011631;2;7;0;0;0;6;2;B02
201600011632;0;10;0;0;2;1;2;A01
201600011632;0;7;0;0;0;4;2;B02
201600011633;1;7;0;0;2;1;2;A01
201600011633;1;7;0;0;2;6;2;B02
201600011634;2;7;0;0;0;5;23;B02
201600011634;2;7;0;14;0;2;2;A01
201600011635;2;7;0;0;2;4;2;B02
201600011635;2;7;0;0;2;4;2;D04
201600011635;2;7;0;0;2;4;2;C03
201600011635;2;7;0;0;2;1;2;A01
201600011636;2;7;0;3;0;8;1;A01
201600011637;1;7;0;3;0;1;1;A01
201600011638;1;31;0;0;0;8;1;A01
201600011639;2;7;0;0;2;2;1;B02
201600011639;2;7;0;0;2;3;13;A01
201600011640;1;15;0;3;0;7;14;A01
201600011641;1;7;0;0;2;1;2;A01
201600011641;1;7;0;0;2;4;2;B02
201600011641;1;7;0;0;2;5;2;C03
201600011642;2;7;0;0;2;1;2;A01
201600011642;2;7;0;14;1;3;2;C03
201600011642;2;7;0;14;0;8;21;D04
201600011642;2;7;0;0;0;4;2;B02
201600011643;1;7;0;0;2;1;2;A01
201600011643;1;14;0;0;0;4;2;B02
201600011644;2;7;0;0;2;1;2;A01
201600011644;2;7;0;0;2;1;2;B02
201600011645;1;7;0;0;2;2;0;A01
201600011645;1;7;0;0;2;6;1;B02
201600011646;1;7;0;4;0;9;2;A01
201600011647;1;15;0;0;0;8;1;B02
201600011647;1;7;0;0;2;2;0;A01
201600011648;2;7;0;0;2;4;1;A01
201600011648;2;7;0;0;2;1;1;B02
201600011649;2;7;0;0;0;9;1;A01
201600011650;1;7;0;0;0;9;2;A01
201600011651;2;7;0;3;0;9;0;A01
201600011652;2;7;0;0;2;7;14;B02
201600011652;2;10;0;0;2;3;17;A01
201600011653;2;7;0;1;0;1;2;A01
201600011653;2;17;0;1;0;4;2;B02
201600011654;2;33;0;9;0;1;1;A01
201600011655;2;7;0;0;2;4;2;C03
201600011655;2;7;0;0;2;4;2;D04
201600011655;2;7;0;0;2;1;2;A01
201600011655;2;7;0;0;2;4;2;B02
201600011656;2;15;0;0;0;4;1;B02
201600011656;2;7;0;0;0;1;1;A01
201600011657;1;7;0;0;2;1;2;A01
201600011657;1;15;0;0;2;4;2;B02
201600011658;2;7;0;0;6;1;21;A01
201600011659;2;7;0;0;0;4;1;B02
201600011659;2;7;0;0;2;1;2;C03
201600011659;2;7;0;0;2;1;2;A01
201600011660;0;7;0;3;0;3;0;A01
201600011661;2;33;0;3;0;2;1;A01
201600011662;2;7;0;0;2;1;2;A01
201600011662;2;7;0;0;0;4;0;B02
201600011663;2;33;0;0;0;2;0;A01
201600011664;1;7;0;0;2;1;23;B02
201600011664;1;7;0;1;0;1;1;A01
201600011665;1;7;0;0;0;2;14;B02
201600011665;1;7;0;0;2;1;21;C03
201600011665;0;7;0;0;2;1;21;D04
201600011665;1;17;0;0;2;3;1;A01
201600011666;1;7;0;4;0;1;13;A01
201600011667;2;7;0;0;2;4;1;B02
201600011667;2;33;0;0;2;1;1;A01
201600011668;2;7;0;0;2;4;1;B02
201600011668;2;7;0;0;2;1;1;A01
201600011668;2;7;0;0;2;4;1;C03
201600011669;2;7;0;0;0;5;2;A01
201600011669;2;33;0;0;0;1;2;B02
201600011670;0;7;0;0;2;8;15;B02
201600011670;0;7;0;0;2;1;1;A01
201600011671;1;7;0;0;2;2;1;B02
201600011671;2;7;0;0;2;3;13;A01
201600011672;2;7;0;0;0;4;23;A01
201600011672;2;7;0;14;0;1;1;B02
201600011673;0;7;0;2;0;2;2;A01
201600011674;0;7;0;0;2;1;1;B02
201600011674;0;7;0;0;0;4;1;A01
201600011674;0;7;0;0;2;1;1;C03
201600011675;1;7;0;0;2;2;15;A01
201600011675;1;33;0;0;2;1;1;B02
201600011676;0;7;0;0;2;1;13;B02
201600011676;0;7;0;0;2;1;1;A01
201600011677;0;10;0;0;2;1;1;B02
201600011677;0;7;0;0;2;4;12;A01
201600011678;1;7;0;16;0;1;1;A01
201600011679;0;7;0;1;1;1;23;A01
201600011680;2;7;0;3;2;7;13;A01
201600011680;1;7;0;0;2;1;1;B02
201600011680;2;7;0;0;2;1;1;C03
201600011681;1;7;0;13;0;4;0;A01
201600011682;2;7;0;13;0;9;17;A01
201600011683;2;7;0;0;2;9;15;B02
201600011683;2;7;0;0;2;1;2;C03
201600011683;1;14;0;0;2;1;1;A01
201600011684;2;7;0;3;0;9;1;A01
201600011685;1;7;0;0;2;1;1;A01
201600011685;1;7;0;0;2;3;13;B02
201600011685;2;15;0;2;2;3;21;C03
201600011685;1;7;0;2;2;9;1;D04
201600011686;1;10;0;4;0;2;1;A01
201600011687;2;10;0;4;0;2;14;A01
201600011687;2;7;0;1;0;1;1;B02
201600011688;1;17;0;0;2;1;1;B02
201600011688;1;7;0;0;2;8;11;A01
201600011689;2;10;0;0;2;2;2;A01
201600011689;2;7;0;0;2;6;2;B02
201600011690;1;7;0;0;0;2;17;A01
201600011690;1;7;0;0;0;6;0;B02
201600011691;2;7;0;6;0;1;1;A01
201600011692;2;7;0;3;0;9;1;A01
201600011692;2;7;0;1;0;7;1;B02
201600011693;1;17;0;0;2;4;1;B02
201600011693;1;7;0;0;2;1;2;A01
201600011694;2;7;0;13;0;2;0;A01
201600011695;1;7;0;4;2;2;14;A01
201600011695;1;7;0;0;0;3;1;B02
201600011696;1;15;0;0;2;5;1;B02
201600011696;1;33;0;0;2;1;18;A01
201600011697;2;15;0;4;0;2;1;A01
201600011698;2;7;0;1;0;3;13;A01
201600011698;2;14;0;0;2;5;23;B02
201600011699;2;7;0;0;0;6;2;B02
201600011699;2;33;0;0;2;1;2;A01
201600011700;1;7;0;2;0;3;1;A01
201600011701;1;33;0;3;0;2;14;A01
201600011702;2;7;0;0;2;6;2;B02
201600011702;2;7;0;0;2;2;2;A01
201600011703;2;7;0;0;2;2;2;A01
201600011703;2;7;0;0;0;4;2;B02
201600011704;2;7;0;3;0;1;1;A01
201600011705;1;7;0;0;2;1;2;C03
201600011705;1;7;0;0;2;2;2;B02
201600011705;1;7;0;0;0;6;9;A01
201600011706;0;17;0;0;0;0;24;D04
201600011706;2;17;0;0;2;1;1;B02
201600011706;1;7;0;0;2;1;13;A01
201600011707;2;7;0;0;2;0;1;B02
201600011707;2;7;0;0;2;1;1;A01
201600011708;1;7;0;4;0;3;1;A01
201600011709;2;7;0;0;0;1;1;A01
201600011710;1;33;0;0;2;3;18;A01
201600011710;1;7;0;0;2;2;1;B02
201600011711;2;7;0;13;0;9;1;A01
201600011712;1;7;0;0;2;0;0;A01
201600011712;1;7;0;1;0;3;0;B02
201600011713;2;17;0;0;0;4;1;B02
201600011713;2;16;0;0;2;1;1;A01
201600011714;2;17;0;1;0;2;2;A01
201600011714;2;10;0;0;0;6;0;B02
201600011715;2;7;0;0;0;4;1;B02
201600011715;2;7;0;0;2;2;12;A01
201600011716;1;7;0;4;0;1;13;A01
201600011717;2;10;0;14;0;1;1;B02
201600011717;2;15;0;4;0;1;13;A01
201600011718;2;17;0;0;0;6;1;B02
201600011718;2;7;0;0;2;2;14;A01
201600011719;2;7;0;0;2;7;1;B02
201600011719;2;17;0;0;2;8;1;A01
201600011720;1;7;0;4;0;9;13;A01
201600011721;1;14;0;13;0;2;1;A01
201600011722;2;33;0;0;2;1;2;A01
201600011722;2;7;0;0;2;4;2;B02
201600011723;2;7;0;0;0;7;1;C03
201600011723;2;7;0;0;0;0;1;D04
201600011723;2;14;0;0;2;8;13;A01
201600011724;1;7;0;0;0;4;2;B02
201600011724;1;7;0;0;2;1;2;A01
201600011725;1;7;0;0;2;1;2;A01
201600011725;1;14;0;0;2;5;23;B02
201600011726;1;7;0;4;0;1;2;A01
201600011727;1;15;0;6;0;3;2;A01
201600011728;2;17;0;0;2;6;1;B02
201600011728;2;7;0;0;2;2;17;A01
201600011729;1;7;0;3;0;5;1;A01
201600011729;1;17;0;0;2;1;1;B02
201600011730;1;7;0;0;2;4;2;B02
201600011730;1;7;0;0;2;1;1;A01
201600011731;2;10;0;0;2;1;2;A01
201600011731;2;17;0;0;2;4;2;B02
201600011732;2;10;0;16;0;1;1;A01
201600011733;2;17;0;0;2;5;2;B02
201600011733;2;10;0;0;2;3;2;A01
201600011734;1;17;0;0;2;0;2;B02
201600011734;1;10;0;0;2;2;17;A01
201600011735;2;7;0;0;2;2;14;A01
201600011736;2;15;0;3;0;8;1;A01
201600011737;1;7;0;0;2;8;0;A01
201600011737;2;33;0;0;2;3;13;B02
201600011737;2;33;0;0;2;1;0;C03
201600011738;1;33;0;0;2;1;1;A01
201600011738;1;7;0;0;2;2;15;B02
201600011739;2;7;0;0;2;2;1;A01
201600011739;1;10;0;0;2;3;1;B02
201600011740;2;7;0;0;2;4;2;A01
201600011740;2;7;0;0;2;1;2;B02
201600011741;1;7;0;1;0;1;1;A01
201600011742;2;7;0;4;2;1;2;A01
201600011742;2;7;0;4;0;4;2;B02
201600011743;1;10;0;0;2;1;2;A01
201600011743;1;7;0;0;2;4;2;B02
201600011744;2;7;0;0;2;5;2;B02
201600011744;2;33;0;0;2;1;2;A01
201600011745;1;7;0;0;2;1;2;A01
201600011745;1;7;0;0;0;4;23;B02
201600011746;1;7;0;4;0;1;1;A01
201600011747;1;7;0;4;0;1;0;A01
201600011748;2;7;0;0;2;1;2;A01
201600011748;2;17;0;0;0;4;1;B02
201600011749;1;7;0;0;2;2;13;A01
201600011749;1;15;0;0;0;6;1;B02
201600011749;1;17;0;0;0;0;11;C03
201600011750;1;7;0;3;2;2;2;A01
201600011750;1;10;0;0;0;6;24;B02
201600011751;2;7;0;0;2;1;1;D04
201600011751;2;10;0;0;2;1;1;B02
201600011751;2;17;0;0;2;6;1;C03
201600011751;2;17;0;0;2;6;1;A01
201600011752;0;14;0;0;2;7;15;B02
201600011752;0;33;0;0;2;7;1;A01
201600011753;2;37;0;0;2;3;1;B02
201600011753;1;7;0;0;2;1;13;A01
201600011754;1;7;0;4;0;3;1;A01
201600011755;2;7;0;4;0;3;1;A01
201600011756;0;17;0;0;2;2;15;A01
201600011756;0;7;0;0;2;1;1;B02
201600011757;2;15;0;0;0;6;1;A01
201600011757;2;17;0;1;0;2;1;B02
201600011757;2;7;0;1;0;7;13;C03
201600011758;1;10;0;0;2;3;13;A01
201600011758;2;16;0;0;2;3;1;B02
201600011758;2;10;0;0;2;3;1;C03
201600011759;1;14;0;0;0;6;1;A01
201600011759;2;7;0;0;2;3;1;B02
201600011759;2;7;0;0;2;3;1;C03
201600011760;1;7;0;1;0;1;1;B02
201600011760;1;17;0;0;0;5;1;A01
201600011761;2;7;0;0;2;1;2;A01
201600011761;2;14;0;0;2;4;2;B02
201600011762;2;7;0;11;2;2;15;A01
201600011762;2;7;0;0;2;7;23;B02
201600011763;2;7;0;14;;1;1;B01
201600011763;2;7;0;0;2;3;1;C02
201600011763;2;7;0;0;2;1;1;D03
201600011763;2;7;0;0;2;1;1;E04
201600011763;2;7;0;0;1;1;21;F05
201600011763;2;7;0;0;1;1;21;G06
201600011763;2;7;0;0;1;1;21;H07
201600011763;2;7;0;0;2;5;21;I08
201600011764;1;7;0;0;2;1;2;A01
201600011764;1;10;0;0;2;4;1;B02
201600011765;0;7;0;0;2;1;2;B02
201600011765;2;7;0;0;2;4;2;A01
201600011766;1;14;0;0;2;3;21;D04
201600011766;1;7;0;0;2;7;21;E05
201600011766;1;7;0;0;2;1;1;C03
201600011766;2;7;0;0;2;1;5;A01
201600011766;1;7;0;0;2;1;21;B02
201600011767;2;7;0;0;2;3;15;A01
201600011767;2;33;0;0;2;1;17;B02
201600011768;1;1;0;0;2;1;2;A01
201600011768;1;1;0;0;2;4;2;B02
201600011769;2;7;0;0;2;2;16;A01
201600011769;1;1;0;0;2;3;21;B02
201600011770;0;7;0;0;0;0;0;B02
201600011770;0;14;0;0;0;0;1;A01
201600011771;1;7;0;0;2;1;1;A01
201600011771;1;7;0;0;2;4;23;B02
201600011772;1;7;0;0;2;3;9;A01
201600011772;1;2;0;0;2;1;1;B02
201600011773;0;7;0;0;1;1;19;A01
201600011774;1;30;0;0;0;0;14;A01
201600011775;2;7;0;2;0;1;1;A01
201600011776;1;7;0;8;0;3;1;A01
201600011777;1;7;0;15;0;1;1;A01
201600011778;1;1;0;0;2;1;1;A01
201600011778;0;7;0;0;2;1;13;B02
201600011779;2;10;0;0;2;1;1;A01
201600011779;0;7;0;0;2;7;15;B02
201600011780;2;7;0;0;2;7;19;A01
201600011780;1;7;0;0;2;1;1;B02
201600011781;0;1;0;0;2;1;1;B02
201600011781;0;7;0;0;2;3;1;A01
201600011782;2;7;0;0;0;7;1;B02
201600011782;2;7;0;0;2;1;1;A01
201600011783;2;7;0;6;0;2;15;A01
201600011784;2;7;0;0;2;3;1;A01
201600011784;1;7;0;0;2;1;1;B02
201600011785;1;7;0;0;2;6;10;A01
201600011785;2;33;0;0;2;1;1;B02
201600011786;1;7;0;0;1;1;1;A01
201600011787;0;7;0;0;2;2;19;A01
201600011787;0;7;0;0;2;1;1;B02
201600011788;0;37;2;0;0;8;15;A01
201600011788;1;33;0;0;2;1;1;B02
201600011789;2;7;0;0;2;7;17;A01
201600011789;2;31;0;0;2;8;1;B02
201600011790;2;14;0;6;0;1;1;A01
201600011791;1;15;0;0;9;3;9;A01
201600011791;1;1;0;0;2;7;1;B02
201600011792;1;14;0;13;0;3;13;A01
201600011793;2;7;0;0;2;3;2;A01
201600011793;2;7;0;12;2;5;2;B02
201600011794;1;7;0;7;0;3;1;A01
201600011795;1;17;0;0;2;4;4;A01
201600011795;1;33;0;0;2;1;1;B02
201600011796;2;31;0;0;2;1;17;A01
201600011796;1;17;0;0;2;1;1;B02
201600011796;1;17;0;0;2;0;1;C03
201600011797;1;7;0;0;2;5;15;A01
201600011797;1;7;0;0;2;3;1;B02
201600011797;2;15;0;0;2;1;1;C03
201600011798;1;7;0;0;2;1;2;A01
201600011798;1;17;0;0;2;4;2;B02
201600011799;2;7;0;0;0;2;12;A01
201600011800;1;30;0;0;2;1;13;A01
201600011800;2;17;0;0;2;1;1;B02
201600011801;2;7;0;0;2;3;1;A01
201600011801;1;14;0;0;2;3;1;B02
201600011802;2;7;0;1;0;2;1;A01
201600011802;2;15;0;0;0;6;23;B02
201600011803;1;7;0;3;0;9;11;A01
201600011803;1;17;0;0;0;8;2;B02
201600011804;1;10;0;0;2;3;13;A01
201600011804;2;14;0;0;2;3;1;B02
201600011805;1;7;0;13;0;1;1;A01
201600011806;2;10;0;0;2;1;2;A01
201600011806;2;17;0;0;0;0;2;B02
201600011807;1;14;0;0;2;3;1;B02
201600011807;2;7;0;0;9;3;13;A01
201600011808;0;7;0;0;2;1;0;A01
201600011808;0;14;0;0;2;3;0;B02
201600011809;2;38;32;16;0;3;14;A01
201600011810;1;33;0;0;2;2;1;A01
201600011810;2;38;12;0;2;2;1;B02
201600011811;1;7;0;0;2;3;13;A01
201600011811;2;17;0;0;2;3;21;B02
201600011812;0;7;0;0;1;3;15;A01
201600011813;1;7;0;0;2;2;15;A01
201600011813;2;7;0;0;2;1;3;B02
201600011814;1;7;0;12;1;3;13;A01
201600011815;1;15;0;0;0;0;1;A01
201600011815;2;7;0;0;9;1;1;C03
201600011816;1;7;0;0;2;1;2;A01
201600011816;1;7;0;0;2;4;2;B02
201600011817;1;33;0;3;0;7;9;A01
201600011818;2;33;0;4;0;3;1;A01
201600011819;2;10;0;0;2;2;2;A01
201600011820;2;10;0;0;0;4;2;B02
201600011820;2;14;0;0;2;1;2;A01
201600011821;2;14;0;0;2;4;1;B02
201600011821;2;7;0;0;2;1;1;A01
201600011822;2;7;0;1;0;1;1;B02
201600011822;2;7;0;0;0;1;1;A01
201600011823;1;10;0;0;0;5;12;A01
201600011823;1;34;0;0;2;1;11;B02
201600011824;2;7;0;0;2;6;2;B02
201600011824;2;7;0;0;2;2;21;A01
201600011825;2;7;0;0;2;1;1;C03
201600011825;2;7;0;3;0;3;17;A01
201600011825;2;7;0;0;2;1;1;D04
201600011825;2;17;0;0;2;1;1;E05
201600011825;2;15;0;0;2;3;1;F06
201600011826;2;34;0;4;0;8;1;A01
201600011827;1;33;0;0;2;1;9;A01
201600011827;1;7;0;0;2;4;23;B02
201600011828;1;10;0;0;2;1;2;A01
201600011828;1;16;0;0;2;4;1;B02
201600011829;1;7;0;0;2;1;2;A01
201600011829;1;7;0;0;0;4;1;B02
201600011830;1;7;0;0;2;2;14;A01
201600011830;1;17;0;0;2;6;1;B02
201600011831;1;7;0;0;2;2;3;A01
201600011831;1;7;0;0;0;6;1;B02
201600011832;2;17;0;0;2;7;17;A01
201600011832;2;17;0;0;2;3;1;B02
201600011833;1;17;0;0;2;2;14;A01
201600011833;1;7;0;0;2;6;1;B02
201600011834;2;7;0;1;2;6;1;B02
201600011834;2;7;0;0;2;2;1;A01
201600011835;1;7;0;0;2;1;2;A01
201600011835;1;7;0;0;2;4;1;B02
201600011836;1;33;0;0;9;3;1;B02
201600011836;1;10;0;0;2;0;1;A01
201600011837;2;7;0;3;0;1;13;A01
201600011837;2;7;0;0;9;3;1;C03
201600011837;2;7;0;0;2;3;1;B02
201600011838;1;7;0;13;0;2;1;A01
201600011839;1;7;0;0;2;1;2;A01
201600011839;1;7;0;0;2;4;2;B02
201600011840;2;7;0;1;0;2;14;A01
201600011840;2;17;0;0;0;3;24;B02
201600011841;1;7;0;0;9;2;1;B02
201600011841;1;7;0;4;0;1;1;A01
201600011842;2;33;0;0;0;4;2;A01
201600011843;2;15;0;0;2;2;12;A01
201600011843;2;7;0;0;2;6;1;C03
201600011844;1;7;0;3;2;5;1;B02
201600011844;1;7;0;0;2;3;11;A01
201600011845;2;7;0;4;0;8;0;A01
201600011846;1;7;0;4;0;1;13;A01
201600011846;1;10;0;0;2;3;1;B02
201600011846;1;7;0;0;2;1;1;C03
201600011847;2;15;0;0;2;1;1;B02
201600011847;2;14;0;3;2;4;1;A01
201600011848;2;17;0;0;2;1;1;A01
201600011848;2;17;0;0;0;0;1;B02
201600011849;2;33;0;0;2;4;2;A01
201600011849;2;7;0;0;0;4;2;C03
201600011849;2;7;0;0;2;1;2;B02
201600011850;1;7;0;1;0;8;2;B02
201600011850;1;7;0;4;0;1;13;A01
201600011851;2;7;0;0;0;9;14;A01
201600011852;2;7;0;0;1;2;1;A01
201600011853;1;7;0;3;0;7;1;A01
201600011854;2;7;0;0;2;2;14;A01
201600011854;2;10;0;0;0;6;1;B02
201600011855;1;7;0;3;0;9;2;A01
201600011856;1;10;0;0;2;3;5;A01
201600011856;2;17;0;0;2;8;1;C03
201600011856;2;7;0;0;2;3;1;B02
201600011857;1;7;0;0;2;6;1;B02
201600011857;2;7;0;0;2;3;13;A01
201600011858;0;7;0;3;0;1;14;A01
201600011859;1;31;0;0;6;1;1;A01
201600011860;0;30;0;12;0;1;1;A01
201600011861;1;33;0;0;2;7;17;B02
201600011861;1;7;0;0;2;8;13;A01
201600011862;1;33;0;0;0;0;0;B02
201600011862;1;33;0;0;9;1;1;A01
201600011863;2;2;0;0;2;1;13;B02
201600011863;1;14;0;0;2;8;1;A01
201600011864;0;7;0;0;2;1;9;A01
201600011864;0;2;0;0;2;7;0;B02
201600011865;1;33;0;0;0;1;1;A01
201600011866;1;7;0;0;0;0;0;A01
201600011867;2;33;0;0;2;1;1;B02
201600011867;1;7;0;0;2;5;19;A01
201600011868;1;33;0;0;2;7;1;A01
201600011868;1;7;0;0;2;2;1;B02
201600011869;1;7;0;13;0;1;14;A01
201600011870;2;7;0;3;2;2;1;B02
201600011870;2;10;0;0;0;4;1;A01
201600011871;1;7;0;0;2;1;1;B02
201600011871;1;7;0;4;2;3;13;A01
201600011872;1;10;0;0;0;2;1;C03
201600011872;1;7;0;0;0;2;12;A01
201600011872;1;7;0;0;0;6;0;B02
201600011873;1;33;0;13;0;1;14;A01
201600011874;1;7;0;2;0;1;0;A01
201600011875;2;10;0;0;2;2;1;A01
201600011875;2;10;0;0;2;8;9;B02
201600011876;1;7;0;3;0;1;21;A01
201600011877;2;7;0;0;0;2;14;A01
201600011878;2;7;0;3;0;1;0;A01
201600011879;1;7;0;13;0;6;1;B02
201600011879;1;7;0;0;2;2;12;A01
201600011880;1;7;0;0;2;1;2;A01
201600011880;1;7;0;0;2;4;1;B02
201600011881;2;7;0;13;0;2;12;A01
201600011882;1;17;0;4;0;3;13;A01
201600011883;2;7;0;13;0;9;0;A01
201600011884;1;15;0;0;2;7;1;B02
201600011884;1;7;0;0;2;1;9;A01
201600011885;2;7;0;13;6;9;17;A01
201600011886;2;7;0;14;0;1;21;C03
201600011886;2;7;0;14;0;3;21;D04
201600011886;2;7;0;0;2;4;11;A01
201600011886;2;7;0;4;0;3;21;E05
201600011886;2;17;0;0;2;1;21;B02
201600011887;1;7;0;13;0;9;1;A01
201600011888;1;7;0;0;1;2;1;A01
201600011889;1;7;0;2;0;1;0;A01
201600011890;2;7;0;0;2;3;15;A01
201600011890;2;33;0;0;2;1;17;B02
201600011891;0;7;0;0;2;3;1;A01
201600011891;0;1;0;0;2;6;15;B02
201600011892;2;10;0;0;2;1;15;A01
201600011892;1;33;0;0;2;1;1;B02
201600011893;0;7;0;0;2;1;15;A01
201600011893;0;1;0;0;2;8;1;B02
201600011894;0;10;0;0;2;2;21;A01
201600011894;0;10;0;0;2;7;1;B02
201600011895;0;7;0;0;2;4;2;B02
201600011895;0;7;0;0;2;1;2;A01
201600011896;1;7;0;0;2;3;1;B02
201600011896;2;7;0;5;2;3;13;A01
201600011897;2;7;0;13;0;1;19;A01
201600011898;0;30;0;6;0;1;1;B02
201600011898;0;7;0;9;0;8;1;A01
201600011899;0;20;0;0;2;5;21;B02
201600011899;0;7;0;0;0;5;4;A01
201600011900;0;30;0;0;2;1;1;A01
201600011900;0;7;0;0;2;5;1;B02
201600011901;0;7;0;0;2;3;1;A01
201600011901;0;14;0;0;2;3;1;B02
201600011902;0;7;0;0;1;3;1;A01
201600011903;1;15;0;0;0;6;1;A01
201600011903;1;7;0;0;2;2;14;B02
201600011904;1;10;0;0;2;7;1;A01
201600011905;2;7;0;0;2;6;24;A01
201600011905;2;15;0;1;0;2;14;B02
201600011906;1;7;0;4;0;9;21;A01
201600011907;2;7;0;13;0;9;1;A01
201600011908;1;7;0;0;0;8;23;A01
201600011908;1;10;0;1;0;1;1;B01
201600011909;2;7;0;3;2;1;1;A01
201600011909;2;17;0;0;2;7;1;B01
201600011910;2;10;0;5;0;2;1;A01
201600011911;1;7;0;3;0;5;9;A01
201600011912;2;10;0;0;2;1;17;B02
201600011912;2;7;0;0;0;6;1;C03
201600011912;2;7;0;0;2;6;11;A01
201600011913;1;7;0;5;0;1;1;A01