Num_Acc;senc;catv;occutc;obs;obsm;choc;manv;num_veh
201600011914;1;7;0;0;0;4;2;A01
201600011914;1;7;0;0;2;1;2;B02
201600011915;2;33;0;0;2;1;3;A01
201600011915;1;7;0;0;2;3;1;D04
201600011915;2;7;0;0;2;6;23;B02
201600011915;1;7;0;0;2;8;1;C03
201600011916;1;10;0;3;0;1;1;A01
201600011917;1;7;0;0;2;4;21;B02
201600011917;1;10;0;0;0;0;0;A01
201600011917;1;7;0;0;2;1;2;C03
201600011918;1;7;0;0;2;4;2;A01
201600011918;1;7;0;0;2;4;2;B02
201600011918;1;38;1;0;2;1;2;C03
201600011919;1;33;0;4;0;8;0;A01
201600011920;2;15;0;4;0;8;1;A01
201600011921;1;7;0;0;2;3;1;A01
201600011921;1;7;0;3;0;5;1;B02
201600011922;1;15;0;0;2;2;1;B02
201600011922;1;7;0;0;0;7;17;A01
201600011923;2;7;0;0;2;2;17;A01
201600011923;2;7;0;0;0;6;1;B02
201600011924;2;7;0;4;0;1;1;A01
201600011925;0;7;0;0;0;6;0;B02
201600011925;1;7;0;3;2;1;2;A01
201600011926;1;7;0;0;2;3;13;A01
201600011926;2;14;0;0;2;3;1;B02
201600011927;2;15;0;0;2;3;1;B02
201600011927;2;7;0;0;2;2;17;A01
201600011928;1;10;0;0;0;4;1;A01
201600011928;2;7;0;14;2;1;2;B02
201600011929;0;38;0;0;2;3;23;C03
201600011929;1;7;0;1;2;4;15;A01
201600011929;2;7;0;0;2;1;1;B02
201600011930;2;7;0;0;0;9;1;A01
201600011931;2;7;0;0;1;2;1;A01
201600011932;1;7;0;0;1;1;1;A01
201600011933;1;1;0;0;2;1;5;B01
201600011933;2;7;0;0;2;2;1;A01
201600011934;2;7;0;0;0;0;0;B01
201600011934;2;7;0;0;0;3;2;A01
201600011935;2;7;0;0;1;3;1;A01
201600011936;2;10;0;0;1;4;4;A01
201600011937;2;7;0;0;1;8;1;A01
201600011938;1;7;0;0;2;4;2;B01
201600011938;1;7;0;0;2;1;2;A01
201600011939;0;7;0;0;1;3;1;A01
201600011940;0;7;0;2;0;1;6;A01
201600011941;0;39;1;0;2;1;1;B01
201600011941;0;7;0;0;4;0;23;A01
201600011942;0;7;0;0;0;0;0;B01
201600011942;1;7;0;0;1;0;0;A01
201600011943;0;7;0;0;0;0;0;A01
201600011944;0;7;0;0;2;6;15;A01
201600011945;1;7;0;13;2;1;12;A01
201600011945;2;7;0;0;2;1;1;B01
201600011946;1;7;0;0;2;0;15;A01
201600011946;0;1;0;0;2;1;1;B01
201600011947;1;33;0;0;0;0;0;A01
201600011947;1;7;0;0;0;0;0;D01
201600011947;1;10;0;0;0;0;0;C01
201600011947;1;10;0;0;0;0;0;B01
201600011948;0;7;0;0;0;2;17;A01
201600011948;0;1;0;0;0;0;0;B01
201600011949;0;7;0;0;1;1;1;A01
201600011950;0;31;0;0;2;1;1;B01
201600011950;0;10;0;0;2;6;15;A01
201600011951;0;1;0;0;1;1;1;A01
201600011952;2;7;0;0;1;2;15;A01
201600011953;0;7;0;0;2;2;19;B01
201600011953;0;33;0;0;2;2;1;A01
201600011954;0;7;0;0;2;8;0;A01
201600011954;0;33;0;0;2;1;1;B01
201600011955;0;7;0;0;1;1;2;A01
201600011956;0;10;0;0;2;8;13;A01
201600011956;0;38;0;0;2;8;1;B02
201600011957;1;7;0;0;2;1;13;A01
201600011957;2;17;0;0;2;1;1;B02
201600011958;0;1;0;0;2;1;1;A01
201600011958;0;14;0;0;2;3;1;B02
201600011959;2;15;0;0;2;3;1;B02
201600011959;1;7;0;0;2;1;1;A01
201600011960;2;7;0;0;2;7;12;B02
201600011960;2;33;0;0;2;8;3;A01
201600011961;2;33;0;4;0;3;1;A01
201600011962;2;7;0;0;0;6;1;F01
201600011962;2;7;0;0;2;1;1;B01
201600011962;2;7;0;0;2;1;1;C01
201600011962;2;7;0;0;2;1;1;A01
201600011963;1;17;0;0;1;2;1;A01
201600011964;1;7;0;0;2;1;9;B02
201600011964;2;7;0;0;2;2;1;A01
201600011965;2;7;0;2;0;1;13;A01
201600011966;2;7;0;2;0;1;13;A01
201600011967;2;33;0;0;2;1;18;A01
201600011967;2;14;0;0;2;2;16;B02
201600011968;2;14;0;1;0;0;1;A01
201600011969;0;38;24;6;0;2;1;A01
201600011970;1;7;0;0;2;3;15;B01
201600011970;2;33;0;0;2;1;1;A01
201600011971;1;31;0;0;2;1;2;A01
201600011971;1;38;48;0;2;0;0;B02
201600011971;0;7;0;0;2;6;2;C03
201600011972;2;7;0;0;2;3;15;B02
201600011972;1;30;0;0;2;1;3;A01
201600011973;2;33;0;0;2;3;1;B02
201600011973;2;7;0;0;2;2;15;A01
201600011974;2;1;0;0;0;1;0;B02
201600011974;2;7;0;0;0;2;1;A01
201600011975;0;7;0;0;2;1;2;A01
201600011975;0;31;0;0;0;4;2;B02
201600011976;0;31;0;0;1;1;1;A01
201600011977;0;7;0;0;2;7;1;A01
201600011977;0;33;0;0;2;1;2;B02
201600011978;0;7;0;0;2;3;1;B02
201600011978;0;7;0;0;2;3;1;A01
201600011979;2;7;0;7;2;2;5;A01
201600011979;1;7;0;0;2;3;15;B01
201600011980;0;7;0;2;0;2;1;A01
201600011981;1;14;0;0;2;2;21;A01
201600011981;2;3;0;0;0;9;15;B02
201600011982;1;15;0;0;9;6;1;A01
201600011982;2;1;0;0;2;8;3;B02
201600011983;0;14;0;7;0;2;0;A01
201600011984;2;33;0;0;2;2;17;B02
201600011984;2;38;40;0;2;3;10;A01
201600011985;0;17;0;0;2;3;21;B02
201600011985;1;7;0;0;2;3;13;A01
201600011986;1;37;40;0;1;3;15;A01
201600011987;1;7;0;0;2;7;0;A01
201600011987;2;15;0;0;2;1;1;B02
201600011988;0;17;0;0;2;7;12;A01
201600011988;0;7;0;0;2;4;1;B02
201600011989;1;7;0;0;2;1;15;A01
201600011989;2;37;1;0;2;1;1;B02
201600011990;1;10;0;0;2;3;13;A01
201600011990;2;17;0;0;2;1;15;B01
201600011990;1;10;0;0;2;1;1;C01
201600011991;2;7;0;0;2;3;13;A01
201600011991;1;17;0;0;2;3;1;B02
201600011992;2;13;0;0;0;6;24;A01
201600011992;2;1;0;1;0;6;1;B02
201600011993;1;14;0;0;1;8;1;A01
201600011994;1;7;0;0;2;1;13;A01
201600011994;2;38;0;0;2;3;1;B02
201600011995;0;7;0;0;2;5;1;B02
201600011995;0;7;0;0;2;3;9;A01
201600011996;2;14;0;0;2;3;1;B02
201600011996;1;7;0;0;2;3;0;A01
201600011997;2;7;0;0;2;3;13;A01
201600011997;1;14;0;0;2;1;1;B01
201600011998;2;7;0;0;2;3;13;A01
201600011998;1;7;0;0;2;3;1;B02
201600011999;1;7;0;0;1;1;1;A01
201600012000;1;7;0;0;2;8;1;B02
201600012000;2;7;0;0;2;1;1;A01
201600012001;0;31;0;0;2;7;1;A01
201600012001;0;7;0;0;2;1;19;B02
201600012002;2;7;0;0;2;3;13;A01
201600012002;1;10;0;0;2;3;1;B02
201600012003;2;7;0;0;2;3;13;A01
201600012003;1;10;0;0;2;3;1;B02
201600012003;2;7;0;0;2;1;1;C03
201600012004;1;7;0;13;0;1;1;A01
201600012005;2;7;0;0;2;1;13;A01
201600012005;1;17;0;0;2;1;1;B02
201600012006;2;37;2;0;2;8;9;A01
201600012006;1;30;0;0;2;1;1;B02
201600012007;1;7;0;0;2;3;9;A01
201600012007;1;14;0;0;2;2;1;B02
201600012008;2;14;0;0;2;1;1;A01
201600012008;1;7;0;0;2;7;1;B02
201600012009;2;7;0;0;2;1;2;A01
201600012009;2;15;0;0;2;4;2;B02
201600012010;2;7;0;0;2;5;1;C03
201600012010;2;14;0;0;2;1;2;D04
201600012010;2;7;0;0;2;8;1;B02
201600012010;2;17;0;0;2;7;12;A01
201600012011;1;7;0;0;2;4;1;C03
201600012011;1;7;0;0;2;4;1;B02
201600012011;1;10;0;0;2;4;1;D04
201600012011;1;14;0;0;2;1;1;A01
201600012012;1;7;0;4;0;1;1;A01
201600012013;1;7;0;2;0;1;1;A01
201600012014;2;17;0;6;0;1;0;A01
201600012015;1;7;0;0;2;5;2;A01
201600012015;0;7;0;0;2;6;1;B02
201600012016;1;7;0;3;0;2;21;A01
201600012017;2;38;32;0;2;1;2;A01
201600012017;2;15;0;0;0;4;2;B05
201600012018;2;7;0;0;2;2;2;A01
201600012018;2;33;0;0;2;6;12;B02
201600012019;2;15;0;1;0;1;1;A01
201600012019;2;10;0;0;2;4;23;B02
201600012020;0;10;0;0;2;4;23;B02
201600012020;0;17;0;1;0;1;2;A01
201600012021;2;7;0;0;2;2;3;A01
201600012021;2;7;0;0;2;6;1;B02
201600012022;1;7;0;0;2;1;2;A01
201600012022;1;7;0;0;0;4;2;B02
201600012023;1;7;0;0;1;2;1;A01
201600012024;2;7;0;0;0;8;0;C03
201600012024;2;7;0;0;2;2;0;B02
201600012024;2;7;0;0;0;6;0;A01
201600012024;2;7;0;0;2;9;0;D04
201600012025;2;7;0;14;2;1;1;A01
201600012025;2;7;0;14;2;8;1;B02
201600012026;1;7;0;0;2;2;12;A01
201600012026;1;7;0;0;2;6;1;B02
201600012027;2;37;0;0;2;5;1;A01
201600012027;2;7;0;0;2;2;1;B02
201600012027;2;7;0;0;2;4;0;C03
201600012027;2;15;0;0;2;6;0;D04
201600012028;2;7;0;0;2;1;0;A01
201600012028;2;7;0;0;2;4;0;C03
201600012028;2;7;0;0;2;4;0;B02
201600012029;1;7;0;0;2;3;9;A01
201600012029;1;33;0;0;2;1;1;C03
201600012029;1;14;0;0;2;2;1;B02
201600012030;0;10;0;0;2;2;1;A01
201600012030;2;7;0;0;2;6;1;B02
201600012031;0;7;0;0;2;2;17;A01
201600012031;1;7;0;0;0;6;1;B02
201600012032;2;7;0;0;0;4;23;A01
201600012032;2;7;0;14;0;1;2;B02
201600012032;2;7;0;14;0;1;2;C03
201600012033;1;17;0;0;0;0;2;B02
201600012033;1;7;0;0;2;1;2;A01
201600012034;2;15;0;0;0;8;1;B02
201600012034;2;7;0;0;2;2;1;A01
201600012035;2;7;0;4;0;2;1;A01
201600012036;1;14;0;4;0;8;1;A01
201600012037;2;7;0;0;0;4;0;A01
201600012037;2;7;0;0;0;4;2;B02
201600012037;2;10;0;0;0;1;2;C03
201600012038;1;7;0;4;6;1;2;A01
201600012039;2;10;0;0;0;8;1;B02
201600012039;2;10;0;15;2;7;17;A01
201600012040;2;10;0;0;0;6;24;B02
201600012040;2;15;0;0;2;2;14;A01
201600012041;2;17;0;3;2;1;2;A01
201600012041;2;15;0;0;0;4;1;B02
201600012042;2;7;0;0;2;1;1;A01
201600012042;2;7;0;0;0;6;1;B02
201600012043;2;7;0;0;2;2;14;A01
201600012043;2;33;0;0;2;3;1;B02
201600012044;2;14;0;0;2;3;1;B02
201600012044;1;10;0;0;2;1;13;A01
201600012045;1;17;0;13;0;9;14;A01
201600012046;2;7;0;;;;14;B02
201600012046;2;7;0;5;0;0;1;A01
201600012047;2;7;0;11;0;1;1;A01
201600012048;2;7;0;13;0;1;2;A01
201600012049;1;7;0;4;0;3;13;A01
201600012050;1;7;0;0;2;2;2;B02
201600012050;1;7;0;14;0;1;2;E05
201600012050;1;7;0;14;0;3;2;D04
201600012050;1;7;0;3;2;1;2;C03
201600012050;1;7;0;0;0;0;1;A01
201600012051;2;15;0;0;0;6;1;B02
201600012051;2;7;0;3;2;7;2;A01
201600012052;1;7;0;0;0;9;1;A01
201600012053;2;7;0;13;0;9;1;A01
201600012054;0;7;0;0;9;3;9;A01
201600012054;1;1;0;0;2;3;1;B02
201600012055;0;7;0;0;2;3;1;B02
201600012055;0;32;0;0;2;1;13;A01
201600012056;0;32;0;0;2;2;17;A01
201600012056;0;10;0;0;2;3;15;B02
201600012057;1;7;0;0;2;1;;B02
201600012057;2;33;0;0;2;1;0;A01
201600012058;0;7;0;2;0;1;1;A01
201600012059;1;7;0;0;1;2;1;A01
201600012060;0;7;0;0;2;3;9;A01
201600012060;0;33;0;0;2;1;1;B01
201600012061;1;33;0;0;0;8;1;A01
201600012062;2;7;0;0;2;3;15;A01
201600012062;2;7;0;0;2;1;1;B02
201600012063;1;10;0;0;2;1;19;A01
201600012063;2;10;0;0;2;1;1;B02
201600012064;1;14;0;0;1;3;1;A01
201600012065;0;36;0;5;0;1;1;A01
201600012065;0;36;0;0;0;0;1;B02
201600012066;1;7;0;0;2;3;19;A01
201600012066;0;7;0;0;2;6;0;B02
201600012067;2;30;0;0;0;8;10;A01
201600012068;1;33;0;0;2;8;13;A01
201600012068;2;7;0;0;2;1;1;B02
201600012069;2;7;0;0;2;1;2;A01
201600012069;2;30;0;0;2;4;2;B02
201600012070;2;7;0;0;0;0;15;A01
201600012070;2;7;0;0;2;1;1;B02
201600012071;0;38;1;0;1;2;15;A01
201600012072;2;33;0;0;2;1;1;A01
201600012072;2;7;0;0;2;4;23;B02
201600012073;1;7;0;8;0;9;1;A01
201600012074;1;7;0;0;2;1;1;A01
201600012074;2;7;0;0;2;1;1;B02
201600012075;2;7;0;3;0;0;14;A01
201600012076;1;7;0;0;2;1;13;A01
201600012076;2;7;0;0;2;1;1;B02
201600012077;1;7;0;16;2;4;2;B02
201600012077;1;7;0;0;2;1;2;A01
201600012078;1;7;0;0;1;1;1;A01
201600012079;1;7;0;0;2;1;13;A01
201600012079;2;7;0;0;2;1;1;B02
201600012080;1;7;0;0;2;6;15;A01
201600012080;1;2;0;0;2;1;17;B02
201600012081;2;7;0;0;2;2;15;A01
201600012081;1;7;0;0;2;2;1;B02
201600012082;0;7;0;2;0;3;0;A01
201600012083;1;2;0;0;2;1;1;A01
201600012083;1;7;0;0;2;4;23;B02
201600012084;0;10;0;0;2;8;15;A01
201600012084;0;16;0;0;2;3;1;B02
201600012085;2;33;0;2;0;1;0;A01
201600012086;1;1;0;0;2;3;2;A01
201600012087;1;7;0;0;0;9;1;A01
201600012088;0;36;0;13;0;2;1;A01
201600012089;2;7;0;0;1;2;1;A01
201600012090;1;7;0;0;2;7;15;A01
201600012090;2;33;0;0;2;1;1;B02
201600012091;2;30;0;0;2;1;1;B02
201600012091;0;7;0;0;2;3;15;A01
201600012092;2;7;0;6;0;1;1;A01
201600012093;2;7;0;13;0;1;1;A01
201600012094;2;7;0;0;2;3;1;B02
201600012094;1;7;0;0;2;3;1;A01
201600012095;2;7;0;0;1;3;1;A01
201600012096;0;2;0;0;2;1;1;A01
201600012096;0;21;0;0;2;3;15;B02
201600012097;2;7;0;8;0;1;0;A01
201600012098;1;7;0;0;2;5;15;A01
201600012098;2;2;0;0;2;1;1;B02
201600012099;1;7;0;0;1;1;1;A01
201600012100;0;7;0;0;2;3;13;A01
201600012100;0;7;0;0;2;3;1;B02
201600012101;2;7;0;3;0;3;1;A01
201600012102;1;7;0;0;2;1;2;A01
201600012102;1;7;0;0;2;4;2;B02
201600012103;1;7;0;3;0;4;0;A01
201600012104;2;33;0;4;0;3;0;A01
201600012105;2;7;0;0;2;2;2;A01
201600012105;2;7;0;0;0;3;2;B02
201600012106;2;7;0;0;2;9;2;B02
201600012106;2;7;0;0;2;1;2;C03
201600012106;2;7;0;0;2;4;1;A01
201600012107;1;33;0;12;0;1;1;A01
201600012108;2;10;0;0;2;4;1;B02
201600012108;2;10;0;0;2;1;1;A01
201600012109;1;17;0;3;0;7;1;A01
201600012110;1;7;0;0;2;4;2;B02
201600012110;1;33;0;0;2;1;2;A01
201600012111;2;7;0;0;2;1;2;A01
201600012111;2;7;0;0;0;4;23;B02
201600012112;2;7;0;0;2;4;2;B02
201600012112;2;7;0;0;2;1;2;C03
201600012112;2;7;0;0;2;4;2;A01
201600012113;2;7;0;0;0;4;2;A01
201600012113;2;7;0;0;2;1;2;B02
201600012114;2;7;0;0;2;4;2;A01
201600012114;2;7;0;0;2;1;2;C03
201600012114;2;7;0;0;2;1;2;D04
201600012114;2;7;0;0;2;4;2;B02
201600012115;2;33;0;3;0;8;16;A01
201600012116;2;7;0;4;0;3;1;A01
201600012117;1;7;0;3;0;3;1;A01
201600012118;1;7;0;4;0;9;1;A01
201600012119;1;7;0;0;1;2;2;A01
201600012120;1;7;0;0;2;1;15;A01
201600012120;2;1;0;0;2;7;1;B01
201600012121;1;7;0;0;0;8;23;B01
201600012121;0;7;0;0;2;3;16;A01
201600012122;1;7;0;0;1;4;4;A01
201600012123;2;38;1;0;1;1;16;A01
201600012124;2;33;0;0;2;1;0;B02
201600012124;1;7;0;0;2;3;5;A01
201600012125;2;7;0;4;0;3;21;A01
201600012126;1;17;0;0;0;6;1;B02
201600012126;1;7;0;0;2;1;17;A01
201600012127;2;7;0;0;2;2;3;A01
201600012127;2;10;0;0;2;5;1;B02
201600012127;2;15;0;0;2;6;1;C03
201600012128;2;17;0;3;0;7;0;A01
201600012129;2;7;0;0;2;4;2;B02
201600012129;2;14;0;0;2;2;2;A01
201600012130;2;10;0;0;1;1;1;B02
201600012130;2;7;0;0;1;1;21;C03
201600012130;2;7;0;0;1;1;1;D04
201600012130;2;10;0;0;1;3;1;A01
201600012131;2;15;0;0;1;2;1;A01
201600012132;1;7;0;0;2;1;2;A01
201600012132;1;10;0;0;2;4;2;B02
201600012133;1;7;0;0;2;2;17;A01
201600012133;1;17;0;0;2;6;1;B02
201600012134;2;7;0;6;0;1;1;A01
201600012135;1;7;0;3;0;8;0;A01
201600012136;2;7;0;13;0;2;0;A01
201600012137;2;17;0;0;2;1;2;A01
201600012137;2;17;0;0;0;4;2;D04
201600012137;2;10;0;0;0;4;2;B02
201600012137;2;10;0;0;2;4;2;C03
201600012138;1;7;0;13;0;2;1;A01
201600012139;2;7;0;3;0;1;13;A01
201600012140;2;17;0;3;0;0;0;A01
201600012141;1;33;0;1;0;2;1;A01
201600012142;0;7;0;0;2;3;1;A01
201600012142;0;7;0;0;2;3;13;B02
201600012143;0;15;0;0;0;4;24;B02
201600012143;2;15;0;1;0;1;1;A01
201600012144;0;7;0;0;2;3;17;B02
201600012144;0;30;0;0;2;1;1;A01
201600012145;1;7;0;2;0;1;17;A01
201600012146;0;7;0;0;2;7;13;A01
201600012146;0;7;0;0;2;3;1;B02
201600012147;0;10;0;0;2;2;15;A01
201600012147;0;38;1;0;2;2;1;B02
201600012148;1;7;0;0;2;1;13;A01
201600012148;2;14;0;0;2;3;1;B02
201600012149;2;7;0;0;2;7;1;B02
201600012149;1;33;0;0;2;1;11;A01
201600012150;0;7;0;0;1;6;20;A01
201600012151;0;7;0;0;1;3;15;A01
201600012152;2;7;0;0;2;1;17;A01
201600012152;1;7;0;0;2;7;15;B02
201600012153;2;7;0;6;0;3;0;A01
201600012154;2;7;0;0;1;2;1;A01
201600012155;2;1;0;0;0;1;2;A01
201600012155;2;1;0;0;2;1;2;B02
201600012156;1;7;0;0;9;1;15;A01
201600012156;2;1;0;0;2;6;1;B02
201600012157;2;7;0;0;2;1;1;A01
201600012157;1;7;0;0;2;3;19;B02
201600012158;1;7;0;3;2;3;13;A01
201600012158;2;7;0;3;2;3;1;B02
201600012159;0;38;23;0;2;3;1;C03
201600012159;0;30;0;0;2;1;1;B02
201600012159;0;7;0;0;2;2;17;A01
201600012160;2;37;12;0;2;8;1;B02
201600012160;1;20;0;0;2;2;1;C03
201600012160;1;31;0;0;2;1;1;A01
201600012161;1;10;0;0;2;3;1;B02
201600012161;1;7;0;5;2;0;1;A01
201600012162;1;10;0;3;0;1;1;A01
201600012163;2;38;0;3;2;3;0;B02
201600012163;1;33;0;0;2;3;1;A01
201600012164;2;7;0;13;0;2;1;A01
201600012165;2;15;0;4;0;1;1;A01
201600012166;2;17;0;0;2;1;2;A01
201600012166;2;17;0;0;2;4;2;C03
201600012166;2;17;0;0;2;4;2;D04
201600012166;2;17;0;0;2;4;2;B02
201600012167;2;7;0;0;2;3;1;B01
201600012167;1;3;0;3;2;3;5;A01
201600012167;2;7;0;0;2;8;1;C01
201600012168;2;7;0;8;0;1;1;A01
201600012169;2;7;0;0;2;1;14;A01
201600012169;2;7;0;0;2;4;1;B02
201600012170;2;7;0;0;2;2;17;A01
201600012170;1;7;0;0;2;1;21;B02
201600012170;2;7;0;0;2;1;21;C03
201600012170;2;17;0;0;2;8;21;D04
201600012171;2;7;0;13;0;9;1;A01
201600012172;1;7;0;13;6;1;2;A01
201600012173;1;7;0;3;0;1;1;A01
201600012174;2;15;0;3;2;2;6;A01
201600012174;1;7;0;0;2;1;1;B02
201600012174;1;7;0;0;2;1;1;C03
201600012174;1;14;0;0;2;1;1;D04
201600012175;2;7;0;0;2;3;1;A01
201600012175;1;17;0;0;2;3;1;B02
201600012176;2;7;0;3;0;3;17;A01
201600012177;2;7;0;4;0;8;1;A01
201600012178;2;7;0;13;0;1;0;A01
201600012179;1;7;0;0;2;9;17;A01
201600012179;1;15;0;0;0;0;1;B02
201600012180;2;7;0;0;9;2;2;C03
201600012180;2;7;0;0;2;1;2;A01
201600012180;2;14;0;0;2;4;2;B02
201600012181;1;7;0;0;2;1;14;A01
201600012181;1;15;0;0;2;6;1;B02
201600012182;2;7;0;0;2;1;13;A01
201600012182;1;14;0;0;2;1;1;B02
201600012183;2;7;0;0;0;6;0;B02
201600012183;2;10;0;1;0;2;0;A01
201600012184;1;7;0;13;0;1;1;A01
201600012185;1;7;0;13;0;9;1;A01
201600012186;1;33;0;0;0;4;2;B02
201600012186;1;33;0;0;2;2;2;A01
201600012187;2;7;0;2;0;0;13;A01
201600012188;1;10;0;0;2;2;2;A01
201600012188;1;7;0;0;0;6;2;B02
201600012189;1;7;0;3;0;2;1;A01
201600012190;0;37;2;0;2;8;8;A01
201600012190;0;7;0;0;2;1;19;B02
201600012191;1;7;0;0;2;1;13;A01
201600012191;2;17;0;0;2;1;1;B02
201600012192;2;17;0;0;2;8;1;A01
201600012192;0;7;0;0;2;1;1;B01
201600012193;2;14;0;2;0;3;13;A01
201600012194;1;7;0;0;2;1;1;B02
201600012194;1;14;0;0;2;3;16;A01
201600012195;2;33;0;0;2;1;1;A01
201600012195;1;38;0;0;2;8;0;B02
201600012196;1;17;0;3;0;3;13;A01
201600012197;2;17;0;4;0;3;13;A01
201600012198;0;7;0;0;2;3;1;A01
201600012198;0;38;1;0;2;3;1;B02
201600012199;2;7;0;0;2;2;14;A01
201600012199;2;14;0;0;2;6;1;B02
201600012200;1;33;0;0;2;7;1;A01
201600012200;1;7;0;0;2;8;1;B02
201600012201;1;17;0;13;0;2;14;A01
201600012202;1;7;0;0;2;7;13;A01
201600012202;2;14;0;0;2;1;1;B02
201600012203;2;15;0;0;0;4;2;A01
201600012203;2;7;0;0;2;1;2;B02
201600012204;2;7;0;0;2;4;2;B02
201600012204;2;10;0;0;2;1;2;A01
201600012205;1;7;0;0;1;2;1;A01
201600012206;1;7;0;0;2;1;2;A01
201600012206;1;7;0;0;2;4;2;B02
201600012207;1;10;0;0;2;6;4;B02
201600012207;1;15;0;0;2;2;1;A01
201600012208;1;7;0;0;2;8;23;A01
201600012208;1;7;0;14;0;2;1;B02
201600012209;2;14;0;0;2;1;1;A01
201600012209;2;7;0;3;0;4;14;B02
201600012210;1;33;0;12;0;3;1;A01
201600012211;1;33;0;3;0;8;0;A01
201600012212;1;33;0;0;2;1;2;B02
201600012212;1;14;0;0;2;4;4;A01
201600012213;2;7;0;0;2;8;1;A01
201600012213;2;33;0;0;2;7;1;B02
201600012214;1;7;0;0;1;2;1;A01
201600012215;2;7;0;6;0;0;1;A01
201600012216;2;10;0;0;2;2;2;B02
201600012216;2;7;0;3;0;4;23;A01
201600012217;2;33;0;0;0;1;1;A01
201600012218;2;7;0;3;2;4;14;A01
201600012218;2;7;0;0;0;4;12;B02
201600012219;2;7;0;3;0;1;1;A01
201600012220;1;34;0;0;0;8;0;A01
201600012221;2;7;0;0;9;1;1;A01
201600012222;2;7;0;0;2;4;2;A01
201600012222;2;7;0;0;2;1;2;B01
201600012222;2;7;0;0;2;1;2;C01
201600012222;2;7;0;0;2;1;2;D01
201600012223;1;33;0;3;0;8;1;A01
201600012223;1;7;0;0;2;3;2;B01
201600012223;1;7;0;0;2;1;2;C01
201600012224;1;7;0;0;2;4;2;C01
201600012224;1;7;0;0;2;4;2;D01
201600012224;1;7;0;0;2;4;2;E01
201600012224;1;7;0;0;2;1;2;A01
201600012224;1;7;0;0;2;4;2;B01
201600012225;1;7;0;3;0;7;14;A01
201600012226;2;7;0;13;6;3;21;A01
201600012227;2;7;0;3;0;1;13;A01
201600012228;1;7;0;5;0;1;1;A01
201600012229;1;7;0;14;0;1;21;D04
201600012229;1;10;0;1;0;2;21;C03
201600012229;1;7;0;3;0;1;2;A01
201600012229;1;10;0;1;0;0;20;B02
201600012230;2;7;0;0;2;7;2;B02
201600012230;2;7;0;0;2;1;0;A01
201600012231;2;14;0;0;2;1;2;A01
201600012231;2;17;0;0;0;4;1;B02
201600012232;1;15;0;0;0;4;2;B02
201600012232;1;10;0;0;2;2;2;A01
201600012233;2;7;0;0;0;5;2;B02
201600012233;2;33;0;0;2;0;2;A01
201600012234;1;33;0;14;0;8;21;A01
201600012235;2;7;0;14;0;3;21;B02
201600012235;2;7;0;4;0;2;0;A01
201600012236;2;10;0;0;2;1;1;A01
201600012236;2;7;0;0;0;7;0;B02
201600012237;1;17;0;0;0;0;2;B02
201600012237;1;10;0;0;2;2;2;A01
201600012238;1;14;0;0;2;7;12;A01
201600012238;1;7;0;0;2;8;1;B02
201600012239;1;33;0;0;2;8;11;A01
201600012239;1;7;0;0;2;2;1;B02
201600012240;2;17;0;0;2;1;1;B02
201600012240;2;14;0;0;2;4;1;A01
201600012241;1;7;0;3;2;3;9;A01
201600012241;1;7;0;0;2;1;1;B02
201600012242;2;7;0;14;0;2;1;B02
201600012242;2;7;0;14;0;1;21;C03
201600012242;2;7;0;0;0;0;1;A01
201600012243;2;10;0;11;0;1;1;A01
201600012244;2;10;0;14;0;1;21;A01
201600012245;0;15;0;0;1;2;1;A01
201600012246;2;7;0;13;0;1;1;A01
201600012247;2;7;0;13;0;2;14;A01
201600012248;2;7;0;0;2;1;13;A01
201600012248;1;7;0;0;2;1;1;B02
201600012249;0;7;0;0;0;1;9;A01
201600012249;0;37;10;0;0;7;1;B02
201600012250;0;7;0;0;2;3;19;B02
201600012250;0;37;10;0;2;1;1;A01
201600012251;1;14;0;0;2;2;1;A01
201600012251;1;7;0;0;2;4;11;B02
201600012252;2;7;0;0;2;1;1;C01
201600012252;1;7;0;0;2;8;1;B01
201600012252;1;17;0;0;2;2;17;A01
201600012253;2;17;0;0;2;3;1;A01
201600012253;0;7;0;0;2;7;9;B02
201600012254;1;17;0;0;2;2;1;B02
201600012254;2;7;0;0;2;3;15;A01
201600012255;2;15;0;0;2;3;1;A01
201600012255;1;7;0;0;2;3;13;B02
201600012256;1;7;0;0;2;2;5;A01
201600012256;2;17;0;0;2;2;1;B02
201600012257;1;1;0;0;2;4;1;A01
201600012257;1;14;0;0;2;1;12;B02
201600012258;2;10;0;14;0;1;1;A01
201600012258;2;14;0;0;0;6;23;B02
201600012259;2;7;0;0;2;7;1;A01
201600012259;2;10;0;0;2;1;1;B02
201600012260;2;33;0;0;0;4;2;A01
201600012260;2;7;0;0;2;1;2;B02
201600012261;1;33;0;0;0;0;1;A01
201600012262;1;7;0;0;2;2;18;A01
201600012262;2;14;0;0;2;6;1;B02
201600012263;2;7;0;0;2;1;2;A01
201600012263;2;7;0;0;2;4;23;B02
201600012263;2;7;0;0;0;4;2;C03
201600012264;1;7;0;0;1;1;2;A01
201600012264;1;7;0;0;2;9;2;B02
201600012265;1;7;0;2;0;1;1;A01
201600012266;2;10;0;0;1;2;1;A01
201600012267;2;7;0;0;2;7;13;A01