Num_Acc;senc;catv;occutc;obs;obsm;choc;manv;num_veh
201600012267;1;10;0;0;2;3;1;B02
201600012268;2;7;0;0;2;1;0;C03
201600012268;1;33;0;14;2;1;13;A01
201600012268;2;7;0;0;2;8;1;B02
201600012269;1;7;0;0;2;3;13;A01
201600012269;2;15;0;0;2;3;1;B02
201600012270;1;15;0;0;2;2;1;A01
201600012270;1;10;0;0;2;3;1;B02
201600012271;2;7;0;1;0;1;1;A01
201600012271;2;14;0;0;0;4;23;B02
201600012272;1;38;1;0;2;3;1;A01
201600012272;2;7;0;0;2;5;15;B02
201600012273;1;33;0;0;2;1;17;A01
201600012273;1;14;0;0;2;6;15;B02
201600012274;0;1;0;0;2;1;5;B02
201600012274;0;38;1;0;2;3;1;A01
201600012275;1;7;0;0;2;1;2;A01
201600012275;1;17;0;0;2;4;2;B02
201600012276;1;15;0;0;2;1;1;B02
201600012276;2;7;0;0;2;7;13;A01
201600012277;2;14;0;0;2;1;1;A01
201600012277;0;7;0;0;2;8;19;B02
201600012278;1;14;0;0;2;8;15;A01
201600012278;1;33;0;0;2;1;17;B02
201600012279;1;21;0;0;2;6;2;A01
201600012279;1;17;0;0;2;2;2;B02
201600012280;1;7;0;0;2;3;13;A01
201600012280;2;17;0;0;0;3;1;B02
201600012280;1;7;0;0;0;6;23;C03
201600012281;1;20;0;0;2;2;1;B02
201600012281;2;7;0;0;2;6;13;A01
201600012282;0;14;0;0;1;7;16;A01
201600012283;1;15;0;0;0;3;1;B02
201600012283;2;7;0;0;0;1;13;A01
201600012284;0;1;0;0;2;1;15;B02
201600012284;0;14;0;0;2;2;1;A01
201600012285;1;7;0;0;2;1;13;A01
201600012285;2;17;0;0;2;2;1;B02
201600012286;1;7;0;0;2;5;13;A01
201600012286;2;15;0;0;2;1;1;B02
201600012287;2;10;0;0;0;8;1;C04
201600012287;1;17;0;0;0;5;23;A01
201600012287;1;15;0;14;0;5;1;B03
201600012288;2;38;0;0;2;1;1;B02
201600012288;2;7;0;0;2;7;19;A01
201600012289;2;38;11;6;0;1;15;A01
201600012290;1;7;0;0;2;3;13;A01
201600012291;1;7;0;0;2;1;13;A01
201600012291;2;15;0;0;2;1;1;B02
201600012292;2;14;0;0;2;3;1;A01
201600012292;2;38;33;0;2;2;16;B02
201600012293;1;7;0;0;2;2;14;A01
201600012293;1;7;0;0;0;6;1;C03
201600012294;2;10;0;0;2;1;1;B02
201600012294;1;14;0;0;2;2;1;A01
201600012295;2;15;0;0;0;2;1;A01
201600012296;0;17;0;0;2;3;0;B02
201600012296;2;7;0;0;2;3;1;A01
201600012297;2;7;0;0;2;3;13;A01
201600012297;1;15;0;0;2;3;1;B02
201600012298;1;38;17;0;2;1;1;A01
201600012298;0;7;0;0;2;8;19;B02
201600012299;0;7;0;0;0;3;13;B02
201600012299;0;37;0;0;0;3;0;A01
201600012300;1;7;0;0;9;3;1;B02
201600012300;2;33;0;0;2;0;1;A01
201600012301;1;7;0;0;2;1;13;A01
201600012301;2;38;13;0;2;3;1;B02
201600012302;1;7;0;11;0;1;0;A01
201600012303;1;7;0;0;0;4;2;A01
201600012303;1;10;0;0;2;1;2;B02
201600012304;1;7;0;0;2;1;2;A01
201600012304;1;7;0;0;2;4;2;B02
201600012305;1;7;0;0;2;3;13;A01
201600012305;1;7;0;0;2;2;2;B02
201600012305;1;10;0;0;2;2;13;C03
201600012305;1;7;0;0;2;1;1;D04
201600012305;1;10;0;0;2;4;1;E05
201600012306;2;33;0;0;9;1;1;A01
201600012307;1;15;0;0;2;7;1;B02
201600012307;1;10;0;3;0;2;1;A01
201600012308;2;17;0;0;2;1;2;B02
201600012308;2;15;0;0;2;4;1;A01
201600012309;2;7;0;0;2;1;1;B02
201600012309;2;7;0;0;0;4;1;A01
201600012310;2;33;0;0;0;0;21;A01
201600012311;2;7;0;0;0;4;2;B02
201600012311;2;7;0;0;2;1;2;A01
201600012312;2;7;0;0;2;1;1;A01
201600012312;2;7;0;0;2;4;1;C03
201600012312;2;7;0;0;2;4;1;B02
201600012313;1;7;0;0;2;1;2;A01
201600012313;1;7;0;0;2;4;2;B02
201600012314;1;7;0;4;0;3;2;A01
201600012315;2;7;0;3;0;2;14;A01
201600012316;1;7;0;3;0;1;6;A01
201600012317;1;7;0;0;2;1;3;A01
201600012317;1;30;0;0;2;4;1;B02
201600012318;1;7;0;3;0;1;17;A01
201600012319;1;7;0;0;0;7;1;A01
201600012320;1;33;0;0;0;1;0;A01
201600012320;1;7;0;14;0;1;1;B02
201600012321;1;7;0;0;1;1;1;A01
201600012321;1;33;0;0;2;1;2;B02
201600012321;1;7;0;0;2;8;2;C03
201600012322;0;7;0;0;2;8;2;B02
201600012322;2;7;0;0;0;2;12;A01
201600012323;2;7;0;0;2;6;1;A01
201600012323;2;33;0;0;2;3;11;B02
201600012324;2;7;0;0;2;4;1;C03
201600012324;2;7;0;4;0;5;1;B02
201600012324;2;7;0;0;0;1;1;D04
201600012324;2;7;0;0;0;3;14;A01
201600012325;2;7;0;0;2;1;2;A01
201600012325;2;7;0;0;2;6;1;B02
201600012326;2;33;0;0;2;1;2;A01
201600012327;2;7;0;4;0;1;0;A01
201600012328;2;33;0;14;0;1;1;A01
201600012328;2;7;0;0;2;3;1;D04
201600012328;2;33;0;14;0;1;1;B02
201600012328;2;33;0;14;0;1;1;C03
201600012329;2;7;0;0;2;5;0;B02
201600012329;2;33;0;0;2;3;1;A01
201600012330;1;17;0;0;2;0;2;A01
201600012330;1;7;0;0;2;1;2;B02
201600012331;2;33;0;0;2;1;1;A01
201600012331;2;33;0;0;2;4;23;C03
201600012331;2;33;0;0;2;4;1;B02
201600012332;1;15;0;4;0;2;1;A01
201600012333;0;33;0;3;0;0;1;A01
201600012334;1;33;0;0;2;8;1;A01
201600012334;1;10;0;0;2;7;12;B02
201600012335;2;7;0;0;2;4;4;A01
201600012335;2;33;0;0;2;1;2;B02
201600012336;2;33;0;0;2;7;17;A01
201600012336;2;7;0;0;2;8;14;B02
201600012337;2;7;0;0;2;1;1;A01
201600012337;2;7;0;0;0;4;1;B02
201600012338;2;33;0;0;2;1;2;A01
201600012338;2;33;0;0;2;4;2;B02
201600012339;2;7;0;0;0;8;1;A01
201600012339;2;7;0;0;2;0;0;B02
201600012340;2;33;0;0;2;2;3;A01
201600012340;2;7;0;0;2;3;2;B02
201600012340;2;7;0;0;0;4;1;C03
201600012340;2;7;0;0;2;6;1;D04
201600012341;2;33;0;3;0;2;2;A01
201600012342;1;7;0;0;2;4;1;B02
201600012342;1;7;0;0;2;1;2;A01
201600012343;1;10;0;0;2;1;2;A01
201600012344;2;7;0;3;0;2;13;A01
201600012345;1;33;0;3;0;3;1;A01
201600012346;1;15;0;0;2;6;1;B02
201600012346;1;7;0;5;0;1;1;C03
201600012346;1;7;0;0;2;2;2;A01
201600012347;1;10;0;0;2;1;2;A01
201600012347;1;14;0;0;2;4;2;B02
201600012348;1;7;0;13;0;1;17;A01
201600012349;2;7;0;0;2;1;3;A01
201600012349;2;7;0;0;2;5;1;E05
201600012349;2;7;0;0;2;7;1;C03
201600012349;2;7;0;0;2;4;1;D04
201600012350;1;7;0;0;9;1;1;C03
201600012350;1;7;0;0;9;1;0;D04
201600012350;1;14;0;0;9;1;0;E05
201600012350;1;15;0;1;0;7;14;A01
201600012350;1;15;0;0;2;8;24;B02
201600012351;1;7;0;3;0;3;16;A01
201600012352;1;7;0;13;0;2;1;A01
201600012353;2;7;0;0;2;2;2;A01
201600012353;2;33;0;0;2;4;2;B02
201600012354;0;30;0;0;2;1;5;A01
201600012354;0;7;0;0;2;1;1;B02
201600012355;2;14;0;3;0;3;13;A01
201600012356;0;10;0;0;2;8;15;B02
201600012356;0;30;0;0;2;1;13;A01
201600012357;2;7;0;0;9;1;1;B02
201600012357;2;7;0;3;2;3;13;C03
201600012357;2;7;0;0;0;0;9;A01
201600012357;2;7;0;14;0;1;1;D04
201600012358;2;7;0;13;0;1;1;A01
201600012359;1;7;0;3;0;1;1;A01
201600012360;0;30;0;0;2;0;2;A01
201600012360;0;7;0;0;2;3;16;B02
201600012361;0;7;0;0;1;1;1;A01
201600012362;0;7;0;0;2;2;2;B02
201600012362;0;7;0;0;2;5;2;A01
201600012363;0;7;0;0;0;1;1;B02
201600012363;0;7;0;0;0;1;1;A01
201600012364;0;7;0;12;2;2;15;A01
201600012364;0;7;0;0;2;1;1;B02
201600012365;0;7;0;0;2;2;15;A01
201600012365;0;7;0;0;2;3;1;B02
201600012366;2;7;0;2;0;1;1;A01
201600012367;0;7;0;2;0;8;1;A01
201600012368;1;3;0;0;2;7;1;A01
201600012368;2;7;0;0;2;1;15;B02
201600012369;0;7;0;0;2;1;0;A01
201600012369;0;7;0;0;2;1;0;B02
201600012370;1;30;0;0;1;1;3;A01
201600012371;1;7;0;0;2;1;1;B02
201600012371;1;31;0;0;2;1;1;A01
201600012372;1;7;0;3;0;4;2;B02
201600012372;1;10;0;3;2;2;2;A01
201600012373;0;7;0;0;1;1;1;A01
201600012374;1;7;0;0;1;2;2;A01
201600012375;0;7;0;0;1;5;15;B02
201600012375;0;7;0;0;2;3;1;A01
201600012376;;1;0;;2;5;2;B01
201600012376;0;7;0;0;2;2;12;A01
201600012377;2;33;0;0;0;0;1;A01
201600012378;2;33;0;0;2;1;1;A01
201600012378;1;10;0;0;2;2;0;B02
201600012379;1;7;0;0;0;4;19;B02
201600012379;1;33;0;0;2;1;1;A01
201600012380;0;7;0;0;2;1;1;A01
201600012380;0;7;0;8;2;8;1;B02
201600012381;1;7;0;0;2;1;13;B02
201600012381;2;7;0;0;2;3;1;A01
201600012382;2;10;0;0;2;1;2;B02
201600012382;2;7;0;0;2;4;23;A01
201600012383;2;7;0;2;0;1;1;A01
201600012384;2;7;0;0;1;3;1;A01
201600012385;0;7;0;14;0;1;1;A01
201600012386;2;21;0;0;9;5;17;A01
201600012386;0;1;0;0;2;8;1;B02
201600012387;0;30;0;0;2;1;13;B02
201600012387;0;7;0;0;2;3;1;A01
201600012388;0;7;0;0;1;3;1;A01
201600012389;1;1;0;0;2;6;1;B02
201600012389;1;1;0;0;2;4;1;C03
201600012389;1;7;0;0;2;2;1;A01
201600012390;2;7;0;2;0;2;1;A01
201600012391;1;7;0;0;2;3;5;A01
201600012391;2;7;0;0;2;3;1;B02
201600012392;1;10;0;0;2;2;19;A01
201600012392;2;17;0;0;2;3;1;B02
201600012393;2;7;0;0;2;1;17;A01
201600012393;2;10;0;3;0;4;1;B02
201600012394;2;10;0;0;2;1;17;A01
201600012394;2;17;0;0;0;4;1;B02
201600012395;1;15;0;0;0;6;1;B02
201600012395;1;7;0;0;2;1;17;A01
201600012395;1;7;0;0;2;1;2;C03
201600012396;2;7;0;0;2;6;24;B02
201600012396;2;10;0;0;2;4;24;C03
201600012396;2;17;0;1;1;2;1;A01
201600012397;1;7;0;0;2;1;1;C03
201600012397;1;7;0;0;2;3;13;A01
201600012397;2;15;0;0;2;3;1;B02
201600012398;1;7;0;13;0;2;1;A01
201600012399;1;7;0;13;0;1;1;A01
201600012400;2;7;0;13;0;1;1;A01
201600012401;1;7;0;0;2;1;1;C03
201600012401;1;7;0;4;2;1;1;B02
201600012401;1;7;0;4;0;3;13;A01
201600012401;1;7;0;0;2;1;0;D04
201600012402;1;7;0;0;2;1;14;A01
201600012402;1;15;0;0;2;8;1;B02
201600012403;2;7;0;3;2;2;14;A01
201600012403;2;14;0;0;2;6;1;B02
201600012404;1;7;0;4;2;9;11;A01
201600012405;1;7;0;3;1;5;1;A01
201600012406;2;7;0;13;0;1;1;A01
201600012407;2;7;0;0;0;1;2;A01
201600012407;2;7;0;0;0;4;2;B02
201600012408;2;10;0;6;0;3;1;A01
201600012409;2;7;0;3;0;2;1;A01
201600012410;0;7;0;13;0;9;12;A01
201600012411;1;7;0;0;2;1;1;A01
201600012411;1;17;0;0;0;4;1;B02
201600012412;2;7;0;0;0;9;1;A01
201600012413;2;15;0;0;2;3;1;B02
201600012413;1;7;0;0;2;3;13;A01
201600012414;2;3;0;0;2;3;13;A01
201600012414;1;14;0;0;2;3;1;B02
201600012415;2;7;0;0;2;3;1;B01
201600012415;1;10;0;0;2;3;13;A01
201600012415;2;7;0;0;2;1;1;C01
201600012416;1;7;0;0;1;1;1;A01
201600012417;1;2;0;0;2;1;1;A01
201600012417;1;7;0;0;2;6;15;B01
201600012418;1;33;0;0;2;4;1;B01
201600012418;1;33;0;0;2;1;2;A01
201600012419;1;7;0;0;1;3;1;A01
201600012420;2;7;0;0;2;8;2;B02
201600012420;2;33;0;0;2;7;17;A01
201600012421;0;7;0;0;2;1;1;B02
201600012421;0;7;0;0;2;1;11;A01
201600012422;0;1;0;0;2;4;1;B02
201600012422;0;7;0;0;2;2;1;A01
201600012423;0;7;0;1;0;1;21;C03
201600012423;0;7;0;0;2;1;1;B02
201600012423;0;7;0;0;2;1;5;A01
201600012424;0;7;0;0;2;1;16;A01
201600012424;0;1;0;0;2;1;19;B02
201600012425;1;7;0;0;2;2;2;A01
201600012425;1;33;0;0;2;2;2;B02
201600012425;1;1;0;0;0;9;2;C03
201600012426;1;10;0;0;2;3;13;A01
201600012426;2;7;0;6;2;3;1;B01
201600012427;1;7;0;0;1;2;1;A01
201600012428;1;7;0;0;2;1;1;B01
201600012428;2;7;0;0;2;7;13;A01
201600012429;2;33;0;0;2;1;1;B01
201600012429;1;21;0;0;9;2;15;A01
201600012430;1;7;0;0;1;5;0;A01
201600012431;2;7;0;1;1;2;1;A01
201600012432;2;7;0;0;2;2;13;A01
201600012432;1;7;0;0;2;3;1;B01
201600012433;1;30;0;0;0;0;0;A01
201600012434;1;7;0;0;1;1;15;A01
201600012435;1;7;0;0;1;2;1;A01
201600012436;2;7;0;13;0;1;1;A01
201600012437;1;7;0;0;2;1;1;A01
201600012437;2;17;0;0;2;1;1;B02
201600012438;1;14;0;1;1;2;14;A01
201600012439;2;7;0;0;2;1;2;A01
201600012439;2;7;0;9;0;4;23;B02
201600012440;2;7;0;3;0;3;1;A01
201600012441;2;7;0;16;0;7;1;A01
201600012442;1;17;0;0;2;1;1;A01
201600012442;2;7;0;0;9;8;15;B02
201600012443;1;7;0;0;2;2;1;A01
201600012443;1;15;0;0;2;6;1;B02
201600012444;1;37;0;0;0;4;2;B02
201600012444;1;10;0;0;2;1;2;A01
201600012445;1;7;0;0;2;1;2;A01
201600012445;1;7;0;0;2;4;2;B02
201600012446;2;7;0;0;2;1;2;A01
201600012446;2;10;0;0;2;4;2;B02
201600012447;2;7;0;0;2;1;2;B02
201600012447;2;7;0;0;2;4;2;A01
201600012448;1;7;0;0;2;3;1;B02
201600012448;1;7;0;0;2;3;1;A01
201600012448;2;7;0;0;2;3;3;C03
201600012449;2;32;0;0;0;7;16;A01
201600012450;2;7;0;0;0;6;11;B02
201600012450;2;33;0;0;2;1;1;A01
201600012451;2;7;0;0;2;1;2;B02
201600012451;2;14;0;0;0;6;1;C03
201600012451;2;14;0;0;0;4;1;A01
201600012452;1;7;0;4;2;2;17;A01
201600012452;1;7;0;0;0;6;12;B02
201600012453;2;7;0;3;0;6;2;A01
201600012454;2;7;0;0;2;1;15;A01
201600012454;2;7;0;0;2;1;1;B02
201600012455;1;33;0;0;2;1;1;A01
201600012455;2;10;0;0;2;1;1;B02
201600012456;1;7;0;6;0;9;0;A01
201600012457;0;2;0;8;0;8;0;A01
201600012458;1;7;0;3;0;1;9;A01
201600012459;2;7;0;0;2;3;1;B02
201600012459;1;7;0;0;2;3;16;A01
201600012460;1;7;0;0;2;3;17;A01
201600012460;2;15;0;0;2;1;1;B02
201600012461;2;7;0;4;0;8;13;A01
201600012462;1;7;0;0;2;2;17;A01
201600012462;1;7;0;0;0;3;1;B02
201600012463;2;7;0;3;0;3;1;A01
201600012464;1;7;0;4;0;3;1;A01
201600012465;1;7;0;1;2;3;21;G07
201600012465;1;7;0;4;0;2;21;A01
201600012465;1;7;0;1;2;1;21;C03
201600012465;1;17;0;3;2;2;21;D04
201600012465;1;7;0;4;2;8;23;B02
201600012465;1;7;0;1;2;1;21;E05
201600012465;1;7;0;0;0;7;1;H08
201600012465;1;7;0;1;2;1;21;F06
201600012466;1;7;0;1;0;4;2;B01
201600012466;1;7;0;0;0;4;23;A01
201600012466;1;7;0;1;2;1;2;C01
201600012467;2;7;0;3;0;1;1;B01
201600012467;2;7;0;0;0;4;11;A01
201600012468;2;7;0;13;0;1;1;A01
201600012469;0;14;0;0;2;1;1;B02
201600012469;0;7;0;0;2;1;1;A01
201600012470;1;15;0;0;2;1;2;A01
201600012470;1;7;0;0;0;4;0;B02
201600012471;2;10;0;0;0;2;19;A01
201600012471;1;7;0;0;0;2;1;B02
201600012472;2;7;0;3;0;3;14;A01
201600012473;1;7;0;0;0;2;1;A01
201600012474;2;7;0;3;0;3;14;A01
201600012475;1;7;0;0;0;9;1;A01
201600012476;1;7;0;0;1;2;14;A01
201600012477;2;7;0;4;0;8;0;A01
201600012478;1;7;0;0;0;6;1;A01
201600012478;1;7;0;0;2;2;2;B02
201600012479;1;15;0;0;0;6;23;A01
201600012479;1;10;0;0;2;1;3;B02
201600012480;2;7;0;3;0;9;12;A01
201600012481;1;7;0;6;0;9;1;A01
201600012482;2;33;0;0;0;7;9;A01
201600012483;1;7;0;3;0;0;14;A01
201600012484;1;7;0;3;0;1;14;A01
201600012485;2;17;0;2;0;3;1;A01
201600012486;2;14;0;13;0;3;14;A01
201600012487;1;7;0;5;0;1;13;A01
201600012488;1;7;0;0;2;1;2;A01
201600012488;1;7;0;0;0;0;0;B02
201600012489;1;17;0;0;0;0;14;A01
201600012489;1;17;0;0;0;6;20;B02
201600012489;1;17;0;0;2;2;21;C03
201600012490;1;7;0;13;0;1;1;A01
201600012491;1;7;0;3;0;1;1;A01
201600012492;1;7;0;8;2;1;1;A01
201600012492;1;7;0;0;2;7;1;B02
201600012493;1;7;0;16;0;1;1;A01
201600012494;2;7;0;16;0;1;14;A01
201600012495;1;7;0;6;0;1;2;A01
201600012496;1;7;0;13;0;1;1;A01
201600012497;1;17;0;0;0;6;2;B02
201600012497;1;7;0;1;2;2;2;A01
201600012498;2;33;0;0;2;1;1;B02
201600012498;2;17;0;0;0;4;11;A01
201600012499;0;7;0;2;0;1;1;A01
201600012500;2;17;0;0;2;4;2;B02
201600012500;2;7;0;3;2;1;2;A01
201600012501;2;7;0;3;0;2;14;A01
201600012502;2;7;0;3;0;1;14;A01
201600012503;2;7;0;0;9;1;1;E05
201600012503;1;7;0;14;0;2;1;B02
201600012503;1;7;0;14;0;7;1;C03
201600012503;1;7;0;14;0;7;1;D04
201600012503;1;7;0;3;0;1;13;A01
201600012504;2;7;0;3;0;3;1;A01
201600012505;1;7;0;0;2;1;1;B02
201600012505;2;15;0;0;2;5;1;G07
201600012505;1;7;0;3;2;1;1;A01
201600012505;2;7;0;14;0;2;1;E05
201600012505;2;10;0;0;2;1;1;H08
201600012505;2;7;0;14;0;1;1;D04
201600012505;2;10;0;0;9;8;1;F06
201600012505;1;7;0;0;2;3;1;C03
201600012506;2;14;0;6;0;1;15;A01
201600012507;2;7;0;0;2;1;5;A01
201600012507;1;7;0;0;2;1;1;B02
201600012508;2;7;0;3;0;1;1;A01
201600012509;2;33;0;0;2;1;2;A01
201600012509;2;10;0;0;0;5;2;B02
201600012510;2;34;0;3;0;8;17;A01
201600012511;1;15;0;0;2;1;2;A01
201600012511;1;17;0;0;0;4;2;B02
201600012512;1;7;0;0;0;9;1;A01
201600012513;2;7;0;0;2;1;2;A01
201600012513;2;10;0;0;0;4;2;B02
201600012514;2;7;0;0;0;0;24;A01
201600012514;2;10;0;0;0;0;24;B02
201600012514;2;7;0;0;1;1;0;C03
201600012514;2;7;0;0;0;1;0;D04
201600012514;2;7;0;0;0;3;0;E05
201600012514;2;7;0;0;0;1;0;F06
201600012514;2;7;0;0;0;1;0;G07
201600012514;2;7;0;0;0;0;0;H08
201600012515;2;7;0;3;2;2;2;A01
201600012515;2;17;0;0;2;6;2;B02
201600012516;2;10;0;0;0;5;24;A01
201600012516;2;17;0;1;0;2;1;B02
201600012517;2;10;0;0;0;2;1;A01
201600012518;2;1;0;0;2;1;13;A01
201600012518;1;14;0;0;0;8;1;B02
201600012519;1;7;0;0;2;2;13;A01
201600012519;2;1;0;0;2;1;1;B02
201600012519;2;1;0;0;0;0;1;C03
201600012520;2;7;0;0;2;4;1;A01
201600012520;2;31;0;0;2;1;1;B02
201600012521;1;7;0;0;2;1;2;A01
201600012521;1;7;0;0;2;4;2;B02
201600012521;1;7;0;0;2;4;2;C03
201600012521;1;7;0;0;2;4;2;D04
201600012521;1;7;0;0;2;4;2;E05
201600012522;1;7;0;13;0;1;1;A01
201600012523;1;7;0;0;2;1;2;A01
201600012523;1;17;0;0;2;4;2;B02
201600012523;1;7;0;0;2;1;1;C03
201600012524;2;7;0;13;0;2;21;A01
201600012525;1;7;0;0;2;3;13;A01
201600012525;2;17;0;0;2;3;1;B02
201600012526;1;7;0;3;2;3;13;A01
201600012526;2;17;0;3;2;3;1;B02
201600012526;1;7;0;0;2;2;1;C03
201600012527;1;17;0;3;0;1;13;A01
201600012528;1;7;0;0;2;8;15;A01
201600012528;2;30;0;0;2;1;1;B02
201600012529;0;30;0;0;2;1;1;B02
201600012529;0;7;0;0;2;7;15;A01
201600012530;1;1;0;0;2;1;13;A01
201600012530;2;7;0;0;9;3;1;B02
201600012531;0;7;0;0;0;8;1;A01
201600012531;0;7;0;0;0;1;1;B02
201600012532;1;7;0;0;2;1;1;A01
201600012532;2;7;0;0;0;1;17;B02
201600012533;2;7;0;4;0;8;1;A01
201600012534;0;7;0;0;2;2;1;A01
201600012534;0;30;0;0;0;5;1;B02
201600012535;1;7;0;0;1;2;1;A01
201600012536;2;30;0;0;0;0;1;A01
201600012537;2;7;0;0;2;7;17;B02
201600012537;2;30;0;0;2;8;1;A01
201600012538;2;7;0;0;2;5;15;A01
201600012538;1;30;0;0;2;1;1;B02
201600012539;2;33;0;0;2;9;0;A01
201600012539;0;7;0;0;2;9;0;B02
201600012540;1;7;0;15;0;1;21;A01
201600012541;2;10;0;0;2;6;0;B02
201600012541;2;33;0;0;2;7;0;A01
201600012542;2;7;0;0;2;1;1;A01
201600012542;1;31;0;0;2;1;13;B02
201600012543;0;7;0;0;2;6;10;A01
201600012543;2;33;0;0;2;1;1;B02
201600012544;2;14;0;0;1;1;1;A01
201600012545;2;34;0;9;0;1;1;A01
201600012546;1;7;0;0;2;3;15;B02
201600012546;2;33;0;0;2;1;1;A01
201600012546;1;7;0;0;2;1;23;C03
201600012547;2;33;0;0;2;1;1;A01
201600012547;0;7;0;0;2;2;15;B02
201600012548;2;34;0;0;2;1;17;A01
201600012548;2;7;0;0;0;6;1;B02
201600012549;2;7;0;0;2;1;2;A01
201600012549;2;2;0;0;2;4;2;B02
201600012550;1;33;0;0;2;2;17;B02
201600012550;2;7;0;0;2;8;15;A01
201600012551;2;7;0;0;2;6;1;A01
201600012551;1;34;0;0;2;1;1;B02
201600012552;0;7;0;0;2;3;19;A01
201600012552;1;33;0;0;2;1;1;B02
201600012553;1;7;0;0;2;3;11;A01
201600012553;1;33;0;0;2;2;3;B01
201600012553;1;7;0;0;2;5;1;C01
201600012554;1;7;0;0;1;1;1;A01
201600012555;1;14;0;0;0;0;0;A01
201600012556;1;7;0;3;2;0;1;A01
201600012556;2;7;0;0;0;1;0;B02
201600012557;0;33;0;0;2;1;3;B02
201600012557;0;7;0;0;2;7;23;A01
201600012558;1;33;0;0;2;1;1;A01
201600012558;2;7;0;0;2;1;15;B02
201600012559;2;7;0;1;1;3;1;A01
201600012560;0;32;0;0;2;1;2;B02
201600012560;0;7;0;5;2;1;2;A01
201600012561;1;7;0;0;2;5;15;B02
201600012561;1;33;0;0;2;1;1;A01
201600012562;0;7;0;0;0;1;1;A01
201600012562;0;7;0;0;0;4;23;C03
201600012562;0;7;0;0;0;0;23;B02
201600012563;1;1;0;0;2;1;15;B02
201600012563;1;7;0;0;2;3;9;A01
201600012564;2;33;0;13;0;0;1;A01
201600012565;0;7;0;6;0;4;1;B02
201600012565;0;7;0;1;2;1;1;A01
201600012566;1;7;0;0;2;3;15;A01
201600012566;2;7;0;0;2;3;1;B02
201600012567;1;7;0;0;1;2;1;A01
201600012568;1;33;0;0;2;1;1;B02
201600012568;2;7;0;0;2;3;15;A01
201600012569;1;31;0;12;0;8;1;A01
201600012570;1;7;0;2;0;1;16;A01
201600012571;2;7;0;16;0;9;14;A01
201600012572;2;7;0;14;0;1;1;C03
201600012572;2;7;0;0;0;4;1;B02
201600012572;2;7;0;0;2;6;2;A01
201600012573;2;7;0;13;0;0;21;A01
201600012574;2;17;0;0;0;0;24;A01
201600012574;2;7;0;1;0;1;19;C03
201600012575;2;10;0;0;2;1;2;A01
201600012575;2;7;0;0;0;4;2;C03
201600012576;1;7;0;3;0;1;14;A01
201600012577;1;7;0;0;2;2;2;C03
201600012577;1;7;0;1;0;6;1;B02
201600012577;1;7;0;0;0;4;24;A01
201600012578;1;7;0;3;0;1;14;A01
201600012579;2;17;0;0;0;4;24;B02
201600012579;2;7;0;1;0;1;14;A01
201600012580;1;10;0;2;0;1;0;A01
201600012581;1;7;0;3;2;2;2;A01
201600012581;1;14;0;0;0;6;2;B02
201600012582;2;17;0;13;0;2;2;A01
201600012583;1;10;0;3;0;1;2;A01
201600012584;2;7;0;0;2;2;2;B02
201600012584;2;7;0;3;2;1;13;A01
201600012585;2;7;0;13;0;0;1;A01
201600012586;2;7;0;0;2;2;1;B02
201600012586;1;7;0;0;2;3;5;A01
201600012586;2;7;0;0;2;1;0;C03
201600012587;1;7;0;16;0;9;2;A01
201600012588;2;7;0;0;0;2;15;A01
201600012588;1;30;0;0;2;1;1;B02
201600012589;1;7;0;8;0;9;1;A01
201600012590;1;33;0;4;0;2;1;A01
201600012591;2;7;0;2;0;1;1;A01
201600012592;2;7;0;0;2;1;1;A01
201600012592;1;30;0;0;2;1;1;B02
201600012593;2;33;0;0;0;8;17;A01
201600012594;1;33;0;0;2;6;11;A01
201600012594;1;10;0;0;2;7;17;B02
201600012595;2;7;0;0;2;4;17;A01
201600012595;2;33;0;0;2;1;15;B02
201600012596;1;7;0;2;0;1;0;A01
201600012597;1;7;0;0;2;3;15;A01
201600012597;1;31;0;0;2;1;1;B02
201600012598;2;7;0;0;2;1;15;A01
201600012598;1;33;0;0;2;1;1;B02
201600012599;1;7;0;8;0;1;19;A01
201600012600;1;7;0;2;0;1;1;A01
201600012601;1;7;0;0;0;7;1;A01
201600012602;2;7;0;0;2;7;15;A01
201600012602;1;7;0;0;2;1;1;B02
201600012603;0;7;0;13;0;1;14;A01
201600012604;2;33;0;0;2;1;13;A01
201600012604;1;13;0;0;2;2;23;B02
201600012605;0;7;0;0;1;2;1;A01
201600012606;2;7;0;0;0;6;1;A01
201600012606;1;7;0;0;0;0;19;C03
201600012606;2;31;0;0;2;1;1;B02
201600012607;1;33;0;0;2;4;1;B02
201600012607;1;33;0;0;2;4;1;A01
201600012607;1;33;0;0;2;1;1;C03
201600012608;1;7;0;0;2;3;1;A01
201600012608;1;2;0;0;2;1;1;B02
201600012609;2;31;0;0;2;8;2;B02
201600012609;2;10;0;0;0;0;2;A01
201600012610;2;10;0;0;2;6;1;A01
201600012610;2;7;0;0;2;2;17;B02
201600012611;2;7;0;14;0;1;1;B02
201600012612;1;10;0;3;0;2;1;A01
201600012613;1;7;0;0;2;1;2;A01
201600012613;1;17;0;0;0;4;1;B02
201600012614;2;14;0;16;0;8;1;A01