Num_Acc;senc;catv;occutc;obs;obsm;choc;manv;num_veh
201600014710;1;7;0;0;2;3;15;A01
201600014710;2;30;0;0;2;6;2;B01
201600014711;1;7;0;0;2;8;10;A01
201600014711;1;31;0;0;2;1;2;B01
201600014712;1;7;0;0;1;4;4;A01
201600014713;1;7;0;0;1;2;1;A01
201600014714;1;31;0;0;2;6;2;B01
201600014714;1;7;0;0;2;1;0;A01
201600014715;1;7;0;0;2;2;16;Z01
201600014715;1;33;0;0;2;6;0;A01
201600014716;1;7;0;0;1;3;15;A01
201600014717;1;7;0;0;2;4;0;A01
201600014717;1;7;0;0;2;1;0;B01
201600014718;1;37;0;0;1;7;1;A01
201600014719;1;7;0;0;2;1;1;A01
201600014719;1;7;0;0;2;4;2;B01
201600014720;1;7;0;0;1;1;1;A01
201600014721;2;7;0;0;2;4;23;A01
201600014721;2;7;0;0;2;1;2;Z01
201600014722;1;32;0;0;2;1;1;B01
201600014722;1;7;0;0;2;2;10;A01
201600014723;1;7;0;0;2;3;1;B01
201600014723;1;7;0;0;2;1;1;A01
201600014724;2;10;0;0;1;1;1;A01
201600014725;1;7;0;0;2;0;0;Z01
201600014725;1;34;0;0;2;0;0;A01
201600014726;1;7;0;0;2;7;19;A01
201600014726;1;7;0;0;2;1;0;B01
201600014727;2;7;0;0;2;6;9;A01
201600014727;1;7;0;0;2;1;2;B01
201600014728;1;31;0;0;2;1;1;B01
201600014728;1;7;0;0;2;0;0;A01
201600014729;1;7;0;0;0;0;0;Z01
201600014729;1;32;0;0;0;0;0;B01
201600014730;2;7;0;0;2;4;2;B01
201600014730;2;7;0;0;2;1;2;A01
201600014731;1;34;0;8;2;7;17;A01
201600014731;1;7;0;0;2;8;15;B01
201600014732;1;7;0;0;2;3;1;B01
201600014732;1;32;0;0;2;7;18;A01
201600014733;1;7;0;0;1;0;1;Z01
201600014734;1;7;0;0;1;0;0;A01
201600014735;2;7;0;0;2;3;1;Z01
201600014735;2;7;0;0;2;2;1;B01
201600014736;1;33;0;0;2;1;2;B01
201600014736;1;7;0;0;2;8;11;A01
201600014737;1;7;0;15;0;4;6;A01
201600014738;1;32;0;1;0;8;1;B01
201600014738;1;7;0;0;2;3;22;A01
201600014739;1;7;0;0;1;1;0;A01
201600014740;2;7;0;0;2;4;2;B01
201600014740;2;7;0;0;2;1;2;A01
201600014741;1;7;0;0;2;2;1;B01
201600014741;1;7;0;0;2;2;9;A01
201600014742;0;7;0;0;2;1;1;A01
201600014742;0;7;0;0;2;1;19;B01
201600014743;1;7;0;0;1;1;2;A01
201600014744;2;7;0;0;1;2;0;Z01
201600014745;1;7;0;0;1;0;1;A01
201600014746;2;2;0;0;2;7;17;A01
201600014746;2;7;0;0;2;3;15;B01
201600014747;1;34;0;0;1;2;3;A01
201600014748;2;34;0;0;1;8;1;A01
201600014749;1;7;0;0;1;1;0;A01
201600014750;1;31;0;0;2;7;1;Z01
201600014750;1;1;0;1;0;8;17;A01
201600014751;1;30;0;0;9;0;0;A01
201600014752;1;2;0;0;2;7;1;B01
201600014752;1;2;0;0;2;1;1;A01
201600014753;1;7;0;0;2;3;13;B01
201600014753;1;34;0;0;2;2;17;A01
201600014753;1;7;0;0;2;0;0;C01
201600014754;2;7;0;1;0;3;17;A01
201600014755;2;7;0;0;1;1;1;A01
201600014756;0;3;0;8;0;2;0;A01
201600014757;1;33;0;0;2;2;3;A01
201600014758;2;7;0;0;2;4;1;C01
201600014758;2;7;0;0;2;1;1;A01
201600014758;2;7;0;0;2;4;1;B01
201600014759;1;32;0;0;0;0;1;A01
201600014760;1;32;0;0;2;0;0;A01
201600014760;1;7;0;0;2;0;0;B01
201600014761;1;33;0;0;2;1;1;B01
201600014761;1;7;0;0;2;6;15;Z01
201600014762;2;7;0;0;1;2;0;A01
201600014763;1;7;0;0;2;3;2;B01
201600014763;1;7;0;0;2;2;2;A01
201600014764;1;7;0;0;2;8;11;A01
201600014764;1;30;0;0;2;1;1;B01
201600014765;1;7;0;0;2;3;15;A01
201600014765;1;30;0;0;2;1;2;B01
201600014766;1;7;0;0;1;3;19;Z01
201600014767;1;7;0;0;2;4;23;B01
201600014767;1;7;0;0;2;1;1;A01
201600014768;1;7;0;0;2;3;15;A01
201600014768;1;33;0;0;2;6;0;B01
201600014769;1;7;0;0;2;2;2;A01
201600014769;1;7;0;0;2;1;9;B01
201600014770;2;7;0;0;2;3;0;A01
201600014770;1;2;0;0;2;1;0;B01
201600014771;2;7;0;0;2;6;1;B01
201600014771;2;2;0;0;2;1;1;Z01
201600014772;1;1;0;0;2;4;0;B01
201600014772;1;7;0;0;9;1;16;A01
201600014773;1;10;0;0;2;6;2;A01
201600014773;1;34;0;0;2;2;1;B01
201600014774;1;7;0;0;2;4;2;B01
201600014774;1;7;0;0;2;0;2;C01
201600014774;1;7;0;0;2;1;2;A01
201600014775;1;2;0;0;2;7;1;A01
201600014775;1;7;0;0;2;8;15;B01
201600014776;0;7;0;0;2;3;15;A01
201600014776;1;32;0;0;2;9;17;B01
201600014777;2;10;0;0;2;0;0;B01
201600014777;1;2;0;0;2;0;0;A01
201600014778;1;7;0;0;2;2;13;A01
201600014778;1;7;0;0;2;3;1;B01
201600014779;2;10;0;0;1;3;1;A01
201600014780;1;7;0;0;2;3;1;B01
201600014780;1;7;0;0;2;2;10;A01
201600014781;1;7;0;0;9;4;1;A01
201600014781;1;1;0;0;2;1;0;B01
201600014782;1;7;0;0;1;0;0;A01
201600014783;2;1;0;0;2;1;1;B01
201600014783;1;7;0;0;2;3;15;A01
201600014784;1;7;0;0;2;8;1;A01
201600014784;1;7;0;0;2;1;1;B01
201600014785;2;7;0;0;2;8;15;A01
201600014785;2;32;0;0;2;1;17;B01
201600014786;1;7;0;0;2;1;15;A01
201600014786;1;31;0;0;2;1;1;B01
201600014787;1;7;0;0;2;7;12;Z01
201600014787;1;30;0;0;2;8;1;A01
201600014788;2;7;0;6;0;2;0;A01
201600014789;2;7;0;14;0;2;1;A01
201600014790;1;33;0;0;1;1;1;A01
201600014791;1;34;0;0;2;1;1;A01
201600014791;1;7;0;0;2;9;19;Z01
201600014792;2;33;0;14;0;0;1;A01
201600014792;1;7;0;0;0;0;10;Z01
201600014793;1;33;0;0;2;1;1;B01
201600014793;1;7;0;0;2;3;15;A01
201600014794;1;13;0;0;2;5;1;A01
201600014794;1;7;0;0;2;6;1;B01
201600014795;1;7;0;0;2;1;1;A01
201600014795;2;31;0;0;2;8;1;B01
201600014796;1;2;0;0;2;1;2;A01
201600014796;1;7;0;0;2;0;23;B01
201600014797;2;1;0;0;2;1;1;B01
201600014797;1;7;0;0;2;2;15;A01
201600014798;1;7;0;0;2;6;24;C01
201600014798;1;10;0;0;2;1;0;A01
201600014798;1;7;0;1;0;5;2;B01
201600014799;1;32;0;0;2;7;1;A01
201600014799;1;7;0;0;2;3;15;B01
201600014800;1;31;0;0;2;8;1;A01
201600014800;1;7;0;0;2;0;0;B01
201600014801;1;32;0;0;1;8;24;C01
201600014801;2;7;0;0;2;8;15;A01
201600014801;1;7;0;0;2;2;2;B01
201600014802;2;7;0;0;2;1;15;A01
201600014802;2;34;0;0;2;2;1;B01
201600014803;1;7;0;0;1;3;16;A01
201600014804;2;7;0;0;2;2;14;A01
201600014805;2;1;0;0;2;4;2;B01
201600014805;2;7;0;0;2;2;23;C01
201600014805;2;33;0;0;2;3;2;A01
201600014806;2;7;0;0;2;4;16;A01
201600014806;2;7;0;0;2;1;1;B01
201600014807;1;32;0;0;2;1;1;B01
201600014807;1;7;0;0;2;2;1;A01
201600014808;2;7;0;0;2;3;11;A01
201600014808;2;2;0;0;2;2;17;B01
201600014809;2;7;0;0;2;2;15;B01
201600014809;1;30;0;0;2;1;1;A01
201600014810;2;10;0;0;1;3;15;A01
201600014811;0;7;0;0;2;1;15;A01
201600014811;2;30;0;0;2;5;1;B01
201600014812;1;2;0;0;0;7;1;A01
201600014813;1;10;0;0;1;7;1;A01
201600014814;1;32;0;0;0;7;1;A01
201600014815;1;7;0;0;2;3;15;A01
201600014815;1;2;0;0;2;1;1;B01
201600014816;1;33;0;0;2;0;0;B01
201600014816;1;14;0;0;2;2;1;A01
201600014817;1;7;0;0;2;1;1;B01
201600014817;1;7;0;0;2;8;2;A01
201600014818;2;31;0;0;2;1;1;B01
201600014818;1;7;0;0;2;5;15;A01
201600014819;2;2;0;0;1;0;0;Z01
201600014820;1;7;0;0;2;4;2;B01
201600014820;1;2;0;0;2;1;2;A01
201600014821;2;32;0;0;2;3;1;B01
201600014821;1;7;0;0;2;0;10;A01
201600014822;1;1;0;0;2;4;1;B01
201600014822;1;2;0;0;2;0;0;A01
201600014823;0;7;0;0;2;6;2;B01
201600014823;0;32;0;0;2;1;2;A01
201600014824;2;38;0;0;2;8;1;B01
201600014824;2;31;0;0;2;7;1;A01
201600014825;1;7;0;0;1;0;0;Z01
201600014826;2;30;0;0;1;1;1;A01
201600014827;1;7;0;0;2;1;15;B01
201600014827;1;32;0;0;2;7;1;A01
201600014828;1;2;0;0;2;0;2;A01
201600014828;1;30;0;0;2;1;2;B01
201600014829;1;7;0;0;2;1;1;B01
201600014829;1;7;0;0;2;8;1;A01
201600014830;1;32;0;0;2;2;1;B01
201600014830;1;7;0;0;2;3;1;A01
201600014831;2;33;0;0;2;1;11;A01
201600014831;2;7;0;0;2;3;15;B01
201600014832;1;7;0;0;2;1;2;A01
201600014832;1;7;0;0;2;4;2;B01
201600014833;1;7;0;0;2;3;15;B01
201600014833;1;33;0;0;2;1;1;A01
201600014834;1;7;0;0;2;4;1;B01
201600014834;1;7;0;0;2;1;1;A01
201600014835;1;1;0;0;2;3;1;A01
201600014835;1;7;0;0;2;8;1;B01
201600014836;2;7;0;0;2;6;1;B01
201600014836;1;30;0;0;2;1;0;A01
201600014837;1;10;0;0;2;3;1;A01
201600014837;2;33;0;0;2;0;0;B01
201600014838;2;7;0;0;1;0;0;A01
201600014839;1;7;0;0;1;1;1;A01
201600014840;1;7;0;0;2;1;2;B01
201600014840;2;7;0;0;2;1;13;A01
201600014841;2;7;0;0;1;5;1;A01
201600014842;2;7;0;0;2;1;15;A01
201600014842;1;7;0;0;2;8;1;B01
201600014843;2;7;0;0;1;1;1;Z01
201600014844;2;34;0;1;0;0;1;A01
201600014845;2;7;0;0;1;2;1;A01
201600014846;1;7;0;0;2;0;0;A01
201600014846;0;33;0;0;2;0;0;B01
201600014846;1;7;0;0;2;4;0;C01
201600014847;1;7;0;0;2;5;1;B01
201600014847;1;33;0;0;2;1;1;A01
201600014848;2;7;0;0;2;4;23;B01
201600014848;2;7;0;0;0;0;0;C01
201600014848;2;7;0;0;2;1;2;A01
201600014849;1;30;0;0;1;1;21;A01
201600014850;1;33;0;0;2;0;18;A01
201600014850;1;7;0;0;2;2;13;Z01
201600014851;1;34;0;0;1;8;1;A01
201600014852;1;7;0;0;2;6;0;B01
201600014852;1;33;0;0;2;2;2;A01
201600014853;1;32;0;0;2;7;3;B01
201600014853;1;1;0;0;2;0;0;Z01
201600014854;1;7;0;0;2;2;13;A01
201600014854;1;7;0;0;2;4;1;B01
201600014855;2;7;0;9;0;1;1;A01
201600014856;1;32;0;0;2;1;1;B01
201600014856;2;7;0;0;2;3;15;A01
201600014857;2;7;0;0;2;3;15;A01
201600014857;1;32;0;0;2;7;2;B01
201600014858;1;7;0;0;2;2;21;B01
201600014858;1;7;0;0;2;1;15;A01
201600014859;2;37;0;14;1;5;21;A01
201600014860;1;7;0;0;2;4;2;B01
201600014860;1;10;0;0;2;1;1;Z01
201600014861;1;30;0;0;2;8;18;B01
201600014861;1;7;0;0;2;2;19;A01
201600014862;0;7;0;0;2;3;15;A01
201600014862;1;32;0;0;2;7;1;B01
201600014863;1;13;0;0;2;4;2;A01
201600014863;1;2;0;0;2;8;17;B01
201600014864;1;7;0;0;2;1;2;A01
201600014864;1;1;0;0;9;4;2;B01
201600014865;0;30;0;1;0;0;21;A01
201600014866;1;7;0;0;1;4;4;A01
201600014867;1;7;0;0;2;3;23;A01
201600014867;1;32;0;0;2;1;1;B01
201600014868;1;13;0;0;2;1;2;A01
201600014868;1;7;0;0;2;4;0;B01
201600014869;2;7;0;0;1;4;1;A01
201600014870;1;30;0;0;2;2;17;A01
201600014870;1;7;0;0;2;6;0;B01
201600014871;1;7;0;0;2;8;15;A01
201600014871;1;32;0;0;2;1;17;B01
201600014872;1;30;0;0;1;0;0;Z01
201600014873;0;7;0;0;2;1;1;A01
201600014873;0;31;0;0;2;8;1;B01
201600014874;1;7;0;0;2;3;13;A01
201600014874;1;33;0;0;2;5;1;B01
201600014875;1;7;0;0;2;2;10;B01
201600014875;2;34;0;0;2;1;0;A01
201600014876;2;7;0;0;2;1;1;B01
201600014876;2;33;0;0;2;1;1;A01
201600014877;1;7;0;0;1;0;0;Z01
201600014878;1;7;0;0;2;3;1;A01
201600014878;1;34;0;0;2;7;0;B01
201600014879;1;7;0;0;1;2;1;A01
201600014880;1;7;0;0;2;1;0;B01
201600014880;2;7;0;0;2;1;5;A01
201600014881;1;7;0;0;2;0;0;A01
201600014881;1;7;0;0;2;4;1;B01
201600014882;1;3;0;8;0;1;1;A01
201600014883;2;7;0;0;2;3;0;B01
201600014883;2;33;0;0;2;1;21;A01
201600014884;1;34;0;0;2;1;2;A01
201600014884;1;7;0;0;2;6;15;B01
201600014885;1;33;0;0;2;1;1;B01
201600014885;1;7;0;0;2;5;15;A01
201600014886;1;33;0;0;0;0;0;A01
201600014887;1;34;0;0;0;1;1;A01
201600014888;1;7;0;0;2;8;10;A01
201600014888;1;7;0;0;2;2;1;B01
201600014889;1;7;0;6;0;0;14;A01
201600014890;1;7;0;0;1;0;16;Z01
201600014891;1;32;0;4;0;0;3;A01
201600014892;1;7;0;0;1;0;0;Z01
201600014893;1;7;0;0;2;1;2;A01
201600014893;1;7;0;0;2;4;1;B01
201600014894;1;7;0;0;1;1;0;A01
201600014895;1;33;0;9;0;4;0;A01
201600014896;1;7;0;0;1;0;0;A01
201600014897;1;7;0;0;2;7;15;A01
201600014897;1;34;0;0;2;0;0;B01
201600014898;1;1;0;0;2;4;1;C01
201600014898;1;7;0;0;2;1;2;A01
201600014898;1;7;0;0;2;1;14;B01
201600014899;1;33;0;0;2;0;0;A01
201600014899;1;7;0;0;2;0;0;B01
201600014900;1;37;0;0;2;1;7;B01
201600014900;1;7;0;0;2;7;7;A01
201600014901;1;7;0;0;2;8;17;A01
201600014901;2;7;0;0;2;8;1;B01
201600014902;1;32;0;0;1;0;0;Z01
201600014903;1;13;0;0;2;2;1;A01
201600014903;1;33;0;0;2;3;9;B01
201600014904;2;3;0;0;2;3;1;A01
201600014904;2;31;0;0;2;1;1;B01
201600014905;2;7;0;0;2;3;15;A01
201600014905;1;7;0;0;2;2;1;B01
201600014906;2;34;0;0;2;1;1;B01
201600014906;2;7;0;0;2;6;15;A01
201600014907;1;7;0;0;2;3;0;Z01
201600014907;1;7;0;0;2;1;2;A01
201600014907;1;7;0;0;1;1;23;B01
201600014908;1;7;0;0;2;0;0;Z01
201600014908;1;7;0;0;2;1;1;B01
201600014908;1;34;0;0;2;1;5;A01
201600014909;1;2;0;6;0;1;1;A01
201600014910;1;10;0;0;2;1;2;Z01
201600014910;1;7;0;0;2;4;2;B01
201600014911;1;7;0;0;2;8;1;A01
201600014911;1;30;0;0;2;7;1;B01
201600014912;2;1;0;0;1;0;0;Z01
201600014913;2;30;0;0;2;7;1;B01
201600014913;1;7;0;0;2;1;1;A01
201600014914;1;7;0;0;2;4;1;A01
201600014914;0;7;0;0;2;1;0;Z01
201600014915;1;37;0;0;1;2;1;A01
201600014916;1;31;0;12;0;2;14;A01
201600014917;1;32;0;0;2;1;17;B01
201600014917;1;7;0;0;2;6;15;A01
201600014918;2;7;0;0;2;1;0;A01
201600014918;1;33;0;0;2;1;0;B01
201600014919;1;7;0;0;2;4;23;B01
201600014919;1;7;0;0;2;4;23;C01
201600014919;1;7;0;0;2;1;1;A01
201600014920;2;7;0;0;2;1;1;B01
201600014920;2;7;0;0;2;7;15;A01
201600014921;1;99;0;0;0;0;15;Z01
201600014921;1;32;0;0;0;0;1;A01
201600014922;0;7;0;0;2;1;1;A01
201600014922;1;7;0;0;2;0;9;B01
201600014923;2;7;0;0;1;2;16;A01
201600014924;1;7;0;0;1;1;1;A01
201600014925;1;7;0;0;2;1;15;A01
201600014925;1;33;0;0;2;8;16;B01
201600014926;1;7;0;0;2;1;1;B01
201600014926;1;7;0;0;2;1;5;A01
201600014927;1;33;0;0;2;1;1;B01
201600014927;2;7;0;0;2;1;15;A01
201600014928;1;7;0;0;2;5;11;A01
201600014928;2;31;0;0;2;1;21;B01
201600014929;2;1;0;0;0;0;0;A01
201600014930;1;34;0;0;2;1;1;A01
201600014930;1;7;0;0;2;4;23;B01
201600014931;2;7;0;0;2;1;2;A01
201600014931;2;7;0;0;2;4;2;B01
201600014932;1;34;0;0;2;1;2;B01
201600014932;1;7;0;0;2;2;15;A01
201600014933;1;30;0;0;0;1;1;A01
201600014933;2;7;0;0;0;0;15;B01
201600014934;1;2;0;0;2;1;1;A01
201600014934;2;7;0;0;2;7;19;B01
201600014935;2;10;0;0;2;1;0;A01
201600014935;2;10;0;0;2;4;0;B01
201600014936;2;30;0;0;2;8;1;B01
201600014936;2;7;0;0;2;8;0;A01
201600014937;1;7;0;0;2;4;1;B01
201600014937;1;7;0;0;2;1;2;Z01
201600014938;1;33;0;0;2;1;5;A01
201600014938;1;7;0;0;2;1;1;B01
201600014939;1;33;0;0;2;2;1;A01
201600014939;1;7;0;0;2;6;1;B01
201600014940;1;7;0;0;2;1;15;A01
201600014940;2;34;0;0;2;1;1;B01
201600014941;1;7;0;0;2;3;19;B01
201600014941;2;30;0;0;2;1;5;A01
201600014942;1;7;0;0;2;8;15;A01
201600014942;1;2;0;0;2;7;17;B01
201600014943;1;31;0;0;2;8;1;B01
201600014943;2;10;0;0;2;1;15;A01
201600014944;2;32;0;0;2;3;1;B01
201600014944;2;7;0;0;2;3;15;A01
201600014945;1;33;0;0;2;1;15;A01
201600014945;1;7;0;0;2;3;1;B01
201600014946;2;30;0;0;2;7;0;A01
201600014946;2;10;0;0;2;1;2;B01
201600014947;1;7;0;0;2;4;4;Z01
201600014947;1;30;0;0;2;1;2;B01
201600014948;1;7;0;14;0;1;13;A01
201600014949;1;32;0;0;2;1;1;B01
201600014949;1;7;0;0;9;3;13;A01
201600014950;1;7;0;0;2;6;23;B01
201600014950;1;2;0;0;2;2;11;A01
201600014951;1;7;0;6;0;1;1;A01
201600014952;2;7;0;0;2;0;0;B01
201600014952;1;33;0;0;2;2;1;A01
201600014953;2;7;0;0;2;1;19;B01
201600014953;2;33;0;0;2;8;1;A01
201600014954;1;32;0;0;1;1;17;Z01
201600014955;1;7;0;0;1;1;0;A01
201600014956;2;7;0;0;2;5;0;B01
201600014956;2;7;0;0;2;1;0;A01
201600014957;2;37;0;0;2;3;1;B01
201600014957;2;7;0;0;2;8;9;A01
201600014958;1;7;0;0;2;2;1;B01
201600014958;1;2;0;0;2;1;1;A01
201600014959;1;33;0;0;2;3;16;A01
201600014959;1;2;0;0;2;1;0;Z01
201600014960;1;7;0;0;2;3;0;B01
201600014960;1;30;0;0;2;0;0;A01
201600014961;1;2;0;0;2;8;2;A01
201600014961;1;33;0;0;2;0;0;B01
201600014962;2;7;0;0;2;3;1;A01
201600014962;1;34;0;0;2;0;0;B01
201600014963;1;33;0;0;0;7;1;A01
201600014964;2;30;0;0;1;1;1;A01
201600014965;1;7;0;0;1;2;0;A01
201600014966;1;7;0;0;2;4;23;B01
201600014966;1;2;0;0;2;1;2;A01
201600014967;1;7;0;0;2;7;1;A01
201600014967;1;7;0;0;2;3;1;B01
201600014968;1;7;0;0;1;1;0;A01
201600014969;2;7;0;0;2;0;0;B01
201600014969;2;7;0;0;2;0;0;A01
201600014970;0;30;0;0;0;0;0;A01
201600014971;0;7;0;0;2;2;1;B01
201600014971;1;7;0;0;2;8;10;A01
201600014972;2;7;0;0;2;1;1;C01
201600014972;2;7;0;0;2;7;1;B01
201600014972;2;10;0;0;2;8;11;A01
201600014973;1;7;0;0;2;2;15;A01
201600014973;1;34;0;0;2;1;1;B01
201600014974;2;7;0;0;1;5;1;A01
201600014975;0;33;0;0;2;5;2;B01
201600014975;1;7;0;0;2;1;2;A01
201600014976;1;33;0;0;2;1;1;B01
201600014976;1;31;0;0;2;0;0;A01
201600014977;2;7;0;0;1;1;1;Z01
201600014978;1;33;0;0;2;1;1;A01
201600014978;0;7;0;0;2;3;15;B01
201600014979;1;7;0;0;2;8;24;B01
201600014979;1;7;0;1;0;7;1;A01
201600014980;2;30;0;0;2;7;17;A01
201600014980;2;17;0;0;2;6;9;B01
201600014981;2;7;0;0;2;3;15;B01
201600014981;2;34;0;0;2;1;17;A01
201600014982;2;7;0;0;2;3;10;B01
201600014982;2;32;0;0;2;2;1;A01
201600014983;1;32;0;0;2;9;2;B01
201600014983;1;34;0;0;2;4;2;A01
201600014984;1;7;0;0;2;0;0;Z01
201600014984;1;33;0;0;2;2;17;A01
201600014984;2;37;0;0;2;3;1;B01
201600014985;1;7;0;0;2;1;1;B01
201600014985;1;7;0;0;2;8;19;A01
201600014986;0;7;0;0;2;3;15;A01
201600014986;1;31;0;0;2;7;1;B01
201600014987;0;10;0;0;2;1;1;A01
201600014987;0;7;0;0;2;4;1;B01
201600014988;1;7;0;0;2;4;16;B01
201600014988;1;7;0;0;2;1;1;A01
201600014989;2;7;0;0;2;3;1;B01
201600014989;2;33;0;0;2;7;17;A01
201600014990;1;7;0;0;2;1;1;Z01
201600014990;1;7;0;0;2;7;1;B01
201600014991;2;7;0;12;2;3;15;B01
201600014991;2;33;0;12;2;7;17;A01
201600014992;2;7;0;0;2;0;0;Z01
201600014992;2;7;0;0;2;9;2;A01
201600014993;1;7;0;0;1;1;9;A01
201600014994;1;7;0;0;2;7;1;B01
201600014994;1;7;0;0;2;1;9;A01
201600014995;2;31;0;0;2;1;1;B01
201600014995;1;7;0;0;2;5;0;A01
201600014996;1;2;0;0;2;2;2;A01
201600014996;2;7;0;0;2;3;1;B01
201600014997;2;7;0;0;2;1;2;A01
201600014997;2;7;0;0;2;4;2;B01
201600014997;2;7;0;0;2;4;15;C01
201600014998;1;7;0;0;2;4;0;B01
201600014998;1;10;0;0;2;1;0;A01
201600014999;1;7;0;0;1;1;1;A01
201600015000;1;7;0;0;2;3;1;A01
201600015000;2;7;0;0;2;1;16;Z01
201600015001;1;7;0;0;2;4;2;C01
201600015001;1;20;0;6;2;0;2;A01
201600015001;1;7;0;0;2;4;2;B01
201600015002;2;32;0;0;0;8;0;A01
201600015003;2;30;0;0;2;1;2;A01
201600015003;1;7;0;0;2;1;2;Z01
201600015004;1;7;0;0;2;8;0;A01
201600015004;2;7;0;0;2;0;0;Z01
201600015005;1;7;0;0;1;3;1;A01
201600015006;2;32;0;0;2;7;1;B01
201600015006;1;7;0;0;2;1;9;A01
201600015007;1;7;0;0;1;1;15;A01
201600015008;1;7;0;0;2;5;15;A01
201600015008;2;33;0;0;2;2;1;B01
201600015009;1;34;0;0;2;1;1;B01
201600015009;0;7;0;0;2;8;15;A01
201600015010;1;7;0;0;2;1;0;B01
201600015010;1;7;0;0;2;8;1;A01
201600015011;1;34;0;15;2;8;1;B01
201600015011;2;7;0;0;2;1;15;A01
201600015012;1;7;0;0;2;1;2;B01
201600015012;1;7;0;0;2;4;1;A01
201600015013;1;7;0;0;2;0;0;A01
201600015013;1;7;0;0;2;8;2;C01
201600015013;1;33;0;0;2;9;2;D01
201600015013;1;7;0;0;2;7;2;B01
201600015014;1;30;0;0;2;1;2;A01
201600015014;1;7;0;0;2;6;2;B01
201600015015;1;7;0;0;2;1;12;A01
201600015015;1;7;0;0;2;4;0;C01
201600015015;1;7;0;0;2;1;1;B01
201600015016;1;30;0;0;2;1;1;A01
201600015016;1;7;0;0;2;1;9;B01
201600015017;1;33;0;0;2;7;2;A01
201600015017;1;7;0;0;2;8;15;B01
201600015018;1;7;0;0;2;7;0;A01
201600015018;1;33;0;0;2;8;0;B01
201600015019;2;33;0;0;2;0;0;B01
201600015019;2;7;0;0;2;1;15;A01
201600015020;1;31;0;0;2;1;2;A01
201600015020;1;7;0;0;2;6;2;B01
201600015021;1;7;0;0;2;3;5;A01
201600015021;2;7;0;0;2;3;0;B01
201600015022;2;2;0;0;2;1;17;B01
201600015022;2;7;0;0;2;8;10;A01
201600015023;1;7;0;0;2;1;2;B01
201600015023;1;7;0;0;2;4;2;A01
201600015024;0;7;0;0;9;8;15;A01
201600015024;1;34;0;0;2;0;0;B01
201600015025;2;7;0;0;0;0;0;B01
201600015025;2;2;0;0;2;5;2;A01
201600015026;1;7;0;0;2;2;2;A01
201600015026;1;7;0;0;0;6;2;B01
201600015027;1;7;0;0;2;1;15;A01
201600015027;2;7;0;0;2;3;1;B01
201600015028;2;7;0;0;2;4;0;B01
201600015028;1;34;0;0;2;0;0;Z01
201600015029;1;7;0;0;2;1;2;A01
201600015029;1;7;0;1;2;4;2;B01
201600015030;1;30;0;0;2;3;2;A01
201600015030;1;7;0;0;2;0;0;B01
201600015031;1;34;0;0;2;7;0;B01
201600015031;1;7;0;0;2;3;0;A01
201600015032;1;30;0;0;2;1;0;A01
201600015032;1;7;0;0;2;4;0;B01
201600015033;2;37;0;0;2;2;1;B01
201600015033;2;7;0;0;2;3;16;A01
201600015034;1;37;0;0;2;7;0;B01
201600015034;1;7;0;0;2;6;0;A01
201600015035;1;34;0;0;2;1;1;A01
201600015035;2;7;0;0;2;5;19;B01
201600015036;1;33;0;0;2;0;0;B01
201600015036;1;7;0;0;2;0;0;A01
201600015037;1;7;0;0;2;6;1;B01
201600015037;1;7;0;0;2;7;1;A01
201600015038;0;7;0;0;1;1;0;A01
201600015039;1;7;0;0;2;3;1;B01
201600015039;1;30;0;0;2;1;0;A01
201600015040;1;7;0;0;9;2;5;A01
201600015040;2;1;0;0;2;1;5;B01
201600015041;2;2;0;0;0;1;1;A01
201600015042;1;7;0;0;2;7;15;A01
201600015042;1;31;0;0;2;1;1;B01
201600015043;1;7;0;0;1;1;15;A01
201600015044;1;7;0;0;1;4;23;A01
201600015044;1;7;0;0;2;1;1;B01
201600015045;1;7;0;0;2;3;5;A01
201600015045;1;7;0;0;2;1;0;Z01
201600015046;1;7;0;0;1;0;0;Z01
201600015047;1;7;0;0;2;6;13;B01
201600015047;0;33;0;0;2;1;1;A01
201600015048;1;7;0;0;2;4;2;B01
201600015048;1;7;0;0;2;1;2;A01
201600015049;1;7;0;8;1;1;14;A01
201600015050;2;7;0;0;2;1;1;A01
201600015050;2;30;0;0;2;7;16;B01
201600015051;2;7;0;0;1;1;1;X01
201600015052;1;10;0;0;2;3;20;A01
201600015052;1;30;0;0;2;2;1;B01
201600015053;1;7;0;0;2;1;0;A01
201600015053;1;7;0;0;2;4;0;B01
201600015054;2;7;0;1;0;2;1;A01
201600015055;1;7;0;0;2;3;15;A01
201600015055;1;15;0;0;2;2;15;B01
201600015056;1;31;0;0;2;6;1;A01
201600015056;1;7;0;0;2;6;11;B01
201600015057;1;31;0;0;2;7;19;A01
201600015057;1;7;0;15;2;1;1;B01
201600015058;2;7;0;0;2;4;1;E01
201600015058;2;7;0;0;2;5;0;C01
201600015058;2;7;0;0;2;3;7;A01
201600015058;2;7;0;0;2;4;0;D01
201600015058;2;7;0;0;2;5;1;B01
201600015059;2;7;0;0;2;7;19;A01
201600015059;1;33;0;0;2;1;1;B01
201600015060;1;10;0;0;1;4;4;A01
201600015061;1;7;0;0;2;2;15;Z01
201600015061;1;7;0;0;2;3;15;A01
201600015062;1;2;0;0;2;0;13;Z01
201600015062;2;7;0;0;2;6;1;B01
201600015063;1;7;0;0;1;1;1;A01