Num_Acc;senc;catv;occutc;obs;obsm;choc;manv;num_veh
201600015417;1;7;0;0;2;1;0;A01
201600015417;2;7;0;0;2;1;23;C01
201600015418;1;7;0;0;2;0;0;B01
201600015418;1;7;0;0;2;1;2;C01
201600015419;2;33;0;0;2;1;1;A01
201600015419;2;7;0;0;2;2;16;Z01
201600015420;1;7;0;0;2;4;2;B01
201600015420;1;7;0;0;2;1;2;A01
201600015421;1;2;0;0;1;1;1;Z01
201600015422;1;32;0;14;0;3;17;B01
201600015422;1;7;0;0;2;8;2;A01
201600015422;1;7;0;0;2;6;0;C01
201600015423;2;7;0;0;2;8;0;A01
201600015423;2;33;0;0;2;7;17;B01
201600015424;1;7;0;0;2;8;15;B01
201600015424;2;33;0;0;2;2;2;A01
201600015425;0;37;0;0;1;5;16;A01
201600015426;1;13;0;0;2;2;9;A01
201600015426;1;33;0;0;2;3;1;B01
201600015427;1;7;0;0;2;1;1;B01
201600015427;1;32;0;0;2;5;1;A01
201600015428;1;10;0;0;2;7;13;A01
201600015428;1;13;0;0;2;3;1;B01
201600015429;1;7;0;0;2;2;12;A01
201600015429;1;32;0;0;2;8;1;B01
201600015430;1;7;0;0;2;4;2;B01
201600015430;1;7;0;0;2;1;2;A01
201600015431;1;7;0;0;2;2;9;A01
201600015431;0;7;0;0;2;1;1;B01
201600015432;1;7;0;0;1;1;2;A01
201600015433;1;7;0;1;0;5;0;Z01
201600015433;2;33;0;6;0;1;0;A01
201600015434;1;7;0;0;2;3;1;B01
201600015434;2;7;0;0;2;3;5;A01
201600015435;1;7;0;0;2;3;9;A01
201600015435;1;7;0;0;2;7;1;B01
201600015436;1;32;0;0;1;3;2;B01
201600015436;1;7;0;0;2;4;10;A01
201600015437;1;7;0;14;0;0;4;A01
201600015437;1;30;0;0;2;0;16;B01
201600015438;2;7;0;0;2;5;15;A01
201600015438;1;33;0;0;2;1;0;B01
201600015439;2;7;0;0;2;2;2;B01
201600015439;1;7;0;0;2;1;16;Z01
201600015440;1;7;0;0;1;1;15;A01
201600015441;1;7;0;0;1;0;0;A01
201600015442;2;33;0;0;2;1;1;B01
201600015442;2;7;0;0;2;3;10;A01
201600015443;1;2;0;0;2;2;1;A01
201600015443;2;7;0;0;2;0;0;Z01
201600015444;1;30;0;0;2;1;1;B01
201600015444;1;99;0;0;2;1;5;Z01
201600015445;2;30;0;0;2;8;0;B01
201600015445;2;7;0;0;2;2;16;Z01
201600015446;2;10;0;0;2;2;15;A01
201600015446;1;1;0;0;2;1;1;B01
201600015447;0;7;0;0;2;2;0;A01
201600015447;0;31;0;1;0;4;0;B01
201600015447;0;10;0;1;0;3;0;C01
201600015448;2;7;0;0;2;3;1;B01
201600015448;1;7;0;0;2;3;2;A01
201600015449;1;30;0;0;2;1;0;A01
201600015449;2;7;0;0;2;0;0;B01
201600015450;1;7;0;0;2;1;9;A01
201600015450;1;7;0;0;2;7;1;B01
201600015451;0;7;0;8;2;8;1;B01
201600015451;0;7;0;0;2;1;1;A01
201600015452;1;7;0;0;1;4;4;A01
201600015453;1;7;0;0;1;1;1;A01
201600015454;1;7;0;0;1;5;4;A01
201600015455;1;7;0;0;1;4;4;A01
201600015456;1;7;0;0;9;1;0;A01
201600015456;1;32;0;9;0;0;0;B01
201600015457;1;1;0;0;0;0;0;B01
201600015457;1;2;0;0;2;0;0;A01
201600015458;1;31;0;0;2;4;1;B01
201600015458;1;7;0;0;2;1;2;Z01
201600015459;1;7;0;0;1;2;1;A01
201600015460;2;7;0;0;2;8;15;A01
201600015460;1;7;0;0;2;2;1;B01
201600015461;1;7;0;8;0;1;1;A01
201600015462;1;7;0;0;2;5;1;A01
201600015462;2;7;0;0;2;1;1;Z01
201600015463;1;7;0;1;0;1;2;A01
201600015463;1;20;0;0;2;4;23;B01
201600015464;1;7;0;0;2;1;19;B01
201600015464;1;7;0;0;2;8;19;A01
201600015465;0;33;0;0;2;0;15;A01
201600015465;2;7;0;0;2;0;0;B01
201600015466;1;7;0;0;2;1;1;B01
201600015466;1;7;0;0;2;7;9;A01
201600015466;1;10;0;0;2;0;1;C01
201600015467;1;7;0;0;2;5;1;B01
201600015467;1;7;0;0;2;1;19;A01
201600015468;1;7;0;0;1;7;1;A01
201600015469;2;32;0;15;2;3;17;A01
201600015469;2;14;0;0;2;0;0;B01
201600015470;1;7;0;0;1;2;1;A01
201600015471;1;7;0;11;0;1;1;A01
201600015472;2;7;0;0;0;0;0;A01
201600015473;1;30;0;0;2;1;1;A01
201600015473;1;7;0;0;2;6;1;B01
201600015474;1;7;0;0;2;3;0;B01
201600015474;1;2;0;0;2;1;1;A01
201600015475;1;7;0;0;1;0;0;Z01
201600015476;2;7;0;0;2;1;0;Z01
201600015476;2;7;0;0;2;4;0;B01
201600015476;2;7;0;0;2;2;0;C01
201600015477;0;30;0;0;1;1;1;A01
201600015478;1;32;0;0;2;0;0;B01
201600015478;0;7;0;0;2;1;0;A01
201600015479;1;7;0;0;1;8;0;Z01
201600015480;2;32;0;0;1;1;0;A01
201600015480;2;7;0;0;2;6;2;B01
201600015481;2;1;0;0;2;1;1;A01
201600015481;2;7;0;0;9;4;23;B01
201600015482;1;7;0;0;2;3;15;A01
201600015482;2;32;0;0;2;7;2;B01
201600015483;1;32;0;0;2;1;1;A01
201600015483;1;7;0;0;2;4;11;B01
201600015484;2;34;0;0;2;2;17;A01
201600015484;2;7;0;0;2;8;15;B01
201600015485;1;32;0;0;0;2;1;A01
201600015486;1;7;0;0;2;3;1;A01
201600015486;2;32;0;0;2;1;1;B01
201600015487;1;7;0;0;2;1;1;A01
201600015487;0;7;0;0;2;7;1;B01
201600015488;1;7;0;0;2;3;15;A01
201600015488;1;34;0;0;2;1;0;B01
201600015489;2;14;0;0;2;2;14;A01
201600015489;2;7;0;0;2;0;0;B01
201600015490;2;7;0;0;1;1;1;A01
201600015491;2;7;0;0;2;2;0;A01
201600015491;2;7;0;0;2;6;0;B01
201600015492;1;31;0;0;2;1;0;B01
201600015492;1;31;0;0;2;7;0;A01
201600015493;2;7;0;0;2;6;11;A01
201600015493;2;33;0;0;2;7;1;B01
201600015494;2;7;0;0;2;2;2;A01
201600015494;2;7;0;0;2;6;2;B01
201600015495;1;2;0;0;1;0;0;A01
201600015496;1;99;0;0;1;0;0;Z01
201600015497;1;7;0;3;0;7;1;A01
201600015498;1;7;0;0;2;3;1;A01
201600015498;1;34;0;0;2;8;1;B01
201600015499;1;7;0;0;2;5;15;A01
201600015499;1;33;0;0;2;1;1;B01
201600015500;1;7;0;0;1;0;0;A01
201600015501;1;7;0;0;1;2;1;A01
201600015502;1;7;0;0;2;4;2;B01
201600015502;1;7;0;0;2;1;2;A01
201600015503;2;30;0;0;2;1;0;A01
201600015503;2;7;0;0;2;5;0;B01
201600015504;1;7;0;0;2;3;15;A01
201600015504;1;2;0;0;2;1;17;B01
201600015505;1;7;0;0;2;3;15;A01
201600015505;1;34;0;0;2;7;17;B01
201600015505;2;7;0;0;2;0;0;C01
201600015506;2;7;0;0;2;8;15;B01
201600015506;1;2;0;0;2;7;17;A01
201600015507;1;7;0;0;2;2;21;A01
201600015507;1;7;0;0;2;2;5;B01
201600015508;1;32;0;0;2;0;1;B01
201600015508;1;7;0;0;2;3;15;A01
201600015509;1;1;0;0;2;0;0;Z01
201600015509;0;31;0;0;2;2;1;B01
201600015510;1;2;0;0;0;8;15;A01
201600015511;1;7;0;8;0;3;2;A01
201600015512;1;7;0;0;1;1;16;A01
201600015513;1;7;0;0;2;4;2;B01
201600015513;1;7;0;0;2;4;1;C01
201600015513;1;7;0;0;2;1;2;A01
201600015514;2;7;0;8;0;1;0;A01
201600015515;2;10;0;0;2;5;10;A01
201600015515;1;7;0;0;2;1;21;B01
201600015516;1;2;0;0;1;1;0;A01
201600015517;1;7;0;0;2;0;10;A01
201600015517;1;30;0;0;2;3;1;B01
201600015518;1;7;0;0;2;1;1;A01
201600015518;1;7;0;0;2;4;23;B01
201600015519;1;7;0;0;1;0;0;A01
201600015520;1;7;0;8;0;5;1;A01
201600015520;1;7;0;0;2;0;0;B01
201600015521;1;7;0;0;2;0;0;B01
201600015521;2;7;0;0;2;2;1;A01
201600015522;1;32;0;0;0;7;1;A01
201600015523;2;33;0;0;0;0;1;A01
201600015524;1;7;0;0;1;3;1;A01
201600015525;2;7;0;0;1;1;1;A01
201600015526;1;7;0;0;2;2;15;B01
201600015526;1;33;0;0;2;1;1;A01
201600015527;1;7;0;0;2;3;2;A01
201600015527;1;34;0;0;2;4;15;B01
201600015528;1;7;0;0;9;0;0;A01
201600015529;1;30;0;0;1;0;0;Z01
201600015530;0;32;0;0;2;1;1;B01
201600015530;0;7;0;0;2;3;9;A01
201600015531;1;7;0;0;2;2;1;B01
201600015531;1;7;0;0;2;1;9;A01
201600015532;2;34;0;0;2;1;18;A01
201600015532;1;10;0;0;2;0;1;B01
201600015533;1;32;0;0;2;2;3;B01
201600015533;1;7;0;0;2;8;15;A01
201600015534;2;2;0;0;2;1;3;A01
201600015534;2;7;0;0;9;6;15;B01
201600015535;1;7;0;0;2;3;23;A01
201600015535;2;32;0;0;2;1;3;B01
201600015536;1;32;0;0;0;0;0;A01
201600015537;1;7;0;0;2;2;19;B01
201600015537;2;7;0;0;2;1;16;A01
201600015538;1;7;0;0;2;3;10;A01
201600015538;1;33;0;0;2;1;1;B01
201600015539;2;33;0;0;2;8;2;B01
201600015539;1;7;0;0;2;1;1;A01
201600015540;2;7;0;0;2;4;2;B01
201600015540;2;7;0;0;2;4;2;C01
201600015540;2;7;0;0;2;1;2;A01
201600015541;2;33;0;0;0;3;21;A01
201600015542;1;7;0;1;2;1;5;A01
201600015542;1;10;0;0;2;2;4;B01
201600015543;1;7;0;0;1;0;2;A01
201600015544;1;30;0;0;2;8;11;A01
201600015544;1;14;0;0;2;7;1;B01
201600015545;2;37;0;0;1;2;1;A01
201600015546;1;33;0;0;2;3;17;B01
201600015546;1;7;0;0;2;0;22;A01
201600015547;1;7;0;0;2;0;0;Z01
201600015547;1;32;0;0;2;6;15;A01
201600015548;1;32;0;0;2;7;1;B01
201600015548;1;7;0;0;2;2;9;A01
201600015549;1;7;0;0;2;3;16;B01
201600015549;1;7;0;0;2;0;0;A01
201600015550;1;7;0;0;2;0;0;A01
201600015550;1;33;0;0;2;0;0;B01
201600015551;2;33;0;0;2;0;0;A01
201600015552;1;7;0;0;2;4;15;B01
201600015552;1;7;0;0;2;3;15;A01
201600015553;1;30;0;0;2;2;1;B01
201600015553;1;7;0;0;2;3;15;A01
201600015554;1;7;0;0;2;1;1;A01
201600015554;1;7;0;0;0;4;1;B01
201600015555;1;3;0;0;2;1;9;A01
201600015555;1;7;0;0;2;5;1;B01
201600015556;1;7;0;0;2;0;0;A01
201600015556;1;30;0;0;2;0;0;B01
201600015557;1;7;0;0;2;6;11;B01
201600015557;1;15;0;0;2;2;1;A01
201600015557;1;1;0;0;2;8;1;C01
201600015558;1;1;0;0;2;0;0;A01
201600015558;1;7;0;0;9;6;20;Z01
201600015559;1;7;0;0;2;8;1;B01
201600015559;1;30;0;0;2;1;1;A01
201600015560;1;30;0;0;2;3;16;A01
201600015560;1;7;0;0;2;2;1;B01
201600015561;1;33;0;0;2;1;1;B01
201600015561;2;7;0;0;2;1;15;A01
201600015562;0;7;0;0;2;1;5;Z01
201600015562;1;7;0;0;2;1;1;A01
201600015563;1;7;0;0;1;3;2;A01
201600015564;1;7;0;0;2;7;1;B01
201600015564;1;7;0;0;2;3;9;A01
201600015565;1;33;0;0;1;1;1;A01
201600015566;2;7;0;0;2;4;2;B01
201600015566;2;7;0;0;2;2;2;A01
201600015567;1;7;0;0;2;3;2;B01
201600015567;1;7;0;0;2;5;14;A01
201600015568;2;7;0;0;2;3;1;B01
201600015568;1;34;0;8;2;3;5;A01
201600015569;1;30;0;0;2;7;1;B01
201600015569;1;7;0;0;2;3;17;A01
201600015570;1;30;0;0;2;7;17;B01
201600015570;1;7;0;0;2;8;2;A01
201600015571;1;2;0;0;2;1;1;B01
201600015571;2;7;0;0;2;7;1;A01
201600015572;2;7;0;0;2;0;6;A01
201600015572;1;30;0;0;2;0;17;B01
201600015573;1;10;0;6;0;1;1;A01
201600015574;1;7;0;0;2;1;9;A01
201600015574;1;7;0;0;2;6;1;B01
201600015575;1;7;0;0;2;4;1;B01
201600015575;1;7;0;0;2;1;1;A01
201600015576;1;7;0;9;2;3;16;B01
201600015576;1;7;0;0;2;3;0;C01
201600015576;1;7;0;0;2;2;15;Z01
201600015577;1;7;0;0;2;0;0;A01
201600015577;2;2;0;0;2;0;0;B01
201600015578;1;7;0;0;2;4;2;B01
201600015578;1;7;0;0;2;4;2;C01
201600015578;1;7;0;0;2;1;2;A01
201600015579;1;2;0;0;2;5;21;B01
201600015579;1;10;0;0;2;2;1;A01
201600015580;1;2;0;0;2;1;2;A01
201600015580;1;10;0;0;2;6;23;B01
201600015581;1;7;0;0;2;1;1;B01
201600015581;2;1;0;0;2;1;5;A01
201600015582;1;7;0;0;2;0;0;A01
201600015582;1;7;0;0;2;0;0;B01
201600015583;1;7;0;0;0;0;0;Z01
201600015583;1;30;0;0;2;0;0;A01
201600015584;2;7;0;0;2;2;15;A01
201600015584;1;32;0;0;2;1;1;B01
201600015585;2;7;0;0;2;3;5;A01
201600015585;1;7;0;0;2;2;1;B01
201600015586;2;7;0;0;2;2;1;B01
201600015586;1;7;0;0;2;5;15;A01
201600015587;1;7;0;0;2;1;0;A01
201600015587;1;7;0;0;2;6;16;B01
201600015588;1;7;0;0;2;4;23;A01
201600015588;1;99;0;0;2;1;2;Z01
201600015589;2;7;0;0;2;1;19;A01
201600015589;1;10;0;0;2;8;1;B01
201600015590;1;7;0;0;1;7;1;A01
201600015591;1;7;0;0;2;2;1;A01
201600015591;1;7;0;1;2;3;1;B01
201600015592;1;7;0;0;0;1;1;B01
201600015592;2;7;0;0;2;7;0;A01
201600015593;1;7;0;0;2;1;1;A01
201600015593;1;7;0;0;2;7;1;B01
201600015594;1;7;0;0;2;0;0;B01
201600015594;1;7;0;0;2;4;2;A01
201600015594;1;7;0;0;2;0;0;C01
201600015595;1;32;0;0;0;3;2;A01
201600015595;1;7;0;0;0;5;2;B01
201600015596;1;7;0;0;2;2;1;A01
201600015596;2;7;0;0;2;7;15;B01
201600015597;2;10;0;0;1;2;1;A01
201600015598;1;7;0;0;2;4;23;B01
201600015598;1;14;0;0;2;1;9;A01
201600015599;1;30;0;0;2;2;1;B01
201600015599;1;7;0;0;2;3;15;A01
201600015600;1;7;0;0;2;2;15;A01
201600015600;1;33;0;0;2;8;0;B01
201600015601;2;7;0;0;2;1;1;A01
201600015601;2;33;0;0;2;4;0;B01
201600015602;0;7;0;0;2;1;1;A01
201600015602;1;7;0;0;2;8;0;B01
201600015603;1;7;0;0;2;6;1;B01
201600015603;1;30;0;0;2;1;1;A01
201600015604;1;32;0;0;1;1;5;Z01
201600015605;1;30;0;14;0;1;1;A01
201600015606;2;32;0;0;2;1;1;B01
201600015606;1;7;0;0;2;0;15;A01
201600015607;1;7;0;0;2;1;2;A01
201600015607;2;7;0;0;2;4;2;B01
201600015607;2;7;0;0;2;0;0;C01
201600015608;0;7;0;0;2;6;20;A01
201600015608;1;7;0;0;2;2;1;B01
201600015609;1;7;0;0;2;0;0;A01
201600015609;1;30;0;0;2;0;0;B01
201600015610;1;7;0;0;2;1;5;B01
201600015610;1;7;0;0;2;1;1;A01
201600015611;1;7;0;0;1;2;1;A01
201600015612;1;7;0;0;2;1;9;B01
201600015612;1;7;0;0;2;4;1;A01
201600015613;1;2;0;0;2;0;0;B01
201600015613;1;37;0;0;2;0;4;A01
201600015614;1;33;0;0;9;8;1;Z01
201600015614;1;1;0;0;2;3;15;B01
201600015615;1;7;0;0;2;2;1;B01
201600015615;1;33;0;0;2;1;1;A01
201600015616;1;7;0;0;2;3;0;A01
201600015616;1;32;0;0;2;1;1;B01
201600015617;2;7;0;0;1;2;0;A01
201600015618;1;2;0;0;1;1;0;A01
201600015619;1;33;0;0;2;3;1;B01
201600015619;2;7;0;0;2;3;15;A01
201600015620;2;7;0;0;2;8;10;A01
201600015620;1;2;0;0;2;1;1;B01
201600015621;1;30;0;0;2;1;1;A01
201600015621;2;7;0;0;2;8;15;B01
201600015622;2;30;0;8;0;1;1;A01
201600015623;0;34;0;0;1;1;1;A01
201600015624;1;7;0;8;0;3;21;A01
201600015625;1;7;0;0;2;3;15;A01
201600015625;2;30;0;0;2;1;1;B01
201600015626;1;2;0;0;2;1;2;A01
201600015626;1;7;0;0;2;4;2;B01
201600015627;1;7;0;0;2;6;0;A01
201600015627;1;33;0;0;2;1;2;B01
201600015628;1;7;0;15;0;1;14;A01
201600015629;2;7;0;0;2;4;15;B01
201600015629;2;7;0;0;2;1;1;A01
201600015629;1;7;0;0;2;8;16;C01
201600015630;1;7;0;0;2;3;19;A01
201600015630;1;7;0;0;2;3;19;B01
201600015631;1;7;0;0;1;1;1;A01
201600015632;2;7;0;0;2;5;0;B01
201600015632;1;7;0;0;2;2;2;A01
201600015633;1;33;0;0;2;1;0;B01
201600015633;1;7;0;0;2;8;10;A01
201600015634;1;32;0;0;0;0;1;A01
201600015635;1;7;0;0;2;4;2;B01
201600015635;1;7;0;0;2;1;2;A01
201600015636;1;33;0;0;0;0;0;A01
201600015637;2;7;0;0;2;1;1;A01
201600015637;1;7;0;0;2;8;1;B01
201600015638;2;7;0;8;0;8;1;A01
201600015639;1;30;0;0;2;6;19;A01
201600015639;2;7;0;0;2;3;1;B01
201600015640;1;33;0;0;2;1;1;B01
201600015640;1;33;0;0;2;1;15;A01
201600015641;2;7;0;0;2;4;1;B01
201600015641;2;7;0;0;2;1;1;Z01
201600015642;2;7;0;0;2;0;0;A01
201600015642;2;1;0;0;2;0;1;B01
201600015643;0;7;0;0;2;3;0;A01
201600015643;1;34;0;0;2;1;1;B01
201600015644;2;7;0;0;2;4;1;B01
201600015644;2;7;0;0;2;1;1;A01
201600015645;2;7;0;0;2;4;2;B01
201600015645;2;7;0;0;2;1;2;A01
201600015646;1;7;0;0;2;6;1;C01
201600015646;1;7;0;0;2;2;1;B01
201600015646;1;10;0;0;2;3;15;A01
201600015647;2;7;0;1;0;2;1;A01
201600015648;2;7;0;0;2;1;5;Z01
201600015648;1;32;0;0;2;1;5;A01
201600015649;2;30;0;0;2;2;1;A01
201600015649;1;7;0;0;2;3;16;Z01
201600015650;1;7;0;0;2;6;4;A01
201600015650;1;30;0;0;2;7;23;B01
201600015651;2;31;0;0;2;0;21;B01
201600015651;1;32;0;0;2;8;9;A01
201600015652;1;7;0;0;2;5;9;A01
201600015652;1;7;0;0;2;1;1;B01
201600015653;1;32;0;0;2;1;1;B01
201600015653;1;7;0;0;2;1;2;Z01
201600015653;1;7;0;0;2;7;1;C01
201600015654;2;34;0;0;2;7;1;B01
201600015654;2;7;0;0;2;3;15;A01
201600015655;1;7;0;0;1;5;1;A01
201600015656;2;7;0;0;2;1;0;A01
201600015656;1;7;0;0;2;7;13;B01
201600015657;2;7;0;1;0;2;14;A01
201600015658;1;7;0;0;2;1;2;A01
201600015658;1;7;0;0;2;4;2;B01
201600015659;1;7;0;0;2;0;0;A01
201600015659;1;31;0;0;2;0;0;B01
201600015660;1;32;0;0;2;1;23;B01
201600015660;1;7;0;0;2;3;9;A01
201600015661;2;32;0;0;1;0;0;A01
201600015662;2;7;0;0;2;8;19;A01
201600015662;2;14;0;0;2;2;2;B01
201600015663;1;7;0;0;2;3;15;A01
201600015663;1;7;0;0;2;8;0;B01
201600015664;2;30;0;0;2;1;2;A01
201600015664;2;30;0;0;2;7;23;C01
201600015664;2;7;0;0;2;5;23;B01
201600015665;2;1;0;0;2;1;17;B01
201600015665;1;7;0;0;2;3;15;A01
201600015666;1;7;0;0;2;0;0;C01
201600015666;2;1;0;0;2;8;1;B01
201600015666;1;7;0;0;2;2;15;A01
201600015667;2;7;0;0;2;4;23;B01
201600015667;2;7;0;0;2;1;1;Z01
201600015668;1;7;0;0;1;2;17;A01
201600015669;1;7;0;0;1;1;1;A01
201600015670;1;7;0;0;2;2;1;B01
201600015670;1;33;0;0;2;3;18;A01
201600015671;1;7;0;0;1;1;0;A01
201600015672;1;10;0;0;1;2;16;A01
201600015673;1;7;0;0;1;0;8;A01
201600015674;1;30;0;0;2;1;3;A01
201600015674;2;32;0;0;2;1;2;B01
201600015675;1;7;0;0;2;7;2;A01
201600015675;1;34;0;0;2;2;18;B01
201600015676;1;7;0;0;2;4;23;A01
201600015676;1;7;0;0;2;0;0;Z01
201600015677;2;32;0;8;0;3;1;A01
201600015678;2;7;0;0;2;5;16;B01
201600015678;2;7;0;0;2;3;16;A01
201600015679;1;7;0;0;2;7;15;A01
201600015679;2;30;0;0;2;1;1;B01
201600015680;2;7;0;0;2;6;15;A01
201600015680;2;32;0;0;2;1;2;B01
201600015681;1;7;0;0;2;1;9;B01
201600015681;1;7;0;0;2;3;4;A01
201600015682;1;33;0;0;0;0;0;B01
201600015682;2;14;0;0;2;0;1;A01
201600015683;1;7;0;0;2;0;0;Z01
201600015683;1;1;0;0;2;8;2;A01
201600015684;1;7;0;0;2;1;15;A01
201600015684;2;7;0;0;2;3;1;B01
201600015685;2;30;0;0;2;1;1;B01
201600015685;1;7;0;0;2;3;1;A01
201600015686;1;10;0;0;2;1;1;A01
201600015686;1;7;0;0;2;4;1;B01
201600015687;2;2;0;0;2;1;0;B01
201600015687;1;33;0;0;1;1;1;A01
201600015688;2;7;0;0;2;3;1;A01
201600015688;1;7;0;0;0;5;0;B01
201600015689;2;32;0;0;1;0;0;Z01
201600015690;1;10;0;0;2;8;11;A01
201600015690;1;33;0;0;2;1;1;B01
201600015691;1;7;0;0;2;0;9;A01
201600015691;1;7;0;0;2;0;2;B01
201600015692;1;33;0;0;2;0;0;A01
201600015692;1;7;0;0;2;0;0;Z01
201600015693;2;1;0;0;2;1;1;B01
201600015693;2;10;0;0;9;2;15;A01
201600015694;1;33;0;0;0;0;1;A01
201600015695;1;30;0;0;1;1;1;A01
201600015696;2;7;0;1;0;1;2;A01
201600015696;2;7;0;1;0;0;0;B01
201600015696;2;7;0;0;2;0;0;C01
201600015697;1;7;0;0;2;7;1;B01
201600015697;1;7;0;0;2;1;2;A01
201600015698;1;7;0;0;2;2;15;Z01
201600015698;1;7;0;0;2;3;2;A01
201600015699;1;32;0;0;2;0;15;B01
201600015699;1;7;0;0;2;0;14;A01
201600015700;1;7;0;8;0;2;14;A01
201600015701;1;7;0;0;2;4;1;B01
201600015701;0;7;0;0;2;1;1;A01
201600015702;1;32;0;0;2;1;0;A01
201600015702;1;7;0;0;2;5;2;B01
201600015703;1;7;0;0;2;1;1;B01
201600015703;1;7;0;1;2;2;1;A01
201600015704;1;13;0;0;2;1;15;A01
201600015704;2;33;0;0;2;2;1;B01
201600015705;2;30;0;0;2;1;17;A01
201600015705;2;7;0;0;2;0;15;B01
201600015706;1;30;0;0;2;1;1;B01
201600015706;2;7;0;0;2;2;10;A01
201600015707;2;32;0;0;2;3;1;B01
201600015707;1;7;0;0;2;2;0;Z01
201600015708;1;7;0;1;0;2;12;A01
201600015708;2;32;0;0;2;8;1;B01
201600015709;1;7;0;0;2;3;1;B01
201600015709;1;7;0;0;2;1;1;A01
201600015710;1;7;0;16;0;9;1;A01
201600015711;1;7;0;0;2;0;0;B01
201600015711;1;7;0;0;2;0;0;A01
201600015712;1;34;0;12;0;4;23;A01
201600015712;1;7;0;12;0;1;2;B01
201600015713;0;7;0;0;2;3;9;A01
201600015713;0;30;0;0;2;7;12;B01
201600015714;1;30;0;0;2;7;1;B01
201600015714;1;7;0;0;2;3;16;A01
201600015715;1;40;0;0;1;2;1;A01
201600015716;1;2;0;0;2;1;0;B01
201600015716;1;2;0;0;2;7;1;A01
201600015717;2;10;0;0;2;3;9;A01
201600015717;0;32;0;0;2;1;1;B01
201600015718;1;30;0;0;1;1;0;A01
201600015719;2;7;0;0;2;3;15;A01
201600015719;1;33;0;0;2;3;2;B01
201600015720;1;7;0;0;2;7;1;B01
201600015720;1;7;0;0;2;1;1;A01
201600015721;1;7;0;1;0;2;0;A01
201600015722;2;30;0;0;0;0;0;A01
201600015723;1;7;0;0;2;2;19;A01
201600015723;1;7;0;0;2;1;1;B01
201600015724;1;7;0;0;1;4;4;A01
201600015725;1;7;0;0;2;1;9;A01
201600015725;1;7;0;0;2;5;17;B01
201600015726;2;7;0;0;2;2;12;B01
201600015726;2;30;0;0;2;7;12;A01
201600015727;1;7;0;0;1;2;15;A01
201600015728;2;33;0;0;1;0;0;A01
201600015729;1;7;0;0;2;7;0;B01
201600015729;1;7;0;0;2;1;0;Z01
201600015730;2;34;0;0;2;1;2;A01
201600015730;2;7;0;0;2;4;2;B01
201600015731;2;7;0;1;1;2;1;A01
201600015732;1;33;0;4;0;7;18;A01
201600015733;1;34;0;0;2;2;3;A01
201600015733;1;7;0;0;2;3;0;B01
201600015734;2;7;0;0;2;0;0;A01
201600015734;1;32;0;0;2;8;0;B01
201600015735;1;2;0;0;2;1;2;A01
201600015735;1;7;0;0;2;4;2;B01
201600015736;0;7;0;0;2;0;20;A01
201600015736;0;33;0;0;2;0;1;B01
201600015737;1;7;0;0;2;0;0;Z01
201600015737;1;33;0;0;2;1;1;A01
201600015738;2;31;0;5;0;1;1;A01
201600015739;1;32;0;0;2;4;1;B01
201600015739;1;7;0;0;2;1;1;A01
201600015740;1;7;0;0;2;4;2;B01
201600015740;1;7;0;0;2;1;2;A01
201600015741;1;7;0;0;2;2;5;A01
201600015741;1;7;0;0;2;1;1;B01
201600015742;1;7;0;0;2;1;2;A01
201600015742;1;7;0;0;2;4;2;C01
201600015742;1;33;0;0;2;4;2;B01
201600015743;1;7;0;0;2;1;1;B01
201600015743;1;7;0;0;2;3;10;A01
201600015744;1;30;0;0;2;1;16;A01
201600015744;1;7;0;0;2;2;1;B01
201600015745;1;7;0;0;2;8;23;E01
201600015745;1;7;0;0;2;9;0;A01
201600015745;1;7;0;0;2;6;23;B01
201600015746;1;7;0;0;1;3;15;A01
201600015747;2;7;0;0;2;3;19;A01
201600015747;2;2;0;0;2;1;7;B01
201600015748;1;7;0;0;2;3;1;A01
201600015748;2;7;0;0;2;7;4;B01
201600015749;1;30;0;0;1;4;0;Z01
201600015750;2;7;0;0;1;4;4;A01
201600015751;2;33;0;0;2;1;1;B01
201600015751;1;7;0;0;2;7;15;A01
201600015752;1;7;0;0;9;3;1;A01
201600015753;1;7;0;0;2;4;23;C01
201600015753;1;7;0;0;2;4;23;B01
201600015753;1;7;0;0;2;1;2;A01
201600015754;2;2;0;0;2;1;1;A01
201600015754;1;7;0;0;2;3;23;B01
201600015755;1;7;0;0;2;0;0;A01
201600015755;2;31;0;0;0;1;7;B01
201600015756;1;3;0;0;2;7;17;A01
201600015756;1;10;0;0;2;3;11;Z01
201600015757;1;7;0;13;0;1;1;A01
201600015758;2;2;0;0;2;1;2;B01
201600015758;2;7;0;0;2;8;15;A01
201600015759;1;30;0;10;0;1;21;B01
201600015759;1;7;0;0;9;1;9;A01
201600015760;1;7;0;0;2;6;1;B01
201600015760;1;7;0;0;2;1;1;A01
201600015761;1;30;0;0;1;1;1;A01
201600015762;1;30;0;14;0;1;15;A01
201600015763;2;7;0;0;1;1;0;Z01
201600015764;1;7;0;0;1;1;0;A01
201600015765;1;7;0;0;2;6;13;B01
201600015765;1;15;0;0;2;0;14;Z01
201600015766;2;32;0;0;1;1;1;A01
201600015767;1;7;0;0;1;1;1;A01
201600015768;1;2;0;0;2;1;1;B01
201600015768;1;7;0;0;2;6;19;A01
201600015769;1;30;0;0;2;4;0;A01
201600015769;1;7;0;0;2;4;2;B01
201600015770;2;30;0;0;2;1;0;B01
201600015770;2;2;0;0;2;7;0;A01
201600015771;2;32;0;0;2;1;17;A01