Num_Acc;senc;catv;occutc;obs;obsm;choc;manv;num_veh
201600016834;1;7;0;0;2;3;1;C03
201600016834;1;7;0;0;2;1;13;A01
201600016834;1;7;0;0;2;8;21;B02
201600016835;1;7;0;0;2;3;19;A01
201600016835;2;7;0;0;2;3;1;B02
201600016836;2;31;0;13;0;1;1;A01
201600016837;2;7;0;13;0;3;1;A01
201600016838;1;7;0;13;0;1;1;A01
201600016839;1;33;0;13;0;1;13;A01
201600016840;0;7;0;0;2;4;1;B02
201600016840;0;31;0;0;2;1;1;A01
201600016841;2;31;0;0;1;2;1;A01
201600016842;2;2;0;0;2;1;21;B01
201600016842;1;7;0;0;2;7;15;A01
201600016843;1;7;0;0;2;2;1;B01
201600016843;1;7;0;0;2;3;15;A01
201600016844;2;7;0;0;2;3;13;A01
201600016844;1;7;0;0;2;3;1;B01
201600016845;1;7;0;0;2;2;2;A01
201600016845;1;7;0;0;2;6;2;B01
201600016846;0;7;0;0;1;0;1;A01
201600016847;2;7;0;0;2;3;15;A01
201600016847;1;2;0;0;2;1;1;B01
201600016848;0;7;0;13;0;2;14;A01
201600016849;1;7;0;0;2;3;9;A01
201600016849;2;2;0;0;2;1;1;B01
201600016850;0;7;0;0;2;4;4;A01
201600016850;0;30;0;0;2;1;23;B01
201600016851;0;2;0;0;2;1;21;A01
201600016851;0;7;0;0;2;6;1;B01
201600016852;0;30;0;7;0;3;13;A01
201600016853;1;30;0;0;2;3;13;A01
201600016853;1;7;0;0;2;2;1;B01
201600016854;2;30;0;0;2;1;13;A01
201600016854;1;7;0;0;2;3;1;B01
201600016855;0;7;0;0;2;3;2;A01
201600016855;0;7;0;0;2;6;15;B01
201600016856;1;7;0;0;2;4;4;A01
201600016856;2;33;0;0;2;1;2;B01
201600016857;1;33;0;0;0;8;1;A01
201600016858;2;10;0;6;1;2;0;A01
201600016859;1;2;0;16;0;3;1;A01
201600016860;1;7;0;0;1;1;1;A01
201600016861;1;7;0;0;9;4;2;A01
201600016861;0;7;0;0;2;1;2;B01
201600016862;2;7;0;0;2;2;14;A01
201600016862;2;30;0;0;2;6;1;B01
201600016863;0;7;0;0;0;0;0;A01
201600016864;0;30;0;14;0;1;1;A01
201600016865;1;7;0;0;0;9;1;A01
201600016866;1;10;0;0;2;7;9;A01
201600016866;1;33;0;0;2;8;1;B02
201600016867;1;7;0;0;2;6;0;B02
201600016867;2;7;0;0;2;1;1;A01
201600016868;1;7;0;8;0;1;13;A01
201600016869;2;10;0;0;2;3;1;B02
201600016869;1;10;0;0;2;1;13;A01
201600016870;2;33;0;13;0;2;1;A01
201600016871;0;36;0;0;0;1;0;A01
201600016872;1;33;0;2;0;3;1;A01
201600016873;0;10;0;0;1;7;20;A01
201600016874;2;38;1;0;2;8;1;B02
201600016874;1;33;0;0;2;8;1;A01
201600016875;2;7;0;0;2;3;13;A01
201600016875;1;10;0;0;2;3;1;B02
201600016876;2;7;0;0;2;3;1;B02
201600016876;1;31;0;0;2;3;13;A01
201600016877;1;33;0;0;2;1;1;A01
201600016877;0;33;0;0;2;1;14;B02
201600016878;2;7;0;3;0;1;1;A01
201600016879;1;7;0;6;0;1;1;A01
201600016880;2;7;0;0;1;1;1;A01
201600016881;0;7;0;0;2;3;20;B02
201600016881;0;2;0;0;2;1;1;A01
201600016882;0;7;0;14;1;2;2;B01
201600016883;1;34;0;3;0;0;1;A01
201600016884;2;7;0;6;0;2;0;A01
201600016885;1;7;0;14;0;1;1;A01
201600016885;1;7;0;0;0;4;15;B01
201600016886;0;2;0;0;0;0;1;A01
201600016887;0;1;0;0;2;2;1;B02
201600016887;0;7;0;0;2;5;10;A01
201600016888;1;10;0;0;2;3;1;B02
201600016888;0;30;0;0;2;5;19;A01
201600016888;2;7;0;0;0;1;23;C03
201600016889;0;10;0;0;2;6;19;A01
201600016889;0;7;0;0;2;2;1;B02
201600016890;2;7;0;0;2;3;19;B02
201600016890;1;7;0;0;2;1;1;A01
201600016891;2;7;0;6;2;3;15;B02
201600016891;1;7;0;0;2;1;1;A01
201600016892;0;7;0;13;0;2;1;A01
201600016893;0;7;0;8;0;0;1;A01
201600016894;0;33;0;0;0;0;1;A01
201600016895;0;7;0;0;2;1;1;B01
201600016895;0;7;0;0;2;7;1;A01
201600016896;2;7;0;2;0;9;1;A01
201600016897;1;30;0;0;0;0;1;B02
201600016897;2;37;1;0;0;0;15;A01
201600016898;1;7;0;2;0;7;13;A01
201600016899;1;7;0;0;2;1;1;B01
201600016899;1;7;0;0;2;7;19;A01
201600016900;2;7;0;0;1;2;1;A01
201600016901;2;33;0;13;0;1;1;A01
201600016902;1;7;0;0;2;8;1;A01
201600016902;2;7;0;0;2;3;13;B01
201600016903;1;7;0;0;4;8;19;A01
201600016903;1;39;25;0;2;1;1;B02
201600016904;1;7;0;0;2;2;19;A01
201600016904;1;33;0;0;2;1;1;B02
201600016905;1;7;0;0;2;1;1;B02
201600016905;2;7;0;0;2;7;13;A01
201600016906;0;2;0;0;2;1;1;B02
201600016906;0;7;0;0;2;3;1;A01
201600016907;0;2;0;8;0;1;1;A01
201600016908;1;7;0;0;2;1;1;B02
201600016908;0;7;0;0;2;8;19;A01
201600016909;0;7;0;0;1;3;15;A01
201600016910;2;7;0;3;0;1;1;A01
201600016911;1;7;0;0;2;1;21;C03
201600016911;2;7;0;0;2;3;1;B02
201600016911;1;7;0;0;2;3;13;A01
201600016912;2;1;0;0;2;3;1;B02
201600016912;2;7;0;0;2;2;17;A01
201600016913;1;7;0;13;0;9;1;A01
201600016914;0;7;0;0;1;3;1;A01
201600016915;0;7;0;0;2;3;16;A01
201600016915;0;7;0;0;2;3;1;B01
201600016916;2;7;0;2;0;8;0;A01
201600016917;1;7;0;0;1;2;1;A01
201600016918;0;10;0;0;1;1;15;A01
201600016919;2;7;0;0;2;3;15;B01
201600016919;2;7;0;0;2;2;1;A01
201600016920;0;7;0;0;1;3;1;A01
201600016921;0;7;0;1;0;1;13;A01
201600016922;0;2;0;16;0;0;1;A01
201600016923;0;7;0;0;2;8;1;B01
201600016923;0;7;0;0;2;1;13;A01
201600016924;1;7;0;3;0;7;14;A01
201600016925;1;15;0;3;0;3;13;A01
201600016926;2;17;0;3;0;3;13;A01
201600016927;0;7;0;0;1;4;4;A01
201600016928;1;33;0;12;0;1;21;A01
201600016929;2;7;0;0;2;1;2;A01
201600016929;2;7;0;0;2;4;23;B01
201600016930;1;7;0;0;2;3;20;A01
201600016930;1;30;0;0;2;1;1;B01
201600016931;2;7;0;0;0;8;1;A01
201600016932;2;7;0;8;0;1;14;A01
201600016933;1;7;0;0;2;6;1;B01
201600016933;2;7;0;0;2;5;13;A01
201600016934;2;7;0;0;2;1;12;A01
201600016934;2;7;0;0;2;4;23;B01
201600016935;0;10;0;0;1;4;4;A01
201600016936;0;7;0;0;1;3;1;A01
201600016937;2;14;0;0;2;4;4;A01
201600016937;2;33;0;0;2;1;23;B01
201600016938;2;33;0;1;0;1;19;A01
201600016939;1;7;0;13;0;9;1;A01
201600016940;2;7;0;16;0;9;13;A01
201600016941;0;7;0;0;1;1;16;A01
201600016942;1;33;0;0;2;6;1;A01
201600016942;1;33;0;0;2;2;2;B01
201600016943;1;7;0;0;2;2;19;A01
201600016943;1;7;0;0;2;3;1;B01
201600016944;2;7;0;0;2;1;1;A01
201600016944;2;7;0;0;2;3;1;B01
201600016945;1;7;0;0;2;1;2;A01
201600016945;1;10;0;0;2;4;1;B01
201600016946;2;7;0;0;2;7;12;A01
201600016946;2;7;0;0;2;3;1;B01
201600016947;2;1;0;0;2;8;19;A01
201600016947;2;7;0;0;2;1;1;B01
201600016948;1;2;0;0;0;5;1;A01
201600016949;1;7;0;0;2;4;2;B01
201600016949;1;7;0;0;2;1;2;A01
201600016950;1;7;0;0;2;1;2;A01
201600016950;1;7;0;0;2;4;2;B01
201600016951;1;7;0;0;2;1;15;A01
201600016951;2;2;0;0;2;1;1;B01
201600016952;0;7;0;0;1;3;1;A01
201600016953;0;7;0;0;1;1;1;A01
201600016954;0;7;0;0;2;1;13;A01
201600016954;0;7;0;0;2;4;23;B01
201600016955;0;32;0;8;0;1;14;A01
201600016956;1;7;0;0;2;1;1;A01
201600016956;2;33;0;0;2;8;15;B01
201600016957;2;7;0;0;2;1;1;B01
201600016957;1;7;0;0;2;1;13;A01
201600016958;2;15;0;0;2;0;15;A01
201600016958;1;33;0;12;0;1;21;B01
201600016959;1;2;0;0;0;7;1;A01
201600016960;2;7;0;16;0;9;17;A01
201600016961;2;7;0;2;0;1;14;A01
201600016962;1;2;0;16;0;1;1;A01
201600016963;1;7;0;0;2;2;15;A01
201600016963;2;33;0;0;2;1;1;B01
201600016964;1;7;0;1;0;2;14;A01
201600016964;1;7;0;0;2;8;24;B01
201600016965;2;1;0;1;0;1;1;B01
201600016965;2;7;0;0;2;8;22;A01
201600016966;1;7;0;13;0;1;14;A01
201600016967;0;7;0;0;2;3;22;A01
201600016967;0;7;0;1;0;2;1;B01
201600016968;2;7;0;14;0;1;13;A01
201600016969;1;7;0;0;2;1;2;A01
201600016969;1;7;0;0;2;4;16;B01
201600016970;2;31;0;0;2;7;17;A01
201600016970;2;7;0;0;2;8;13;B01
201600016971;1;7;0;0;2;2;15;A01
201600016971;2;32;0;0;2;1;1;B01
201600016972;2;10;0;0;2;6;9;A01
201600016972;2;7;0;0;2;1;1;B01
201600016973;2;7;0;0;1;1;1;A01
201600016974;1;33;0;16;0;7;1;A01
201600016975;2;30;0;16;0;8;1;A01
201600016976;1;7;0;0;1;4;4;A01
201600016977;2;7;0;0;2;4;2;B01
201600016977;2;7;0;0;2;1;2;A01
201600016978;1;7;0;0;2;6;1;A01
201600016978;2;2;0;0;2;1;21;B01
201600016979;1;30;0;0;0;8;1;A01
201600016980;2;7;0;0;1;1;10;A01
201600016981;2;7;0;15;0;9;1;A01
201600016982;2;7;0;0;2;2;2;A01
201600016982;2;7;0;0;2;6;2;B01
201600016983;1;7;0;0;2;2;17;A01
201600016983;1;15;0;0;2;6;1;B01
201600016984;1;7;0;0;1;1;1;A01
201600016985;1;7;0;0;2;1;1;A01
201600016985;1;7;0;0;2;4;23;B01
201600016985;1;7;0;0;0;4;23;C01
201600016986;2;7;0;0;2;1;1;B01
201600016986;1;10;0;0;2;7;10;A01
201600016987;2;7;0;8;0;9;14;A01
201600016988;2;7;0;14;0;7;14;A01
201600016989;2;15;0;0;1;2;1;A01
201600016990;1;7;0;0;2;6;9;A01
201600016990;1;33;0;0;2;8;1;B01
201600016991;2;7;0;0;2;1;15;A01
201600016991;1;7;0;0;2;2;5;B01
201600016992;1;7;0;16;0;0;1;A01
201600016993;0;7;0;13;0;1;1;A01
201600016994;0;7;0;2;0;1;0;A01
201600016995;1;7;0;0;2;8;5;A01
201600016995;2;33;0;0;2;8;1;B02
201600016996;1;7;0;0;1;3;1;A01
201600016997;1;7;0;0;2;8;15;B02
201600016997;1;30;0;0;2;1;9;A01
201600016998;1;7;0;0;2;3;1;A01
201600016998;2;7;0;0;2;3;13;B02
201600016999;1;7;0;0;2;3;13;A01
201600016999;2;7;0;0;2;3;1;B01
201600017000;1;7;0;0;2;1;1;B01
201600017000;1;7;0;0;2;8;20;A01
201600017001;1;7;0;7;2;1;18;A01
201600017001;1;14;0;0;2;4;13;B01
201600017002;1;7;0;0;2;1;1;B02
201600017002;1;7;0;0;2;1;1;E05
201600017002;1;7;0;0;2;1;1;D04
201600017002;2;7;0;0;2;1;17;A01
201600017002;2;7;0;0;2;3;1;C03
201600017003;1;7;0;13;0;9;0;A01
201600017004;2;7;0;0;2;2;1;A01
201600017004;2;30;0;0;2;4;1;B02
201600017005;1;7;0;2;0;2;1;A01
201600017006;1;2;0;0;2;1;2;A01
201600017006;2;7;0;0;0;4;2;B02
201600017007;2;2;0;0;2;1;13;A01
201600017007;1;7;0;0;2;3;1;B01
201600017008;2;7;0;2;0;1;1;A01
201600017009;0;31;0;12;0;7;1;A01
201600017010;0;10;0;0;1;1;1;A01
201600017011;1;7;0;13;0;2;14;A01
201600017012;2;7;0;13;0;3;1;A01
201600017013;0;7;0;0;2;3;1;A01
201600017013;0;2;0;0;2;1;5;B02
201600017014;1;7;0;0;1;2;21;A01
201600017015;0;7;0;13;0;1;1;A01
201600017016;1;7;0;6;0;1;0;A01
201600017017;1;7;0;13;0;3;13;A01
201600017018;2;7;0;13;0;9;0;A01
201600017019;2;31;0;0;0;2;17;A01
201600017020;1;7;0;9;0;7;1;A01
201600017021;2;7;0;13;0;3;13;A01
201600017022;1;33;0;13;0;1;13;A01
201600017023;2;7;0;0;2;3;1;A01
201600017023;1;7;0;0;0;8;15;B02
201600017024;2;10;0;13;9;2;19;A01
201600017024;1;1;0;0;2;1;1;B02
201600017025;1;7;0;0;0;6;1;A01
201600017025;1;2;0;0;2;1;1;B02
201600017026;1;7;0;0;2;2;15;A01
201600017026;2;2;0;0;2;1;1;B02
201600017027;2;2;0;0;0;0;1;A01
201600017028;1;10;0;0;2;1;1;A01
201600017028;1;7;0;0;2;8;1;B02
201600017029;1;7;0;13;0;1;13;A01
201600017030;1;7;0;0;2;3;1;A01
201600017030;2;30;0;0;2;1;16;B02
201600017031;2;33;0;0;2;0;21;C03
201600017031;2;31;0;0;2;0;21;B02
201600017031;1;7;0;0;2;0;21;A01
201600017032;0;7;0;13;0;1;1;A01
201600017033;2;2;0;0;2;4;1;A01
201600017033;2;10;0;0;2;2;1;B02
201600017034;0;7;0;13;0;1;1;A01
201600017035;1;10;0;0;2;8;19;A01
201600017035;1;31;0;0;2;1;1;B02
201600017036;1;7;0;15;0;9;0;A01
201600017037;2;7;0;0;2;6;15;B02
201600017037;2;33;0;0;2;1;17;A01
201600017038;1;2;0;0;2;1;1;B02
201600017038;2;7;0;0;2;3;17;A01
201600017039;1;15;0;0;2;1;1;B02
201600017039;2;7;0;0;2;1;13;A01
201600017040;1;7;0;8;0;7;2;A01
201600017041;1;7;0;0;2;1;1;A01
201600017041;1;7;0;0;2;7;19;B02
201600017041;1;7;0;0;2;3;23;C03
201600017042;2;7;0;0;0;3;21;C03
201600017042;2;7;0;0;2;3;13;A01
201600017042;2;7;0;0;2;3;2;B02
201600017043;1;7;0;0;9;2;2;A01
201600017043;1;1;0;0;2;8;2;B02
201600017044;1;7;0;0;0;1;1;A01
201600017045;1;1;0;0;2;1;1;B02
201600017045;0;10;0;0;2;2;1;A01
201600017046;1;33;0;0;2;1;21;B02
201600017046;1;7;0;0;2;6;19;A01
201600017047;2;34;0;13;0;8;1;A01
201600017048;2;7;0;2;0;1;1;A01
201600017049;2;7;0;16;0;9;1;A01
201600017050;1;7;0;0;2;3;1;B02
201600017050;2;7;0;0;2;1;0;A01
201600017051;0;7;0;0;1;2;1;A01
201600017052;1;7;0;1;6;1;5;A01
201600017053;1;7;0;13;0;7;1;A01
201600017054;1;2;0;0;2;1;1;B01
201600017054;2;7;0;0;2;7;10;A01
201600017055;1;7;0;0;2;7;19;A01
201600017055;2;7;0;0;2;1;0;B02
201600017056;0;2;0;0;0;0;1;A01
201600017057;1;7;0;2;0;1;1;A01
201600017058;2;7;0;0;0;2;0;A01
201600017059;1;7;0;0;0;9;13;A01
201600017060;1;7;0;13;0;2;1;A01
201600017061;1;33;0;13;0;1;13;A01
201600017062;1;7;0;2;0;3;1;A01
201600017063;2;1;0;0;2;4;2;B02
201600017063;2;7;0;0;2;2;2;A01
201600017064;0;7;0;8;0;5;15;A01
201600017065;2;7;0;8;0;9;1;A01
201600017066;1;7;0;0;2;1;2;A01
201600017066;1;7;0;0;0;4;15;B02
201600017067;1;7;0;0;2;1;1;A01
201600017067;0;30;0;0;2;1;1;B02
201600017068;1;10;0;2;0;7;13;A01
201600017069;0;7;0;0;0;1;1;A01
201600017070;2;7;0;0;1;2;1;A01
201600017071;0;7;0;1;0;1;1;A01
201600017072;1;7;0;13;0;7;1;A01
201600017073;1;7;0;0;2;2;1;A01
201600017073;2;7;0;0;2;1;1;B02
201600017074;1;10;0;0;0;1;1;B02
201600017074;0;7;0;0;0;7;1;A01
201600017075;2;33;0;0;2;1;5;A01
201600017075;1;7;0;0;2;3;1;B02
201600017076;1;7;0;2;0;1;1;A01
201600017077;2;7;0;0;2;1;17;A01
201600017077;2;21;0;0;2;6;15;B02
201600017077;0;7;0;0;2;1;23;C03
201600017078;2;7;0;0;1;1;1;A01
201600017079;2;7;0;0;1;1;1;A01
201600017080;2;1;0;0;2;1;1;B02
201600017080;2;7;0;0;9;2;1;A01
201600017081;1;33;0;0;2;1;1;B02
201600017081;2;7;0;0;2;5;15;A01
201600017082;2;33;0;0;0;9;1;A01
201600017083;1;7;0;8;0;9;1;A01
201600017084;0;7;0;15;0;1;1;A01
201600017085;2;7;0;13;0;9;19;A01
201600017086;1;7;0;0;1;7;1;A01
201600017087;0;30;0;0;6;0;21;A01
201600017088;2;35;0;0;2;1;1;B02
201600017088;1;36;0;0;2;1;1;A01
201600017089;0;7;0;8;0;8;1;A01
201600017090;2;7;0;0;2;3;1;A01
201600017090;1;7;0;0;2;3;1;B02
201600017091;1;7;0;2;2;1;1;A01
201600017092;2;33;0;0;2;1;17;B02
201600017092;2;21;0;0;2;3;15;A01
201600017093;2;33;0;0;2;8;1;B02
201600017093;1;7;0;0;2;2;19;A01
201600017094;0;7;0;1;1;3;23;A01
201600017095;2;7;0;1;2;1;1;A01
201600017095;2;7;0;1;2;3;1;B02
201600017096;2;7;0;0;1;1;1;A01
201600017097;2;10;0;0;2;1;1;A01
201600017097;0;7;0;0;2;7;1;B02
201600017098;0;7;0;0;1;2;16;A01
201600017099;2;7;0;0;2;1;17;A01
201600017099;2;7;0;0;9;8;15;B02
201600017100;1;7;0;13;2;2;1;A01
201600017101;2;7;0;0;2;2;15;A01
201600017101;1;7;0;0;2;1;1;B02
201600017102;2;7;0;0;0;1;13;A01
201600017102;1;7;0;0;0;1;1;B02
201600017103;1;7;0;0;1;1;1;A01
201600017104;1;7;0;13;0;1;13;A01
201600017105;0;34;0;0;0;8;9;A01
201600017106;0;33;0;0;2;1;1;A01
201600017106;0;7;0;0;2;1;23;C03
201600017106;0;7;0;0;2;3;2;B02
201600017107;0;7;0;0;2;1;1;B02
201600017107;2;7;0;0;2;8;1;A01
201600017108;1;7;0;2;0;1;1;A01
201600017109;0;7;0;2;0;3;1;A01
201600017110;2;7;0;0;2;4;1;D04
201600017110;2;7;0;0;2;4;1;C03
201600017110;1;7;0;0;2;3;1;B02
201600017110;2;7;0;0;2;3;17;A01
201600017111;1;7;0;0;2;3;1;B02
201600017111;2;17;0;0;2;8;1;C03
201600017111;2;7;0;0;2;3;13;A01
201600017112;0;1;0;0;2;1;15;B02
201600017112;0;7;0;0;9;2;1;A01
201600017113;2;1;0;0;2;1;1;B02
201600017113;1;7;0;0;2;2;15;A01
201600017114;0;7;0;0;2;5;15;A01
201600017114;0;7;0;0;2;1;1;B02
201600017115;2;7;0;0;2;1;1;A01
201600017115;0;7;0;0;2;8;1;B02
201600017116;1;7;0;13;0;1;16;A01
201600017117;2;33;0;0;2;1;1;A01
201600017117;1;10;0;0;2;5;15;B02
201600017118;0;7;0;0;1;4;20;A01
201600017119;1;7;0;2;0;1;1;A01
201600017120;2;7;0;2;0;7;13;A01
201600017121;1;10;0;0;2;2;2;A01
201600017121;1;7;0;0;2;6;20;B02
201600017122;0;7;0;1;0;9;24;A01
201600017123;2;15;0;10;0;7;0;A01
201600017124;2;14;0;0;2;3;1;B02
201600017124;1;7;0;0;2;7;13;A01
201600017125;1;7;0;0;2;2;1;B02
201600017125;2;31;0;0;2;1;13;A01
201600017126;1;14;0;0;2;1;1;B02
201600017126;2;7;0;0;0;8;15;A01
201600017127;1;1;0;0;2;1;19;A01
201600017127;1;7;0;0;2;3;1;B02
201600017128;1;7;0;0;2;2;2;A01
201600017128;1;1;0;0;0;4;2;B02
201600017129;1;7;0;0;1;2;1;A01
201600017130;2;33;0;2;0;0;1;A01
201600017131;2;21;0;0;1;7;1;A01
201600017132;2;15;0;0;2;3;1;B02
201600017132;1;7;0;0;2;1;1;D04
201600017132;1;7;0;0;2;2;13;A01
201600017132;1;7;0;0;2;8;1;C03
201600017133;1;7;0;2;0;1;14;A01
201600017134;2;7;0;0;0;9;1;A01
201600017135;2;10;0;0;2;1;21;B02
201600017135;1;7;0;0;2;1;1;A01
201600017136;2;7;0;13;0;2;0;A01
201600017137;2;7;0;0;2;3;13;A01
201600017137;1;7;0;0;2;3;1;B02
201600017138;2;15;0;0;2;2;0;B02
201600017138;1;3;0;0;2;1;13;A01
201600017139;1;7;0;0;2;2;17;B02
201600017139;1;7;0;0;2;6;11;A01
201600017140;1;7;0;0;6;1;1;B02
201600017140;1;7;0;0;2;1;1;A01
201600017141;1;33;0;0;2;1;17;B02
201600017141;1;7;0;0;2;6;17;A01
201600017142;2;7;0;0;2;3;15;A01
201600017142;1;7;0;0;2;3;1;B02
201600017143;2;7;0;0;0;2;1;A01
201600017144;1;7;0;8;6;8;13;A01
201600017145;0;36;0;0;0;0;1;A01
201600017146;1;1;0;0;2;3;10;A01
201600017146;1;7;0;0;2;2;1;B02
201600017147;1;7;0;0;2;1;17;A01
201600017147;1;7;0;0;2;1;1;B02
201600017147;2;7;0;0;2;1;1;C03
201600017148;1;7;0;0;2;3;1;B02
201600017148;2;31;0;0;2;1;5;A01
201600017149;2;7;0;0;2;3;15;A01
201600017149;1;7;0;0;2;3;1;B02
201600017150;1;7;0;13;0;7;13;A01
201600017151;0;7;0;0;1;2;1;A01
201600017152;2;33;0;0;0;1;1;A01
201600017153;2;7;0;13;0;3;0;A01
201600017154;2;7;0;0;9;8;1;B02
201600017154;1;30;0;16;2;6;13;A01
201600017155;1;7;0;0;0;2;15;A01
201600017155;2;7;0;0;2;1;1;B02
201600017156;2;7;0;0;2;7;15;A01
201600017156;2;33;0;0;2;4;1;B02
201600017157;1;7;0;6;0;1;1;A01
201600017158;1;10;0;0;2;3;1;A01
201600017158;1;21;0;0;2;5;1;B02
201600017159;1;7;0;8;0;3;2;A01
201600017160;2;7;0;2;0;1;1;A01
201600017161;0;7;0;0;0;5;13;A01
201600017161;0;30;0;0;2;3;17;B02
201600017162;2;7;0;0;2;3;1;B02
201600017162;1;7;0;0;2;3;13;A01
201600017163;1;2;0;0;1;1;1;A01
201600017164;1;10;0;2;0;1;0;A01
201600017165;0;10;0;0;2;2;15;A01
201600017165;0;3;0;0;2;3;1;B02
201600017166;1;7;0;0;2;2;13;A01
201600017166;2;7;0;0;2;3;1;B02
201600017167;1;33;0;3;0;1;13;A01
201600017168;2;7;0;0;2;3;19;A01
201600017168;1;33;0;0;2;1;1;B02
201600017169;1;1;0;0;0;0;1;A01
201600017170;2;7;0;2;0;3;13;A01
201600017171;1;7;0;0;2;2;15;A01
201600017171;2;2;0;0;2;1;1;B02
201600017172;1;7;0;13;0;8;17;A01
201600017173;1;7;0;0;2;2;13;A01
201600017173;1;7;0;0;2;8;15;B01
201600017174;2;10;0;0;0;0;13;A01
201600017175;1;7;0;13;0;2;1;A01
201600017176;2;7;0;0;2;3;1;A01
201600017176;2;2;0;0;0;4;15;B02
201600017177;1;7;0;0;2;1;15;A01
201600017177;1;30;0;0;2;8;1;B01
201600017178;1;7;0;2;0;1;1;A01
201600017179;2;1;0;0;2;1;1;A01
201600017179;2;17;0;1;0;6;0;B02
201600017180;1;7;0;0;2;1;13;A01
201600017180;2;7;0;0;2;1;1;B02
201600017181;2;10;0;0;2;3;13;A01
201600017181;1;7;0;0;2;3;1;B02
201600017182;1;33;0;8;2;1;17;B01
201600017182;1;7;0;0;2;8;17;A01
201600017183;1;7;0;0;2;1;13;A01
201600017183;2;7;0;0;2;1;1;B01
201600017184;1;10;0;0;9;2;2;A01
201600017184;1;1;0;0;2;4;2;B02
201600017185;2;7;0;0;2;3;17;A01
201600017185;1;7;0;0;2;3;1;B02
201600017186;2;7;0;0;1;3;1;A01
201600017187;1;7;0;0;2;3;15;A01
201600017187;1;32;0;0;2;8;1;B02
201600017188;1;7;0;0;1;2;2;A01
201600017189;1;33;0;8;0;1;17;A01
201600017190;2;7;0;0;2;1;1;A01
201600017190;2;1;0;0;0;4;1;B02
201600017191;2;14;0;0;0;2;15;A01
201600017191;1;7;0;0;2;1;1;B02
201600017192;2;7;0;0;2;1;1;A01
201600017192;1;7;0;0;2;1;13;B02
201600017193;2;10;0;0;2;1;1;A01
201600017193;1;7;0;0;2;8;15;B02
201600017194;1;7;0;0;1;8;15;A01
201600017195;2;2;0;15;2;2;1;A01
201600017195;2;7;0;0;2;3;16;B02
201600017196;1;14;0;0;2;3;1;A01
201600017196;2;7;0;0;2;6;1;B02
201600017196;2;7;0;0;2;8;1;C03
201600017197;0;7;0;12;1;5;13;A01
201600017198;1;33;0;0;2;1;17;A01
201600017198;1;7;0;0;2;3;9;B02
201600017199;1;2;0;3;0;1;2;A01
201600017200;0;7;0;0;1;3;13;A01
201600017201;2;7;0;2;0;9;0;A01
201600017202;0;7;0;0;1;1;1;A01
201600017203;0;10;0;0;1;2;2;A01
201600017204;0;7;0;1;0;2;14;A01
201600017205;0;7;0;2;0;2;13;A01
201600017206;1;10;0;0;2;1;1;A01
201600017206;1;1;0;0;0;4;1;A02
201600017207;2;7;0;0;0;9;1;A01
201600017208;1;7;0;0;2;1;1;A01
201600017208;1;17;0;0;2;3;4;B02
201600017209;2;7;0;0;2;1;1;B02
201600017209;1;7;0;0;2;1;13;A01
201600017210;1;7;0;0;2;1;1;A01
201600017210;2;17;0;0;2;6;20;B02
201600017211;0;7;0;0;2;3;19;A01
201600017211;0;7;0;0;2;1;1;B01
201600017212;0;36;0;13;0;2;1;A01
201600017213;1;10;0;0;0;0;13;A01
201600017214;1;17;0;8;0;1;13;A01
201600017215;1;7;0;10;0;1;14;A01
201600017216;1;10;0;0;2;2;2;A01
201600017216;1;1;0;0;2;4;2;B02
201600017217;1;7;0;0;2;1;15;A01
201600017217;2;2;0;0;2;1;1;B02
201600017218;2;7;0;2;0;2;14;A01
201600017219;1;7;0;0;2;1;17;A01
201600017219;2;7;0;0;2;3;1;B02
201600017220;2;14;0;0;2;1;1;A01
201600017220;2;7;0;13;0;4;15;B02
201600017221;2;7;0;0;2;3;13;A01
201600017221;1;7;0;0;2;3;21;B02
201600017222;0;10;0;0;2;1;1;B01
201600017222;0;7;0;0;2;3;19;A01
201600017223;0;7;0;0;0;2;1;A01
201600017223;0;7;0;0;0;8;1;B02
201600017224;2;7;0;13;2;3;1;B01
201600017224;1;7;0;0;2;3;13;A01
201600017225;2;10;0;0;2;3;1;A01
201600017225;1;15;0;0;2;3;1;B01
201600017226;0;7;0;0;1;2;1;A01
201600017227;1;7;0;2;0;3;1;A01
201600017228;1;7;0;0;2;1;1;B01
201600017228;2;7;0;7;2;2;6;A01
201600017229;0;7;0;0;1;7;1;A01
201600017230;2;7;0;2;0;3;1;A01
201600017231;2;7;0;0;2;3;13;A01
201600017231;1;10;0;0;0;6;1;B02
201600017231;1;7;0;0;0;3;1;C03
201600017232;0;7;0;0;2;1;1;A01
201600017232;0;7;0;0;2;1;23;B01
201600017233;1;7;0;0;0;9;1;A01
201600017234;0;33;0;1;0;1;1;A01
201600017234;0;7;0;0;2;4;0;B02
201600017234;0;7;0;0;0;4;0;C03
201600017235;2;7;0;0;0;2;1;A01
201600017236;0;10;0;0;2;3;1;A01
201600017236;0;17;0;0;2;3;1;B02
201600017237;2;37;10;0;2;7;2;A01
201600017237;2;1;0;0;2;8;2;B01
201600017238;1;33;0;0;0;0;0;A01
201600017239;1;7;0;0;2;3;1;A01
201600017239;2;7;0;0;2;3;13;B02