Num_Acc;senc;catv;occutc;obs;obsm;choc;manv;num_veh
201600017240;1;10;0;0;2;6;24;A01
201600017240;1;7;0;1;0;2;14;B02
201600017241;1;7;0;0;2;8;1;A01
201600017241;2;7;0;0;2;8;13;B01
201600017242;0;7;0;0;2;2;5;A01
201600017242;0;2;0;0;2;1;0;B01
201600017243;2;7;0;6;0;1;1;A01
201600017244;1;7;0;6;0;1;1;A01
201600017245;2;7;0;0;2;1;1;A01
201600017245;2;15;0;0;0;4;1;B01
201600017246;0;7;0;0;2;2;1;A01
201600017246;0;1;0;0;2;1;19;B02
201600017247;2;7;0;0;1;2;1;A01
201600017248;2;7;0;13;0;0;1;A01
201600017249;2;7;0;0;2;3;1;B01
201600017249;1;7;0;0;2;3;17;A01
201600017250;1;7;0;2;0;3;1;A01
201600017251;0;7;0;2;0;3;1;A01
201600017252;2;7;0;13;0;3;1;A01
201600017253;2;7;0;0;0;3;10;A01
201600017253;1;2;0;0;2;1;1;B02
201600017254;2;7;0;2;2;5;17;A01
201600017254;2;10;0;0;2;3;1;B02
201600017255;1;7;0;0;0;5;15;A01
201600017255;2;33;0;0;0;2;1;B02
201600017256;1;7;0;13;0;1;0;A01
201600017257;2;7;0;0;1;7;1;A01
201600017258;1;7;0;7;0;1;1;A01
201600017259;2;7;0;0;9;2;17;A01
201600017259;2;1;0;0;2;8;1;B02
201600017260;2;7;0;13;0;7;14;A01
201600017261;2;33;0;0;2;7;0;B02
201600017261;2;7;0;0;2;3;15;A01
201600017262;2;7;0;6;0;3;1;A01
201600017263;1;10;0;0;0;9;1;A01
201600017264;2;33;0;0;2;1;1;A01
201600017264;2;34;0;0;2;4;1;B02
201600017265;0;7;0;0;2;3;1;B02
201600017265;0;10;0;0;2;3;1;A01
201600017266;1;7;0;0;0;0;1;B02
201600017266;2;7;0;0;2;1;13;A01
201600017267;1;33;0;0;2;1;1;B02
201600017267;2;7;0;0;2;2;17;A01
201600017268;0;7;0;0;2;6;9;B02
201600017268;1;7;0;0;2;3;1;A01
201600017269;2;7;0;0;2;1;1;B02
201600017269;1;7;0;10;2;1;1;A01
201600017270;1;7;0;0;2;2;17;A01
201600017270;1;7;0;0;2;8;1;B02
201600017271;2;7;0;0;2;3;13;A01
201600017271;1;33;0;0;2;1;1;B02
201600017272;2;10;0;0;2;2;15;A01
201600017272;1;33;0;0;2;1;1;B02
201600017273;2;33;0;0;2;3;13;A01
201600017273;1;7;0;0;2;3;1;B02
201600017274;2;7;0;13;0;9;1;A01
201600017275;0;7;0;0;2;1;1;B02
201600017275;0;7;0;0;2;1;13;A01
201600017276;0;7;0;0;1;1;0;A01
201600017277;2;7;0;0;2;1;1;B02
201600017277;1;7;0;0;2;1;5;A01
201600017278;0;7;0;0;0;3;1;A01
201600017278;0;7;0;0;0;1;13;B02
201600017279;0;7;0;0;0;7;1;A01
201600017280;1;7;0;0;2;1;1;B02
201600017280;1;33;0;0;2;1;12;A01
201600017281;2;7;0;0;2;7;13;A01
201600017281;1;7;0;0;2;1;1;B02
201600017282;0;33;0;0;0;3;1;B02
201600017282;0;7;0;0;0;3;15;A01
201600017283;1;2;0;0;0;0;1;A01
201600017284;1;7;0;13;0;1;17;A01
201600017285;0;7;0;0;0;3;1;B02
201600017285;0;7;0;14;0;3;1;A01
201600017286;2;7;0;14;0;3;1;A01
201600017286;1;7;0;0;0;3;1;C03
201600017286;1;7;0;0;0;3;1;B02
201600017287;2;7;0;2;0;1;14;A01
201600017288;0;7;0;0;2;3;1;B02
201600017288;0;7;0;0;2;2;9;A01
201600017289;1;2;0;0;0;2;5;A01
201600017289;2;7;0;0;2;1;2;B02
201600017290;0;1;0;0;0;8;21;B02
201600017290;0;7;0;0;0;8;13;A01
201600017291;0;33;0;2;0;0;0;A01
201600017292;1;1;0;0;0;0;1;A01
201600017293;0;7;0;0;2;3;1;A01
201600017293;0;10;0;0;2;2;1;B02
201600017294;1;33;0;3;0;7;1;A01
201600017295;0;33;0;0;2;3;1;C03
201600017295;0;7;0;1;2;3;1;A01
201600017295;0;33;0;0;2;3;1;B02
201600017296;0;31;0;0;0;0;1;A01
201600017297;0;7;0;0;2;1;13;A01
201600017297;2;7;0;0;2;1;1;B02
201600017298;2;7;0;0;2;1;1;A01
201600017298;1;7;0;0;2;2;0;B02
201600017299;1;7;0;0;0;5;15;A01
201600017299;2;31;0;0;2;1;1;B02
201600017300;1;30;0;6;0;1;19;A01
201600017301;1;33;0;0;2;1;1;A01
201600017301;2;7;0;0;2;3;10;B02
201600017302;2;7;0;0;2;7;15;B02
201600017302;1;7;0;0;2;2;1;A01
201600017303;1;33;0;0;2;1;1;B02
201600017303;2;7;0;0;2;5;15;A01
201600017304;1;2;0;13;0;8;13;A01
201600017305;1;7;0;2;0;1;13;A01
201600017306;2;7;0;0;2;3;13;A01
201600017306;1;7;0;0;2;3;1;B02
201600017307;1;7;0;0;2;2;1;A01
201600017307;1;7;0;0;2;3;16;B02
201600017308;2;2;0;0;2;1;1;A01
201600017308;1;7;0;0;2;3;1;B02
201600017309;2;7;0;0;2;3;13;A01
201600017309;1;7;0;0;2;3;1;B02
201600017310;2;33;0;0;2;7;1;B02
201600017310;1;7;0;0;2;1;19;A01
201600017311;2;7;0;13;0;1;13;A01
201600017312;1;33;0;13;0;1;14;A01
201600017313;0;7;0;6;0;1;13;A01
201600017314;1;7;0;13;0;2;1;A01
201600017315;2;33;0;16;0;6;1;A01
201600017316;2;7;0;2;0;3;5;A01
201600017317;2;7;0;0;1;0;2;A01
201600017318;0;7;0;0;1;1;1;A01
201600017319;1;7;0;0;2;6;15;B02
201600017319;1;33;0;0;2;1;17;A01
201600017320;1;7;0;2;0;8;1;A01
201600017321;2;7;0;13;0;1;1;A01
201600017322;1;33;0;0;0;7;1;A01
201600017323;2;7;0;0;2;7;1;A02
201600017323;2;7;0;0;2;1;1;B01
201600017324;1;7;0;8;0;1;1;A01
201600017325;2;7;0;1;0;1;2;A01
201600017325;2;7;0;1;0;2;24;C02
201600017325;2;7;0;0;0;4;2;B03
201600017326;1;7;0;2;0;1;13;A01
201600017327;2;14;0;13;0;1;19;A01
201600017328;1;7;0;0;2;3;13;A01
201600017328;2;7;0;0;2;3;1;B02
201600017329;2;7;0;0;2;2;1;A01
201600017329;1;7;0;0;2;1;1;B02
201600017330;2;7;0;0;2;1;1;A01
201600017330;1;7;0;0;2;3;1;B02
201600017331;2;33;0;13;0;1;1;A01
201600017332;2;7;0;0;2;1;15;A01
201600017332;1;7;0;0;2;1;1;B02
201600017333;2;7;0;0;2;3;15;A02
201600017333;1;7;0;0;2;2;1;B01
201600017334;1;7;0;13;0;1;17;A01
201600017335;2;7;0;0;2;8;15;A01
201600017335;1;7;0;0;2;1;1;B02
201600017336;1;30;0;0;0;6;15;A01
201600017336;1;7;0;0;2;1;21;B02
201600017337;2;7;0;2;0;5;1;A01
201600017338;2;31;0;0;0;0;16;A01
201600017339;2;7;0;0;2;2;15;A01
201600017339;1;1;0;0;2;1;1;B02
201600017340;1;7;0;0;2;1;13;A01
201600017340;2;17;0;0;2;1;21;B02
201600017340;2;17;0;0;2;1;0;D04
201600017341;2;7;0;13;0;1;1;A01
201600017342;0;7;0;8;0;1;0;A01
201600017343;1;7;0;0;1;2;2;A01
201600017344;2;7;0;2;0;3;1;A01
201600017345;1;7;0;13;0;2;1;A01
201600017346;1;7;0;0;2;7;17;A01
201600017346;1;7;0;0;2;8;1;B02
201600017347;0;7;0;0;1;5;1;A01
201600017348;0;30;0;1;0;1;14;A01
201600017348;0;7;0;1;0;6;0;B02
201600017349;0;30;0;1;0;1;14;A01
201600017350;2;7;0;2;0;7;1;A01
201600017351;1;7;0;0;0;9;1;A01
201600017352;2;7;0;3;2;7;21;A01
201600017352;1;15;0;0;2;2;21;B02
201600017353;1;15;0;0;0;0;1;A01
201600017354;2;7;0;2;0;1;1;A01
201600017355;0;2;0;0;0;1;1;A01
201600017356;1;7;0;0;2;3;19;A01
201600017356;1;7;0;0;2;2;1;B02
201600017357;0;30;0;1;0;1;1;A01
201600017358;0;1;0;0;2;1;19;A01
201600017358;0;7;0;0;2;0;1;B02
201600017359;2;7;0;2;0;1;1;A01
201600017360;2;7;0;0;0;9;12;A01
201600017361;1;7;0;0;2;2;1;B01
201600017361;2;10;0;0;2;1;19;A02
201600017362;1;7;0;6;0;2;1;A01
201600017363;2;7;0;0;2;1;1;B02
201600017363;1;7;0;0;2;2;19;A01
201600017364;2;7;0;0;2;6;15;B01
201600017364;2;33;0;0;2;1;17;A01
201600017365;1;7;0;0;2;2;13;A01
201600017365;2;7;0;0;2;3;1;B02
201600017366;1;7;0;0;2;2;13;A01
201600017366;2;7;0;0;2;7;1;B02
201600017367;1;7;0;2;0;1;1;A01
201600017368;2;7;0;0;2;3;13;A01
201600017368;1;7;0;0;2;3;1;B02
201600017369;1;7;0;13;0;1;13;A01
201600017370;2;10;0;0;2;3;1;B02
201600017370;1;33;0;0;2;1;13;A01
201600017371;1;7;0;1;0;1;14;A01
201600017372;2;10;0;0;2;3;0;B02
201600017372;1;7;0;0;2;3;1;A01
201600017373;1;1;0;0;0;0;0;A01
201600017373;2;7;0;0;2;3;17;B02
201600017374;1;33;0;0;0;8;2;A01
201600017375;1;7;0;0;2;3;19;A01
201600017375;2;7;0;0;2;2;1;B02
201600017375;1;7;0;0;0;6;23;C03
201600017376;2;7;0;15;0;1;1;A01
201600017377;1;7;0;13;0;1;1;A01
201600017378;2;33;0;0;2;1;1;B02
201600017378;0;7;0;0;2;7;19;A01
201600017379;2;7;0;0;2;1;2;A01
201600017379;2;7;0;0;2;4;2;B02
201600017380;2;7;0;0;2;3;19;A01
201600017380;2;7;0;0;2;8;1;B02
201600017381;2;7;0;0;2;1;1;B02
201600017381;0;7;0;0;2;8;1;A01
201600017382;1;7;0;13;0;1;1;A01
201600017383;1;7;0;2;0;7;14;A01
201600017384;1;35;0;0;0;0;0;A01
201600017385;2;7;0;0;2;2;1;A01
201600017385;2;7;0;0;2;1;1;B02
201600017386;1;32;0;0;0;7;0;A01
201600017387;2;7;0;0;2;3;1;B02
201600017387;1;7;0;0;2;2;13;A01
201600017388;1;7;0;0;2;2;17;A01
201600017388;1;21;0;0;0;6;1;B02
201600017389;1;7;0;13;0;7;1;A01
201600017390;2;7;0;0;2;0;9;A01
201600017390;2;30;0;0;2;3;1;B02
201600017391;1;32;0;0;5;1;1;A01
201600017392;1;31;0;0;2;1;17;A01
201600017392;2;7;0;0;2;3;1;B02
201600017393;1;7;0;0;2;1;1;B02
201600017393;2;7;0;0;2;7;15;A01
201600017394;1;7;0;0;2;1;1;B02
201600017394;2;10;0;0;2;1;13;A01
201600017395;1;7;0;1;0;1;1;A01
201600017396;2;34;0;0;2;1;0;B02
201600017396;2;7;0;0;2;7;10;A01
201600017397;1;7;0;16;0;1;1;A01
201600017398;1;33;0;13;0;9;17;A01
201600017399;2;33;0;16;0;1;1;A01
201600017400;2;10;0;0;0;0;1;A01
201600017401;1;7;0;0;2;1;1;B02
201600017401;2;7;0;0;2;1;17;A01
201600017402;1;7;0;0;2;1;1;A01
201600017402;2;7;0;0;2;1;1;B02
201600017403;2;10;0;0;2;1;1;B02
201600017403;1;7;0;0;2;1;13;A01
201600017404;0;38;1;1;1;8;15;A01
201600017405;1;7;0;13;0;3;1;A01
201600017406;1;7;0;13;0;1;1;A01
201600017407;1;7;0;0;2;1;13;A01
201600017407;2;7;0;0;2;1;1;B02
201600017408;0;7;0;0;0;1;0;A01
201600017409;1;7;0;0;2;7;19;B02
201600017409;2;7;0;0;2;1;1;A01
201600017410;2;7;0;0;2;2;19;B02
201600017410;2;7;0;0;2;1;1;A01
201600017411;1;7;0;8;0;2;14;A01
201600017412;1;33;0;16;2;7;17;A01
201600017413;2;33;0;0;0;1;0;A01
201600017414;2;7;0;0;2;1;1;B02
201600017414;1;7;0;0;2;1;13;A01
201600017415;2;7;0;8;0;1;1;A01
201600017416;1;7;0;0;2;1;17;A01
201600017416;2;7;0;0;2;1;1;B02
201600017417;2;7;0;0;2;1;1;A01
201600017417;0;7;0;0;2;6;15;B02
201600017418;1;7;0;13;0;1;13;A01
201600017419;0;7;0;2;0;2;1;A01
201600017420;1;10;0;0;0;0;1;A01
201600017421;0;7;0;9;1;1;20;A01
201600017422;0;7;0;0;1;1;1;A01
201600017423;1;1;0;0;2;4;1;B02
201600017423;1;2;0;0;2;1;2;A01
201600017424;1;33;0;0;2;2;17;A01
201600017425;1;7;0;0;1;6;4;A01
201600017426;2;33;0;0;2;1;1;B02
201600017426;1;7;0;0;2;2;15;A01
201600017427;1;10;0;0;2;1;1;B01
201600017427;1;7;0;0;2;8;15;A01
201600017428;1;10;0;0;2;2;1;D04
201600017428;1;10;0;0;2;2;1;B02
201600017428;2;10;0;3;2;3;13;A01
201600017428;1;10;0;0;2;1;1;C03
201600017429;2;13;0;0;2;3;1;B02
201600017429;1;33;0;0;2;1;5;A01
201600017430;1;2;0;0;2;1;11;A01
201600017430;2;7;0;0;2;3;1;B02
201600017431;1;7;0;2;0;7;0;A01
201600017432;1;7;0;0;2;8;1;A01
201600017432;2;33;0;0;2;1;1;B02
201600017433;2;1;0;0;2;1;19;A01
201600017433;1;7;0;0;0;8;1;B02
201600017434;2;33;0;0;2;8;1;B02
201600017434;1;7;0;0;2;3;15;A01
201600017435;1;33;0;14;0;1;0;A01
201600017436;2;33;0;5;0;9;1;A01
201600017437;2;7;0;1;0;0;1;C03
201600017437;2;7;0;1;0;0;23;A01
201600017437;2;7;0;1;0;4;23;B02
201600017438;2;2;0;0;2;1;1;B02
201600017438;1;7;0;0;2;1;15;A01
201600017439;1;7;0;0;2;2;15;A01
201600017439;2;2;0;0;2;3;1;B02
201600017440;0;7;0;0;1;3;20;A01
201600017441;1;33;0;0;1;1;1;A01
201600017442;1;7;0;0;2;1;1;B02
201600017442;2;7;0;0;2;1;13;A01
201600017443;2;7;0;2;0;8;14;A01
201600017444;1;7;0;0;0;1;13;A01
201600017444;2;10;0;0;0;1;0;B02
201600017445;1;7;0;0;1;3;11;A01
201600017446;1;7;0;0;9;3;9;B02
201600017446;1;1;0;0;2;7;1;A01
201600017447;2;33;0;13;0;1;13;A01
201600017448;2;7;0;0;2;4;2;B02
201600017448;2;33;0;0;2;1;2;A01
201600017449;1;33;0;0;2;3;1;B02
201600017449;2;10;0;0;2;3;17;A01
201600017450;2;7;0;0;9;1;1;A01
201600017450;0;1;0;0;2;8;9;B02
201600017451;1;31;0;0;2;1;1;B02
201600017451;0;7;0;0;2;3;9;A01
201600017452;1;7;0;2;0;1;1;A01
201600017453;0;7;0;0;2;2;1;A01
201600017453;0;7;0;0;2;6;1;B02
201600017454;2;7;0;13;0;1;1;A01
201600017455;2;33;0;0;2;8;1;B02
201600017455;1;7;0;0;2;1;15;A01
201600017455;2;7;0;0;2;8;1;C03
201600017456;1;7;0;0;2;1;1;A01
201600017456;2;7;0;0;2;8;11;C03
201600017456;1;7;0;0;2;2;1;B02
201600017457;2;7;0;2;0;1;1;A01
201600017458;1;33;0;0;0;1;1;B02
201600017458;1;7;0;0;0;5;1;A01
201600017459;1;7;0;0;2;8;19;A01
201600017459;2;7;0;0;2;1;1;B02
201600017460;2;7;0;2;0;6;2;A01
201600017461;1;34;0;6;0;1;0;A01
201600017462;2;7;0;0;0;1;13;A01
201600017462;1;7;0;0;0;1;1;B02
201600017463;0;33;0;0;0;0;0;A01
201600017464;1;33;0;0;2;7;1;B02
201600017464;1;16;0;0;2;8;9;A01
201600017465;2;7;0;0;2;8;21;B02
201600017465;1;33;0;0;2;8;13;A01
201600017466;1;10;0;0;0;6;2;B02
201600017466;1;7;0;1;0;2;2;A01
201600017467;1;33;0;8;0;1;1;A01
201600017468;2;7;0;0;2;1;1;A01
201600017468;0;1;0;0;2;8;1;B02
201600017469;2;7;0;0;2;2;1;A01
201600017469;1;33;0;0;0;6;16;B02
201600017470;1;2;0;0;2;1;17;A01
201600017470;1;7;0;0;2;8;15;B02
201600017471;1;7;0;2;0;3;1;A01
201600017472;2;32;0;14;0;1;1;A01
201600017473;2;7;0;0;2;3;1;A01
201600017473;1;7;0;0;2;3;1;B02
201600017474;2;7;0;0;1;1;1;A01
201600017475;1;7;0;0;2;3;13;A01
201600017475;2;17;0;0;2;3;1;B02
201600017476;1;7;0;0;0;7;15;A01
201600017476;2;1;0;0;2;1;1;B02
201600017477;2;7;0;6;0;1;1;A01
201600017478;1;33;0;8;0;2;13;A01
201600017479;1;33;0;0;1;1;1;A01
201600017480;1;7;0;0;1;1;1;A01
201600017481;2;32;0;0;2;1;13;A01
201600017481;1;7;0;0;2;3;1;B02
201600017482;2;15;0;0;2;3;1;B02
201600017482;1;7;0;0;2;3;1;A01
201600017483;2;7;0;0;0;0;1;A01
201600017484;0;7;0;0;0;0;0;A01
201600017485;2;7;0;0;0;0;0;B02
201600017485;1;7;0;0;0;0;0;A01
201600017486;0;7;0;0;0;0;0;A01
201600017487;0;10;0;0;0;0;0;A01
201600017487;0;7;0;0;0;0;0;C03
201600017487;0;10;0;0;0;0;0;B02
201600017488;2;1;0;0;0;0;0;B02
201600017488;2;7;0;0;0;0;0;A01
201600017489;0;7;0;0;0;0;0;A01
201600017489;0;7;0;0;2;8;15;B02
201600017490;0;7;0;0;2;1;15;A01
201600017490;0;7;0;0;2;8;13;B02
201600017491;1;7;0;0;2;3;13;A01
201600017491;2;7;0;0;2;8;1;B02
201600017492;0;7;0;0;0;0;0;B02
201600017492;0;7;0;0;0;0;0;A01
201600017493;2;7;0;0;2;1;1;B02
201600017493;0;7;0;0;2;8;15;A01
201600017494;0;7;0;0;0;0;0;B02
201600017494;0;7;0;0;0;0;0;A01
201600017495;0;7;0;0;0;0;0;A01
201600017495;0;34;0;0;0;0;0;B02
201600017496;0;2;0;0;0;0;0;A01
201600017497;0;7;0;0;2;3;13;C03
201600017497;0;15;0;0;2;3;1;A01
201600017497;0;7;0;0;2;3;1;B02
201600017498;0;7;0;0;1;1;0;A01
201600017499;0;7;0;2;0;1;1;A01
201600017500;2;7;0;13;0;2;1;A01
201600017501;2;7;0;13;0;2;1;A01
201600017502;0;7;0;0;0;0;0;A01
201600017502;0;7;0;0;0;0;0;B02
201600017503;2;7;0;0;2;3;15;A01
201600017503;1;7;0;0;2;1;13;B02
201600017504;2;7;0;16;0;1;19;A01
201600017505;1;21;0;0;2;3;1;B02
201600017505;2;7;0;0;2;1;11;A01
201600017506;0;7;0;13;0;1;1;A01
201600017507;0;7;0;13;0;1;1;A01
201600017508;0;7;0;0;0;0;0;A01
201600017508;0;7;0;0;0;0;0;B02
201600017509;0;7;0;0;1;1;1;A01
201600017510;0;7;0;5;0;3;1;A01
201600017511;0;7;0;0;0;0;0;A01
201600017511;0;7;0;0;0;0;0;B02
201600017512;0;7;0;0;1;1;1;A01
201600017513;0;7;0;0;1;0;1;A01
201600017514;2;7;0;0;1;1;1;A01
201600017515;0;7;0;0;9;2;2;A01
201600017515;0;1;0;0;2;4;2;B02
201600017516;0;7;0;0;0;0;0;A01
201600017516;0;7;0;0;0;0;0;B02
201600017517;2;7;0;8;0;1;16;A01
201600017518;0;2;0;1;0;7;1;A01
201600017519;0;7;0;0;0;0;0;A01
201600017519;0;7;0;0;0;0;0;B02
201600017520;0;7;0;0;0;0;0;A01
201600017520;0;2;0;0;0;0;0;B02
201600017521;0;7;0;0;0;0;0;A01
201600017521;0;7;0;0;0;0;0;B02
201600017522;1;7;0;0;2;3;1;B02
201600017522;2;7;0;0;2;3;1;A01
201600017523;1;7;0;2;0;1;1;A01
201600017524;0;7;0;0;2;1;13;A01
201600017524;0;7;0;0;2;3;1;B02
201600017525;0;7;0;0;1;2;1;A01
201600017526;2;7;0;0;2;2;1;A01
201600017526;0;7;0;0;2;3;1;B02
201600017527;1;7;0;0;2;1;1;B02
201600017527;2;7;0;0;2;1;5;A01
201600017528;0;7;0;0;0;0;0;A01
201600017528;0;7;0;0;0;0;0;B02
201600017529;0;7;0;0;2;1;1;B02
201600017529;0;7;0;0;0;8;1;A01
201600017530;0;35;0;6;0;1;0;A01
201600017531;0;7;0;0;0;3;0;B02
201600017531;0;7;0;0;0;8;0;C03
201600017531;0;7;0;0;0;2;0;A01
201600017532;1;10;0;0;0;0;0;A01
201600017532;0;2;0;0;0;0;0;B02
201600017533;2;30;0;0;2;3;1;A01
201600017533;1;7;0;0;0;8;17;B02
201600017534;0;35;0;6;0;0;16;A01
201600017535;0;7;0;0;2;3;1;B02
201600017535;0;7;0;0;2;3;1;A01
201600017536;2;35;0;1;0;2;1;A01
201600017537;0;7;0;0;1;1;0;A01
201600017538;2;1;0;0;0;0;1;A01
201600017539;1;2;0;0;2;7;17;B02
201600017539;0;7;0;0;2;3;2;A01
201600017540;0;7;0;0;0;0;0;A01
201600017540;0;7;0;0;0;0;0;B02
201600017541;0;14;0;0;0;0;0;B02
201600017541;0;7;0;0;0;0;0;A01
201600017542;0;7;0;0;0;0;0;A01
201600017542;0;7;0;0;0;0;0;B02
201600017542;0;7;0;0;0;0;0;C03
201600017543;0;7;0;0;0;0;0;A01
201600017544;0;7;0;0;1;0;0;A01
201600017545;0;7;0;0;1;0;0;A01
201600017546;2;7;0;0;0;1;1;A01
201600017546;2;7;0;0;0;1;1;B02
201600017547;0;7;0;0;1;0;0;A01
201600017548;1;7;0;2;0;8;1;A01
201600017549;0;7;0;0;2;1;0;A01
201600017549;0;7;0;0;2;3;19;B02
201600017550;0;7;0;0;0;0;0;B02
201600017550;0;7;0;0;0;0;0;A01
201600017551;0;7;0;0;2;3;15;B02
201600017551;0;7;0;0;2;1;1;A01
201600017552;0;7;0;0;1;0;0;A01
201600017553;0;7;0;0;0;0;0;A01
201600017554;0;7;0;0;0;0;0;B02
201600017554;0;2;0;0;0;0;0;A01
201600017555;2;7;0;0;2;1;1;A01
201600017555;0;30;0;0;2;7;1;B02
201600017556;0;7;0;0;0;3;1;A01
201600017556;0;2;0;0;0;2;1;B02
201600017557;2;7;0;0;2;1;1;B02
201600017557;1;7;0;0;2;1;15;A01
201600017558;2;14;0;0;0;7;1;B02
201600017558;2;7;0;0;2;1;1;A01
201600017559;0;7;0;2;0;1;1;A01
201600017560;0;15;0;0;2;5;15;A01
201600017560;0;7;0;0;2;1;1;B02
201600017561;0;36;0;0;2;1;1;A01
201600017561;0;7;0;0;2;3;1;B02
201600017562;0;7;0;6;0;6;1;A01
201600017563;0;7;0;0;0;0;0;A01
201600017563;0;7;0;0;0;0;0;B02
201600017564;0;7;0;0;0;0;0;A01
201600017565;0;7;0;6;0;3;1;A01
201600017566;1;33;0;0;0;7;17;B02
201600017566;1;10;0;0;2;8;13;A01
201600017567;0;7;0;0;2;1;1;A01
201600017567;0;31;0;0;2;1;13;B02
201600017568;0;7;0;0;0;0;0;A01
201600017569;0;7;0;0;0;0;0;B02
201600017569;0;7;0;0;1;0;0;A01
201600017570;0;7;0;0;0;0;0;A01
201600017571;2;7;0;0;0;0;0;B02
201600017571;1;7;0;0;0;0;0;A01
201600017572;2;7;0;0;2;3;1;B02
201600017572;1;7;0;0;0;3;1;A01
201600017573;2;33;0;6;0;2;0;A01
201600017574;1;7;0;0;2;1;1;B02
201600017574;2;33;0;0;2;1;1;A01
201600017575;2;33;0;8;0;3;17;A01
201600017576;2;30;0;0;2;1;1;B02
201600017576;2;7;0;0;2;3;9;A01
201600017577;1;7;0;13;0;2;1;A01
201600017578;1;7;0;13;0;9;1;A01
201600017579;1;7;0;6;0;2;1;A01
201600017580;2;7;0;0;2;1;1;C03
201600017580;1;7;0;0;2;9;5;A01
201600017580;2;7;0;0;2;3;1;B02
201600017581;1;7;0;0;2;3;21;B02
201600017581;2;31;0;0;2;1;13;A01
201600017582;1;7;0;0;6;3;21;A01
201600017583;1;33;0;0;2;1;0;B02
201600017583;2;7;0;0;2;1;0;A01
201600017584;1;7;0;0;0;1;0;B02
201600017584;1;7;0;0;0;1;1;A01
201600017585;1;32;0;0;0;0;0;A01
201600017586;2;7;0;9;0;1;1;A01
201600017587;1;7;0;13;0;1;1;A01
201600017588;0;7;0;0;2;1;6;A01
201600017588;0;7;0;0;0;2;1;B02
201600017589;0;10;0;0;1;1;1;A01
201600017590;2;7;0;0;1;1;1;B01
201600017590;2;7;0;0;1;1;1;A01
201600017591;2;10;0;0;2;2;15;A01
201600017591;1;33;0;0;2;2;21;B01
201600017592;2;7;0;0;2;8;19;B01
201600017592;1;7;0;0;2;2;1;A01
201600017593;0;10;0;0;2;8;22;A01
201600017594;1;10;0;0;2;2;19;A01
201600017594;2;7;0;0;2;3;1;B01
201600017595;2;7;0;0;0;6;1;A01
201600017595;2;7;0;0;2;1;2;C01
201600017595;2;7;0;0;2;4;2;B01
201600017596;0;7;0;0;1;1;21;A01
201600017597;2;7;0;0;2;1;1;B01
201600017597;0;7;0;0;2;7;1;A01
201600017598;0;7;0;0;2;3;1;A01
201600017598;0;7;0;0;2;3;1;B01
201600017599;0;7;0;0;0;1;1;A01
201600017599;0;7;0;0;0;1;1;B01
201600017600;0;2;0;0;2;1;1;B01
201600017600;0;7;0;0;2;2;11;A01
201600017601;1;30;0;0;1;1;1;A01
201600017602;2;21;0;0;1;3;1;A01
201600017603;1;7;0;0;2;2;1;B01
201600017603;2;7;0;0;2;3;15;A01
201600017604;1;7;0;0;0;4;23;B02
201600017604;1;7;0;0;2;1;2;A01
201600017605;2;7;0;0;2;1;13;A01
201600017605;2;7;0;0;2;4;15;B01
201600017606;1;7;0;0;2;5;19;A01
201600017606;2;7;0;0;2;2;1;B02
201600017607;1;7;0;0;2;3;1;A01
201600017607;2;7;0;0;2;3;1;B01
201600017608;2;7;0;13;0;2;1;A01
201600017609;1;10;0;0;2;1;13;A01
201600017609;2;7;0;0;2;1;1;B01
201600017610;1;7;0;0;2;1;19;B01
201600017610;2;33;0;0;2;7;17;A01
201600017611;2;7;0;13;0;1;21;A01
201600017612;0;30;0;15;0;1;1;A01
201600017613;2;33;0;0;2;1;1;A01
201600017613;1;7;0;0;2;3;15;B01
201600017614;0;30;0;0;0;0;1;A01
201600017615;0;7;0;0;2;0;19;A01
201600017615;1;33;0;0;2;1;1;B02
201600017616;2;7;0;0;0;9;1;A01
201600017617;2;3;0;0;2;1;19;A01
201600017617;2;33;0;0;2;7;1;B01
201600017618;1;7;0;0;2;3;13;A01
201600017618;2;7;0;0;2;3;1;B01
201600017619;0;33;0;13;0;0;1;A01
201600017620;2;7;0;0;0;9;17;A01
201600017621;2;7;0;8;0;7;1;A01
201600017622;2;33;0;0;0;3;21;A01
201600017623;2;7;0;0;9;2;1;A01
201600017623;2;1;0;0;0;4;1;B01
201600017624;2;2;0;0;2;4;2;C01
201600017624;2;7;0;14;0;1;2;B01
201600017624;2;7;0;0;2;2;1;A01
201600017625;0;10;0;0;2;7;15;A01
201600017625;0;33;0;0;2;1;1;B01
201600017626;1;36;0;0;2;1;1;A01
201600017626;2;7;0;0;0;3;15;B01
201600017627;1;7;0;0;2;1;1;A01
201600017627;2;10;0;0;2;1;1;B02
201600017628;2;33;0;0;0;1;14;A01
201600017629;1;7;0;0;2;1;1;A01
201600017629;1;7;0;0;2;3;1;C01
201600017629;1;7;0;0;2;4;23;B01
201600017630;1;10;0;0;;1;21;B02
201600017630;2;10;0;0;2;1;13;A01
201600017631;1;33;0;0;0;0;1;A01
201600017632;2;7;0;8;0;2;14;A01
201600017633;1;7;0;0;2;2;13;A01
201600017633;2;7;0;0;;6;1;B02
201600017634;1;7;0;0;2;3;17;A01
201600017634;1;7;0;0;0;7;17;B02
201600017634;1;7;0;13;0;3;2;C03
201600017635;1;7;0;0;2;1;1;A01
201600017635;2;14;0;0;;8;1;B02