Num_Acc;senc;catv;occutc;obs;obsm;choc;manv;num_veh
201600018034;2;7;0;0;2;2;1;B02
201600018034;1;7;0;0;2;5;4;A01
201600018035;1;7;0;8;0;1;13;A01
201600018036;0;7;0;2;0;9;1;A01
201600018037;2;7;0;0;2;1;13;A01
201600018037;1;7;0;0;2;1;1;B02
201600018038;0;2;0;0;0;0;0;A01
201600018039;1;7;0;0;0;0;1;A01
201600018040;0;7;0;0;2;2;1;A01
201600018040;0;7;0;0;2;1;0;B02
201600018041;2;7;0;0;0;9;13;A01
201600018042;1;7;0;0;2;1;0;B02
201600018042;1;30;0;0;2;1;0;A01
201600018043;0;7;0;0;2;1;0;B02
201600018043;0;7;0;0;2;1;17;A01
201600018044;1;7;0;0;2;3;1;B02
201600018044;2;7;0;0;2;3;13;A01
201600018045;1;33;0;3;0;1;14;A01
201600018046;0;7;0;0;2;3;1;A01
201600018046;0;7;0;0;2;3;1;B02
201600018047;1;7;0;0;0;8;15;A01
201600018047;1;7;0;0;0;1;1;B02
201600018048;0;7;0;0;2;3;1;C03
201600018048;0;7;0;0;2;3;15;A01
201600018048;0;7;0;0;2;1;1;B02
201600018049;1;7;0;0;0;3;16;A01
201600018049;2;7;0;0;0;0;1;B02
201600018050;0;7;0;3;0;1;1;A01
201600018051;1;7;0;0;2;7;19;A01
201600018051;1;7;0;0;2;1;1;B02
201600018052;0;37;0;0;1;0;1;A01
201600018053;1;7;0;0;2;1;13;A01
201600018053;0;7;0;0;0;8;15;B02
201600018054;0;7;0;0;0;3;0;A01
201600018054;0;31;0;0;0;1;0;B02
201600018055;0;7;0;0;2;2;1;A01
201600018055;0;7;0;0;2;1;1;B02
201600018056;1;7;0;0;1;4;1;A01
201600018056;1;7;0;0;2;1;2;B02
201600018057;1;7;0;9;0;2;1;A01
201600018058;2;7;0;0;2;7;1;A01
201600018058;1;7;0;0;2;2;19;B02
201600018059;1;7;0;0;2;1;1;B02
201600018059;2;7;0;0;2;3;13;A01
201600018060;0;7;0;0;2;2;1;B02
201600018060;0;7;0;0;2;8;15;A01
201600018061;1;7;0;13;0;3;1;A01
201600018062;2;7;0;2;0;8;13;A01
201600018063;1;7;0;8;0;8;17;A01
201600018064;0;7;0;0;1;1;16;A01
201600018065;1;7;0;0;1;1;1;A01
201600018066;2;7;0;0;2;1;2;A01
201600018066;2;7;0;0;0;4;15;B02
201600018066;1;7;0;0;2;1;0;C03
201600018067;0;7;0;0;2;3;1;B02
201600018067;2;7;0;0;2;2;9;A01
201600018068;0;7;0;0;1;3;13;A01
201600018069;1;7;0;6;0;1;1;A01
201600018070;2;7;0;0;2;1;1;A01
201600018070;0;7;0;0;2;6;9;B02
201600018071;0;30;0;0;0;4;1;A01
201600018071;0;7;0;0;2;1;1;B02
201600018072;2;32;0;0;2;2;15;A01
201600018072;2;7;0;0;2;1;0;B02
201600018073;2;7;0;0;2;3;5;A01
201600018073;1;7;0;0;2;1;2;B02
201600018074;2;7;0;0;0;1;0;A01
201600018074;2;14;0;0;0;4;0;C03
201600018074;2;7;0;0;0;4;0;B02
201600018075;2;1;0;0;2;1;1;B02
201600018075;2;7;0;0;2;2;19;A01
201600018076;1;7;0;0;2;3;13;A01
201600018076;2;7;0;0;2;3;1;B02
201600018077;2;7;0;0;2;1;5;A01
201600018077;1;33;0;0;2;1;1;B02
201600018078;2;33;0;;;2;17;A01
201600018078;2;7;0;0;2;3;15;B01
201600018079;1;10;0;0;1;2;1;A01
201600018080;1;34;0;0;2;0;1;A01
201600018080;2;7;0;0;2;0;19;B02
201600018081;0;7;0;0;2;8;15;A01
201600018081;0;33;0;0;2;1;1;B02
201600018082;0;7;0;13;0;2;0;A01
201600018083;1;2;0;0;2;0;1;A01
201600018083;1;7;0;0;2;7;19;B02
201600018084;2;7;0;0;0;9;1;A01
201600018085;0;7;0;0;2;2;15;A01
201600018085;0;7;0;0;2;1;1;B02
201600018086;0;7;0;0;2;1;23;C03
201600018086;2;7;0;0;2;3;1;B02
201600018086;1;10;0;0;2;2;15;A01
201600018087;0;7;0;0;2;2;13;B02
201600018087;0;7;0;0;2;2;13;A01
201600018088;0;10;0;0;2;3;15;B02
201600018088;0;7;0;0;2;1;13;A01
201600018089;2;7;0;0;2;1;1;B02
201600018089;1;7;0;0;2;1;1;C03
201600018089;2;7;0;16;0;0;21;D04
201600018089;2;7;0;0;2;5;19;A01
201600018090;1;7;0;0;2;2;15;A01
201600018090;2;2;0;0;2;1;1;B02
201600018091;1;7;0;14;1;2;21;C01
201600018092;0;30;0;0;2;1;19;A01
201600018092;0;7;0;0;2;8;1;B01
201600018093;1;7;0;0;2;3;15;A02
201600018093;1;31;0;0;2;2;1;B01
201600018094;2;7;0;0;2;1;17;A01
201600018094;2;7;0;0;2;3;15;B02
201600018095;2;7;0;2;2;2;2;A01
201600018095;0;30;0;2;2;4;2;B02
201600018096;2;7;0;0;1;2;1;A01
201600018097;1;7;0;0;2;1;13;A01
201600018097;2;7;0;0;2;1;1;B02
201600018097;2;7;0;0;2;8;1;C03
201600018098;1;7;0;0;2;1;15;A01
201600018098;2;7;0;0;2;3;1;B02
201600018099;2;10;0;0;1;2;1;A01
201600018100;2;7;0;0;2;3;13;A01
201600018100;1;7;0;0;2;1;1;B02
201600018101;0;7;0;0;1;1;1;B02
201600018102;1;34;0;0;2;7;17;A01
201600018102;1;10;0;0;2;8;15;B02
201600018103;1;7;0;0;2;3;1;A01
201600018103;2;7;0;0;2;3;1;B02
201600018104;0;1;0;0;2;4;1;A01
201600018104;0;7;0;0;9;2;2;B02
201600018105;1;7;0;0;0;1;1;A01
201600018106;0;33;0;14;0;0;1;A01
201600018107;0;7;0;0;1;2;1;A01
201600018108;2;7;0;0;2;9;23;C01
201600018108;2;7;0;0;2;9;23;B01
201600018108;2;10;0;0;2;1;2;A01
201600018108;2;7;0;0;2;4;23;D01
201600018109;2;7;0;0;1;0;0;A01
201600018110;1;7;0;0;2;1;1;B02
201600018110;2;7;0;0;2;1;15;A01
201600018111;2;7;0;0;1;2;1;A01
201600018112;1;36;0;13;0;2;14;A01
201600018113;1;7;0;8;0;1;14;A01
201600018114;1;2;0;0;6;1;1;A01
201600018115;0;2;0;0;0;2;1;A01
201600018116;2;30;0;0;2;1;13;B02
201600018116;1;7;0;0;2;1;13;A01
201600018117;1;33;0;0;0;1;1;A01
201600018118;1;10;0;0;9;1;1;A01
201600018118;2;1;0;0;2;2;6;B02
201600018119;2;14;0;6;0;1;1;A01
201600018120;2;7;0;0;0;0;2;A01
201600018120;2;33;0;0;0;0;0;B02
201600018121;2;3;0;2;0;1;19;A01
201600018122;2;7;0;13;0;1;1;A01
201600018123;1;7;0;2;0;1;1;A01
201600018124;1;1;0;0;2;8;1;A01
201600018125;0;7;0;2;0;1;1;A01
201600018126;1;7;0;0;0;2;13;A01
201600018126;2;7;0;0;0;0;0;B02
201600018127;2;7;0;13;0;1;1;A01
201600018128;2;10;0;0;0;5;23;B02
201600018128;2;33;0;0;2;7;1;A01
201600018129;1;1;0;0;2;1;1;B01
201600018129;2;7;0;0;9;5;15;A01
201600018130;1;7;0;0;2;8;15;B02
201600018130;1;2;0;0;2;1;17;A01
201600018131;0;7;0;0;2;1;19;A01
201600018131;0;1;0;0;0;6;1;B02
201600018132;1;7;0;0;2;3;1;B02
201600018132;1;33;0;0;2;1;19;A01
201600018133;2;7;0;13;0;3;16;A01
201600018134;1;7;0;2;0;2;0;A01
201600018135;2;7;0;2;0;1;1;A01
201600018136;0;7;0;0;2;1;1;B02
201600018136;0;7;0;0;2;7;15;A01
201600018137;1;7;0;0;2;3;15;A01
201600018137;1;30;0;0;2;1;15;B02
201600018138;0;14;0;0;2;1;1;A01
201600018138;0;7;0;0;2;2;15;B01
201600018139;2;7;0;0;2;5;15;A01
201600018139;1;33;0;0;2;1;1;B01
201600018140;1;7;0;0;1;1;15;A01
201600018141;1;7;0;0;2;1;1;B01
201600018141;2;7;0;0;2;1;13;A01
201600018142;2;7;0;2;0;3;1;A01
201600018143;2;7;0;0;2;1;13;A01
201600018143;1;7;0;0;2;1;1;B02
201600018144;2;33;0;13;0;1;13;A01
201600018145;2;30;0;0;2;7;19;B02
201600018145;1;7;0;0;2;1;1;A01
201600018146;0;30;0;0;2;1;15;A01
201600018146;0;10;0;0;2;2;0;B02
201600018147;1;7;0;0;2;7;19;A01
201600018147;2;33;0;0;2;1;1;B02
201600018148;2;7;0;0;2;1;6;A01
201600018148;1;10;0;0;2;1;0;B02
201600018149;2;33;0;0;0;8;1;A01
201600018150;1;7;0;0;2;2;15;A01
201600018150;2;7;0;0;2;3;1;B02
201600018151;2;33;0;0;2;1;1;B02
201600018151;;7;0;0;2;6;19;A01
201600018152;0;7;0;0;1;2;20;A01
201600018153;0;7;0;2;0;7;1;A01
201600018154;1;7;0;0;2;5;15;A01
201600018154;2;33;0;0;2;1;1;B02
201600018155;1;7;0;0;2;3;9;A01
201600018155;2;33;0;0;2;1;1;B02
201600018156;1;31;0;0;1;1;1;A01
201600018157;2;1;0;0;0;1;2;A01
201600018157;2;1;0;0;0;4;2;B02
201600018158;1;7;0;0;1;2;1;A01
201600018159;1;7;0;0;2;3;13;A01
201600018159;2;17;0;0;2;3;1;B02
201600018160;1;7;0;16;0;1;1;A01
201600018161;1;7;0;13;0;1;1;A01
201600018162;1;7;0;13;0;2;1;A01
201600018163;1;7;0;0;1;1;1;A01
201600018164;1;30;0;0;2;1;1;A01
201600018164;2;10;0;0;2;3;1;B02
201600018165;1;7;0;0;2;2;5;A01
201600018165;2;7;0;0;2;1;1;B02
201600018166;2;7;0;0;0;1;2;A01
201600018166;2;7;0;0;0;4;1;B02
201600018167;0;30;0;0;2;1;19;A01
201600018167;0;7;0;0;2;2;1;B02
201600018168;2;7;0;0;2;3;13;A01
201600018168;1;7;0;0;2;3;1;B02
201600018169;2;7;0;0;1;1;1;A01
201600018170;2;2;0;0;2;1;1;A01
201600018170;1;7;0;0;0;1;0;B02
201600018171;0;7;0;8;0;0;0;A01
201600018172;0;7;0;6;0;3;15;A01
201600018173;0;10;0;0;1;5;4;A01
201600018174;1;7;0;0;0;1;1;B01
201600018174;2;7;0;0;0;1;13;A01
201600018175;2;7;0;8;0;3;1;A01
201600018176;1;7;0;3;2;0;1;A01
201600018176;1;7;0;0;2;8;1;B02
201600018177;0;31;0;0;2;1;1;A01
201600018177;0;7;0;0;9;2;19;B02
201600018178;0;7;0;0;1;1;1;A01
201600018179;2;33;0;0;2;1;1;B02
201600018179;2;7;0;0;0;5;15;A01
201600018180;0;7;0;0;2;1;1;A01
201600018180;0;17;0;0;2;4;1;B02
201600018181;2;14;0;0;2;3;1;B02
201600018181;1;7;0;0;2;1;13;A01
201600018182;1;33;0;0;2;2;1;A01
201600018182;1;33;0;0;0;3;1;B02
201600018183;1;7;0;0;0;3;1;A01
201600018184;0;7;0;0;1;2;1;A01
201600018185;2;7;0;0;0;0;21;B02
201600018185;1;7;0;0;0;2;21;A01
201600018186;1;7;0;13;0;9;1;A01
201600018187;1;2;0;0;2;7;19;B01
201600018187;1;7;0;0;2;3;1;A01
201600018188;0;7;0;0;2;2;1;B02
201600018188;0;7;0;0;2;2;1;A01
201600018189;2;7;0;0;0;5;16;A01
201600018189;1;7;0;0;2;3;1;B01
201600018190;0;30;0;12;0;1;5;A01
201600018191;2;7;0;0;2;1;1;B02
201600018191;2;7;0;0;2;3;15;A01
201600018192;1;7;0;13;0;9;14;A01
201600018193;2;7;0;0;2;1;1;B02
201600018193;0;7;0;0;2;7;15;A01
201600018194;2;7;0;0;2;8;13;A01
201600018194;1;7;0;0;2;3;1;B02
201600018195;1;7;0;0;0;1;1;A01
201600018196;1;7;0;13;0;3;1;A01
201600018197;0;33;0;0;2;1;1;B02
201600018197;0;10;0;0;0;6;19;A01
201600018198;1;7;0;0;1;1;1;A01
201600018199;1;7;0;0;1;8;15;A01
201600018200;0;7;0;2;0;6;0;A01
201600018201;1;7;0;0;2;1;17;A01
201600018201;2;7;0;0;2;1;1;B02
201600018202;2;7;0;0;2;1;19;A01
201600018202;2;7;0;0;2;8;1;B02
201600018203;1;7;0;6;0;1;5;A01
201600018204;0;7;0;0;0;4;17;B02
201600018204;0;10;0;0;2;1;1;A01
201600018205;2;7;0;0;1;2;1;A01
201600018206;0;7;0;0;2;7;1;B02
201600018206;0;30;0;0;2;1;1;C03
201600018206;0;10;0;0;2;1;5;A01
201600018207;1;2;0;0;2;1;1;B02
201600018207;1;7;0;0;2;3;1;A01
201600018208;2;7;0;0;2;1;5;A01
201600018208;1;7;0;0;0;1;1;B02
201600018208;0;10;0;0;2;2;0;C03
201600018209;2;7;0;0;2;2;1;A01
201600018209;0;33;0;0;2;1;15;B02
201600018210;1;7;0;0;2;3;1;B02
201600018210;2;33;0;0;2;1;17;A01
201600018211;1;7;0;13;0;3;1;A01
201600018212;1;7;0;0;2;1;1;B02
201600018212;1;7;0;0;2;1;1;C01
201600018212;2;7;0;0;2;1;13;A01
201600018213;2;7;0;8;0;9;1;A01
201600018214;1;30;0;0;2;1;1;A01
201600018214;2;17;0;0;2;6;15;B02
201600018215;2;3;0;0;2;8;15;B01
201600018215;2;7;0;0;2;1;17;A01
201600018216;2;10;0;6;0;1;1;A01
201600018217;2;7;0;0;2;1;15;A01
201600018217;1;2;0;7;0;8;1;B01
201600018218;1;7;0;0;2;1;1;B01
201600018218;0;7;0;0;2;3;9;A01
201600018219;1;7;0;0;0;1;11;A01
201600018220;2;7;0;0;2;2;1;A01
201600018220;0;7;0;0;2;3;15;B02
201600018221;0;7;0;0;1;3;1;A01
201600018222;1;7;0;13;0;3;1;A01
201600018222;2;33;0;0;2;1;1;B01
201600018223;2;7;0;0;2;1;5;B01
201600018223;1;7;0;0;2;3;1;A01
201600018224;1;33;0;13;0;1;1;A01
201600018225;0;7;0;0;0;9;1;A01
201600018226;0;13;0;0;2;3;1;B02
201600018226;0;7;0;0;2;3;13;A01
201600018227;0;33;0;15;0;0;1;A01
201600018228;0;7;0;0;0;1;1;A01
201600018228;0;7;0;0;0;7;1;B02
201600018229;1;33;0;0;0;0;1;A01
201600018230;1;10;0;13;0;1;16;A01
201600018231;2;7;0;0;2;1;2;C01
201600018231;1;7;0;0;2;1;6;A01
201600018231;2;7;0;0;2;1;1;B01
201600018232;1;7;0;0;1;1;1;A01
201600018233;1;7;0;0;2;3;1;B02
201600018233;1;7;0;0;2;8;9;A01
201600018234;2;33;0;0;2;1;1;A01
201600018234;1;7;0;0;2;2;15;B02
201600018235;0;1;0;0;2;1;1;B02
201600018235;0;7;0;0;9;7;15;A01
201600018236;2;7;0;8;0;2;1;A01
201600018237;2;7;0;0;2;4;2;B02
201600018237;2;10;0;0;2;1;1;A01
201600018238;0;2;0;13;0;1;1;A01
201600018239;1;7;0;0;2;1;1;B02
201600018239;1;7;0;0;2;7;21;C03
201600018239;2;7;0;0;2;1;13;A01
201600018240;2;7;0;0;2;2;1;B02
201600018240;0;3;0;0;2;8;19;A01
201600018241;2;10;0;0;2;1;2;A01
201600018241;2;14;0;0;2;4;2;B02
201600018242;1;14;0;0;2;3;1;B02
201600018242;2;7;0;0;2;3;13;A01
201600018243;0;7;0;0;9;1;9;B01
201600018243;0;1;0;0;0;7;1;A01
201600018244;0;7;0;0;1;1;1;A01
201600018245;1;7;0;0;2;4;15;B01
201600018245;1;7;0;0;2;1;1;A01
201600018245;2;7;0;0;2;1;1;C01
201600018246;2;33;0;0;0;8;23;C01
201600018246;1;7;0;0;2;1;1;A01
201600018246;2;7;0;0;2;8;15;B01
201600018247;2;7;0;0;2;1;19;A01
201600018247;1;30;0;0;2;3;1;B01
201600018248;0;7;0;0;1;2;1;A01
201600018249;2;7;0;0;2;1;1;B01
201600018249;1;7;0;0;2;7;19;A01
201600018250;1;15;0;0;0;5;1;B02
201600018250;1;33;0;0;2;1;1;A01
201600018251;1;7;0;0;2;8;1;A01
201600018251;2;33;0;0;2;1;1;B02
201600018252;2;7;0;0;2;1;1;B02
201600018252;1;7;0;0;2;3;15;A01
201600018253;1;7;0;0;1;3;1;A01
201600018254;0;7;0;0;2;3;16;A01
201600018254;0;2;0;0;2;2;2;B02
201600018255;0;21;0;0;9;7;1;A01
201600018255;0;1;0;0;2;1;19;B02
201600018256;0;7;0;6;1;2;21;A01
201600018257;2;7;0;0;2;8;1;B01
201600018257;1;7;0;0;2;2;13;A01
201600018258;2;7;0;0;2;1;1;B02
201600018258;2;2;0;0;2;9;19;A01
201600018259;0;7;0;0;2;3;1;A01
201600018259;0;1;0;0;0;1;13;B02
201600018260;2;7;0;0;0;4;15;A01
201600018260;2;7;0;0;2;1;1;B02
201600018261;1;7;0;0;2;3;2;B02
201600018261;2;2;0;0;2;5;23;A01
201600018262;1;7;0;4;0;1;1;A01
201600018263;1;38;1;3;2;3;1;B02
201600018263;2;7;0;3;2;3;13;A01
201600018264;2;7;0;0;2;3;5;B02
201600018264;1;7;0;0;2;3;1;A01
201600018265;2;7;0;0;2;1;15;A01
201600018265;0;2;0;0;2;1;1;B01
201600018266;2;10;0;0;2;1;1;C03
201600018266;2;7;0;0;2;1;1;B02
201600018266;1;7;0;0;2;7;13;A01
201600018267;2;7;0;2;0;3;14;A01
201600018268;0;7;0;0;2;6;17;B02
201600018268;0;7;0;0;2;1;2;A01
201600018269;2;2;0;0;2;3;15;B02
201600018269;1;7;0;0;0;3;1;A01
201600018270;1;7;0;0;2;3;1;B01
201600018270;1;7;0;0;2;1;1;D01
201600018270;1;7;0;0;2;3;1;C01
201600018270;2;7;0;0;2;3;13;A01
201600018271;1;1;0;0;2;4;1;B01
201600018271;1;10;0;0;2;2;1;A01
201600018272;1;7;0;0;1;1;1;A01
201600018273;2;7;0;2;0;1;13;A01
201600018274;0;7;0;13;0;9;1;A01
201600018275;1;2;0;6;0;1;1;A01
201600018276;2;7;0;0;0;4;11;B02
201600018276;2;7;0;0;2;1;2;A01
201600018277;0;7;0;0;2;3;10;A01
201600018277;0;33;0;0;2;1;1;B02
201600018278;0;7;0;0;1;2;1;A01
201600018279;0;7;0;0;2;1;1;B02
201600018279;0;1;0;0;2;7;1;A01
201600018280;0;7;0;0;1;3;21;A01
201600018281;0;7;0;0;1;2;0;A01
201600018282;0;7;0;0;1;4;4;A01
201600018283;2;2;0;0;2;6;1;B01
201600018283;2;7;0;0;2;1;1;C01
201600018283;1;7;0;0;2;1;5;A01
201600018284;0;7;0;0;1;2;2;A01
201600018285;2;7;0;0;1;3;21;A01
201600018286;2;7;0;7;0;0;1;A01
201600018287;0;30;0;0;2;3;1;A01
201600018287;0;7;0;0;2;3;1;B02
201600018288;1;33;0;16;0;1;1;A01
201600018289;1;7;0;0;2;1;13;A01
201600018289;2;7;0;0;2;3;1;B02
201600018290;2;32;0;0;2;1;18;A01
201600018290;2;7;0;0;2;8;1;B02
201600018291;0;7;0;0;1;1;2;A01
201600018291;0;7;0;0;1;4;2;B02
201600018292;1;38;1;0;2;3;15;B02
201600018292;1;2;0;0;2;7;17;A01
201600018293;2;7;0;0;2;3;13;A01
201600018293;1;7;0;0;2;3;1;B02
201600018294;1;7;0;0;2;3;17;A01
201600018294;2;7;0;0;2;3;1;B02
201600018295;1;7;0;0;2;1;13;A01
201600018295;2;7;0;0;2;1;1;B02
201600018296;1;33;0;0;2;7;14;A01
201600018296;1;17;0;0;2;5;19;B02
201600018297;1;7;0;13;0;1;1;A01
201600018298;2;33;0;0;2;1;1;A01
201600018298;1;7;0;0;2;3;13;B02
201600018299;1;7;0;0;2;5;17;A01
201600018299;1;7;0;0;2;8;15;B02
201600018300;2;3;0;0;2;2;17;A01
201600018300;1;7;0;0;2;3;1;B02
201600018301;1;7;0;2;0;3;0;A01
201600018302;1;7;0;2;0;0;1;A01
201600018303;1;7;0;0;0;9;0;A01
201600018304;2;7;0;13;0;2;1;A01
201600018305;0;7;0;0;2;2;15;A01
201600018305;0;33;0;0;2;8;1;B02
201600018306;2;7;0;2;2;1;1;B02
201600018306;1;7;0;13;2;2;13;A01
201600018307;2;33;0;0;2;1;1;B02
201600018307;1;2;0;0;2;3;13;A01
201600018308;2;7;0;0;2;3;13;A01
201600018308;1;7;0;0;2;8;1;B02
201600018309;2;7;0;0;2;1;1;B02
201600018309;2;3;0;0;2;3;19;A01
201600018310;1;7;0;13;0;1;1;A01
201600018311;0;7;0;0;0;1;9;A01
201600018311;0;2;0;0;0;7;1;B02
201600018312;2;7;0;0;2;1;1;B02
201600018312;1;7;0;0;2;2;15;A01
201600018313;1;7;0;0;2;0;1;A01
201600018313;1;7;0;0;2;0;19;B02
201600018314;2;7;0;0;2;1;19;A01
201600018314;2;7;0;0;2;8;1;B02
201600018315;1;10;0;0;1;7;1;A01
201600018316;2;7;0;0;2;2;1;B01
201600018316;2;2;0;0;2;3;15;A02
201600018317;1;7;0;0;2;1;1;B02
201600018317;1;7;0;0;2;4;23;A01
201600018318;2;7;0;0;2;3;13;A01
201600018318;1;7;0;0;2;1;1;B02
201600018319;0;7;0;0;2;5;17;A01
201600018319;2;21;0;0;2;3;1;B02
201600018320;2;7;0;0;2;3;19;A01
201600018320;2;33;0;0;2;0;1;B02
201600018321;1;7;0;0;1;1;1;A01
201600018322;1;21;0;0;2;6;1;A01
201600018322;2;31;0;0;2;1;13;B02
201600018323;1;7;0;2;0;1;14;A01
201600018324;2;7;0;6;0;9;14;A01
201600018325;1;33;0;0;0;2;1;A01
201600018326;2;10;0;0;2;1;13;A01
201600018326;1;15;0;0;2;1;1;B02
201600018327;2;7;0;13;0;9;13;A01
201600018328;1;7;0;2;0;8;13;A01
201600018329;1;7;0;3;0;1;13;A01
201600018330;1;7;0;0;1;7;1;A01
201600018331;2;7;0;0;2;3;1;A01
201600018331;1;7;0;0;2;2;19;B02
201600018332;1;7;0;13;0;3;13;A01
201600018333;1;7;0;13;0;3;1;A01
201600018334;1;7;0;15;0;3;1;A01
201600018335;1;7;0;0;2;1;1;A01
201600018335;2;7;0;0;2;1;1;B02
201600018336;1;30;0;0;2;8;13;A01
201600018336;2;7;0;0;2;3;1;B02
201600018337;0;7;0;13;0;9;0;A01
201600018338;2;7;0;0;2;2;15;A01
201600018338;1;30;0;0;2;1;1;B02
201600018339;0;7;0;8;6;3;1;A01
201600018340;1;10;0;0;2;4;2;A01
201600018340;1;7;0;0;2;1;1;B02
201600018340;1;7;0;0;2;4;1;C03
201600018341;0;33;0;0;0;1;0;A01
201600018341;0;7;0;0;0;3;0;B02
201600018342;1;7;0;6;0;2;1;A01
201600018343;1;7;0;6;0;3;1;A01
201600018344;1;7;0;0;2;3;13;A01
201600018344;2;7;0;0;2;3;15;B02
201600018345;2;7;0;6;0;1;1;A01
201600018346;2;7;0;0;0;3;13;A01
201600018346;1;7;0;0;0;1;1;B02
201600018347;1;7;0;8;0;2;14;A01
201600018348;2;33;0;0;2;1;1;A01
201600018348;0;10;0;0;2;3;19;B02
201600018349;2;10;0;6;0;1;13;A01
201600018350;2;7;0;0;2;3;13;A01
201600018350;1;7;0;0;2;1;1;B02
201600018351;1;10;0;0;2;1;13;A01
201600018351;1;7;0;0;2;1;1;B02
201600018352;1;7;0;13;0;2;14;A01
201600018353;1;7;0;16;0;9;1;A01
201600018354;1;7;0;0;1;3;1;A01
201600018355;1;7;0;0;2;3;13;A01
201600018355;2;7;0;0;2;3;1;B02
201600018356;0;1;0;0;5;1;1;A01
201600018357;0;30;0;8;0;1;1;A01
201600018358;1;7;0;13;0;8;1;A01
201600018359;1;7;0;0;1;1;1;A01
201600018360;1;2;0;0;0;0;16;A01
201600018361;0;14;0;2;0;3;1;A01
201600018362;2;7;0;0;2;1;13;A01
201600018362;1;7;0;0;2;1;1;B02
201600018363;1;7;0;3;0;1;1;A01
201600018364;1;10;0;0;0;7;0;A01
201600018365;1;7;0;6;0;1;1;A01
201600018366;1;7;0;0;2;8;19;B02
201600018366;1;7;0;0;2;1;1;A01
201600018367;1;7;0;0;1;2;1;A01
201600018368;2;30;0;0;2;3;21;A01
201600018368;2;30;0;0;0;5;15;B02
201600018369;1;7;0;13;0;1;1;A01
201600018370;1;7;0;0;2;8;19;A01
201600018370;2;2;0;0;2;1;1;B02
201600018371;0;7;0;13;0;3;13;A01
201600018372;1;7;0;0;2;2;15;A01
201600018372;2;7;0;0;2;1;1;B02
201600018372;1;7;0;0;2;1;1;C03
201600018373;1;7;0;0;1;2;17;A01
201600018374;1;1;0;0;2;1;1;B02
201600018374;0;7;0;0;9;7;19;A01
201600018375;2;7;0;0;2;3;1;A01
201600018375;1;7;0;0;2;3;1;B02
201600018376;2;7;0;0;2;4;13;A01
201600018376;1;10;0;0;2;1;1;B02
201600018377;1;7;0;13;0;1;13;A01
201600018378;0;31;0;0;2;8;15;B02
201600018378;0;21;0;0;2;3;1;A01
201600018379;1;7;0;0;2;1;13;A01
201600018379;2;7;0;0;2;1;1;B02
201600018380;0;7;0;0;2;1;17;A01
201600018380;0;7;0;0;2;1;1;B02
201600018381;2;7;0;0;2;3;13;A01
201600018381;1;7;0;0;2;1;1;B02
201600018382;0;2;0;0;2;8;1;A01
201600018382;0;7;0;0;2;6;1;B02
201600018383;2;7;0;0;2;3;1;A01
201600018383;1;21;0;0;2;3;1;B02
201600018384;2;14;0;0;1;1;1;A01
201600018385;2;7;0;0;1;5;15;A01
201600018386;2;2;0;13;0;1;1;A01
201600018387;2;7;0;0;2;2;13;A01
201600018387;1;7;0;0;2;2;1;B02
201600018388;1;7;0;0;1;5;1;A01
201600018389;2;7;0;0;2;1;0;A01
201600018389;1;7;0;0;2;8;1;B02
201600018389;1;7;0;0;2;1;1;C03
201600018390;0;7;0;0;2;2;2;A01
201600018390;0;1;0;0;2;4;2;B02
201600018391;0;17;0;0;1;2;1;A01
201600018392;1;38;5;13;0;7;1;A01
201600018393;2;10;0;13;0;1;1;A01
201600018394;1;7;0;13;0;1;5;A01
201600018395;2;3;0;0;2;2;15;A01
201600018395;1;7;0;0;2;1;1;B02
201600018396;2;7;0;0;2;3;1;A01
201600018396;1;17;0;0;2;6;1;B02
201600018397;0;7;0;0;1;3;13;A01
201600018398;1;7;0;0;2;5;1;B01
201600018398;1;10;0;0;2;1;1;A01
201600018399;2;1;0;0;0;4;2;A01
201600018399;2;10;0;0;2;1;1;B02
201600018400;1;7;0;0;2;1;1;A01
201600018400;2;7;0;0;2;3;13;B02
201600018401;2;30;0;0;2;1;2;A01
201600018401;2;30;0;0;0;4;16;B02
201600018402;2;7;0;0;2;3;1;B02
201600018402;1;7;0;0;2;1;1;A01
201600018403;1;7;0;2;0;1;14;A01
201600018404;2;30;0;0;0;8;15;A01
201600018405;2;7;0;0;2;1;13;A01
201600018405;1;14;0;0;2;1;1;B02
201600018406;0;36;0;2;0;3;1;A01
201600018407;1;7;0;8;0;3;14;A01
201600018408;2;7;0;2;0;1;1;A01
201600018409;1;7;0;3;2;3;9;A01
201600018409;1;15;0;0;2;3;1;B02
201600018410;2;7;0;0;1;2;17;A01
201600018410;2;2;0;0;2;4;23;B02
201600018411;1;7;0;13;0;3;1;A01
201600018412;2;7;0;16;0;9;17;A01
201600018413;0;1;0;0;2;1;1;A01
201600018413;0;1;0;0;2;1;17;B02
201600018414;1;7;0;0;0;0;14;A01
201600018415;1;2;0;0;2;1;16;A01
201600018415;2;2;0;0;2;1;13;B02
201600018416;1;7;0;2;0;1;14;A01
201600018417;1;31;0;1;0;2;1;A01
201600018417;2;7;0;0;2;1;24;B02
201600018418;1;7;0;0;2;1;9;B02
201600018418;1;7;0;0;2;1;1;A01
201600018419;2;7;0;1;0;2;1;A01
201600018419;0;7;0;0;2;4;24;B02
201600018420;2;33;0;0;2;1;1;B02
201600018420;1;7;0;0;2;8;9;A01