Num_Acc;senc;catv;occutc;obs;obsm;choc;manv;num_veh
201600019207;1;15;0;13;0;3;13;A01
201600019208;2;7;0;0;2;3;13;A01
201600019208;1;21;0;0;2;3;1;B02
201600019209;0;2;0;6;0;1;1;A01
201600019210;0;30;0;0;2;1;15;B02
201600019210;0;7;0;0;2;3;1;A01
201600019211;0;15;0;0;2;3;1;B02
201600019211;0;33;0;0;2;1;1;A01
201600019212;2;7;0;0;2;3;1;B02
201600019212;1;10;0;0;2;3;13;A01
201600019213;1;2;0;14;0;8;1;A01
201600019214;2;7;0;2;0;1;1;A01
201600019215;1;10;0;0;1;2;1;A01
201600019216;1;7;0;0;0;2;1;A01
201600019217;2;7;0;2;0;1;1;A01
201600019218;1;7;0;0;2;1;1;A01
201600019218;2;7;0;0;2;1;1;B02
201600019219;1;7;0;0;2;8;1;A01
201600019219;1;7;0;0;2;2;21;B02
201600019220;2;7;0;0;2;3;17;A01
201600019220;1;17;0;0;2;3;1;B02
201600019220;2;7;0;0;2;8;1;C03
201600019221;0;2;0;0;2;1;13;A01
201600019221;0;7;0;0;2;1;1;B02
201600019222;2;7;0;0;2;1;1;B02
201600019222;1;7;0;0;2;1;15;A01
201600019223;1;7;0;0;0;9;1;A01
201600019224;2;7;0;0;2;1;1;A01
201600019224;1;7;0;0;2;1;5;B02
201600019225;1;7;0;0;2;1;5;A01
201600019225;2;7;0;0;2;1;1;B02
201600019226;2;7;0;0;2;3;17;A01
201600019226;1;7;0;0;2;3;1;B02
201600019227;2;7;0;6;0;1;13;A01
201600019228;2;2;0;0;0;0;14;A01
201600019229;2;7;0;6;0;3;0;A01
201600019230;2;7;0;2;0;3;1;A01
201600019231;1;33;0;0;6;3;1;A01
201600019232;2;7;0;2;0;8;1;A01
201600019233;1;7;0;13;0;1;1;A01
201600019234;1;1;0;0;2;8;19;A01
201600019234;2;7;0;0;2;3;1;B02
201600019235;2;7;0;0;2;3;1;A01
201600019235;0;7;0;0;2;6;19;B02
201600019236;2;7;0;6;0;1;1;A01
201600019237;1;7;0;0;1;2;1;A01
201600019238;2;2;0;0;0;8;1;A01
201600019239;2;30;0;0;2;1;1;B02
201600019239;2;7;0;0;2;8;15;A01
201600019240;1;7;0;0;1;3;1;A01
201600019241;1;31;0;0;2;1;1;A01
201600019241;2;10;0;0;2;1;1;B02
201600019242;2;7;0;0;2;8;1;B01
201600019242;2;33;0;0;2;1;17;A01
201600019243;2;7;0;2;0;8;1;A01
201600019244;2;7;0;16;0;9;1;A01
201600019245;0;33;0;0;0;8;1;A01
201600019246;2;33;0;7;2;7;1;B02
201600019246;1;7;0;0;2;8;9;A01
201600019247;2;7;0;0;2;4;11;B02
201600019247;1;7;0;0;2;1;1;C03
201600019247;2;7;0;0;2;1;2;A01
201600019248;1;2;0;0;0;9;1;A01
201600019249;2;33;0;0;0;7;1;A01
201600019250;1;7;0;2;0;1;1;A01
201600019251;1;33;0;3;0;1;16;A01
201600019252;1;17;0;0;2;8;20;B02
201600019252;2;7;0;0;2;1;1;A01
201600019253;2;7;0;0;2;3;1;B01
201600019253;1;10;0;0;2;1;15;A01
201600019254;1;33;0;0;2;1;1;A01
201600019254;2;7;0;0;2;1;15;B01
201600019255;2;7;0;0;0;1;5;A01
201600019255;1;7;0;0;2;1;1;B02
201600019256;0;10;0;0;2;1;17;B02
201600019256;0;7;0;0;2;1;1;A01
201600019257;2;7;0;0;2;1;1;B01
201600019257;1;7;0;3;2;7;17;A01
201600019258;2;10;0;1;0;2;1;A01
201600019259;1;7;0;0;2;1;13;A01
201600019259;2;14;0;0;2;3;1;B02
201600019260;0;7;0;0;1;5;4;A01
201600019261;2;33;0;0;2;1;17;A01
201600019261;0;7;0;0;2;7;16;B02
201600019262;1;2;0;0;2;2;17;B02
201600019262;1;7;0;0;0;6;2;A01
201600019263;2;33;0;0;2;3;5;A01
201600019263;1;7;0;0;2;3;1;B01
201600019264;1;7;0;2;0;7;1;A01
201600019265;0;7;0;0;2;1;11;A01
201600019265;0;13;0;0;2;1;1;B02
201600019266;2;7;0;0;2;1;1;B02
201600019266;1;7;0;1;2;7;1;A01
201600019267;1;2;0;11;0;1;1;A01
201600019268;0;2;0;0;1;1;1;A01
201600019269;0;7;0;0;1;3;2;A01
201600019270;1;7;0;0;2;2;13;A01
201600019270;2;7;0;0;2;3;1;B02
201600019271;0;7;0;2;0;1;17;A01
201600019272;2;7;0;0;2;4;1;C01
201600019272;1;7;0;0;2;3;1;B01
201600019272;2;7;0;0;2;3;17;A01
201600019273;1;7;0;0;1;2;1;A01
201600019274;1;7;0;2;0;1;1;A01
201600019275;1;7;0;2;0;1;0;A01
201600019276;2;7;0;0;2;3;1;B01
201600019276;1;7;0;12;2;2;15;A01
201600019277;2;7;0;0;0;8;15;B01
201600019277;2;33;0;0;2;1;17;A01
201600019278;2;15;0;0;2;2;1;B02
201600019278;2;7;0;0;0;6;9;A01
201600019279;2;7;0;0;1;9;1;A01
201600019280;1;7;0;0;2;3;13;A01
201600019280;2;7;0;0;2;3;1;B02
201600019281;1;7;0;0;2;3;1;A01
201600019281;0;1;0;0;2;1;0;B01
201600019282;1;7;0;6;0;1;1;A01
201600019283;1;33;0;0;2;1;1;B01
201600019283;2;7;0;0;2;2;15;A01
201600019284;1;20;0;0;2;1;13;A01
201600019284;2;17;0;0;2;1;1;B01
201600019285;1;7;0;0;2;8;15;A01
201600019285;2;33;0;0;2;1;1;B01
201600019286;1;7;0;0;2;2;1;B01
201600019286;2;31;0;0;2;3;19;A01
201600019287;1;7;0;0;2;8;15;A01
201600019287;2;33;0;0;2;1;1;B02
201600019288;1;10;0;0;2;1;1;B01
201600019288;0;21;0;0;2;5;19;A01
201600019289;1;33;0;14;0;1;1;A01
201600019290;1;7;0;0;1;8;1;A01
201600019291;2;7;0;0;2;8;17;A01
201600019291;1;7;0;0;2;3;1;B01
201600019292;0;1;0;0;2;8;1;B02
201600019292;0;7;0;0;2;3;15;A01
201600019293;1;7;0;16;0;9;13;A01
201600019294;0;7;0;16;0;3;2;A01
201600019295;0;33;0;16;1;1;2;A01
201600019296;1;33;0;13;0;7;14;A01
201600019297;2;7;0;0;2;2;13;A01
201600019297;1;7;0;0;2;2;1;B02
201600019298;1;36;0;15;0;0;1;A01
201600019299;1;1;0;0;0;8;9;B02
201600019299;2;7;0;0;0;2;0;A01
201600019300;2;31;0;2;0;1;1;A01
201600019301;2;7;0;0;2;3;1;A01
201600019301;1;7;0;0;2;7;19;B02
201600019302;1;7;0;0;2;2;1;B02
201600019302;0;21;0;0;2;6;1;A01
201600019303;1;7;0;0;2;1;17;A01
201600019303;2;7;0;0;2;1;1;B02
201600019304;2;7;0;0;2;3;2;A01
201600019304;2;10;0;0;0;5;23;B01
201600019305;1;2;0;0;0;1;1;A01
201600019306;1;7;0;0;2;7;1;A01
201600019306;1;7;0;0;2;1;9;B02
201600019307;2;2;0;0;2;1;17;A01
201600019307;1;7;0;0;2;3;15;B02
201600019308;2;7;0;0;2;2;15;A01
201600019308;1;7;0;0;2;1;1;B02
201600019309;1;7;0;2;0;9;1;A01
201600019310;1;3;0;0;2;1;2;A01
201600019310;1;7;0;0;0;4;2;B01
201600019311;1;33;0;0;2;1;1;A01
201600019311;2;7;0;0;2;3;1;B02
201600019312;1;7;0;0;1;2;1;A01
201600019313;0;7;0;6;0;2;1;A01
201600019314;1;14;0;0;1;3;1;A01
201600019315;1;14;0;0;1;3;15;A01
201600019316;1;2;0;8;0;3;1;A01
201600019317;2;2;0;0;2;1;1;B02
201600019317;1;7;0;0;2;2;15;A01
201600019318;2;31;0;6;0;1;1;A01
201600019319;2;7;0;0;2;5;19;A01
201600019319;1;7;0;0;2;1;1;B02
201600019320;2;7;0;0;2;1;1;B02
201600019320;1;7;0;0;2;1;1;A01
201600019321;2;7;0;0;2;3;1;B02
201600019321;1;7;0;0;2;3;13;A01
201600019322;0;10;0;13;0;9;1;A01
201600019323;1;14;0;0;0;6;10;A01
201600019323;0;33;0;0;2;1;1;B02
201600019324;0;7;0;0;2;1;1;B02
201600019324;0;21;0;0;2;3;19;A01
201600019325;1;33;0;0;2;1;17;A01
201600019325;0;7;0;0;0;8;15;B02
201600019326;1;7;0;0;2;8;13;B02
201600019326;1;33;0;0;2;1;2;A01
201600019327;0;10;0;13;0;2;1;A01
201600019328;1;7;0;0;2;3;13;A01
201600019328;2;14;0;0;2;6;1;B02
201600019329;1;7;0;0;2;8;1;A01
201600019329;2;1;0;0;2;8;13;B02
201600019330;0;30;0;14;0;8;5;A01
201600019331;0;7;0;2;0;1;1;A01
201600019332;2;7;0;0;2;6;15;A01
201600019332;1;33;0;0;2;6;1;B02
201600019333;1;33;0;0;2;1;1;A01
201600019333;0;7;0;0;2;8;15;B02
201600019334;2;21;0;0;2;3;21;B02
201600019334;1;7;0;0;2;3;13;A01
201600019335;1;7;0;0;2;1;9;A01
201600019335;2;33;0;0;2;6;1;B02
201600019336;2;7;0;13;0;2;1;A01
201600019337;1;10;0;13;0;1;13;A01
201600019338;2;7;0;3;2;3;13;A01
201600019338;1;7;0;0;2;1;1;B02
201600019338;1;7;0;0;2;6;1;C03
201600019339;1;7;0;0;2;1;13;A01
201600019339;2;7;0;0;2;1;1;B02
201600019340;2;7;0;2;0;1;1;A01
201600019341;2;7;0;0;2;1;1;B02
201600019341;0;7;0;0;2;6;1;C03
201600019341;2;7;0;0;2;1;5;A01
201600019342;1;7;0;0;2;1;1;B02
201600019342;2;7;0;0;9;0;1;C03
201600019342;2;7;0;0;2;6;1;D04
201600019342;2;7;0;0;2;1;13;A01
201600019343;0;7;0;0;2;1;1;A01
201600019343;0;7;0;0;2;1;1;B02
201600019344;0;1;0;0;2;2;1;B02
201600019344;0;7;0;0;2;3;9;A01
201600019345;2;7;0;0;2;8;17;B02
201600019345;1;7;0;16;2;1;1;A01
201600019346;1;1;0;0;2;4;2;B02
201600019346;1;7;0;0;9;2;2;A01
201600019347;1;33;0;0;0;7;1;A01
201600019348;1;1;0;0;2;4;19;B02
201600019348;1;33;0;0;9;0;1;A01
201600019349;0;10;0;0;2;1;13;A01
201600019349;0;7;0;0;2;1;1;B02
201600019350;0;7;0;0;2;2;1;C03
201600019350;0;7;0;0;2;1;1;B02
201600019350;0;7;0;0;2;1;17;A01
201600019351;2;33;0;0;2;7;1;A01
201600019351;1;33;0;0;2;8;1;B02
201600019352;1;7;0;0;2;3;1;A01
201600019352;2;7;0;0;2;1;1;B02
201600019353;2;7;0;0;2;3;19;A01
201600019353;2;33;0;0;2;1;1;B02
201600019354;1;10;0;2;0;1;1;A01
201600019355;1;7;0;0;2;6;1;A01
201600019355;1;31;0;0;2;2;1;B02
201600019356;2;7;0;0;1;2;1;A01
201600019357;1;7;0;0;2;3;5;A01
201600019357;2;7;0;0;2;3;13;B02
201600019358;2;33;0;0;2;1;1;A01
201600019358;1;7;0;0;2;3;19;B02
201600019359;2;7;0;0;2;3;23;A01
201600019359;1;7;0;0;2;3;2;C03
201600019359;1;7;0;0;2;1;14;B02
201600019360;1;7;0;2;0;1;1;A01
201600019361;1;7;0;0;2;3;1;B02
201600019361;2;7;0;0;2;3;15;A01
201600019362;1;7;0;0;0;3;15;A01
201600019362;1;33;0;0;0;7;1;B02
201600019363;1;33;0;0;2;7;1;B02
201600019363;0;7;0;0;2;1;9;A01
201600019364;0;33;0;0;2;1;1;B02
201600019364;0;7;0;0;2;7;15;A01
201600019365;0;7;0;0;2;1;1;A01
201600019365;0;7;0;0;2;1;1;B02
201600019366;0;7;0;0;2;1;1;B02
201600019366;0;7;0;0;2;1;1;A01
201600019367;1;7;0;0;2;1;1;A01
201600019367;1;7;0;0;2;3;15;B02
201600019368;0;35;0;0;0;4;13;B02
201600019368;0;33;0;0;2;1;17;A01
201600019369;1;7;0;8;0;8;1;A01
201600019370;2;7;0;0;0;4;0;A01
201600019370;2;7;0;0;2;9;0;B02
201600019370;2;7;0;0;2;1;0;C03
201600019370;2;7;0;0;2;9;0;D04
201600019370;2;7;0;0;0;0;0;E05
201600019370;2;7;0;0;0;4;0;F06
201600019371;1;7;0;0;2;1;13;A01
201600019371;2;7;0;0;2;1;1;B02
201600019372;2;10;0;0;2;3;1;B02
201600019372;1;7;0;0;2;2;10;A01
201600019373;0;7;0;13;0;3;1;A01
201600019374;1;7;0;0;2;3;1;B02
201600019374;1;7;0;0;2;1;1;C03
201600019374;2;7;0;0;2;1;5;A01
201600019375;1;7;0;0;2;2;2;A01
201600019375;1;1;0;0;0;4;2;B02
201600019376;1;7;0;9;0;3;13;A01
201600019377;0;32;0;14;0;1;1;A01
201600019378;0;31;0;0;2;7;17;A01
201600019378;0;7;0;0;2;3;15;B02
201600019379;2;7;0;0;1;1;1;A01
201600019380;1;31;0;0;2;3;13;A01
201600019380;2;7;0;0;2;3;1;B02
201600019381;1;31;0;0;2;8;1;B02
201600019381;2;7;0;0;2;1;15;A01
201600019382;2;7;0;0;2;3;1;B02
201600019382;1;7;0;0;2;3;5;A01
201600019383;2;33;0;0;2;2;17;A01
201600019383;2;10;0;0;2;3;15;B02
201600019384;0;30;0;0;2;1;1;B02
201600019384;0;7;0;0;2;3;9;A01
201600019385;1;7;0;0;2;2;13;A01
201600019385;2;30;0;0;2;7;1;B02
201600019386;2;7;0;0;0;8;1;A01
201600019386;1;7;0;0;0;1;15;B02
201600019387;0;7;0;0;1;2;1;A01
201600019388;0;7;0;2;0;2;1;A01
201600019389;1;30;0;16;0;1;1;A01
201600019390;2;32;0;0;2;1;1;A01
201600019390;0;7;0;0;0;8;19;B02
201600019391;1;10;0;0;2;1;1;B02
201600019391;2;7;0;0;2;3;13;A01
201600019392;1;7;0;0;2;1;5;A01
201600019392;2;7;0;0;2;1;1;B02
201600019393;0;10;0;13;0;1;0;A01
201600019394;1;33;0;0;0;0;15;A01
201600019395;0;7;0;13;0;2;1;A01
201600019395;0;7;0;13;0;2;2;B02
201600019396;0;7;0;9;0;1;1;A01
201600019397;0;2;0;2;0;1;13;A01
201600019398;0;7;0;0;2;5;15;A01
201600019398;0;2;0;0;2;1;1;B02
201600019399;0;1;0;0;2;8;19;B02
201600019399;0;10;0;0;2;1;1;A01
201600019400;1;33;0;8;1;0;1;A01
201600019401;0;7;0;0;2;3;5;A01
201600019401;0;14;0;0;0;8;19;B02
201600019402;1;33;0;0;2;1;1;B02
201600019402;0;7;0;0;2;6;19;A01
201600019403;1;7;0;9;0;1;1;A01
201600019404;1;7;0;0;2;1;1;A01
201600019404;2;7;0;0;2;1;1;B02
201600019405;0;7;0;0;2;2;15;A01
201600019405;0;1;0;0;2;1;15;B02
201600019406;1;1;0;0;2;6;1;A01
201600019406;1;7;0;0;9;7;17;B02
201600019407;1;1;0;0;2;3;0;B02
201600019407;1;7;0;0;0;0;0;A01
201600019408;0;7;0;0;2;7;19;A01
201600019408;0;30;0;0;2;1;1;B02
201600019409;1;13;0;0;2;1;1;B02
201600019409;1;7;0;0;2;8;16;A01
201600019410;2;7;0;0;0;3;1;A01
201600019410;1;7;0;0;2;8;1;B02
201600019411;2;7;0;0;2;1;19;A01
201600019411;1;7;0;0;2;3;1;B02
201600019412;2;7;0;0;2;7;13;A01
201600019412;1;7;0;0;2;1;1;B02
201600019413;2;7;0;0;2;1;15;A01
201600019413;0;7;0;0;2;3;1;B02
201600019413;2;7;0;0;2;1;1;C03
201600019414;2;33;0;0;6;1;1;A01
201600019415;1;7;0;15;0;3;1;A01
201600019416;0;7;0;1;1;1;13;A01
201600019417;2;7;0;0;0;0;1;B02
201600019417;2;33;0;13;0;1;21;A01
201600019418;0;7;0;2;0;1;14;A01
201600019419;1;7;0;0;2;2;1;B02
201600019419;0;7;0;0;2;1;19;A01
201600019420;1;33;0;0;2;6;1;B02
201600019420;1;10;0;0;2;2;1;A01
201600019421;2;7;0;0;2;3;5;B02
201600019421;1;30;0;0;2;1;1;A01
201600019422;1;7;0;0;1;2;1;A01
201600019423;1;7;0;0;0;6;23;C03
201600019423;1;7;0;1;0;1;21;A01
201600019423;1;10;0;3;0;3;1;B02
201600019424;2;7;0;0;2;7;1;A01
201600019424;1;7;0;0;2;1;1;B02
201600019425;2;7;0;0;1;1;1;A01
201600019426;2;33;0;0;2;1;13;A01
201600019426;0;7;0;0;2;3;1;B02
201600019427;1;7;0;0;2;1;13;A01
201600019427;2;14;0;0;2;3;1;B02
201600019428;0;7;0;0;1;1;2;A01
201600019429;2;10;0;0;2;1;15;A01
201600019429;1;7;0;0;2;1;1;B02
201600019430;1;7;0;0;2;3;9;A01
201600019430;2;33;0;0;2;3;0;B02
201600019431;1;7;0;0;2;3;13;A01
201600019431;2;37;0;0;2;3;1;B02
201600019432;0;36;0;0;2;1;17;A01
201600019432;0;7;0;0;2;3;15;B02
201600019433;2;7;0;11;0;9;12;A01
201600019434;0;2;0;0;1;0;19;A01
201600019435;0;7;0;0;9;7;2;A01
201600019435;0;1;0;0;0;8;0;B02
201600019436;0;7;0;14;0;8;0;A01
201600019437;2;7;0;2;0;7;1;A01
201600019438;2;7;0;8;2;1;13;A01
201600019438;1;7;0;0;2;1;1;B02
201600019439;2;7;0;13;0;3;13;A01
201600019440;1;7;0;2;0;7;1;A01
201600019441;1;7;0;0;2;1;1;A01
201600019441;2;7;0;0;2;1;1;B02
201600019442;1;7;0;0;0;3;17;A01
201600019442;2;7;0;0;0;3;0;B02
201600019443;2;7;0;2;0;9;1;A01
201600019444;0;7;0;0;1;2;16;A01
201600019445;0;7;0;0;2;8;15;A01
201600019445;0;30;0;0;2;1;1;B02
201600019446;2;7;0;0;6;1;1;A01
201600019447;2;33;0;0;2;1;1;A01
201600019447;2;14;0;0;2;8;15;B02
201600019448;2;30;0;0;2;1;1;A01
201600019448;1;7;0;0;2;7;15;B02
201600019449;1;7;0;0;2;3;10;A01
201600019449;1;33;0;0;2;1;17;B02
201600019450;1;33;0;0;0;9;1;A01
201600019451;1;7;0;0;1;3;1;A01
201600019452;1;33;0;0;2;1;1;B02
201600019452;2;7;0;0;2;5;15;A01
201600019453;2;7;0;0;2;2;2;A01
201600019453;2;33;0;0;2;4;2;B02
201600019454;2;33;0;0;2;2;1;B02
201600019454;1;7;0;0;0;5;15;A01
201600019455;2;7;0;0;2;3;1;B02
201600019455;1;7;0;0;2;3;1;A01
201600019456;0;7;0;6;0;1;1;A01
201600019457;0;7;0;0;1;4;4;A01
201600019458;0;30;0;0;2;1;1;A01
201600019458;0;7;0;0;2;3;19;B02
201600019459;0;7;0;0;9;2;1;A01
201600019460;0;7;0;0;2;2;5;B02
201600019460;0;7;0;0;2;3;5;A01
201600019461;2;7;0;0;2;3;1;B02
201600019461;1;7;0;0;2;1;13;A01
201600019462;2;7;0;0;2;1;1;A01
201600019462;2;7;0;0;2;4;1;B02
201600019463;1;7;0;2;0;1;13;A01
201600019464;1;33;0;0;6;1;1;A01
201600019465;2;7;0;0;2;1;1;B02
201600019465;1;7;0;0;2;3;13;A01
201600019466;1;2;0;6;0;1;19;A01
201600019467;2;7;0;13;0;9;0;A01
201600019468;0;7;0;13;0;1;0;A01
201600019469;2;10;0;0;2;1;1;B02
201600019469;1;15;0;0;2;8;13;A01
201600019470;2;7;0;0;2;8;10;A01
201600019470;2;33;0;0;2;7;1;B02
201600019471;0;1;0;0;2;4;2;B02
201600019471;0;33;0;0;2;1;2;A01
201600019472;1;7;0;2;0;1;1;A01
201600019473;1;15;0;0;2;1;1;A01
201600019473;2;7;0;0;2;8;1;B02
201600019473;2;7;0;0;2;8;1;C03
201600019474;1;7;0;0;0;0;1;A01
201600019475;1;7;0;0;1;1;1;A01
201600019476;0;7;0;13;0;2;1;A01
201600019477;0;30;0;0;2;0;1;A01
201600019477;0;33;0;0;2;1;1;B02
201600019478;2;33;0;0;2;1;17;B02
201600019478;2;7;0;0;2;6;15;A01
201600019479;1;7;0;0;2;1;5;B02
201600019479;2;7;0;3;2;1;1;A01
201600019480;2;7;0;0;1;2;1;A01
201600019481;0;7;0;0;2;3;13;A01
201600019481;0;3;0;0;2;3;1;B02
201600019482;1;10;0;3;2;3;1;B02
201600019482;1;7;0;0;2;6;13;A01
201600019483;0;1;0;0;2;2;19;B02
201600019483;2;7;0;0;2;3;1;A01
201600019484;1;7;0;0;2;1;13;A01
201600019484;2;7;0;0;2;1;1;B02
201600019485;1;7;0;0;2;3;0;B02
201600019485;1;7;0;0;2;3;0;D04
201600019485;2;33;0;0;2;7;17;A01
201600019485;2;7;0;0;2;8;0;C03
201600019486;0;7;0;0;2;2;5;A01
201600019486;0;10;0;0;2;1;1;B02
201600019487;1;7;0;8;0;2;1;A01
201600019488;1;33;0;0;0;0;0;A01
201600019489;0;33;0;0;2;1;1;B02
201600019489;0;7;0;0;2;5;15;A01
201600019490;0;7;0;0;2;3;15;B02
201600019490;0;31;0;0;2;1;1;A01
201600019491;0;7;0;0;2;7;1;A01
201600019491;0;14;0;0;2;1;0;B02
201600019492;0;7;0;0;1;2;9;A01
201600019493;1;7;0;0;2;1;13;A01
201600019493;0;7;0;0;2;1;13;B02
201600019494;0;7;0;0;2;4;1;A01
201600019494;0;7;0;0;2;1;1;B02
201600019495;2;33;0;0;2;1;1;B02
201600019495;1;7;0;0;2;7;15;A01
201600019496;1;7;0;0;1;3;1;A01
201600019497;1;7;0;0;2;1;13;A01
201600019497;2;7;0;0;0;1;1;B02
201600019497;2;7;0;0;2;2;1;C03
201600019498;0;13;0;0;1;1;1;A01
201600019499;1;7;0;2;0;9;1;A01
201600019500;0;10;0;0;1;5;4;A01
201600019501;1;14;0;0;2;1;1;A01
201600019501;1;7;0;0;2;4;1;B02
201600019501;1;7;0;0;2;4;23;C03
201600019502;1;33;0;0;0;7;1;A01
201600019503;2;10;0;0;2;3;19;A01
201600019503;1;7;0;0;2;1;1;B02
201600019504;1;7;0;0;2;1;13;A01
201600019504;2;7;0;0;2;1;1;B02
201600019505;0;7;0;0;0;9;1;A01
201600019506;1;7;0;0;2;1;1;A01
201600019506;1;2;0;0;2;4;1;B02
201600019507;2;7;0;0;0;0;1;A01
201600019508;1;7;0;0;2;2;1;A01
201600019508;2;7;0;0;2;3;15;B02
201600019509;2;17;0;0;0;4;1;B02
201600019509;2;7;0;0;2;1;1;A01
201600019510;1;7;0;13;0;9;1;A01
201600019511;0;7;0;0;1;3;2;A01
201600019512;2;33;0;6;0;1;19;A01
201600019513;2;33;0;0;2;1;13;A01
201600019513;1;7;0;0;2;1;1;B02
201600019514;2;7;0;13;2;7;1;B02
201600019514;2;7;0;0;2;1;19;A01
201600019515;1;7;0;0;9;2;2;A01
201600019515;1;1;0;0;0;4;1;B01
201600019516;2;10;0;16;0;9;1;A01
201600019517;1;7;0;0;2;3;13;A01
201600019517;1;7;0;0;2;3;1;B02
201600019517;1;7;0;8;2;6;1;C03
201600019518;2;7;0;13;0;1;1;A01
201600019519;2;7;0;0;2;1;13;A01
201600019519;1;7;0;0;2;1;1;B01
201600019520;1;7;0;0;2;3;1;B02
201600019520;1;7;0;0;2;3;1;C03
201600019520;2;7;0;0;2;1;1;A01
201600019520;1;7;0;0;2;3;0;D04
201600019521;1;10;0;0;2;6;1;B02
201600019521;2;7;0;2;0;0;13;A01
201600019522;2;7;0;13;0;2;0;A01
201600019523;1;7;0;2;0;1;1;A01
201600019524;2;7;0;8;0;1;0;A01
201600019525;2;7;0;13;0;1;1;A01
201600019526;2;7;0;8;0;2;1;A01
201600019527;1;7;0;0;0;4;23;B02
201600019527;1;7;0;14;0;1;1;A01
201600019528;1;7;0;0;1;1;15;A01
201600019529;1;7;0;0;2;3;1;B01
201600019529;2;7;0;0;2;1;1;C01
201600019529;2;7;0;0;2;3;13;A01
201600019530;2;7;0;0;1;2;1;A01
201600019531;1;7;0;13;0;0;1;A01
201600019532;0;7;0;2;0;9;1;A01
201600019533;1;7;0;13;0;9;1;A01
201600019534;0;15;0;12;0;7;1;A01
201600019535;2;7;0;13;0;3;13;A01
201600019536;1;7;0;13;0;2;1;A01
201600019537;2;7;0;5;0;2;14;A01
201600019538;0;7;0;0;2;1;19;B02
201600019538;1;33;0;0;2;7;1;A01
201600019539;2;7;0;0;0;2;1;A01
201600019540;1;2;0;0;0;7;2;A01
201600019541;2;7;0;13;0;2;2;A01
201600019542;2;7;0;0;0;6;9;B01
201600019542;1;7;0;7;2;1;1;A01
201600019543;1;7;0;0;2;1;1;B01
201600019543;2;7;0;0;2;8;15;A01
201600019544;0;7;0;7;1;1;1;A01
201600019545;0;7;0;8;0;7;0;A01
201600019546;1;7;0;0;2;3;1;A01
201600019546;2;7;0;0;2;3;1;B02
201600019547;2;7;0;2;0;1;1;A01
201600019548;1;7;0;2;0;2;1;A01
201600019549;2;17;0;0;2;1;1;B01
201600019549;1;7;0;0;2;7;13;A01
201600019550;1;7;0;0;2;1;1;B01
201600019550;1;7;0;0;2;1;1;D01
201600019550;1;7;0;0;0;4;1;C01
201600019550;1;15;0;0;0;4;1;A01
201600019551;2;10;0;0;1;2;1;A01
201600019552;1;7;0;6;0;2;0;A01
201600019553;0;7;0;0;2;1;17;A01
201600019553;0;10;0;0;2;3;1;C03
201600019553;0;7;0;0;2;8;1;D04
201600019553;0;7;0;0;2;6;1;B02
201600019554;2;1;0;0;2;1;1;B02
201600019554;1;7;0;0;9;5;15;A01
201600019555;0;30;0;1;0;1;14;A01
201600019556;0;7;0;0;9;6;1;B02
201600019556;0;1;0;0;2;1;19;A01
201600019557;1;7;0;13;0;2;17;A01
201600019558;0;7;0;8;0;2;1;A01
201600019559;2;10;0;0;2;5;15;B02
201600019559;1;30;0;0;2;1;1;A01
201600019560;0;7;0;13;0;1;1;A01
201600019561;1;33;0;0;0;9;9;A01
201600019562;1;2;0;0;2;1;1;A01
201600019562;0;21;0;0;2;7;1;B01
201600019563;0;1;0;0;2;8;1;B02
201600019563;0;7;0;0;2;3;16;A01
201600019564;1;33;0;0;0;0;17;A01
201600019565;2;33;0;0;0;7;1;A01
201600019566;2;2;0;0;0;0;15;A01
201600019567;2;7;0;3;0;6;11;B02
201600019567;2;33;0;3;2;1;17;A01
201600019568;2;10;0;0;2;1;17;A01
201600019568;1;15;0;0;2;3;21;B03
201600019569;2;7;0;0;2;1;13;A01
201600019569;1;15;0;0;2;1;21;B02
201600019569;2;15;0;1;0;0;21;C03
201600019569;2;15;0;1;0;7;21;D04
201600019570;2;38;10;14;2;5;2;A01
201600019570;2;7;0;0;2;6;2;B02
201600019571;2;7;0;0;2;3;13;A01
201600019571;1;15;0;0;2;3;14;B02
201600019572;2;7;0;0;2;2;1;A01
201600019572;2;17;0;0;2;7;4;B02
201600019573;1;3;0;0;2;1;1;A01
201600019573;0;7;0;0;2;4;23;B02
201600019574;1;7;0;0;2;1;13;A01
201600019574;2;14;0;0;2;1;1;B02
201600019575;2;7;0;0;2;2;1;A01
201600019575;0;7;0;0;2;3;15;B02
201600019576;1;7;0;0;2;2;19;A01
201600019576;0;7;0;0;2;1;1;B02
201600019577;2;7;0;0;2;2;1;A01
201600019577;1;7;0;0;2;3;9;B02
201600019578;1;7;0;1;1;3;1;A01
201600019579;2;7;0;0;2;3;1;B02
201600019579;1;7;0;0;0;1;19;A01
201600019580;2;7;0;8;0;9;1;A01
201600019581;1;7;0;0;2;5;16;A01
201600019581;1;1;0;0;2;1;1;B02
201600019582;1;33;0;13;0;1;1;A01
201600019583;2;7;0;2;0;1;1;A01
201600019584;2;7;0;0;2;3;13;A01
201600019584;1;7;0;0;2;3;0;B02
201600019585;2;7;0;2;0;8;1;A01
201600019586;1;7;0;0;0;3;13;A01
201600019586;2;7;0;0;2;3;0;B02
201600019587;1;10;0;8;2;2;5;A01
201600019587;2;7;0;0;2;2;1;B02
201600019588;0;7;0;0;2;3;1;B02