Num_Acc;senc;catv;occutc;obs;obsm;choc;manv;num_veh
201600019588;0;7;0;0;2;3;1;A01
201600019589;2;33;0;13;0;8;1;A01
201600019590;1;7;0;13;0;1;1;A01
201600019591;2;7;0;0;1;2;9;A01
201600019592;1;30;0;16;0;1;1;A01
201600019593;2;7;0;0;2;1;17;A01
201600019593;2;7;0;0;2;1;1;B02
201600019594;1;7;0;0;2;1;1;B02
201600019594;2;7;0;0;2;1;19;A01
201600019595;1;7;0;0;1;4;4;A01
201600019596;0;7;0;0;2;3;16;A01
201600019596;0;30;0;0;2;2;1;B02
201600019597;0;7;0;0;1;3;15;A01
201600019598;2;7;0;0;2;8;9;A01
201600019598;2;17;0;0;2;1;1;B02
201600019599;2;7;0;6;0;3;1;A01
201600019600;0;7;0;0;2;1;1;B02
201600019600;0;7;0;0;2;1;1;A01
201600019601;1;7;0;0;2;5;16;A01
201600019601;2;33;0;0;2;1;1;B02
201600019602;2;7;0;0;2;1;1;A01
201600019602;1;7;0;0;2;1;1;B02
201600019603;2;10;0;0;2;2;1;A01
201600019603;2;7;0;0;2;6;0;B02
201600019604;1;2;0;0;2;3;17;B02
201600019604;1;7;0;0;2;3;1;A01
201600019605;1;7;0;0;2;7;1;B02
201600019605;1;7;0;0;2;1;19;A01
201600019606;0;33;0;0;2;7;17;B02
201600019606;0;7;0;0;2;8;15;A01
201600019607;1;33;0;0;2;8;1;B02
201600019607;2;7;0;0;2;3;1;A01
201600019608;1;2;0;0;2;1;1;B02
201600019608;1;7;0;0;2;8;15;A01
201600019609;1;1;0;0;2;1;1;B02
201600019609;2;7;0;0;2;2;15;A01
201600019610;0;33;0;0;2;4;1;B02
201600019610;0;7;0;0;2;1;9;A01
201600019610;0;7;0;0;2;7;1;C03
201600019611;1;7;0;0;2;3;13;B02
201600019611;2;10;0;0;2;1;1;A01
201600019612;1;13;0;13;0;1;1;A01
201600019613;0;13;0;0;2;1;13;A01
201600019613;0;7;0;0;2;1;1;B02
201600019614;2;7;0;0;2;8;1;A01
201600019614;1;33;0;0;2;1;19;B02
201600019615;0;2;0;0;2;1;17;A01
201600019615;0;7;0;0;2;4;17;B02
201600019616;0;7;0;0;2;1;1;A01
201600019616;0;32;0;0;2;4;1;B02
201600019617;2;7;0;0;2;7;15;A01
201600019617;1;31;0;0;2;1;1;B02
201600019618;1;10;0;13;0;2;1;A01
201600019619;2;7;0;0;2;1;1;B02
201600019619;0;7;0;0;2;3;15;A01
201600019620;2;14;0;0;2;6;1;B02
201600019620;2;7;0;4;2;1;17;A01
201600019621;2;7;0;13;0;9;1;A01
201600019622;1;7;0;0;2;3;5;A01
201600019622;2;7;0;0;2;3;1;B02
201600019623;2;7;0;4;2;1;5;A01
201600019623;1;7;0;0;2;6;1;B02
201600019624;1;10;0;4;0;3;0;A01
201600019625;1;7;0;3;0;3;13;A01
201600019626;2;15;0;0;1;1;15;A01
201600019627;1;7;0;3;0;8;13;A01
201600019628;2;10;0;13;0;4;1;A01
201600019629;2;7;0;5;0;1;1;A01
201600019630;0;7;0;0;1;3;16;A01
201600019631;1;7;0;0;2;6;1;B02
201600019631;1;33;0;0;2;1;1;A01
201600019632;0;7;0;0;1;1;1;A01
201600019633;2;7;0;0;0;4;1;B02
201600019633;2;34;0;0;2;1;2;C03
201600019633;2;7;0;8;0;7;1;A01
201600019634;2;2;0;0;2;1;17;B02
201600019634;2;7;0;0;0;6;15;A01
201600019635;2;33;0;0;2;1;17;B02
201600019635;2;7;0;0;2;3;15;A01
201600019636;2;7;0;0;2;3;1;A01
201600019636;1;7;0;0;2;3;1;B02
201600019637;1;7;0;0;9;2;2;A01
201600019637;1;1;0;0;0;4;2;B02
201600019638;0;7;0;0;9;3;1;A01
201600019638;0;1;0;0;2;2;19;B02
201600019639;2;7;0;13;0;7;0;A01
201600019640;1;10;0;0;2;1;2;C03
201600019640;2;7;0;0;2;3;13;A01
201600019640;1;10;0;0;2;3;1;B02
201600019641;1;7;0;0;2;5;17;A01
201600019641;1;1;0;0;2;8;1;B02
201600019642;0;7;0;0;1;1;15;A01
201600019643;1;7;0;0;1;1;16;A01
201600019644;0;7;0;0;0;8;0;A01
201600019645;2;33;0;0;2;1;1;A01
201600019645;1;7;0;0;2;1;8;B01
201600019646;2;10;0;0;1;2;1;A01
201600019647;2;7;0;0;2;3;15;A01
201600019647;1;30;0;0;2;1;1;B01
201600019648;1;7;0;0;2;3;15;A01
201600019648;2;2;0;0;2;1;1;B01
201600019649;2;10;0;0;2;1;1;A01
201600019649;1;7;0;0;2;1;13;B01
201600019650;0;7;0;0;1;4;20;A01
201600019651;2;7;0;0;2;4;15;A01
201600019651;1;31;0;0;2;1;1;B01
201600019652;2;7;0;0;1;1;1;A01
201600019653;2;14;0;0;1;2;1;A01
201600019654;2;7;0;0;1;1;1;A01
201600019655;1;7;0;0;1;1;1;A01
201600019656;1;7;0;8;0;9;1;A01
201600019657;2;7;0;13;0;1;1;A01
201600019658;1;7;0;0;0;9;1;A01
201600019659;2;15;0;0;2;4;2;A01
201600019659;2;15;0;0;2;1;2;B01
201600019659;2;15;0;0;2;4;2;C01
201600019660;1;7;0;0;1;2;1;A01
201600019661;2;7;0;0;2;6;16;B01
201600019661;1;7;0;0;2;1;9;A01
201600019662;1;7;0;0;1;2;1;A01
201600019663;2;33;0;12;0;1;1;A01
201600019664;1;10;0;0;1;2;1;A01
201600019665;1;7;0;0;1;3;1;A01
201600019666;1;37;45;0;1;5;1;A01
201600019667;1;7;0;0;1;2;1;A01
201600019668;1;7;0;0;2;8;15;A01
201600019668;1;31;0;0;2;2;17;B01
201600019669;2;7;0;6;0;1;1;A01
201600019670;2;7;0;0;2;1;13;A01
201600019670;1;7;0;0;2;1;1;B01
201600019671;1;7;0;0;1;3;13;A01
201600019672;1;7;0;0;2;1;19;A01
201600019672;2;7;0;0;2;1;1;B01
201600019672;2;7;0;0;2;1;1;C01
201600019673;2;7;0;0;1;4;4;A01
201600019674;1;7;0;0;2;1;13;A01
201600019674;2;7;0;0;2;1;1;B01
201600019675;2;7;0;0;2;1;1;A01
201600019675;1;7;0;0;2;7;13;B01
201600019676;1;33;0;16;0;7;1;A01
201600019677;2;33;0;0;2;8;17;A01
201600019678;2;33;0;0;2;1;17;A01
201600019678;2;7;0;0;2;6;15;B01
201600019679;1;7;0;0;2;7;16;A01
201600019679;1;31;0;0;2;1;18;B01
201600019680;1;7;0;9;0;9;1;A01
201600019681;1;7;0;12;0;0;1;A01
201600019682;2;7;0;0;1;1;1;A01
201600019683;2;7;0;0;2;1;1;A01
201600019683;1;7;0;0;2;1;1;B01
201600019684;1;7;0;14;2;1;13;B01
201600019684;1;7;0;0;2;3;1;A01
201600019685;1;7;0;0;1;1;1;A01
201600019686;2;7;0;0;1;1;1;A01
201600019687;1;7;0;0;1;1;1;A01
201600019688;2;7;0;0;1;3;2;A01
201600019689;1;32;0;0;2;7;1;A01
201600019689;2;7;0;0;2;3;1;B01
201600019690;2;30;0;0;2;1;1;A01
201600019690;1;7;0;0;2;3;15;B01
201600019691;1;31;0;0;2;1;15;A01
201600019691;2;7;0;0;2;1;1;B01
201600019692;1;7;0;0;2;1;13;A01
201600019692;2;7;0;0;2;8;1;B01
201600019692;2;7;0;0;2;1;1;C01
201600019693;1;7;0;0;2;1;13;A01
201600019693;2;7;0;0;2;1;1;B01
201600019694;1;1;0;0;2;1;1;B01
201600019694;2;2;0;0;2;1;19;A01
201600019695;2;7;0;0;2;6;9;A01
201600019695;1;1;0;0;2;1;1;B01
201600019696;2;7;0;0;2;1;15;A01
201600019696;1;32;0;0;2;8;1;B01
201600019697;1;2;0;0;2;1;1;B01
201600019697;2;7;0;0;2;2;19;A01
201600019698;2;7;0;0;1;2;1;A01
201600019699;2;7;0;0;2;2;1;B01
201600019699;1;2;0;0;2;1;1;A01
201600019700;1;10;0;0;0;0;19;A01
201600019700;1;7;0;0;2;1;21;B02
201600019701;1;31;0;0;6;2;1;A01
201600019702;1;7;0;0;2;3;1;B01
201600019702;2;10;0;0;2;2;16;A01
201600019703;0;33;0;0;0;1;0;B02
201600019703;1;7;0;0;0;7;15;A01
201600019704;0;7;0;14;0;3;1;A01
201600019705;0;7;0;8;0;2;1;A01
201600019706;2;7;0;0;1;3;1;A01
201600019707;1;1;0;0;0;8;1;B02
201600019707;2;7;0;0;0;1;16;A01
201600019708;0;33;0;0;9;8;1;A01
201600019709;0;33;0;8;0;8;17;A01
201600019710;0;7;0;2;0;1;2;A01
201600019711;0;7;0;0;9;1;9;A01
201600019711;0;1;0;0;2;7;1;B02
201600019712;1;7;0;;;;1;A01
201600019713;2;2;0;12;0;5;1;A01
201600019714;2;14;0;0;2;8;1;A01
201600019714;1;37;8;0;2;8;1;B01
201600019715;1;7;0;1;1;1;6;A01
201600019716;2;33;0;0;2;1;18;A01
201600019716;2;7;0;0;2;5;12;B01
201600019717;1;7;0;0;2;2;15;A01
201600019717;2;2;0;0;2;1;1;B01
201600019718;2;7;0;0;2;3;19;A01
201600019718;1;7;0;0;2;1;1;B01
201600019719;1;7;0;0;2;1;2;A01
201600019719;1;7;0;0;1;4;1;B01
201600019720;1;7;0;0;2;1;2;A01
201600019720;1;3;0;0;2;4;2;B01
201600019721;1;10;0;0;9;7;1;A01
201600019721;1;1;0;0;2;8;13;B01
201600019722;1;7;0;0;2;1;2;A01
201600019722;1;7;0;0;2;4;2;B01
201600019723;1;30;0;0;2;3;1;A01
201600019723;1;7;0;0;0;0;0;B01
201600019724;2;2;0;12;0;1;1;A01
201600019725;1;7;0;0;2;3;9;A01
201600019725;2;33;0;0;2;1;1;B01
201600019726;2;7;0;0;2;1;15;A01
201600019726;2;7;0;0;0;0;0;B01
201600019727;1;30;0;16;0;8;15;A01
201600019728;1;2;0;16;0;8;0;A01
201600019729;1;7;0;0;2;2;1;A01
201600019729;2;2;0;0;2;1;1;B01
201600019730;2;7;0;8;0;1;1;A01
201600019731;2;7;0;0;2;1;2;A01
201600019731;2;7;0;0;2;4;2;B01
201600019732;1;7;0;0;1;2;1;A01
201600019733;1;33;0;0;2;1;1;B01
201600019733;1;7;0;0;2;3;1;A01
201600019734;2;7;0;0;2;1;13;A01
201600019734;2;14;0;0;2;3;1;B01
201600019735;2;7;0;13;0;3;13;A01
201600019736;1;2;0;0;2;1;2;A01
201600019736;1;7;0;0;2;3;1;B01
201600019737;2;7;0;0;1;7;1;A01
201600019738;1;7;0;11;0;1;1;A01
201600019739;1;30;0;12;0;8;0;A01
201600019740;1;7;0;16;0;0;19;A01
201600019741;1;7;0;0;1;2;1;A01
201600019742;2;7;0;0;2;3;0;A01
201600019742;1;7;0;0;2;1;0;B01
201600019743;2;30;0;16;0;3;1;A01
201600019744;2;7;0;2;0;8;0;A01
201600019745;0;7;0;0;2;1;2;A01
201600019745;1;33;0;0;0;0;0;B01
201600019746;1;7;0;0;2;1;2;A01
201600019746;1;7;0;0;2;4;2;B01
201600019747;1;7;0;0;2;4;2;A01
201600019747;1;7;0;0;2;1;2;B01
201600019747;1;7;0;0;2;1;2;C01
201600019748;1;7;0;0;2;4;2;A01
201600019748;1;7;0;0;2;1;2;B01
201600019749;2;7;0;0;2;4;2;A01
201600019749;2;7;0;0;2;1;2;B01
201600019749;2;7;0;0;2;1;2;C01
201600019750;1;30;0;0;0;7;1;A01
201600019751;1;7;0;0;1;1;1;A01
201600019752;1;7;0;6;0;1;2;A01
201600019753;1;1;0;0;2;7;1;B01
201600019753;1;7;0;0;2;1;1;A01
201600019754;0;31;0;0;0;7;1;A01
201600019755;1;7;0;0;1;4;4;A01
201600019756;1;30;0;0;2;1;2;A01
201600019756;1;7;0;0;2;4;2;B01
201600019757;1;7;0;0;2;1;19;A01
201600019757;1;7;0;0;2;8;1;B01
201600019758;1;7;0;0;2;3;13;A01
201600019758;2;37;1;0;2;3;1;B01
201600019759;1;7;0;0;0;7;1;A01
201600019760;1;7;0;0;2;1;2;A01
201600019760;1;1;0;0;0;0;0;B01
201600019761;2;31;0;0;2;1;2;A01
201600019761;2;7;0;0;2;4;2;B01
201600019762;1;7;0;8;0;1;14;A01
201600019763;1;7;0;0;2;1;2;A01
201600019763;1;7;0;0;2;4;2;B01
201600019763;1;7;0;0;2;4;2;C01
201600019764;1;7;0;6;0;1;2;A01
201600019765;1;1;0;0;2;4;2;B01
201600019765;1;7;0;0;2;1;1;Z01
201600019766;1;7;0;0;2;1;1;A01
201600019766;1;1;0;0;2;8;19;B01
201600019767;1;7;0;8;0;1;1;A01
201600019768;1;7;0;0;2;1;2;A01
201600019768;1;7;0;0;2;4;2;B01
201600019768;1;7;0;0;2;4;2;C01
201600019769;1;7;0;0;2;1;14;A01
201600019769;1;1;0;0;2;4;1;B01
201600019770;1;15;0;0;2;1;2;A01
201600019770;1;7;0;0;2;4;2;B01
201600019771;1;7;0;0;2;1;9;A01
201600019771;1;1;0;0;2;7;0;B01
201600019772;1;7;0;0;2;7;1;B01
201600019772;1;7;0;0;2;1;19;A01
201600019773;1;7;0;0;9;1;2;A01
201600019773;1;1;0;0;2;4;2;B01
201600019774;1;7;0;1;1;1;1;A01
201600019774;1;7;0;0;0;4;4;B01
201600019775;1;2;0;0;2;7;21;A01
201600019776;1;31;0;11;0;1;2;A01
201600019777;1;7;0;0;2;1;1;A01
201600019777;1;3;0;0;2;1;1;B01
201600019778;1;7;0;0;2;2;14;A01
201600019778;1;1;0;0;2;4;1;B01
201600019779;1;7;0;0;1;1;1;A01
201600019780;1;7;0;0;2;1;2;A01
201600019780;1;1;0;0;2;4;2;B01
201600019781;1;7;0;0;2;3;13;A01
201600019781;2;7;0;0;2;1;1;B01
201600019782;1;7;0;0;1;1;1;A01
201600019782;1;7;0;0;2;1;2;B01
201600019783;1;33;0;0;1;7;2;A01
201600019784;1;7;0;0;2;1;2;A01
201600019784;1;1;0;0;2;4;2;B01
201600019785;1;7;0;0;2;2;15;A01
201600019785;1;1;0;0;2;1;1;B01
201600019786;1;7;0;0;1;1;14;Z01
201600019787;1;7;0;0;6;9;2;A01
201600019788;1;7;0;0;2;7;2;A01
201600019788;1;1;0;0;2;1;2;B01
201600019789;1;7;0;0;2;1;1;A01
201600019789;1;1;0;0;2;7;1;B01
201600019790;1;7;0;0;0;1;19;A01
201600019791;1;7;0;0;2;4;2;A01
201600019791;1;7;0;0;2;1;2;B01
201600019792;2;10;0;0;2;1;2;A01
201600019792;2;7;0;0;2;4;2;B01
201600019793;1;7;0;0;2;3;10;A01
201600019793;1;33;0;0;2;1;1;B01
201600019794;1;7;0;0;1;2;2;A01
201600019795;1;30;0;0;2;1;17;A01
201600019795;1;7;0;0;2;8;20;B01
201600019796;1;7;0;0;1;1;2;A01
201600019797;1;7;0;0;2;3;19;A01
201600019797;1;32;0;0;2;2;19;B01
201600019798;1;7;0;0;2;4;2;A01
201600019798;1;33;0;0;2;1;2;B01
201600019799;1;7;0;0;2;1;9;A01
201600019799;1;32;0;0;2;7;1;B01
201600019800;1;7;0;0;2;1;1;A01
201600019800;1;7;0;0;2;4;2;B01
201600019801;1;7;0;0;2;1;13;A01
201600019801;2;7;0;0;2;3;1;B01
201600019801;2;7;0;0;2;3;1;C01
201600019802;1;7;0;0;2;1;2;A01
201600019802;1;7;0;0;2;4;2;B01
201600019803;2;7;0;0;0;0;0;A01
201600019804;2;7;0;0;2;1;2;A01
201600019804;2;7;0;0;2;4;2;B01
201600019804;2;7;0;0;2;4;2;C01
201600019805;1;7;0;0;1;5;0;A01
201600019806;1;2;0;0;2;7;2;B01
201600019806;1;7;0;0;2;3;9;A01
201600019807;2;7;0;0;1;3;1;A01
201600019808;1;7;0;0;2;1;2;A01
201600019808;1;7;0;0;2;4;2;B01
201600019809;2;7;0;0;2;1;2;A01
201600019809;2;7;0;0;2;4;2;B01
201600019810;1;33;0;0;0;7;2;A01
201600019811;2;7;0;0;2;2;15;A01
201600019811;2;30;0;0;2;1;2;B01
201600019812;2;7;0;0;2;1;0;A01
201600019812;2;7;0;0;2;4;0;B01
201600019812;2;7;0;0;0;0;0;C01
201600019813;1;1;0;0;2;7;2;B01
201600019813;2;7;0;0;9;2;19;A01
201600019814;2;7;0;0;2;1;2;A01
201600019814;2;7;0;0;2;1;2;B01
201600019814;2;7;0;0;2;4;2;C01
201600019815;1;7;0;0;1;4;4;A01
201600019816;2;7;0;0;1;1;2;A01
201600019817;2;7;0;0;5;4;14;A01
201600019818;2;7;0;0;2;1;1;A01
201600019818;2;1;0;0;2;1;11;B01
201600019819;2;7;0;0;2;1;2;B01
201600019819;2;7;0;0;2;8;2;A01
201600019820;1;7;0;0;2;1;0;B01
201600019820;1;7;0;0;2;8;0;A01
201600019821;1;34;0;0;2;1;5;A01
201600019821;1;7;0;0;2;1;5;B01
201600019822;1;7;0;0;2;5;15;A01
201600019822;1;7;0;0;2;1;2;B01
201600019823;1;7;0;0;2;1;15;A01
201600019823;1;34;0;0;2;1;2;B01
201600019824;1;7;0;3;0;1;1;A01
201600019825;1;7;0;0;2;2;2;A01
201600019825;1;7;0;0;2;3;2;B01
201600019826;1;7;0;0;2;1;2;A01
201600019826;1;7;0;0;2;1;9;B01
201600019827;1;7;0;2;0;1;2;A01
201600019828;1;7;0;0;0;0;0;A01
201600019829;1;7;0;0;2;1;2;A01
201600019829;1;2;0;0;2;4;2;B01
201600019830;1;20;0;0;2;1;2;A01
201600019830;1;7;0;0;2;4;2;B01
201600019831;2;33;0;0;2;2;1;A01
201600019831;1;7;0;0;2;3;19;B01
201600019832;1;7;0;0;1;2;0;A01
201600019833;1;30;0;0;0;7;2;A01
201600019834;1;7;0;0;2;3;20;A01
201600019834;1;2;0;0;2;1;1;B01
201600019835;1;7;0;0;2;3;0;A01
201600019835;1;33;0;0;2;3;0;B01
201600019836;2;7;0;0;2;1;2;A01
201600019836;2;7;0;0;2;4;2;B01
201600019836;2;7;0;0;2;4;2;C01
201600019837;1;7;0;9;0;0;1;A01
201600019838;1;7;0;0;2;3;15;A01
201600019838;1;2;0;0;2;1;2;B01
201600019839;1;7;0;0;2;1;2;A01
201600019839;1;7;0;0;2;3;16;B01
201600019840;1;1;0;0;2;8;2;A01
201600019841;1;7;0;0;2;1;1;A01
201600019841;1;10;0;0;2;4;2;B01
201600019842;1;7;0;0;2;8;2;A01
201600019842;1;37;1;0;2;2;1;B01
201600019843;1;2;0;0;2;1;2;A01
201600019843;1;7;0;0;2;2;0;B01
201600019844;1;10;0;0;2;3;15;A01
201600019844;1;31;0;0;2;1;2;B01
201600019845;1;1;0;0;9;0;1;A01
201600019845;1;1;0;0;0;0;0;B01
201600019846;1;7;0;0;2;1;1;A01
201600019846;2;7;0;0;2;6;1;B01
201600019847;1;10;0;0;2;3;13;A01
201600019847;2;13;0;0;2;3;1;B01
201600019848;1;3;0;0;2;1;2;A01
201600019848;1;34;0;0;2;4;23;B01
201600019849;1;7;0;0;2;1;2;A01
201600019849;1;1;0;0;2;4;2;B01
201600019850;1;34;0;0;0;7;21;A01
201600019851;1;7;0;0;2;4;2;A01
201600019851;1;31;0;0;2;1;2;B01
201600019852;1;10;0;0;2;0;19;A01
201600019852;1;34;0;0;2;8;1;B01
201600019853;1;7;0;0;2;7;19;A01
201600019853;1;7;0;0;2;1;19;B01
201600019854;1;2;0;0;2;1;2;A01
201600019854;1;7;0;0;2;4;2;B01
201600019855;1;7;0;0;2;1;15;A01
201600019855;1;7;0;0;2;1;2;B01
201600019855;1;7;0;0;2;1;0;C01
201600019856;1;7;0;0;2;2;15;A01
201600019856;2;2;0;0;2;1;2;B01
201600019857;1;7;0;0;0;1;2;A01
201600019858;1;7;0;0;2;3;11;A01
201600019858;1;32;0;0;2;7;2;B01
201600019859;1;1;0;0;2;1;0;B01
201600019859;1;7;0;0;2;3;2;A01
201600019860;1;7;0;0;2;3;15;A01
201600019860;1;34;0;0;2;1;17;B01
201600019861;1;7;0;0;2;2;15;A01
201600019861;2;7;0;0;2;1;2;B01
201600019862;2;7;0;0;2;1;7;A01
201600019862;1;7;0;0;2;8;16;B01
201600019863;1;7;0;1;0;1;13;A01
201600019864;1;7;0;0;2;1;2;A01
201600019864;1;32;0;0;2;4;2;B01
201600019865;1;7;0;0;2;3;15;A01
201600019865;1;1;0;0;2;7;1;B01
201600019866;1;37;2;0;2;5;1;B01
201600019866;1;31;0;0;2;1;1;A01
201600019867;1;7;0;0;2;4;2;A01
201600019867;1;7;0;0;2;1;2;B01
201600019867;1;7;0;0;2;1;2;C01
201600019867;1;7;0;0;2;1;2;D01
201600019868;2;7;0;0;2;1;3;A01
201600019868;2;7;0;0;2;6;2;B01
201600019868;2;7;0;0;2;5;2;C01
201600019869;1;7;0;0;1;3;1;A01
201600019870;1;7;0;1;0;3;2;A01
201600019871;1;10;0;0;2;1;2;A01
201600019871;1;7;0;0;2;2;2;B01
201600019871;1;7;0;0;2;4;2;C01
201600019872;1;7;0;0;2;1;15;A01
201600019872;1;33;0;0;2;1;1;B01
201600019873;1;7;0;0;2;2;15;A01
201600019873;1;34;0;0;2;1;1;B01
201600019874;1;7;0;0;2;2;2;A01
201600019874;1;1;0;0;2;1;16;B01
201600019875;1;10;0;0;2;5;20;A01
201600019875;1;30;0;1;2;8;0;B01
201600019876;1;7;0;0;1;1;15;A01
201600019877;1;33;0;0;2;5;14;A01
201600019877;1;7;0;0;2;3;15;B01
201600019878;2;7;0;9;0;1;1;A01
201600019879;1;7;0;3;0;3;2;A01
201600019879;1;34;0;14;0;1;0;B01
201600019880;1;7;0;0;2;1;2;A01
201600019880;1;2;0;0;2;1;2;B01
201600019880;1;7;0;0;2;4;2;C01
201600019881;1;7;0;0;2;5;2;A01
201600019881;1;7;0;0;2;1;16;B01
201600019882;1;7;0;0;1;1;1;A01
201600019883;1;7;0;0;2;3;13;A01
201600019883;2;10;0;0;2;3;2;B01
201600019884;1;32;0;12;0;1;2;A01
201600019885;1;7;0;0;2;1;2;A01
201600019885;1;1;0;0;2;1;2;B01
201600019886;1;7;0;0;2;3;2;A01
201600019886;1;30;0;0;2;1;2;B01
201600019887;1;7;0;0;2;3;19;A01
201600019887;2;1;0;0;2;1;2;B01
201600019888;1;7;0;0;2;3;11;A01
201600019888;1;33;0;0;2;2;2;B01
201600019889;1;7;0;0;2;1;1;A01
201600019889;1;1;0;0;2;1;1;B01
201600019890;1;31;0;0;2;1;2;B01
201600019890;1;3;0;0;2;4;2;A01
201600019891;1;10;0;0;2;1;15;A01
201600019891;2;2;0;0;2;1;2;B01
201600019892;1;7;0;0;2;1;2;A01
201600019892;1;7;0;0;2;4;2;B01
201600019893;1;7;0;0;2;1;19;A01
201600019893;1;7;0;0;2;1;2;B01
201600019894;1;30;0;0;1;1;2;A01
201600019895;1;7;0;0;2;4;2;A01
201600019895;1;7;0;0;2;1;2;B01
201600019896;1;7;0;0;2;2;15;A01
201600019896;1;30;0;0;2;1;2;B01
201600019897;1;7;0;0;2;2;15;A01
201600019897;2;1;0;0;2;1;2;B01
201600019898;1;7;0;0;1;1;2;A01
201600019899;1;7;0;0;1;1;2;A01
201600019900;1;7;0;0;1;4;4;A01
201600019901;1;2;0;0;1;1;2;A01
201600019902;1;7;0;0;2;4;13;A01
201600019902;1;33;0;0;2;1;2;B01
201600019903;1;7;0;0;2;1;2;A01
201600019903;1;7;0;0;2;4;2;B01
201600019904;1;7;0;0;2;1;2;A01
201600019904;2;1;0;0;2;8;19;B01
201600019905;2;30;0;0;2;7;0;A01
201600019905;1;3;0;0;2;1;2;B01
201600019906;1;7;0;0;1;1;15;A01
201600019907;1;7;0;0;2;1;2;A01
201600019907;1;1;0;0;2;4;2;B01
201600019908;2;2;0;12;0;1;2;A01
201600019909;1;2;0;0;2;1;2;A01
201600019909;1;1;0;0;2;5;2;B01
201600019910;1;7;0;0;2;6;15;A01
201600019910;1;2;0;0;2;1;2;B01
201600019911;1;7;0;0;2;0;6;A01
201600019911;2;33;0;0;0;7;2;B01
201600019912;1;7;0;0;2;2;1;B01
201600019912;1;7;0;0;2;3;1;A01
201600019913;1;7;0;0;2;8;0;A01
201600019913;1;7;0;0;2;1;2;B01
201600019914;1;2;0;16;0;1;2;A01
201600019915;1;2;0;0;2;1;1;A01
201600019915;1;7;0;0;2;4;1;B01
201600019916;1;7;0;0;2;3;2;A01
201600019916;2;7;0;0;2;2;15;B01
201600019917;1;7;0;0;2;1;2;A01
201600019917;1;7;0;0;2;1;2;B01
201600019917;1;7;0;0;2;1;2;C01
201600019918;1;2;0;1;0;1;1;A01
201600019919;1;7;0;0;2;3;9;A01
201600019919;1;37;3;0;2;2;1;B01
201600019920;1;7;0;0;2;4;2;A01
201600019920;1;7;0;0;2;1;2;B01
201600019921;1;7;0;0;2;3;15;A01
201600019921;2;2;0;0;2;3;1;B01
201600019922;1;7;0;0;2;5;1;B01
201600019922;1;7;0;0;2;1;2;A01
201600019923;1;7;0;0;2;3;15;A01
201600019923;1;1;0;0;2;7;2;B01
201600019924;1;7;0;1;0;9;2;A01
201600019925;1;7;0;0;2;3;2;B01
201600019925;1;7;0;0;2;2;2;A01
201600019926;1;7;0;0;1;1;2;A01
201600019927;1;2;0;0;0;1;2;A01
201600019928;1;7;0;0;2;0;2;A01
201600019928;1;32;0;0;2;1;2;B01
201600019929;1;7;0;0;2;1;15;A01
201600019929;2;1;0;0;2;8;2;B01
201600019930;1;20;0;0;2;8;2;A01
201600019930;1;1;0;0;2;1;2;B01
201600019931;1;7;0;0;2;8;15;A01
201600019931;1;2;0;0;2;7;2;B01
201600019932;1;7;0;0;2;2;15;A01
201600019932;1;1;0;0;2;1;2;B01
201600019933;1;7;0;3;0;1;2;A01
201600019934;1;7;0;0;2;1;2;A01
201600019934;1;7;0;0;2;4;2;B01
201600019935;1;33;0;0;2;1;2;A01
201600019935;1;7;0;0;2;4;2;B01
201600019936;1;7;0;2;0;1;2;A01
201600019937;1;7;0;1;0;9;2;A01
201600019938;1;7;0;0;1;1;15;A01
201600019939;1;3;0;0;1;4;2;A01
201600019940;1;7;0;0;2;7;2;A01
201600019940;1;7;0;0;2;1;2;B01
201600019941;1;7;0;9;0;1;2;A01
201600019942;1;7;0;0;2;8;2;A01
201600019942;1;7;0;0;2;2;2;B01
201600019943;2;7;0;1;0;1;2;A01
201600019944;1;7;0;0;2;2;2;A01
201600019944;1;1;0;0;2;1;2;B01
201600019945;1;7;0;0;2;1;2;A01
201600019945;1;1;0;0;2;1;2;B01
201600019946;1;7;0;0;1;3;15;A01
201600019947;1;7;0;0;2;8;1;A01
201600019947;1;1;0;0;2;7;1;B01
201600019948;1;7;0;0;2;3;13;A01
201600019948;1;7;0;0;2;3;2;B01
201600019949;1;7;0;3;0;7;14;A01
201600019950;1;7;0;0;2;3;2;A01
201600019950;1;7;0;0;2;1;15;B01
201600019951;1;7;0;0;2;7;1;A01
201600019951;1;1;0;0;2;8;2;B01
201600019952;1;7;0;0;1;7;1;B01
201600019952;2;10;0;0;2;3;16;A01
201600019953;1;7;0;0;2;1;2;A01
201600019953;1;14;0;0;2;4;2;B01
201600019954;1;2;0;0;2;2;1;A01
201600019954;1;2;0;0;2;8;2;B01
201600019955;1;7;0;0;2;2;23;A01
201600019955;1;1;0;0;2;1;15;B01
201600019956;2;7;0;0;2;1;15;A01
201600019956;1;7;0;0;2;3;1;B01
201600019957;1;7;0;0;2;3;13;A01
201600019957;2;30;0;0;2;1;2;B01
201600019958;1;7;0;0;1;1;2;A01
201600019959;2;7;0;0;2;4;2;A01
201600019959;2;7;0;0;2;1;14;B01
201600019959;2;7;0;0;2;1;2;C01
201600019960;1;10;0;0;2;3;15;A01
201600019960;2;7;0;0;2;3;1;B01
201600019961;1;7;0;0;2;8;1;B01
201600019961;1;3;0;0;2;1;1;A01
201600019962;1;7;0;0;2;1;2;B01
201600019962;1;7;0;0;2;4;2;A01