Num_Acc;senc;catv;occutc;obs;obsm;choc;manv;num_veh
201600020333;2;7;0;0;2;2;1;A01
201600020334;1;7;0;13;0;9;1;A01
201600020335;1;7;0;0;2;2;15;A01
201600020335;2;7;0;0;2;1;1;B02
201600020336;2;33;0;3;0;8;1;A01
201600020337;2;7;0;0;9;1;16;A01
201600020337;1;1;0;0;2;1;1;B02
201600020338;1;7;0;0;0;2;1;A01
201600020339;2;33;0;0;0;7;1;A01
201600020340;2;2;0;0;0;1;1;A01
201600020341;1;7;0;2;0;9;1;A01
201600020342;1;33;0;0;2;8;1;A01
201600020343;1;7;0;0;1;3;1;A01
201600020344;1;15;0;12;0;7;14;A01
201600020345;1;7;0;1;0;2;1;A01
201600020345;1;14;0;0;2;6;24;B01
201600020346;1;2;0;0;2;2;1;A01
201600020346;1;7;0;0;2;6;9;B01
201600020347;2;7;0;0;1;0;0;A01
201600020348;1;7;0;0;1;2;1;A01
201600020349;1;7;0;0;1;3;1;A01
201600020350;1;30;0;0;2;1;1;B01
201600020350;2;7;0;0;2;3;10;A01
201600020351;1;33;0;11;0;3;16;A01
201600020352;2;7;0;0;1;1;1;A01
201600020353;2;33;0;0;2;1;1;B01
201600020353;1;7;0;0;2;7;15;A01
201600020353;2;7;0;0;2;8;2;C01
201600020354;1;7;0;2;;7;13;A01
201600020355;2;7;0;0;1;3;1;A01
201600020356;0;7;0;0;1;2;1;A01
201600020357;2;33;0;12;0;2;1;A01
201600020358;2;7;0;0;2;3;1;B01
201600020358;1;33;0;0;2;1;17;A01
201600020359;1;3;0;0;1;6;20;A01
201600020360;1;33;0;0;0;0;17;A01
201600020360;2;7;0;0;2;1;1;B01
201600020361;;7;0;0;1;3;1;A01
201600020362;2;30;0;0;2;7;1;A01
201600020362;2;7;0;0;2;2;23;B01
201600020363;2;7;0;0;2;1;2;A01
201600020363;2;7;0;16;2;4;15;B01
201600020364;1;7;0;8;0;1;13;A01
201600020365;0;7;0;0;1;0;0;A01
201600020366;;7;0;0;2;7;19;B01
201600020366;0;33;0;0;2;2;0;A01
201600020367;1;37;2;0;1;1;1;A01
201600020368;;7;0;0;1;2;19;A01
201600020369;1;33;0;7;0;0;0;A01
201600020370;;7;0;0;0;0;0;B01
201600020370;;7;0;0;0;0;0;A01
201600020371;2;7;0;0;2;3;5;B01
201600020371;1;17;0;0;2;3;1;A01
201600020372;1;7;0;12;0;2;15;A01
201600020373;1;10;0;0;2;3;15;A01
201600020373;1;33;0;0;2;1;17;B01
201600020374;1;10;0;0;2;8;16;A01
201600020374;2;7;0;0;2;7;2;B01
201600020375;2;7;0;0;2;5;23;B01
201600020375;2;30;0;0;2;3;0;A01
201600020376;2;2;0;0;2;6;2;A01
201600020376;2;7;0;0;2;6;1;B01
201600020377;2;7;0;0;0;0;1;A01
201600020378;0;7;0;0;2;2;0;B01
201600020378;2;30;0;0;2;1;0;A01
201600020379;2;7;0;0;0;7;13;A01
201600020380;0;7;0;0;2;5;2;B01
201600020380;0;2;0;0;1;1;1;A01
201600020381;;37;1;0;1;7;2;A01
201600020382;;7;0;0;2;7;15;A01
201600020382;2;2;0;0;2;1;1;B01
201600020383;;7;0;0;1;8;1;A01
201600020384;0;33;0;0;0;0;9;A01
201600020385;;7;0;0;2;1;1;B01
201600020385;;7;0;0;2;2;15;A01
201600020386;2;7;0;0;1;2;15;A01
201600020387;0;7;0;13;0;1;1;A01
201600020388;;7;0;1;0;1;21;A01
201600020389;2;7;0;0;2;3;5;A01
201600020389;1;7;0;0;2;3;1;B01
201600020390;0;2;0;0;2;1;1;B01
201600020390;0;7;0;0;2;2;0;A01
201600020391;1;7;0;0;2;1;1;B01
201600020391;2;1;0;0;2;1;19;A01
201600020392;2;7;0;0;2;1;1;B01
201600020392;0;7;0;0;2;3;15;A01
201600020393;0;7;0;0;2;7;15;A01
201600020393;1;33;0;0;2;1;1;B01
201600020394;2;30;0;0;0;1;1;A01
201600020394;0;7;0;0;0;0;0;B01
201600020395;0;7;0;0;9;2;0;Z01
201600020395;0;1;0;0;2;6;0;B01
201600020396;1;1;0;0;2;4;2;A01
201600020397;1;7;0;0;2;3;2;B01
201600020397;1;7;0;0;2;1;15;A01
201600020398;2;7;0;0;2;3;13;A01
201600020398;1;7;0;0;2;3;21;B01
201600020399;0;7;0;0;2;1;15;B02
201600020399;0;33;0;0;2;1;1;A01
201600020400;1;7;0;0;2;1;1;B02
201600020400;1;7;0;0;2;1;13;A01
201600020401;2;7;0;2;0;1;1;A01
201600020402;1;2;0;0;2;2;15;A01
201600020402;2;10;0;0;2;1;1;B02
201600020403;1;7;0;0;2;1;15;A01
201600020403;2;7;0;0;2;1;1;B02
201600020404;2;7;0;13;0;1;1;A01
201600020405;1;99;0;0;2;0;0;A01
201600020405;1;1;0;0;2;8;1;B02
201600020406;1;10;0;0;2;3;13;A01
201600020406;2;7;0;0;2;3;1;B02
201600020407;1;7;0;13;0;1;19;A01
201600020407;1;15;0;14;0;3;1;B02
201600020408;0;10;0;0;2;1;1;A01
201600020408;0;14;0;0;2;1;1;B02
201600020409;1;14;0;0;2;3;1;B02
201600020409;2;7;0;0;2;8;13;A01
201600020410;1;7;0;2;0;7;1;A01
201600020411;1;10;0;3;0;1;17;A01
201600020412;1;17;0;4;0;7;1;A01
201600020413;2;7;0;7;0;3;14;A01
201600020414;2;7;0;13;0;1;0;A01
201600020415;2;15;0;13;0;7;14;A01
201600020416;1;37;56;1;0;3;1;A01
201600020417;2;17;0;0;2;8;1;A01
201600020417;1;17;0;0;2;3;1;B02
201600020418;1;7;0;0;0;1;1;C03
201600020418;1;7;0;0;2;1;17;D04
201600020418;1;7;0;0;2;1;17;A01
201600020418;1;7;0;3;2;1;13;B02
201600020419;2;17;0;1;1;5;1;A01
201600020420;1;10;0;3;0;1;1;A01
201600020421;2;7;0;0;1;3;1;A01
201600020422;1;7;0;8;0;7;1;A01
201600020423;1;17;0;7;0;8;1;A01
201600020424;2;7;0;14;0;1;2;B02
201600020424;2;7;0;3;0;1;1;A01
201600020425;1;7;0;3;1;1;0;A01
201600020426;1;33;0;0;9;1;2;A01
201600020426;2;7;0;0;0;0;2;B02
201600020427;1;7;0;13;0;1;1;A01
201600020428;2;7;0;0;2;4;2;C02
201600020428;2;7;0;0;0;4;23;D01
201600020428;2;7;0;0;2;1;1;A04
201600020428;2;7;0;0;2;4;2;B03
201600020429;2;7;0;0;2;4;1;A01
201600020429;2;7;0;0;2;1;2;B02
201600020430;2;13;0;0;2;2;2;B02
201600020430;2;7;0;4;0;9;2;A01
201600020431;2;7;0;0;9;6;0;A01
201600020432;1;7;0;3;0;2;17;A01
201600020433;1;14;0;0;2;6;1;B02
201600020433;1;7;0;0;2;1;17;A01
201600020434;1;7;0;0;0;4;23;B02
201600020434;1;7;0;14;0;1;2;A01
201600020435;1;7;0;0;0;4;23;F06
201600020435;1;7;0;0;2;1;1;C03
201600020435;1;7;0;0;2;2;1;E05
201600020435;1;7;0;0;2;1;1;K11
201600020435;1;7;0;0;0;6;23;A01
201600020435;1;7;0;0;0;4;23;Q17
201600020435;1;7;0;0;2;1;1;R18
201600020435;1;7;0;0;2;4;23;N14
201600020435;1;7;0;0;0;5;23;O15
201600020435;1;7;0;14;0;3;23;G07
201600020435;1;7;0;0;0;4;23;I09
201600020435;1;7;0;0;0;6;23;J10
201600020435;1;10;0;0;2;1;1;P16
201600020435;1;7;0;0;0;2;23;M13
201600020435;1;7;0;0;0;4;23;B02
201600020435;1;7;0;3;0;1;1;D04
201600020435;1;7;0;0;2;1;1;H08
201600020435;1;7;0;0;2;4;23;L12
201600020436;2;7;0;3;2;1;1;D04
201600020436;2;7;0;3;1;3;1;C03
201600020437;1;17;0;0;0;0;24;B01
201600020437;1;7;0;1;0;1;2;C02
201600020438;2;17;0;0;0;0;14;A01
201600020439;2;7;0;0;0;5;1;C03
201600020439;2;7;0;3;0;4;2;B02
201600020439;2;7;0;3;2;1;1;A01
201600020440;1;7;0;0;2;1;2;A01
201600020440;1;7;0;0;2;4;1;B02
201600020441;2;7;0;0;2;2;17;A01
201600020441;2;7;0;0;0;6;1;B02
201600020442;2;7;0;3;0;1;1;A01
201600020443;1;15;0;6;0;8;11;A01
201600020444;2;7;0;3;0;2;0;A01
201600020445;1;7;0;0;0;0;0;A01
201600020446;1;7;0;0;2;4;2;B02
201600020446;1;7;0;0;2;1;2;A01
201600020447;1;7;0;4;0;3;1;A01
201600020448;2;7;0;13;0;2;14;A01
201600020449;2;7;0;4;0;2;0;A01
201600020450;1;7;0;0;2;1;14;A01
201600020450;1;7;0;0;2;4;1;B02
201600020451;2;7;0;0;0;6;2;B02
201600020451;2;7;0;0;2;1;2;A01
201600020452;1;7;0;4;0;1;0;A01
201600020453;2;7;0;0;2;3;5;A01
201600020453;1;7;0;0;2;3;1;B02
201600020454;2;7;0;5;0;1;1;A01
201600020455;2;33;0;0;2;7;14;A01
201600020455;2;7;0;0;2;8;1;B02
201600020456;2;33;0;0;9;8;1;B02
201600020456;2;7;0;0;0;0;1;A01
201600020457;2;7;0;0;2;4;2;A01
201600020457;2;7;0;0;0;4;2;C03
201600020457;2;7;0;0;2;4;2;B02
201600020458;1;7;0;9;0;8;1;A01
201600020459;0;31;0;0;0;0;0;A01
201600020460;1;7;0;0;2;4;1;B02
201600020460;1;7;0;0;2;4;1;C03
201600020460;1;7;0;0;2;1;1;A01
201600020461;2;7;0;3;0;3;2;A01
201600020461;2;7;0;0;2;1;2;B02
201600020462;1;7;0;3;1;2;1;A01
201600020463;1;7;0;6;0;1;1;A01
201600020464;1;10;0;0;2;6;1;B02
201600020464;1;7;0;0;2;2;17;A01
201600020465;2;7;0;3;0;3;1;A01
201600020466;1;7;0;3;0;3;1;A01
201600020467;2;7;0;4;0;5;1;A01
201600020468;1;33;0;0;2;1;2;A01
201600020468;1;14;0;0;0;6;2;B02
201600020469;1;7;0;0;2;1;2;A01
201600020469;1;7;0;3;2;1;2;B02
201600020470;2;33;0;3;0;7;0;A01
201600020471;1;7;0;3;0;4;24;A01
201600020471;1;7;0;1;0;1;2;B02
201600020472;2;15;0;0;2;1;1;B02
201600020472;2;7;0;3;2;6;14;A01
201600020472;2;7;0;3;2;5;1;D04
201600020472;2;7;0;3;2;4;1;C03
201600020473;2;7;0;0;2;2;13;A01
201600020473;2;7;0;0;2;6;1;B02
201600020474;2;7;0;15;0;1;1;A01
201600020475;2;7;0;0;2;1;2;A01
201600020475;1;7;0;0;2;4;2;B02
201600020476;2;17;0;0;2;6;1;B02
201600020476;2;7;0;0;2;2;17;A01
201600020477;1;7;0;0;2;1;2;A01
201600020477;1;7;0;0;0;4;1;B02
201600020478;2;7;0;2;0;1;0;A01
201600020479;2;7;0;0;2;8;15;A01
201600020479;1;14;0;0;2;1;1;B02
201600020480;2;7;0;3;0;3;13;A01
201600020481;1;10;0;13;0;1;1;A01
201600020482;1;7;0;0;1;3;1;A01
201600020483;1;7;0;0;1;7;1;A01
201600020484;1;7;0;0;1;2;1;A01
201600020485;2;7;0;0;1;3;1;A01
201600020486;2;7;0;0;1;1;1;A01
201600020487;1;33;0;0;2;1;2;B02
201600020487;1;7;0;0;0;4;2;A01
201600020488;2;7;0;3;0;3;0;A01
201600020489;2;17;0;0;1;2;14;A01
201600020490;1;7;0;3;0;9;1;A01
201600020491;1;7;0;1;0;1;1;A01
201600020491;1;7;0;0;0;6;23;B01
201600020492;1;10;0;0;0;5;2;A01
201600020492;1;33;0;0;2;1;2;B01
201600020493;2;7;0;0;1;3;1;A01
201600020494;1;7;0;13;0;2;1;A01
201600020495;1;7;0;7;0;7;1;A01
201600020496;1;7;0;3;2;1;12;A01
201600020496;1;7;0;0;2;4;1;B01
201600020497;1;7;0;15;0;0;1;A01
201600020498;1;7;0;3;0;1;1;A01
201600020499;1;17;0;0;2;4;1;B01
201600020499;1;7;0;1;0;1;1;C01
201600020499;1;10;0;0;0;6;2;E01
201600020499;1;7;0;0;2;1;2;A01
201600020499;1;7;0;1;0;1;2;D01
201600020500;1;15;0;0;2;8;1;C01
201600020500;1;7;0;0;2;1;1;B01
201600020500;2;7;0;0;2;1;5;A01
201600020501;1;15;0;0;2;8;1;A01
201600020501;2;7;0;0;2;3;13;B01
201600020502;2;7;0;0;2;2;2;A01
201600020502;2;17;0;0;2;5;1;B01
201600020503;2;7;0;0;0;1;1;A01
201600020504;2;7;0;13;0;1;14;A01
201600020505;2;10;0;14;0;1;1;D01
201600020505;2;7;0;3;2;9;0;A01
201600020505;2;7;0;0;2;1;1;B01
201600020505;1;7;0;14;0;1;1;F01
201600020505;2;7;0;0;2;1;1;C01
201600020505;1;7;0;14;0;2;1;E01
201600020506;0;38;0;0;2;1;2;A01
201600020506;0;7;0;0;2;4;15;B01
201600020506;0;7;0;0;2;1;2;C01
201600020507;2;7;0;0;2;4;1;B01
201600020507;2;7;0;0;2;1;1;C01
201600020507;2;7;0;14;0;1;1;D01
201600020507;2;7;0;0;0;4;1;A01
201600020508;1;7;0;13;0;1;14;A01
201600020509;1;10;0;0;2;1;2;B01
201600020509;1;3;0;0;0;4;1;A01
201600020510;1;3;0;0;2;6;1;B01
201600020510;1;10;0;0;2;2;21;A01
201600020511;2;17;0;0;2;3;1;A01
201600020511;1;7;0;0;2;7;19;B01
201600020512;2;7;0;13;0;1;14;A01
201600020513;1;14;0;0;2;1;1;B01
201600020513;2;7;0;0;2;8;13;A01
201600020514;1;14;0;0;2;3;1;A01
201600020514;2;7;0;0;2;3;1;B01
201600020515;1;7;0;0;1;2;1;A01
201600020516;2;7;0;0;2;2;9;A01
201600020516;2;7;0;0;2;3;1;B01
201600020517;1;7;0;0;1;2;1;A01
201600020518;2;7;0;16;0;3;1;A01
201600020519;1;38;31;0;1;8;15;A01
201600020520;2;7;0;0;1;1;1;A01
201600020521;1;7;0;0;2;3;15;A01
201600020521;2;1;0;0;2;0;2;B01
201600020522;0;33;0;0;2;1;13;A01
201600020522;0;7;0;0;2;1;23;B01
201600020523;2;33;0;0;1;0;0;A01
201600020524;2;7;0;0;2;1;0;A01
201600020524;0;7;0;0;2;3;1;C01
201600020524;1;7;0;0;2;1;1;B01
201600020525;2;2;0;0;2;1;1;B01
201600020525;2;7;0;0;0;4;1;A01
201600020526;2;7;0;0;0;1;13;A01
201600020526;1;7;0;0;0;1;0;B01
201600020527;2;7;0;0;2;1;1;A01
201600020527;1;7;0;0;2;1;15;B01
201600020528;1;7;0;0;2;2;1;B01
201600020528;1;7;0;0;2;4;16;A01
201600020529;2;7;0;0;1;4;4;A01
201600020530;1;33;0;0;2;1;1;B01
201600020530;1;7;0;0;2;3;15;A01
201600020531;1;10;0;0;2;3;1;B02
201600020531;2;7;0;0;2;3;1;A01
201600020532;1;2;0;16;2;2;1;A01
201600020532;0;10;0;0;2;2;19;B01
201600020533;1;7;0;2;0;1;1;A01
201600020534;2;1;0;0;2;6;1;B02
201600020534;1;7;0;0;2;2;1;A01
201600020535;1;15;0;0;0;4;23;B02
201600020535;1;15;0;0;0;0;23;A01
201600020535;1;7;0;1;0;1;1;C03
201600020536;2;7;0;0;0;2;1;A01
201600020537;0;7;0;0;0;3;13;A01
201600020537;0;7;0;0;0;3;0;B02
201600020538;1;31;0;0;2;1;1;A01
201600020538;2;7;0;0;2;3;15;B02
201600020539;1;7;0;0;0;1;0;B02
201600020539;2;7;0;0;0;1;13;A01
201600020540;1;33;0;0;2;3;17;A01
201600020540;2;7;0;0;2;2;1;B02
201600020541;2;7;0;0;0;3;0;B02
201600020541;1;7;0;0;0;3;13;A01
201600020542;0;7;0;0;2;2;2;A01
201600020542;0;7;0;0;2;2;4;B02
201600020543;1;7;0;0;2;2;1;A01
201600020543;1;1;0;0;0;4;1;B02
201600020544;1;7;0;13;0;2;1;A01
201600020545;1;33;0;0;2;1;1;B02
201600020545;2;7;0;0;2;3;15;A01
201600020546;1;7;0;8;0;3;0;A01
201600020547;1;7;0;0;2;2;15;A01
201600020547;1;33;0;0;2;1;1;B02
201600020548;0;1;0;0;2;1;1;B02
201600020548;0;37;53;0;9;7;1;A01
201600020549;1;33;0;0;2;1;1;B02
201600020549;2;7;0;0;2;2;15;A01
201600020550;1;7;0;0;2;8;19;B02
201600020550;1;33;0;0;2;1;17;A01
201600020551;0;34;0;2;0;1;0;A01
201600020552;0;7;0;0;2;1;19;A01
201600020552;0;1;0;0;2;8;1;B02
201600020553;1;3;0;0;2;8;17;A01
201600020553;2;33;0;0;2;1;15;B02
201600020554;1;7;0;0;2;1;0;B02
201600020554;1;7;0;0;0;6;1;A01
201600020555;1;7;0;0;0;1;0;A01
201600020555;2;33;0;0;0;1;0;B02
201600020556;1;7;0;0;2;1;17;A01
201600020556;2;7;0;0;2;1;11;B02
201600020557;1;10;0;0;0;2;0;A01
201600020557;2;33;0;0;0;2;0;B02
201600020558;0;30;0;1;0;2;0;A01
201600020559;0;7;0;0;0;3;15;A01
201600020559;0;31;0;0;0;2;1;B02
201600020560;1;10;0;0;0;1;13;A01
201600020560;2;7;0;0;2;1;13;B02
201600020561;0;1;0;0;9;0;13;A01
201600020561;0;1;0;0;9;0;1;B02
201600020562;0;1;0;14;2;0;1;B02
201600020562;0;7;0;14;0;0;16;A01
201600020563;1;7;0;0;0;3;15;B02
201600020563;1;7;0;0;2;1;0;A01
201600020564;0;34;0;0;2;1;1;A01
201600020564;0;7;0;0;2;5;15;B02
201600020565;1;10;0;0;2;8;23;C03
201600020565;2;34;0;0;2;1;1;A01
201600020565;1;7;0;0;0;5;15;B02
201600020566;1;31;0;0;0;0;1;A01
201600020567;1;7;0;0;2;3;15;A01
201600020567;2;33;0;0;2;0;1;B02
201600020568;2;30;0;0;2;2;6;A01
201600020568;1;7;0;0;2;3;1;B02
201600020569;1;7;0;0;2;1;17;A01
201600020569;1;7;0;0;0;3;0;B02
201600020570;1;7;0;0;1;1;1;A01
201600020571;2;7;0;0;2;2;1;B02
201600020571;1;7;0;0;2;1;13;A01
201600020572;0;2;0;0;0;0;0;A01
201600020573;0;7;0;0;0;0;0;A01
201600020573;0;7;0;0;0;0;0;B02
201600020574;0;1;0;0;0;0;0;B02
201600020574;0;33;0;0;0;0;0;A01
201600020575;0;33;0;0;0;0;1;A01
201600020576;0;7;0;2;0;2;1;A01
201600020577;2;7;0;13;0;3;2;A01
201600020578;0;10;0;0;2;5;12;B02
201600020578;0;15;0;0;2;3;1;A01
201600020579;2;38;39;0;2;3;1;B02
201600020579;1;7;0;0;2;1;13;A01
201600020580;2;7;0;0;2;1;1;B01
201600020580;2;7;0;0;2;5;15;A01
201600020581;1;7;0;0;1;4;4;A01
201600020582;1;7;0;0;1;1;1;A01
201600020583;1;2;0;0;2;1;1;B01
201600020583;1;7;0;0;2;1;9;A01
201600020584;1;7;0;0;2;1;1;A01
201600020584;2;10;0;0;2;1;1;B01
201600020585;1;7;0;0;1;3;15;A01
201600020586;1;7;0;0;1;1;1;A01
201600020587;1;7;0;0;2;1;16;Z01
201600020587;1;1;0;0;2;4;16;B01
201600020588;1;7;0;0;2;1;15;B01
201600020588;2;7;0;0;2;1;16;Z01
201600020589;1;10;0;0;1;0;0;A01
201600020590;1;2;0;0;2;1;1;B01
201600020590;1;7;0;0;2;3;15;A01
201600020591;1;7;0;0;1;1;1;A01
201600020592;1;7;0;0;2;1;15;A01
201600020592;2;7;0;0;2;1;1;B01
201600020593;2;2;0;0;2;1;1;B01
201600020593;2;7;0;0;2;3;9;A01
201600020594;0;7;0;0;2;1;1;B01
201600020594;0;7;0;0;2;1;15;A01
201600020595;0;7;0;0;2;1;15;A01
201600020595;0;31;0;0;2;1;1;B01
201600020596;0;7;0;8;0;3;1;A01
201600020597;1;2;0;0;2;1;1;B01
201600020597;1;7;0;0;2;7;16;A01
201600020598;1;10;0;0;2;1;2;A01
201600020598;1;7;0;0;2;4;2;B01
201600020599;2;7;0;0;2;2;15;B01
201600020599;2;7;0;0;2;1;1;Z01
201600020600;0;7;0;0;2;2;1;B01
201600020600;0;7;0;0;2;3;19;A01
201600020601;1;1;0;0;2;0;1;B01
201600020601;1;10;0;0;2;7;17;A01
201600020602;2;2;0;0;2;1;17;A01
201600020602;2;10;0;0;2;8;15;B01
201600020603;2;7;0;0;2;7;16;A01
201600020603;2;1;0;0;2;1;1;B01
201600020604;1;7;0;0;2;8;1;B01
201600020604;2;7;0;0;2;1;15;A01
201600020605;1;7;0;0;1;3;1;A01
201600020606;1;7;0;0;2;1;1;A01
201600020606;1;10;0;0;2;1;1;B01
201600020607;1;7;0;0;2;1;1;B01
201600020607;1;7;0;0;2;7;12;A01
201600020608;0;7;0;6;0;1;14;A01
201600020609;0;31;0;0;0;0;16;A01
201600020610;0;7;0;0;1;1;1;A01
201600020611;1;7;0;0;2;6;10;A01
201600020611;2;31;0;0;2;1;1;B01
201600020612;0;7;0;0;1;1;1;A01
201600020613;1;7;0;0;2;1;2;A01
201600020613;1;7;0;0;2;4;23;B01
201600020614;1;33;0;0;2;1;0;C01
201600020614;1;33;0;0;2;8;1;B01
201600020614;1;7;0;0;2;8;11;A01
201600020615;2;7;0;0;2;1;9;A01
201600020615;2;7;0;0;2;7;0;B01
201600020616;1;7;0;0;2;4;23;C01
201600020616;1;7;0;0;2;1;1;A01
201600020616;1;7;0;0;2;4;23;B01
201600020617;2;7;0;0;2;1;1;C01
201600020617;2;2;0;0;2;4;2;B01
201600020617;2;1;0;0;2;1;1;A01
201600020618;1;7;0;0;2;4;2;C01
201600020618;1;7;0;0;2;1;1;A01
201600020618;1;7;0;0;2;4;2;D01
201600020618;1;7;0;0;2;4;2;B01
201600020619;1;7;0;0;2;1;1;B01
201600020619;2;7;0;0;2;2;15;A01
201600020620;2;2;0;0;2;1;1;A01
201600020620;2;7;0;0;2;4;2;B01
201600020621;1;7;0;0;2;1;1;A01
201600020621;1;7;0;0;2;4;23;B01
201600020622;1;34;0;0;2;7;17;A01
201600020622;1;7;0;0;2;3;15;B01
201600020623;1;7;0;0;2;1;2;A01
201600020623;1;7;0;0;2;4;23;B01
201600020624;1;7;0;0;2;4;23;C01
201600020624;1;7;0;0;2;1;2;A01
201600020624;1;7;0;0;2;4;2;B01
201600020625;1;7;0;0;2;5;2;B01
201600020625;1;2;0;0;2;1;2;A01
201600020626;1;7;0;14;0;9;1;A01
201600020627;2;7;0;0;2;1;13;A01
201600020627;1;7;0;0;2;1;1;B01
201600020628;0;7;0;0;2;0;15;B01
201600020628;0;1;0;0;2;0;13;A01
201600020629;2;7;0;0;2;1;9;A01
201600020629;1;7;0;0;2;9;1;B01
201600020630;2;7;0;0;2;1;9;A01
201600020630;1;32;0;0;2;1;1;B01
201600020631;1;33;0;0;2;1;13;A01
201600020631;2;7;0;0;2;1;1;B01
201600020632;1;7;0;2;0;2;14;A01
201600020633;2;7;0;13;0;9;0;A01
201600020634;2;2;0;0;1;1;17;A01
201600020635;2;7;0;0;2;3;9;A01
201600020635;2;33;0;0;2;1;1;B01
201600020636;1;7;0;0;1;1;0;Z01
201600020637;1;7;0;0;2;1;2;A01
201600020637;0;7;0;0;2;4;2;B01
201600020638;1;33;0;7;0;1;1;A01
201600020639;1;30;0;1;0;1;1;A01
201600020640;1;7;0;1;0;1;1;A01
201600020641;1;7;0;0;1;3;15;A01
201600020642;1;10;0;0;2;1;1;A01
201600020642;1;7;0;0;2;4;23;C01
201600020642;1;7;0;0;2;4;23;B01
201600020643;1;1;0;0;2;4;1;B01
201600020643;1;7;0;0;2;2;1;A01
201600020644;1;7;0;0;1;3;1;A01
201600020645;2;7;0;0;1;3;15;A01
201600020646;1;7;0;0;2;1;1;B01
201600020646;1;7;0;0;2;9;9;A01
201600020647;1;7;0;0;2;2;1;B01
201600020647;1;7;0;0;0;0;0;Z01
201600020647;1;99;0;0;2;3;23;C01
201600020648;1;7;0;0;0;0;19;A01
201600020648;1;33;0;0;0;0;1;B01
201600020649;1;7;0;0;2;7;15;A01
201600020649;1;33;0;0;2;1;1;B01
201600020650;1;7;0;0;1;2;1;A01
201600020651;1;7;0;0;2;1;2;A01
201600020651;1;7;0;0;2;4;1;B01
201600020652;1;31;0;0;2;1;2;A01
201600020652;1;7;0;0;2;4;23;B01
201600020653;1;2;0;0;2;1;1;B01
201600020653;2;10;0;0;2;3;9;A01
201600020654;1;10;0;0;2;1;1;B01
201600020654;1;7;0;0;2;8;9;A01
201600020655;1;7;0;0;2;3;15;A01
201600020655;1;2;0;0;2;9;17;B01
201600020656;1;7;0;0;2;4;23;B01
201600020656;1;7;0;0;2;4;23;C01
201600020656;1;7;0;0;2;1;2;A01
201600020657;2;7;0;0;2;1;15;A01
201600020657;1;10;0;0;2;1;1;B01
201600020658;1;7;0;0;1;7;0;A01
201600020659;1;30;0;0;2;1;17;A01
201600020659;0;7;0;0;2;3;15;B01
201600020660;2;7;0;0;2;3;15;B01
201600020660;2;30;0;0;2;1;17;A01
201600020661;2;2;0;0;2;1;1;A01
201600020661;2;7;0;0;2;3;1;B01
201600020662;2;7;0;0;2;1;1;B01
201600020662;1;7;0;0;2;1;13;A01
201600020663;1;33;0;0;0;9;1;A01
201600020664;1;2;0;0;2;1;1;B01
201600020664;2;7;0;0;2;5;15;A01
201600020665;2;7;0;0;2;1;2;A01
201600020665;1;7;0;0;2;4;1;B01
201600020666;1;7;0;0;2;3;1;B01
201600020666;2;3;0;0;2;1;13;A01
201600020667;1;7;0;0;1;1;1;A01
201600020668;1;7;0;0;2;1;1;B01
201600020668;2;1;0;0;2;1;1;A01
201600020669;1;7;0;0;0;0;0;B01
201600020669;1;7;0;0;2;1;15;A01
201600020670;1;7;0;0;2;1;2;A01
201600020670;1;7;0;0;2;4;23;B01
201600020670;1;7;0;0;2;4;23;C01
201600020671;1;7;0;0;1;1;1;A01
201600020672;1;7;0;0;2;7;9;A01
201600020672;1;7;0;0;2;1;1;B01
201600020673;1;7;0;0;1;2;15;A01
201600020674;1;7;0;0;2;3;15;A01
201600020674;2;2;0;0;2;1;1;B01
201600020675;1;1;0;0;2;7;1;B01
201600020675;1;7;0;0;2;1;9;A01
201600020676;1;7;0;0;2;7;15;A01
201600020676;2;7;0;0;2;1;1;B01
201600020677;2;14;0;0;1;1;1;A01
201600020678;0;7;0;0;2;4;23;B01
201600020678;0;30;0;0;2;1;2;A01
201600020679;0;1;0;0;2;4;23;B01
201600020679;0;7;0;0;2;1;2;A01
201600020680;0;30;0;0;2;1;17;A01
201600020680;0;10;0;0;2;8;19;B01
201600020681;0;7;0;0;2;1;0;A01
201600020681;0;3;0;0;2;4;23;B01
201600020682;0;7;0;0;2;1;15;A01
201600020682;0;7;0;0;2;1;15;B01
201600020683;2;1;0;0;2;4;1;B01
201600020683;2;7;0;0;2;1;2;A01
201600020684;1;7;0;0;2;1;1;B01
201600020684;2;7;0;0;2;1;15;A01
201600020685;1;2;0;0;2;1;2;A01
201600020685;1;7;0;0;0;4;23;B02
201600020686;0;31;0;0;2;1;1;A01
201600020686;0;7;0;0;2;6;1;B02
201600020687;1;7;0;7;0;1;1;A01
201600020688;1;7;0;6;0;1;1;A01
201600020689;0;7;0;0;1;3;1;A01
201600020690;2;33;0;0;0;0;1;A01
201600020691;1;33;0;0;2;1;2;C03
201600020691;1;33;0;0;0;4;2;A01
201600020691;1;33;0;0;2;4;2;B02
201600020692;1;7;0;0;2;2;19;B02
201600020692;2;7;0;0;2;3;1;A01
201600020693;0;10;0;3;0;3;13;A01
201600020694;2;31;0;0;0;0;0;A01
201600020695;0;7;0;0;2;1;0;B02
201600020695;0;33;0;0;2;1;0;A01
201600020696;1;7;0;0;2;1;13;A01
201600020696;2;7;0;0;2;1;1;B01
201600020697;1;7;0;1;0;2;14;A01
201600020698;2;7;0;3;0;1;0;A01
201600020699;1;15;0;0;2;6;1;B01