Num_Acc;senc;catv;occutc;obs;obsm;choc;manv;num_veh
201600021076;0;1;0;0;0;0;0;B01
201600021077;2;2;0;0;0;0;0;A01
201600021078;1;7;0;0;2;1;17;B01
201600021078;2;7;0;0;2;1;5;A01
201600021079;2;10;0;0;1;0;0;A01
201600021080;2;31;0;0;2;2;17;A01
201600021080;2;7;0;0;2;3;15;B01
201600021081;1;7;0;2;0;7;1;A01
201600021082;0;7;0;0;1;2;1;A01
201600021083;1;7;0;2;0;1;1;A01
201600021084;2;7;0;0;1;0;0;A01
201600021085;0;7;0;0;1;4;4;A01
201600021086;2;7;0;0;2;6;15;A01
201600021086;2;33;0;0;2;1;17;B01
201600021087;1;10;0;0;1;2;0;A01
201600021088;0;7;0;0;1;1;16;A01
201600021089;1;10;0;0;1;1;0;A01
201600021090;1;7;0;0;1;1;1;A01
201600021091;1;7;0;0;1;3;1;A01
201600021092;1;7;0;0;2;8;13;A01
201600021092;2;30;0;0;2;8;1;B01
201600021092;2;7;0;0;2;6;1;C01
201600021093;1;14;0;0;0;7;1;A01
201600021094;1;7;0;2;0;2;12;A01
201600021095;1;33;0;0;0;0;0;A01
201600021096;1;33;0;12;0;8;1;A01
201600021097;0;7;0;0;1;4;4;A01
201600021098;1;7;0;0;1;3;0;A01
201600021099;1;7;0;0;1;2;1;A01
201600021100;2;1;0;0;9;0;0;A01
201600021101;0;33;0;0;2;1;1;A01
201600021101;0;7;0;0;0;3;15;B01
201600021102;1;7;0;0;2;1;2;A01
201600021102;1;33;0;0;0;0;0;B01
201600021102;1;7;0;0;0;0;0;C01
201600021103;0;7;0;0;1;6;4;A01
201600021104;1;7;0;0;1;3;1;A01
201600021105;1;33;0;0;2;1;17;A01
201600021105;2;14;0;0;0;0;0;B01
201600021106;1;7;0;0;0;0;0;A01
201600021106;1;33;0;0;2;2;2;B01
201600021107;2;30;0;0;2;1;0;A01
201600021107;1;7;0;0;2;0;0;B01
201600021108;1;7;0;0;2;1;2;B01
201600021108;1;7;0;0;0;4;23;A01
201600021109;2;7;0;0;0;4;0;A01
201600021109;2;7;0;0;2;1;0;B01
201600021109;2;7;0;0;2;1;0;C01
201600021110;1;7;0;9;1;0;16;A01
201600021111;2;7;0;8;0;8;13;A01
201600021112;1;7;0;0;1;4;4;A01
201600021113;1;7;0;0;1;2;0;A01
201600021114;1;7;0;0;2;3;21;A01
201600021114;2;7;0;0;2;0;0;B01
201600021115;0;7;0;0;2;3;0;A01
201600021115;0;7;0;0;2;0;0;B01
201600021116;1;7;0;0;0;2;2;A01
201600021116;1;7;0;0;0;4;9;B01
201600021117;1;7;0;0;1;1;1;A01
201600021118;1;7;0;0;1;1;0;A01
201600021119;1;7;0;12;0;9;1;A01
201600021120;2;7;0;0;0;1;1;A01
201600021120;1;1;0;0;0;0;0;B01
201600021121;1;7;0;0;0;0;0;C01
201600021121;1;7;0;0;0;0;0;B01
201600021121;1;7;0;0;0;0;0;A01
201600021122;2;1;0;0;0;0;0;B01
201600021122;2;7;0;0;2;0;0;A01
201600021123;2;7;0;0;1;8;1;A01
201600021124;1;7;0;0;2;1;1;A01
201600021124;1;7;0;0;0;0;0;B01
201600021125;1;7;0;0;0;8;9;A01
201600021125;1;7;0;0;0;7;2;B01
201600021126;2;7;0;0;2;1;1;B01
201600021126;1;7;0;0;2;6;15;A01
201600021127;1;7;0;2;0;1;1;A01
201600021128;1;7;0;0;2;1;15;A01
201600021128;2;7;0;0;0;1;1;B01
201600021129;1;30;0;8;0;1;1;A01
201600021130;2;33;0;0;2;7;2;B01
201600021130;2;7;0;0;2;3;10;A01
201600021131;1;13;0;0;0;0;0;A01
201600021132;1;1;0;0;2;3;1;A01
201600021132;1;7;0;0;2;3;1;B01
201600021133;2;15;0;0;0;0;0;A01
201600021134;0;1;0;0;2;1;9;A01
201600021134;1;7;0;0;0;7;2;B01
201600021135;1;7;0;0;2;3;2;A01
201600021135;1;7;0;0;2;4;2;B01
201600021136;0;33;0;0;0;0;2;A01
201600021137;2;33;0;0;2;7;2;B01
201600021137;2;7;0;0;2;3;15;A01
201600021138;1;7;0;0;1;4;4;A01
201600021139;1;7;0;0;2;7;19;A01
201600021139;1;7;0;0;2;1;0;B01
201600021140;1;33;0;0;2;1;17;A01
201600021140;1;7;0;0;0;6;15;B01
201600021141;2;7;0;0;0;0;0;A01
201600021141;2;1;0;0;0;0;0;B01
201600021142;1;2;0;0;2;5;1;B01
201600021142;1;7;0;0;2;5;15;A01
201600021143;0;1;0;0;2;2;1;A01
201600021143;0;7;0;0;9;0;0;B01
201600021144;2;7;0;0;2;2;2;A01
201600021144;2;1;0;0;2;4;2;B01
201600021145;1;7;0;0;1;3;2;A01
201600021146;1;7;0;0;1;0;0;A01
201600021147;0;7;0;0;2;2;1;B01
201600021147;0;1;0;0;2;1;2;A01
201600021148;1;7;0;0;2;1;2;A01
201600021148;1;7;0;0;0;4;2;B01
201600021149;2;7;0;13;0;1;2;A01
201600021150;2;7;0;0;1;4;4;A01
201600021151;0;1;0;0;2;1;19;B01
201600021151;0;7;0;0;9;0;0;A01
201600021152;0;7;0;0;1;3;0;A01
201600021153;2;7;0;0;2;8;23;B01
201600021153;2;7;0;0;2;3;15;A01
201600021154;2;15;0;0;2;8;0;B01
201600021154;1;7;0;0;2;3;13;A01
201600021155;1;7;0;0;2;1;1;A01
201600021155;2;7;0;0;2;1;1;B01
201600021155;2;7;0;0;0;0;17;C01
201600021156;1;7;0;0;2;1;1;A01
201600021156;2;7;0;0;2;2;19;B02
201600021157;1;7;0;16;0;1;13;A01
201600021158;1;7;0;0;2;8;19;A01
201600021158;2;10;0;0;2;1;1;B02
201600021159;1;7;0;0;2;2;17;A01
201600021159;1;1;0;0;2;8;15;B02
201600021160;2;33;0;3;0;1;0;A01
201600021161;0;7;0;0;2;8;1;A01
201600021161;0;33;0;0;2;1;1;B02
201600021162;1;7;0;8;0;9;1;A01
201600021163;1;33;0;0;2;1;1;A01
201600021163;2;7;0;0;2;2;1;B02
201600021164;1;10;0;6;0;2;11;A01
201600021165;0;33;0;5;0;1;13;A01
201600021166;1;1;0;0;2;7;1;B02
201600021166;2;7;0;0;9;2;15;A01
201600021167;0;7;0;2;0;3;13;A01
201600021168;2;10;0;0;2;3;9;A01
201600021168;2;1;0;0;0;4;1;B02
201600021169;2;7;0;0;4;8;23;A01
201600021169;0;39;0;1;0;2;1;B02
201600021170;0;38;0;0;1;2;1;A01
201600021171;0;10;0;0;1;8;1;A01
201600021172;1;14;0;0;2;3;1;B02
201600021172;2;7;0;0;2;3;1;A01
201600021173;0;2;0;2;0;1;1;A01
201600021174;1;7;0;0;0;2;1;B02
201600021174;0;7;0;0;0;3;15;A01
201600021175;2;7;0;0;2;2;1;B02
201600021175;0;7;0;0;2;3;15;A01
201600021176;0;30;0;0;2;1;13;B02
201600021176;0;7;0;0;2;1;1;A01
201600021177;1;7;0;0;2;7;15;A01
201600021177;2;33;0;0;2;1;1;B02
201600021178;1;15;0;0;0;1;1;B02
201600021178;0;7;0;0;0;8;19;A01
201600021179;1;15;0;13;0;8;16;A01
201600021180;1;7;0;13;0;1;1;A01
201600021181;0;7;0;15;6;1;1;A01
201600021182;2;33;0;0;0;0;17;A01
201600021183;1;1;0;0;2;0;16;A01
201600021183;2;7;0;0;9;1;1;B02
201600021184;1;31;0;0;2;1;19;A01
201600021184;1;7;0;0;2;2;1;B02
201600021185;2;33;0;0;2;1;1;A01
201600021185;1;7;0;0;2;7;15;B02
201600021186;1;7;0;16;0;7;1;A01
201600021187;0;31;0;8;0;1;2;A01
201600021188;1;7;0;0;9;8;0;A01
201600021188;1;2;0;0;2;1;0;B02
201600021189;0;30;0;0;2;1;1;A01
201600021189;0;1;0;0;2;1;1;B02
201600021190;0;7;0;4;0;1;12;A01
201600021190;0;7;0;0;2;2;1;B02
201600021191;2;33;0;0;2;1;1;A01
201600021191;2;7;0;0;0;4;1;B02
201600021192;1;7;0;0;2;1;2;A01
201600021192;1;3;0;0;0;4;1;B02
201600021193;0;7;0;0;2;0;17;A01
201600021193;0;37;0;0;2;3;15;B02
201600021194;1;7;0;2;0;1;13;A01
201600021195;0;7;0;0;2;8;10;A01
201600021195;0;31;0;0;2;2;1;B02
201600021196;0;39;0;0;1;1;1;A01
201600021197;0;33;0;1;0;1;1;A01
201600021198;0;7;0;0;2;1;1;A01
201600021198;0;7;0;0;2;3;1;C03
201600021198;0;7;0;0;2;3;1;D04
201600021198;0;7;0;1;2;1;1;B02
201600021199;0;7;0;6;0;1;1;A01
201600021200;0;30;0;0;2;1;13;A01
201600021200;0;7;0;0;2;3;0;B02
201600021201;1;33;0;3;0;2;1;A01
201600021202;1;7;0;0;2;3;5;B02
201600021202;2;2;0;0;2;3;5;A01
201600021203;1;7;0;0;2;3;13;A01
201600021203;2;15;0;0;2;8;1;B02
201600021204;1;7;0;6;0;1;1;A01
201600021205;1;1;0;0;0;0;0;B02
201600021205;1;7;0;0;2;2;2;A01
201600021206;0;7;0;0;2;1;15;A01
201600021206;0;33;0;0;2;1;1;B02
201600021207;1;7;0;0;2;1;13;A01
201600021207;2;7;0;0;2;1;1;B02
201600021208;1;7;0;8;0;7;1;A01
201600021209;2;7;0;0;2;3;0;A01
201600021209;1;7;0;0;2;3;1;B02
201600021210;1;7;0;0;2;8;15;A01
201600021210;1;31;0;0;2;1;1;B02
201600021211;1;7;0;8;2;1;1;C03
201600021211;2;7;0;0;9;1;1;D04
201600021211;2;7;0;0;2;3;1;B02
201600021211;1;7;0;0;2;3;13;A01
201600021212;1;3;0;0;0;3;13;A01
201600021212;2;7;0;0;0;3;1;B02
201600021213;0;7;0;8;0;1;0;A01
201600021214;1;10;0;0;0;8;1;A01
201600021214;0;33;0;0;0;1;1;B02
201600021215;0;7;0;0;2;1;5;A01
201600021215;0;33;0;0;2;1;5;B02
201600021216;1;33;0;6;2;2;17;B02
201600021216;1;7;0;0;2;8;15;A01
201600021217;1;33;0;0;2;1;1;B02
201600021217;2;7;0;0;2;2;15;A01
201600021218;0;7;0;0;0;8;0;A01
201600021219;2;7;0;0;2;1;1;B02
201600021219;2;7;0;0;2;2;10;A01
201600021220;2;7;0;0;2;7;16;A01
201600021220;2;2;0;0;2;1;1;B01
201600021221;2;7;0;0;1;4;2;A01
201600021221;2;7;0;0;2;1;2;B01
201600021222;1;34;0;9;0;1;13;A01
201600021223;0;7;0;0;1;0;0;A01
201600021224;1;33;0;0;1;1;17;A01
201600021225;2;7;0;6;0;8;1;A01
201600021226;2;33;0;0;2;1;17;A01
201600021226;2;7;0;0;2;6;15;B01
201600021226;2;7;0;0;0;0;0;C01
201600021227;1;33;0;0;2;1;1;B01
201600021227;2;7;0;0;2;3;15;A01
201600021228;1;1;0;0;0;6;15;A01
201600021228;1;7;0;0;2;6;1;B01
201600021229;1;10;0;0;0;8;1;A01
201600021229;1;33;0;0;2;1;1;B01
201600021230;1;1;0;0;2;0;0;B01
201600021230;2;7;0;0;2;0;0;Z01
201600021231;2;7;0;0;2;3;15;A01
201600021231;1;33;0;0;2;0;0;B01
201600021232;0;31;0;0;2;1;1;A01
201600021232;0;7;0;0;2;4;15;B01
201600021233;2;7;0;0;2;8;6;A01
201600021233;2;33;0;0;2;1;2;B01
201600021234;0;30;0;0;2;1;5;A01
201600021234;0;7;0;0;2;3;16;B02
201600021235;2;33;0;0;2;8;13;A01
201600021235;2;7;0;0;2;7;15;B01
201600021236;0;7;0;0;1;2;0;A01
201600021237;1;2;0;0;2;1;1;A01
201600021237;1;10;0;0;0;5;15;B01
201600021238;1;7;0;0;2;1;17;A01
201600021238;2;7;0;0;2;1;1;B01
201600021238;2;7;0;0;2;1;1;C01
201600021239;2;7;0;0;2;8;15;B01
201600021239;2;2;0;0;2;1;2;A01
201600021240;1;33;0;8;0;1;14;A01
201600021241;2;38;1;0;0;0;0;B01
201600021241;2;2;0;0;2;4;2;A01
201600021242;2;7;0;0;1;1;1;A01
201600021243;0;7;0;0;1;1;1;A01
201600021244;0;7;0;0;1;1;1;Z01
201600021245;1;7;0;0;2;8;16;A01
201600021245;1;2;0;0;2;1;1;B01
201600021246;2;2;0;0;2;8;7;A01
201600021246;2;7;0;0;2;2;1;B01
201600021247;1;7;0;13;0;1;1;A01
201600021248;1;7;0;0;2;1;2;A01
201600021248;1;7;0;0;2;4;2;B01
201600021249;0;7;0;0;1;1;1;A01
201600021250;2;7;0;0;2;1;1;A01
201600021250;2;31;0;0;0;4;23;B01
201600021251;0;2;0;0;2;2;17;B01
201600021251;0;7;0;0;2;8;1;A01
201600021252;0;7;0;0;2;8;0;B01
201600021252;0;7;0;0;2;2;0;A01
201600021253;0;1;0;0;2;1;0;B01
201600021253;0;7;0;0;2;1;0;A01
201600021254;0;7;0;0;2;5;0;A01
201600021254;0;33;0;0;2;1;0;B01
201600021255;0;7;0;0;1;3;0;A01
201600021256;0;7;0;0;2;3;0;B01
201600021256;0;7;0;0;2;3;13;A01
201600021257;0;7;0;0;1;1;1;A01
201600021258;0;7;0;0;2;2;12;A01
201600021258;0;2;0;0;2;8;1;B01
201600021259;2;7;0;0;2;3;1;B01
201600021259;2;7;0;0;2;2;15;A01
201600021260;0;7;0;0;1;1;1;A01
201600021261;0;7;0;0;2;1;1;A01
201600021261;0;7;0;0;2;4;23;C01
201600021261;0;7;0;2;2;4;23;B01
201600021262;0;30;0;0;2;2;9;A01
201600021262;0;7;0;0;2;1;15;B01
201600021263;1;1;0;0;2;1;9;A01
201600021263;1;7;0;0;2;2;0;B01
201600021264;2;7;0;0;2;4;23;B01
201600021264;2;7;0;0;2;1;1;A01
201600021265;0;7;0;0;2;2;1;A01
201600021265;0;7;0;0;0;0;0;B01
201600021266;1;7;0;0;1;1;0;A01
201600021267;2;7;0;7;0;1;1;A01
201600021268;0;7;0;0;2;1;1;B01
201600021268;0;7;0;0;2;2;1;A01
201600021269;0;2;0;0;2;1;15;A01
201600021269;1;37;1;0;2;1;0;B01
201600021270;0;7;0;0;2;1;1;A01
201600021270;0;7;0;0;2;4;23;B01
201600021271;0;30;0;0;2;4;1;B01
201600021271;0;30;0;0;2;3;2;A01
201600021272;1;2;0;0;2;1;2;A01
201600021272;1;7;0;0;0;4;0;B01
201600021273;1;2;0;0;2;2;1;B01
201600021273;1;7;0;0;2;3;9;A01
201600021274;0;1;0;0;2;1;9;A01
201600021274;0;7;0;0;9;2;1;B01
201600021275;0;7;0;0;2;7;9;A01
201600021275;0;7;0;0;2;8;1;B01
201600021275;0;7;0;0;2;5;0;C01
201600021275;0;7;0;0;2;7;0;D01
201600021276;1;7;0;0;2;1;13;A01
201600021276;2;7;0;0;2;1;1;B01
201600021277;0;2;0;0;2;2;1;A01
201600021277;0;7;0;0;2;3;1;B01
201600021278;0;7;0;0;2;3;1;A01
201600021278;0;7;0;0;2;2;1;B01
201600021278;0;7;0;0;2;1;1;C01
201600021279;1;7;0;0;2;3;13;A01
201600021279;1;7;0;0;2;3;0;B01
201600021280;0;7;0;0;1;0;0;A01
201600021281;0;7;0;0;2;1;0;A01
201600021281;0;7;0;0;2;4;0;B01
201600021282;0;7;0;6;0;1;0;A01
201600021283;0;30;0;0;2;7;17;A01
201600021283;0;7;0;0;2;3;15;B01
201600021284;0;30;0;0;2;2;19;A01
201600021284;0;7;0;0;2;8;1;B01
201600021285;1;7;0;0;2;1;2;A01
201600021285;1;7;0;0;2;4;2;B01
201600021286;0;7;0;0;2;1;19;A01
201600021286;0;7;0;0;2;8;19;B01
201600021287;0;7;0;0;2;5;19;B01
201600021287;0;7;0;0;2;2;19;A01
201600021288;0;7;0;0;1;0;0;B01
201600021288;0;7;0;0;0;0;0;A01
201600021289;1;10;0;0;2;2;15;A01
201600021289;2;7;0;0;2;1;5;B01
201600021290;0;7;0;0;2;1;9;A01
201600021290;0;7;0;0;2;2;15;B01
201600021291;0;1;0;0;2;1;2;A01
201600021291;0;7;0;0;0;4;23;B01
201600021292;0;7;0;0;1;0;0;A01
201600021293;0;7;0;0;2;5;5;A01
201600021293;0;7;0;0;2;1;0;B01
201600021294;0;7;0;0;1;1;0;A01
201600021295;0;7;0;0;2;1;2;A01
201600021295;0;7;0;0;2;4;2;B01
201600021295;0;7;0;0;2;4;2;C01
201600021296;0;7;0;1;0;1;13;A01
201600021297;0;7;0;0;2;1;2;A01
201600021297;0;7;0;0;2;4;2;B01
201600021297;0;7;0;0;2;4;2;C01
201600021298;0;7;0;0;2;1;0;A01
201600021298;0;7;0;0;2;7;0;B01
201600021299;0;33;0;0;2;0;0;A01
201600021299;0;7;0;0;2;8;0;B01
201600021300;0;7;0;0;1;0;0;A01
201600021301;1;2;0;0;2;7;0;A01
201600021301;1;7;0;0;2;7;0;B01
201600021302;0;7;0;0;1;1;0;A01
201600021303;0;7;0;0;1;1;0;A01
201600021304;1;7;0;0;2;0;0;A01
201600021304;1;7;0;0;2;4;0;B01
201600021305;0;7;0;0;2;0;0;A01
201600021305;0;7;0;0;2;0;0;B01
201600021306;0;7;0;0;9;0;0;A01
201600021306;0;1;0;0;0;0;0;B01
201600021307;0;7;0;0;1;2;0;A01
201600021308;0;7;0;0;2;1;1;C01
201600021308;0;7;0;0;2;1;9;A01
201600021308;0;7;0;0;2;8;1;B01
201600021309;0;2;0;0;0;0;0;B01
201600021309;0;7;0;0;2;2;15;A01
201600021310;1;7;0;0;2;1;2;A01
201600021310;1;7;0;0;2;4;2;B01
201600021311;0;7;0;0;9;2;17;A01
201600021311;0;1;0;0;0;0;0;B01
201600021312;0;7;0;0;2;1;5;A01
201600021312;0;30;0;0;2;1;0;B01
201600021313;0;7;0;0;1;0;0;A01
201600021314;1;7;0;0;2;6;2;A01
201600021314;1;33;0;0;2;1;2;B01
201600021315;0;7;0;0;2;7;0;B01
201600021315;0;7;0;0;2;1;0;A01
201600021316;0;7;0;0;2;1;2;A01
201600021316;0;7;0;0;2;4;2;B01
201600021317;0;7;0;0;2;2;2;A01
201600021317;0;7;0;0;2;5;2;B01
201600021318;0;7;0;0;2;1;2;A01
201600021318;0;7;0;0;2;4;0;B01
201600021319;0;7;0;0;2;1;2;A01
201600021319;0;7;0;0;2;4;2;B01
201600021320;0;7;0;0;2;3;9;A01
201600021320;0;7;0;0;2;2;1;B01
201600021321;0;7;0;0;2;5;15;A01
201600021321;0;30;0;0;2;1;0;B01
201600021322;0;7;0;0;1;1;0;A01
201600021323;0;32;0;0;0;0;0;A01
201600021324;0;7;0;0;1;1;0;A01
201600021325;0;7;0;0;0;0;0;A01
201600021325;0;30;0;0;0;0;0;B01
201600021326;0;7;0;0;2;1;9;A01
201600021326;0;7;0;0;2;8;1;B01
201600021327;0;1;0;0;2;1;1;A01
201600021327;0;37;1;0;2;3;1;B01
201600021328;0;7;0;0;2;1;0;A01
201600021328;0;2;0;0;2;1;0;B01
201600021329;1;7;0;0;2;1;2;A01
201600021329;1;7;0;0;2;4;2;B01
201600021330;0;7;0;0;2;8;9;A01
201600021330;0;1;0;0;2;1;2;B01
201600021331;0;7;0;0;1;1;1;A01
201600021332;1;7;0;14;2;1;19;A01
201600021332;1;7;0;0;2;4;0;B01
201600021332;1;7;0;0;2;8;0;C01
201600021333;0;7;0;8;0;0;0;A01
201600021334;1;7;0;0;2;1;0;A01
201600021334;1;7;0;0;2;0;0;B01
201600021334;1;7;0;0;2;4;0;C01
201600021335;1;7;0;0;2;1;2;A01
201600021335;1;7;0;0;2;4;2;B01
201600021336;0;7;0;0;2;1;2;A01
201600021336;0;7;0;0;2;4;2;B01
201600021337;2;7;0;6;0;2;1;A01
201600021338;0;7;0;0;1;1;1;A01
201600021339;0;33;0;0;2;2;2;A01
201600021339;0;7;0;0;2;3;9;B01
201600021340;0;7;0;0;1;2;1;A01
201600021341;0;7;0;0;1;2;0;A01
201600021342;0;2;0;0;2;1;9;A01
201600021342;0;1;0;0;2;7;2;B01
201600021343;0;7;0;15;1;2;15;A01
201600021343;0;32;0;0;2;1;23;B01
201600021344;1;7;0;0;2;4;15;A01
201600021344;2;7;0;0;2;1;1;B01
201600021345;0;7;0;0;1;3;2;A01
201600021346;1;17;0;3;0;2;2;A01
201600021347;2;33;0;0;2;8;0;A01
201600021347;1;37;1;0;2;8;1;B01
201600021348;1;7;0;0;2;1;19;A01
201600021348;2;13;0;0;2;1;1;B01
201600021349;2;7;0;0;0;4;0;A01
201600021349;2;31;0;0;2;1;2;B01
201600021350;0;7;0;0;2;2;1;A01
201600021350;0;7;0;0;2;3;1;B01
201600021351;0;7;0;12;1;3;2;A01
201600021352;0;7;0;0;2;2;15;A01
201600021352;0;32;0;0;2;0;1;B01
201600021353;1;7;0;0;2;4;1;A01
201600021353;1;7;0;0;2;1;2;B01
201600021353;1;7;0;0;2;1;1;C01
201600021354;0;7;0;0;2;2;2;B01
201600021354;0;7;0;0;2;2;9;A01
201600021355;0;7;0;0;2;1;9;A01
201600021355;0;7;0;0;2;1;1;B01
201600021356;1;30;0;0;2;1;16;A01
201600021356;1;7;0;0;0;2;16;B01
201600021357;1;7;0;0;2;0;16;A01
201600021357;1;7;0;0;2;0;0;B01
201600021358;0;7;0;0;2;1;15;A01
201600021358;0;7;0;0;2;2;1;B01
201600021359;1;31;0;0;2;1;18;A01
201600021359;2;7;0;0;2;3;1;B01
201600021360;0;7;0;0;1;0;15;A01
201600021361;0;7;0;0;1;3;2;A01
201600021362;1;33;0;0;2;1;2;B01
201600021362;1;7;0;0;2;3;11;A01
201600021363;0;7;0;0;2;7;15;A01
201600021363;0;31;0;0;2;1;1;B01
201600021364;2;7;0;0;0;4;2;C01
201600021364;2;7;0;0;2;4;2;B01
201600021364;2;10;0;0;2;1;2;A01
201600021365;0;7;0;0;1;3;1;A01
201600021366;1;7;0;0;2;3;1;A01
201600021366;1;7;0;0;2;1;1;B01
201600021366;1;7;0;0;2;0;1;C01
201600021367;0;7;0;0;1;0;1;A01
201600021368;0;7;0;0;2;4;2;A01
201600021368;0;7;0;0;2;4;2;B01
201600021369;1;7;0;3;2;9;1;A01
201600021369;1;7;0;0;2;0;0;B01
201600021370;0;7;0;0;2;1;1;B01
201600021370;0;7;0;0;2;8;9;A01
201600021371;0;7;0;0;1;1;15;A01
201600021372;0;7;0;0;2;1;15;A01
201600021372;0;31;0;0;2;0;1;B01
201600021373;0;7;0;0;2;1;15;A01
201600021373;0;2;0;0;2;3;0;B01
201600021374;0;7;0;0;2;0;0;C01
201600021374;0;7;0;0;2;0;1;B01
201600021374;0;7;0;0;2;0;0;A01
201600021375;2;7;0;0;0;0;0;A01
201600021375;2;33;0;0;2;0;0;B01
201600021376;1;7;0;0;2;1;2;A01
201600021376;1;7;0;0;2;4;1;B01
201600021377;2;7;0;0;2;1;0;A01
201600021377;2;7;0;0;2;0;0;B01
201600021378;1;7;0;0;2;9;0;A01
201600021379;0;31;0;2;0;9;1;A01
201600021380;1;7;0;0;1;1;1;A01
201600021381;1;15;0;4;0;8;1;A01
201600021382;1;10;0;0;2;6;1;A01
201600021382;1;7;0;1;2;1;0;B01
201600021382;1;7;0;0;2;0;0;C01
201600021383;1;7;0;0;2;1;1;A01
201600021383;1;7;0;0;2;4;1;B01
201600021383;1;7;0;0;2;4;1;C01
201600021384;0;7;0;0;1;2;1;A01
201600021385;0;7;0;0;2;0;1;B01
201600021385;0;7;0;0;2;0;9;A01
201600021386;2;7;0;0;2;1;5;A01
201600021386;1;7;0;0;2;3;1;B01
201600021386;1;7;0;0;2;3;1;C01
201600021387;0;7;0;0;1;0;1;A01
201600021388;0;7;0;0;1;1;1;A01
201600021389;0;7;0;0;2;3;9;A01
201600021389;0;7;0;0;2;1;1;B01
201600021390;1;7;0;0;2;3;10;A01
201600021390;1;31;0;0;2;1;1;B01
201600021391;0;7;0;0;2;0;1;A01
201600021391;0;37;1;0;2;0;7;B01
201600021392;0;7;0;0;1;2;1;A01
201600021393;1;7;0;6;2;0;1;A01
201600021393;2;7;0;0;0;5;9;B01
201600021394;1;10;0;0;2;4;1;B01
201600021394;1;7;0;0;2;1;1;A01
201600021395;0;7;0;0;1;1;1;A01
201600021396;0;7;0;0;1;1;0;A01
201600021397;0;14;0;0;0;0;0;B01
201600021397;0;1;0;0;0;0;0;A01
201600021398;0;7;0;0;2;1;1;A01
201600021398;0;7;0;0;2;1;1;B01
201600021399;1;7;0;3;1;1;13;A01
201600021400;1;33;0;0;2;1;17;A01
201600021400;1;7;0;0;2;8;15;B02
201600021401;2;7;0;0;2;3;13;A01
201600021401;1;7;0;0;2;3;1;B02
201600021402;0;2;0;13;0;1;1;A01
201600021403;1;33;0;0;0;0;0;A01
201600021404;1;10;0;2;0;3;1;A01
201600021405;0;7;0;0;2;2;0;A01
201600021405;0;33;0;0;2;8;23;B02
201600021406;0;7;0;0;1;8;1;A01
201600021407;1;7;0;7;0;3;13;A01
201600021408;0;33;0;0;2;1;1;B02
201600021408;0;7;0;0;2;7;15;A01
201600021409;1;7;0;0;2;7;1;A01
201600021409;1;1;0;0;0;4;1;B02
201600021410;2;7;0;0;2;3;23;B02
201600021410;1;33;0;13;2;8;1;A01
201600021411;2;33;0;0;1;1;1;A01
201600021412;2;15;0;0;0;3;1;B02
201600021412;1;7;0;0;2;9;6;A01
201600021413;2;10;0;0;2;1;2;B02
201600021413;2;10;0;0;2;1;2;A01
201600021413;2;7;0;0;2;8;2;C03
201600021413;1;7;0;0;2;1;5;D04
201600021414;2;7;0;13;0;8;13;A01
201600021415;1;7;0;0;2;3;1;A01
201600021415;2;2;0;0;2;3;1;B02
201600021416;0;7;0;0;2;1;1;A01
201600021416;0;7;0;0;0;6;15;B02
201600021416;0;15;0;0;2;2;1;C03
201600021417;1;7;0;0;2;1;15;A01
201600021417;2;2;0;0;2;1;1;B01
201600021418;0;7;0;0;2;1;13;A01
201600021418;0;7;0;0;2;1;1;B01
201600021419;0;7;0;0;2;1;13;A01
201600021419;0;7;0;0;2;1;1;B01
201600021420;0;7;0;8;0;1;13;A01
201600021421;0;33;0;0;0;0;1;A01
201600021422;1;7;0;0;2;1;2;A01
201600021422;1;7;0;0;0;5;2;B02
201600021423;1;7;0;0;2;1;17;A01
201600021423;1;21;0;0;2;6;15;B02
201600021424;2;7;0;0;2;1;1;A01
201600021424;1;7;0;0;2;1;9;B02
201600021425;1;7;0;0;2;2;1;A01
201600021425;2;30;0;8;2;1;5;B02
201600021426;0;7;0;16;0;0;1;A01
201600021427;2;7;0;0;2;1;15;A01
201600021427;1;31;0;0;2;1;16;B02
201600021428;1;30;0;0;2;1;1;A01
201600021428;2;10;0;0;2;1;1;B02
201600021429;2;31;0;0;2;1;2;A01
201600021429;2;7;0;0;2;4;23;B02
201600021430;2;7;0;6;0;7;1;A01
201600021430;1;7;0;0;2;1;1;B02
201600021431;2;7;0;0;2;3;15;A01
201600021431;1;33;0;0;2;3;1;B02
201600021432;1;14;0;0;2;3;1;B02
201600021432;2;14;0;0;2;3;15;A01
201600021433;2;7;0;0;2;3;13;A01
201600021433;1;7;0;0;2;3;1;B02
201600021434;2;7;0;2;0;1;15;A01
201600021435;0;7;0;6;0;3;1;A01
201600021436;2;7;0;0;2;6;2;A01
201600021436;2;34;0;0;2;2;17;B02
201600021437;0;7;0;1;0;3;5;A01
201600021437;0;7;0;0;2;3;23;B02
201600021438;0;7;0;0;2;8;1;B02
201600021438;0;7;0;0;2;3;13;A01
201600021439;1;7;0;0;1;3;15;A01
201600021440;2;7;0;0;0;1;1;A01
201600021440;1;1;0;0;0;7;19;B02
201600021441;0;7;0;0;2;1;13;A01
201600021441;0;7;0;0;2;1;1;B02
201600021442;1;33;0;0;0;0;1;A01
201600021443;1;10;0;0;2;6;17;A01
201600021443;1;33;0;0;2;7;17;B02
201600021444;1;17;0;0;1;1;5;A01
201600021445;2;15;0;0;0;0;1;A01
201600021446;1;7;0;13;0;6;21;A01