Num_Acc;senc;catv;occutc;obs;obsm;choc;manv;num_veh
201600022214;0;7;0;0;2;0;0;A01
201600022214;0;7;0;0;2;0;0;B01
201600022215;1;7;0;6;0;2;1;A01
201600022216;2;15;0;0;2;2;12;A01
201600022216;2;7;0;0;2;6;1;B01
201600022217;1;7;0;0;2;2;15;A01
201600022217;2;7;0;0;2;1;1;B01
201600022218;1;7;0;2;0;9;0;A01
201600022219;1;7;0;0;2;7;14;A01
201600022219;1;30;0;0;2;8;2;B01
201600022220;1;7;0;0;1;3;9;A01
201600022221;1;10;0;9;0;1;13;A01
201600022222;2;7;0;6;0;0;19;A01
201600022223;1;7;0;3;0;1;1;A01
201600022224;1;7;0;13;0;1;1;A01
201600022225;0;7;0;13;9;1;0;A01
201600022226;1;7;0;0;1;2;3;A01
201600022227;1;7;0;0;2;4;2;A01
201600022227;1;7;0;0;2;1;2;B01
201600022228;1;30;0;1;0;1;0;A01
201600022229;2;7;0;0;0;8;0;A01
201600022229;2;33;0;0;0;0;0;B01
201600022230;1;7;0;0;2;8;13;B01
201600022230;1;7;0;0;2;2;14;A01
201600022231;2;31;0;0;2;0;0;A01
201600022231;2;7;0;0;0;5;23;B01
201600022232;1;10;0;13;0;0;0;A01
201600022233;2;32;0;0;0;8;1;A01
201600022234;0;7;0;0;1;1;0;A01
201600022235;1;7;0;0;2;4;2;A01
201600022235;1;7;0;0;2;1;2;B01
201600022236;2;33;0;4;0;8;1;A01
201600022237;1;7;0;13;0;4;1;A01
201600022238;1;7;0;11;0;3;0;A01
201600022239;2;7;0;0;0;5;1;A01
201600022239;1;7;0;0;0;1;1;B02
201600022240;0;30;0;0;0;0;0;A01
201600022241;0;7;0;0;0;3;0;A01
201600022241;0;2;0;0;0;1;0;B02
201600022242;0;31;0;0;2;7;1;B02
201600022242;0;7;0;0;2;1;9;A01
201600022243;1;31;0;0;2;1;1;B02
201600022243;2;7;0;0;2;1;17;A01
201600022244;1;7;0;0;2;1;1;B02
201600022244;2;10;0;0;2;3;17;A01
201600022245;0;7;0;0;2;1;9;A01
201600022245;0;1;0;0;2;7;15;B02
201600022246;0;7;0;0;2;2;1;A01
201600022246;0;1;0;0;2;8;19;B02
201600022247;0;7;0;0;0;0;0;B02
201600022247;0;2;0;0;0;0;0;A01
201600022248;1;31;0;15;0;1;1;A01
201600022249;2;2;0;0;2;1;1;B01
201600022249;2;7;0;0;2;8;1;A01
201600022250;1;2;0;1;0;1;13;A01
201600022251;2;7;0;0;2;1;9;A01
201600022251;1;7;0;0;2;1;1;B01
201600022252;2;2;0;0;2;1;17;B01
201600022252;2;7;0;0;2;8;15;A01
201600022253;1;7;0;0;2;4;23;B01
201600022253;1;7;0;0;2;1;2;A01
201600022254;1;7;0;0;2;3;15;A01
201600022254;2;2;0;0;2;1;1;B01
201600022255;1;7;0;0;1;3;1;A01
201600022256;2;7;0;0;1;5;4;A01
201600022257;0;10;0;0;1;0;0;A01
201600022258;2;7;0;0;2;8;1;A01
201600022258;2;1;0;0;0;0;0;B01
201600022259;1;7;0;0;1;0;0;A01
201600022260;1;7;0;0;2;0;0;B01
201600022260;2;7;0;6;2;0;0;A01
201600022261;2;7;0;0;1;0;0;A01
201600022262;1;7;0;8;0;2;14;A01
201600022263;1;7;0;0;2;0;0;B01
201600022263;2;7;0;0;2;0;0;A01
201600022264;2;7;0;0;2;2;12;A01
201600022264;1;36;0;0;2;1;13;B01
201600022265;0;2;0;0;2;1;1;B01
201600022265;1;7;0;0;2;3;15;A01
201600022266;1;7;0;0;2;1;1;A01
201600022266;1;7;0;0;2;2;1;B01
201600022267;2;7;0;0;1;1;0;A01
201600022268;1;7;0;0;1;0;4;A01
201600022269;2;7;0;0;2;7;15;A01
201600022269;1;7;0;0;2;1;1;B01
201600022270;1;7;0;0;2;2;15;A01
201600022270;2;33;0;0;2;1;1;B01
201600022271;1;1;0;0;9;0;1;B01
201600022271;1;7;0;0;2;1;15;A01
201600022272;2;7;0;6;0;1;1;A01
201600022273;2;7;0;0;2;2;17;A01
201600022273;2;7;0;0;2;3;15;B01
201600022274;1;7;0;0;1;1;1;A01
201600022275;1;7;0;0;1;1;1;A01
201600022276;1;7;0;2;0;1;14;A01
201600022277;2;7;0;0;2;3;2;A01
201600022277;2;7;0;0;2;6;23;B01
201600022278;2;7;0;0;1;7;1;A01
201600022279;2;7;0;0;2;3;0;B01
201600022279;1;7;0;0;2;1;0;A01
201600022280;1;7;0;0;1;2;1;A01
201600022281;2;7;0;0;1;7;14;Z01
201600022282;2;33;0;0;2;7;1;B01
201600022282;1;7;0;0;2;3;9;A01
201600022283;1;33;0;0;2;1;0;B01
201600022283;1;7;0;0;2;5;0;A01
201600022284;2;7;0;0;2;1;1;A01
201600022284;1;7;0;0;2;1;15;B01
201600022285;1;7;0;0;2;3;13;A01
201600022285;2;2;0;0;2;1;1;B01
201600022286;2;7;0;0;2;3;10;A01
201600022286;2;2;0;0;2;3;3;B01
201600022287;2;7;0;0;2;2;2;A01
201600022287;2;7;0;0;2;6;23;B01
201600022288;2;37;0;0;1;2;1;A01
201600022289;2;7;0;6;0;1;14;A01
201600022290;2;7;0;0;1;4;4;A01
201600022291;2;7;0;0;2;9;14;A01
201600022291;1;7;0;0;2;1;1;B01
201600022292;1;7;0;0;1;1;1;A01
201600022293;2;7;0;0;2;3;1;B01
201600022293;2;15;0;0;2;3;1;C01
201600022293;1;7;0;0;2;1;13;A01
201600022294;2;7;0;0;2;3;1;B01
201600022294;2;7;0;9;2;1;17;A01
201600022295;2;7;0;0;2;3;1;A01
201600022295;1;30;0;0;2;1;1;B01
201600022296;2;33;0;0;2;1;1;B01
201600022296;2;7;0;0;2;1;19;A01
201600022297;2;7;0;0;2;3;1;B01
201600022297;2;7;0;0;2;1;15;A01
201600022298;1;7;0;0;2;3;15;A01
201600022298;1;30;0;0;2;1;1;B01
201600022299;1;7;0;0;2;3;13;A01
201600022299;1;7;0;0;2;8;1;B01
201600022300;1;7;0;0;0;1;1;A01
201600022301;1;7;0;0;2;4;1;A01
201600022301;1;30;0;0;2;1;2;B01
201600022302;1;34;0;0;2;8;0;B01
201600022302;1;7;0;0;2;3;1;A01
201600022303;1;7;0;0;2;8;15;B01
201600022303;1;7;0;0;2;1;3;A01
201600022304;1;7;0;0;2;8;1;B01
201600022304;1;7;0;0;2;1;13;A01
201600022305;2;7;0;9;0;2;14;A01
201600022306;1;7;0;0;2;4;2;B01
201600022306;1;7;0;0;2;2;2;A01
201600022307;1;7;0;0;2;9;1;B01
201600022307;1;7;0;0;2;4;1;C01
201600022307;1;7;0;0;2;1;1;A01
201600022308;1;7;0;0;1;1;1;A01
201600022309;2;7;0;0;2;1;9;A01
201600022309;1;7;0;0;2;2;9;B01
201600022310;1;7;0;6;0;1;14;A01
201600022311;1;7;0;2;0;1;14;A01
201600022312;1;30;0;1;0;1;1;A01
201600022313;1;7;0;0;2;3;1;B01
201600022313;2;2;0;0;2;1;1;A01
201600022314;2;7;0;0;2;6;1;B01
201600022314;2;33;0;0;2;1;17;A01
201600022315;1;7;0;0;0;0;1;A01
201600022315;1;37;0;0;0;0;0;B01
201600022316;1;7;0;0;2;6;1;B01
201600022316;1;7;0;0;2;2;2;A01
201600022317;2;33;0;0;2;1;17;B01
201600022317;1;7;0;0;2;3;15;A01
201600022318;1;7;0;0;2;1;1;B01
201600022318;2;7;0;0;2;7;15;A01
201600022319;1;7;0;0;2;2;1;A01
201600022319;2;7;0;0;2;2;1;B01
201600022320;1;1;0;0;1;1;1;A01
201600022321;1;7;0;0;2;6;13;A01
201600022321;1;32;0;1;2;7;17;B01
201600022322;2;7;0;1;0;1;14;A01
201600022322;0;7;0;0;2;6;24;B01
201600022323;1;7;0;0;2;1;2;A01
201600022323;1;7;0;0;2;4;23;B01
201600022324;1;33;0;0;2;9;2;B01
201600022324;1;10;0;0;2;8;15;A01
201600022325;1;15;0;0;0;0;0;B01
201600022325;2;7;0;0;2;1;13;A01
201600022326;1;7;0;0;2;6;24;B01
201600022326;1;3;0;1;0;2;14;A01
201600022327;0;10;0;0;1;6;4;A01
201600022328;0;10;0;0;1;1;1;A01
201600022329;1;7;0;0;1;1;1;A01
201600022330;2;7;0;0;2;1;15;A01
201600022330;2;7;0;0;2;1;1;B01
201600022331;2;7;0;0;1;1;1;A01
201600022332;1;7;0;1;0;4;20;A01
201600022332;1;7;0;0;2;6;0;B01
201600022333;2;7;0;0;1;2;1;A01
201600022334;1;7;0;0;2;1;1;A01
201600022334;1;7;0;0;0;0;0;B01
201600022335;1;7;0;0;2;1;5;A01
201600022335;1;7;0;0;2;1;1;B01
201600022336;2;7;0;0;2;4;1;C01
201600022336;2;7;0;0;2;1;2;A01
201600022336;2;7;0;0;2;4;2;B01
201600022337;1;7;0;0;1;1;1;A01
201600022338;1;7;0;0;1;3;1;A01
201600022339;0;1;0;0;2;1;2;B01
201600022339;0;7;0;0;2;3;2;A01
201600022340;1;7;0;0;1;3;1;A01
201600022341;2;7;0;0;2;7;15;A01
201600022341;1;33;0;0;0;1;1;B01
201600022342;0;7;0;0;1;1;16;A01
201600022343;1;33;0;0;2;0;2;B01
201600022343;1;7;0;0;2;4;2;A01
201600022344;1;7;0;0;2;2;15;A01
201600022344;2;33;0;0;2;1;1;B01
201600022345;1;7;0;0;2;0;0;B01
201600022345;1;7;0;0;2;0;0;A01
201600022346;1;7;0;0;2;1;2;A01
201600022346;0;10;0;0;2;4;23;B01
201600022347;1;15;0;0;2;2;1;A01
201600022347;2;7;0;0;2;1;0;B01
201600022348;1;7;0;0;2;7;15;B01
201600022348;1;7;0;0;2;1;1;A01
201600022349;2;7;0;0;2;0;0;A01
201600022349;2;7;0;0;2;4;2;B01
201600022350;1;7;0;0;0;0;0;A01
201600022350;2;1;0;0;2;1;0;B01
201600022351;1;33;0;0;2;1;2;B01
201600022351;2;7;0;0;2;6;4;A01
201600022352;1;7;0;0;1;3;15;A01
201600022353;1;35;0;0;2;1;15;A01
201600022353;2;33;0;0;2;8;0;B01
201600022354;1;7;0;0;1;1;18;A01
201600022355;1;30;0;0;2;0;0;B01
201600022355;1;7;0;0;2;1;2;A01
201600022356;2;7;0;0;2;4;1;B01
201600022356;2;7;0;0;2;4;1;C01
201600022356;2;7;0;0;2;1;0;A01
201600022357;1;32;0;0;2;1;1;B01
201600022357;1;7;0;0;2;3;1;A01
201600022358;1;7;0;6;0;0;1;A01
201600022359;1;7;0;0;2;1;0;A01
201600022359;1;7;0;0;2;1;0;B01
201600022360;0;7;0;0;1;1;1;A01
201600022361;0;7;0;0;0;0;0;A01
201600022362;0;7;0;0;1;1;1;A01
201600022363;2;37;0;0;1;1;1;A01
201600022364;0;7;0;0;2;1;1;B01
201600022364;0;7;0;0;2;3;1;A01
201600022365;2;7;0;0;0;1;0;A01
201600022366;0;7;0;0;2;3;1;B01
201600022366;0;7;0;0;2;3;6;A01
201600022367;0;7;0;0;2;1;15;A01
201600022367;0;30;0;0;2;1;1;B01
201600022368;0;7;0;0;1;0;10;A01
201600022369;0;7;0;0;1;1;1;A01
201600022370;2;38;0;0;2;1;1;A01
201600022370;0;7;0;0;2;3;1;B01
201600022371;0;7;0;0;1;1;15;A01
201600022372;0;1;0;0;0;0;1;A01
201600022373;0;7;0;0;2;1;17;A01
201600022373;0;7;0;0;2;8;1;B01
201600022374;0;7;0;7;2;7;1;B01
201600022374;0;7;0;0;2;1;1;A01
201600022375;1;14;0;0;2;2;12;A01
201600022375;1;30;0;0;2;6;1;B01
201600022376;0;7;0;0;2;0;0;B01
201600022376;2;7;0;0;2;0;0;A01
201600022377;0;7;0;0;2;3;1;B01
201600022377;0;7;0;0;2;3;15;A01
201600022378;0;31;0;0;6;1;1;A01
201600022379;0;7;0;0;1;1;1;A01
201600022380;0;7;0;0;1;1;1;A01
201600022381;2;7;0;0;1;0;0;A01
201600022382;0;7;0;0;2;2;17;B01
201600022382;0;7;0;0;2;6;15;A01
201600022383;0;1;0;0;0;4;1;B01
201600022383;0;1;0;0;2;4;1;C01
201600022383;0;10;0;0;2;2;14;A01
201600022384;0;31;0;0;2;2;1;A01
201600022384;0;7;0;0;2;1;15;B01
201600022385;0;7;0;0;0;0;0;A01
201600022385;0;7;0;0;0;0;0;B01
201600022385;0;7;0;0;0;0;0;C01
201600022386;1;33;0;0;2;1;0;A01
201600022386;1;7;0;0;2;5;0;B01
201600022387;0;37;0;0;1;1;1;A01
201600022388;0;10;0;0;2;2;0;A01
201600022389;0;7;0;1;2;4;4;A01
201600022389;0;7;0;0;2;2;1;B01
201600022390;0;33;0;0;2;0;17;A01
201600022390;0;1;0;0;0;0;0;B01
201600022390;0;7;0;0;2;3;1;C01
201600022390;0;10;0;0;2;1;1;D01
201600022391;0;33;0;0;0;0;0;B01
201600022391;0;7;0;0;2;0;15;A01
201600022392;0;1;0;0;2;1;19;B01
201600022392;1;7;0;0;2;1;1;A01
201600022393;0;7;0;0;2;1;1;B01
201600022393;0;7;0;0;2;2;19;A01
201600022394;0;7;0;0;0;1;17;A01
201600022395;0;10;0;12;0;1;13;A01
201600022396;1;7;0;0;2;1;16;A01
201600022396;1;7;0;2;2;5;1;B01
201600022397;0;7;0;0;2;1;2;A01
201600022397;0;7;0;0;2;6;23;B01
201600022398;0;7;0;0;2;3;0;A01
201600022398;0;7;0;0;2;3;1;B01
201600022399;0;7;0;6;0;1;0;A01
201600022400;0;7;0;0;2;3;5;B01
201600022400;0;7;0;0;2;0;5;A01
201600022401;0;7;0;0;2;4;23;C01
201600022401;0;7;0;0;2;1;1;A01
201600022401;0;7;0;0;2;2;23;B01
201600022402;0;7;0;0;2;0;0;A01
201600022402;0;37;0;0;2;3;1;B01
201600022403;0;7;0;0;1;0;0;A01
201600022404;0;7;0;0;1;2;0;A01
201600022405;0;7;0;0;0;6;24;B01
201600022405;0;7;0;1;0;1;1;A01
201600022406;0;33;0;0;2;1;1;A01
201600022406;0;7;0;0;2;1;1;C01
201600022406;0;7;0;0;2;3;1;B01
201600022407;0;7;0;0;2;5;0;A01
201600022407;0;7;0;0;2;1;1;B01
201600022408;0;7;0;0;1;4;4;A01
201600022409;0;7;0;16;0;3;13;A01
201600022410;0;7;0;0;0;3;15;A01
201600022410;0;33;0;0;2;7;1;B01
201600022411;1;7;0;0;1;1;1;A01
201600022412;0;30;0;0;2;2;1;B01
201600022412;0;7;0;0;2;3;0;A01
201600022413;0;7;0;0;2;5;1;B01
201600022413;0;7;0;0;0;3;18;A01
201600022413;0;7;0;0;2;4;1;C01
201600022414;0;33;0;0;2;0;0;B01
201600022414;0;7;0;0;2;1;19;A01
201600022415;0;7;0;0;2;1;1;A01
201600022415;0;7;0;0;2;1;1;B01
201600022416;0;7;0;0;2;1;0;B01
201600022416;0;37;0;0;2;1;0;C01
201600022416;0;7;0;7;2;1;1;A01
201600022417;0;32;0;0;1;0;1;A01
201600022418;0;33;0;0;2;1;1;A01
201600022418;0;7;0;0;2;6;1;B01
201600022419;0;7;0;0;1;3;18;A01
201600022420;0;32;0;0;2;1;1;B01
201600022420;0;7;0;0;2;2;10;A01
201600022421;0;7;0;0;1;0;0;A01
201600022422;2;7;0;0;2;7;15;A01
201600022422;1;34;0;0;2;1;1;B01
201600022423;0;7;0;0;2;3;0;A01
201600022423;0;7;0;0;2;2;0;B01
201600022424;0;7;0;0;2;0;1;A01
201600022424;0;7;0;0;0;8;1;B01
201600022425;0;7;0;0;2;0;1;A01
201600022425;0;7;0;0;2;2;1;B01
201600022426;0;10;0;0;2;1;2;A01
201600022426;0;7;0;0;0;4;23;B01
201600022427;0;7;0;0;1;0;0;A01
201600022428;0;7;0;0;2;1;2;A01
201600022428;0;2;0;0;2;1;0;B01
201600022429;0;33;0;0;0;0;0;A01
201600022430;2;7;0;0;2;1;1;A01
201600022430;2;7;0;0;2;7;1;B01
201600022431;1;7;0;0;1;2;1;A01
201600022432;0;10;0;0;2;1;1;B01
201600022432;0;2;0;1;2;1;19;A01
201600022433;1;7;0;0;2;1;5;B01
201600022433;1;7;0;0;2;1;19;A01
201600022434;1;7;0;0;2;4;1;B01
201600022434;1;7;0;0;2;1;0;A01
201600022435;0;7;0;8;2;7;15;A01
201600022435;0;7;0;0;2;1;1;B01
201600022436;0;7;0;0;2;1;15;B01
201600022436;0;2;0;0;2;1;1;A01
201600022437;0;2;0;0;2;1;1;B01
201600022437;0;7;0;0;2;0;15;A01
201600022438;0;7;0;0;0;0;0;A01
201600022439;0;7;0;0;1;1;15;A01
201600022440;0;7;0;0;2;4;0;B01
201600022440;0;2;0;0;2;1;0;A01
201600022441;0;7;0;0;2;1;1;A01
201600022441;0;7;0;0;2;4;2;B01
201600022442;0;1;0;0;2;1;1;A01
201600022442;0;7;0;0;2;3;1;B01
201600022443;0;7;0;0;0;0;0;B01
201600022443;0;38;0;0;0;8;1;C01
201600022443;0;7;0;0;2;8;13;A01
201600022444;0;31;0;0;2;1;0;B01
201600022444;0;32;0;0;2;1;11;A01
201600022445;0;7;0;0;2;0;1;B01
201600022445;0;7;0;3;0;8;19;A01
201600022446;0;7;0;0;2;1;1;B01
201600022446;0;7;0;0;2;1;15;A01
201600022446;0;7;0;0;2;1;23;C01
201600022447;0;7;0;0;2;1;15;A01
201600022447;0;31;0;0;2;1;1;B01
201600022448;0;1;0;0;2;1;13;A01
201600022448;0;7;0;0;2;3;1;B01
201600022449;0;33;0;0;2;7;15;A01
201600022449;0;7;0;0;2;3;15;B01
201600022450;0;7;0;0;0;6;1;B01
201600022450;0;1;0;0;2;1;0;A01
201600022451;0;10;0;0;2;1;1;A01
201600022451;0;7;0;0;0;1;15;B01
201600022452;0;33;0;0;0;0;0;A01
201600022453;0;14;0;4;2;0;0;A01
201600022453;0;7;0;0;2;0;1;B01
201600022453;0;7;0;0;0;0;15;C01
201600022454;0;7;0;0;2;2;1;B01
201600022454;0;1;0;0;2;4;0;A01
201600022455;0;7;0;0;1;1;1;A01
201600022456;0;7;0;0;0;0;0;A01
201600022456;0;7;0;0;2;4;0;B01
201600022457;0;7;0;0;1;0;4;A01
201600022458;0;7;0;0;0;0;0;B01
201600022458;0;7;0;0;0;0;0;A01
201600022459;0;7;0;0;2;1;1;B01
201600022459;0;7;0;0;2;1;16;A01
201600022460;0;7;0;13;2;1;1;B01
201600022460;0;7;0;7;2;3;17;A01
201600022461;0;30;0;0;2;0;1;A01
201600022461;0;7;0;0;2;2;1;B01
201600022462;0;32;0;0;0;0;0;B01
201600022462;0;7;0;12;2;0;1;A01
201600022463;0;7;0;11;0;2;1;B01
201600022463;0;7;0;0;2;1;15;A01
201600022464;0;7;0;0;1;1;1;A01
201600022465;0;7;0;0;1;1;1;A01
201600022466;0;7;0;0;2;1;23;B01
201600022466;0;7;0;0;0;1;13;A01
201600022466;0;7;0;0;0;4;1;C01
201600022467;0;7;0;0;1;4;4;A01
201600022468;0;7;0;0;2;4;1;B01
201600022468;0;15;0;0;2;1;1;A01
201600022469;1;10;0;0;2;6;15;A01
201600022469;2;33;0;0;2;1;1;B01
201600022470;0;7;0;0;2;2;1;B01
201600022470;0;1;0;0;0;0;19;C01
201600022470;0;33;0;0;2;1;18;A01
201600022470;0;7;0;0;2;5;1;D01
201600022471;0;7;0;0;2;2;14;A01
201600022472;0;7;0;0;2;4;2;A01
201600022472;0;7;0;0;2;4;2;B01
201600022473;0;7;0;0;2;7;11;A01
201600022473;0;33;0;0;0;0;0;B01
201600022474;0;7;0;0;2;0;2;A01
201600022474;0;7;0;0;0;0;0;B01
201600022475;1;7;0;0;2;7;1;A01
201600022475;0;7;0;0;2;1;1;B01
201600022476;0;7;0;0;2;1;1;A01
201600022476;0;7;0;0;2;1;1;B01
201600022477;0;7;0;0;2;4;0;B01
201600022477;0;15;0;0;2;1;0;A01
201600022478;0;33;0;0;2;1;1;B01
201600022478;0;2;0;0;2;1;15;A01
201600022479;0;7;0;0;1;3;1;A01
201600022480;0;33;0;0;0;0;14;A01
201600022481;0;7;0;0;1;2;1;A01
201600022482;0;7;0;0;2;7;15;A01
201600022482;0;7;0;0;2;2;1;B01
201600022483;0;34;0;2;0;1;13;A01
201600022484;0;33;0;0;0;0;0;B01
201600022484;0;7;0;0;0;0;13;A01
201600022485;0;7;0;0;2;1;1;B01
201600022485;0;7;0;0;2;1;9;A01
201600022486;0;7;0;0;2;1;13;A01
201600022486;0;7;0;0;2;1;1;B01
201600022487;0;30;0;0;2;0;0;A01
201600022487;0;7;0;0;2;0;0;B01
201600022488;0;2;0;0;2;1;15;A01
201600022488;0;7;0;0;2;2;1;B01
201600022489;0;31;0;0;2;1;1;A01
201600022489;0;15;0;0;0;8;15;B01
201600022490;1;10;0;0;2;1;1;A01
201600022490;1;7;0;0;2;8;1;B01
201600022491;0;7;0;0;2;0;0;B01
201600022491;0;7;0;0;0;0;0;A01
201600022492;0;7;0;0;2;1;1;A01
201600022492;0;7;0;0;2;3;19;B01
201600022493;1;32;0;0;1;0;1;A01
201600022494;0;7;0;0;2;1;2;B01
201600022494;0;1;0;0;2;1;1;H01
201600022495;0;7;0;0;2;1;15;A01
201600022495;0;7;0;0;2;3;1;B01
201600022496;0;7;0;0;2;8;1;B01
201600022496;0;7;0;0;2;1;1;A01
201600022497;0;7;0;0;1;1;1;A01
201600022498;0;30;0;0;0;0;15;B01
201600022498;0;33;0;0;0;0;13;A01
201600022499;0;7;0;0;1;0;1;A01
201600022500;0;7;0;0;1;2;1;A01
201600022501;2;7;0;8;0;1;13;A01
201600022502;0;7;0;0;2;4;1;B01
201600022502;0;7;0;0;2;1;17;A01
201600022503;1;2;0;0;2;1;1;B01
201600022503;1;7;0;0;2;7;12;A01
201600022504;1;7;0;0;2;1;2;A01
201600022504;0;7;0;0;2;4;2;C01
201600022504;0;7;0;0;2;4;2;B01
201600022505;0;7;0;0;1;2;1;A01
201600022506;1;7;0;0;1;1;1;A01
201600022507;0;7;0;0;2;1;1;A01
201600022507;0;7;0;0;2;4;23;C01
201600022507;0;7;0;0;2;4;1;B01
201600022508;0;7;0;0;2;2;17;A01
201600022508;0;7;0;0;2;3;2;B01
201600022509;0;7;0;0;2;5;10;A01
201600022509;0;7;0;0;2;3;1;B01
201600022510;0;7;0;0;1;0;0;A01
201600022511;0;1;0;0;2;8;1;A01
201600022511;0;7;0;0;2;1;1;B01
201600022512;0;7;0;0;0;1;1;A01
201600022513;0;7;0;0;1;3;1;A01
201600022514;0;1;0;0;2;7;19;B01
201600022514;0;7;0;0;2;2;1;A01
201600022515;0;7;0;0;2;1;1;A01
201600022515;0;7;0;0;2;1;15;B01
201600022516;0;7;0;0;2;0;0;B01
201600022516;0;7;0;0;2;1;1;A01
201600022517;0;7;0;0;1;0;0;A01
201600022518;1;7;0;0;2;4;15;B01
201600022518;1;33;0;0;2;6;17;A01
201600022519;1;2;0;1;0;7;2;A01
201600022520;0;34;0;0;2;7;17;A01
201600022520;0;7;0;0;2;1;15;B01
201600022521;0;37;0;0;2;0;0;C01
201600022521;0;7;0;0;2;0;0;B01
201600022521;0;7;0;0;2;0;0;A01
201600022522;0;31;0;0;2;0;0;A01
201600022522;0;7;0;0;2;0;0;B01
201600022523;0;7;0;0;2;8;1;B01
201600022523;0;7;0;0;2;1;15;A01
201600022524;1;7;0;0;1;1;1;A01
201600022525;0;7;0;0;2;1;13;A01
201600022525;0;7;0;0;2;1;1;B01
201600022526;0;7;0;0;2;2;16;B01
201600022526;0;31;0;0;2;1;18;A01
201600022527;1;7;0;0;2;2;1;A01
201600022527;1;1;0;0;2;1;1;B01
201600022528;1;32;0;0;2;1;1;B01
201600022528;1;7;0;0;2;1;15;A01
201600022529;0;7;0;0;2;1;0;A01
201600022529;0;30;0;0;2;0;0;B01
201600022530;0;7;0;0;0;0;0;A01
201600022531;1;7;0;0;2;0;0;B01
201600022531;1;10;0;0;2;0;0;A01
201600022532;0;33;0;12;0;1;1;A01
201600022533;0;7;0;0;2;3;1;B01
201600022533;0;2;0;0;2;8;1;A01
201600022534;0;7;0;0;2;1;15;A01
201600022534;0;7;0;0;2;1;1;B01
201600022535;0;7;0;0;2;1;1;B01
201600022535;0;7;0;0;2;1;15;A01
201600022536;1;7;0;0;2;0;0;A01
201600022536;1;7;0;0;2;0;0;B01
201600022537;2;7;0;13;0;1;0;A01
201600022538;2;7;0;0;2;3;15;A01
201600022538;1;33;0;0;0;1;1;B02
201600022539;1;7;0;0;2;6;19;A01
201600022539;1;7;0;0;2;1;1;B02
201600022540;1;33;0;0;2;8;2;A01
201600022541;2;7;0;0;0;1;1;A01
201600022542;1;33;0;0;2;8;1;A01
201600022542;2;21;0;0;2;6;1;B02
201600022543;0;7;0;0;0;9;1;A01
201600022544;0;7;0;13;0;1;14;A01
201600022545;2;10;0;13;0;2;14;A01
201600022546;0;7;0;2;0;3;13;A01
201600022547;1;7;0;13;0;1;14;A01
201600022548;1;33;0;0;0;7;14;A01
201600022549;1;7;0;3;2;1;13;A01
201600022549;0;7;0;0;2;1;1;B02
201600022550;2;7;0;16;0;1;14;A01
201600022551;2;7;0;0;2;3;19;B02
201600022551;1;13;0;0;0;3;1;A01
201600022552;1;7;0;0;2;6;1;B02
201600022552;1;10;0;0;0;4;1;A01
201600022552;1;7;0;0;2;1;1;C03
201600022553;2;7;0;13;0;1;13;A01
201600022554;0;7;0;0;2;2;1;B02
201600022554;0;2;0;0;2;1;13;A01
201600022555;2;1;0;0;5;0;1;A01
201600022556;1;7;0;13;0;1;1;A01
201600022557;0;7;0;0;0;1;1;A01
201600022558;0;21;0;0;2;1;1;B02
201600022558;0;2;0;0;2;1;1;A01
201600022559;1;7;0;13;0;9;13;A01
201600022560;1;7;0;8;0;1;1;A01
201600022561;2;7;0;0;0;1;1;A01
201600022561;1;7;0;8;0;8;1;B02
201600022562;1;13;0;0;2;1;0;A01
201600022562;1;10;0;0;0;4;0;B02
201600022563;1;7;0;0;2;1;12;A01
201600022563;1;17;0;0;0;4;2;B02
201600022564;0;7;0;0;2;3;13;A01
201600022564;0;7;0;0;2;8;1;B02
201600022564;0;7;0;0;2;8;1;C03
201600022565;1;7;0;0;2;1;2;A01
201600022565;1;15;0;0;0;6;2;B02
201600022566;1;13;0;0;2;2;17;A01
201600022566;1;1;0;0;2;8;2;B02
201600022567;2;7;0;0;0;0;1;A01
201600022567;1;7;0;0;9;1;1;B02
201600022568;2;15;0;0;2;5;16;A01
201600022568;2;33;0;0;2;3;1;B02
201600022569;2;7;0;0;2;7;17;A01
201600022569;1;10;0;0;2;1;1;B02
201600022570;1;7;0;0;1;1;0;A01
201600022570;1;10;0;0;1;1;0;B02
201600022570;1;7;0;0;1;1;0;C03
201600022571;1;33;0;8;0;1;14;A01
201600022572;1;7;0;2;0;2;1;A01
201600022573;2;2;0;0;2;1;1;A01
201600022573;1;7;0;0;2;2;1;B02
201600022574;2;17;0;4;0;2;0;A01
201600022575;2;7;0;0;2;1;17;A01
201600022575;2;7;0;0;0;4;0;B02
201600022576;0;7;0;0;9;0;0;A01
201600022576;0;1;0;0;0;0;0;B02
201600022577;2;33;0;3;0;1;15;A01
201600022578;1;31;0;0;0;0;0;A01
201600022579;2;7;0;0;1;4;4;A01
201600022580;0;7;0;2;0;8;14;A01
201600022581;2;7;0;0;2;1;5;A01
201600022581;1;14;0;0;2;1;1;B02
201600022582;1;7;0;0;2;1;12;A01
201600022582;1;7;0;0;0;5;1;B02
201600022583;2;33;0;0;2;1;17;A01
201600022583;2;7;0;0;2;6;19;B02
201600022584;0;33;0;6;0;1;1;A01
201600022585;2;7;0;4;0;3;1;A01
201600022586;2;36;0;0;0;8;15;B02
201600022586;2;7;0;0;2;1;17;A01
201600022587;1;7;0;4;2;0;0;A01
201600022587;1;7;0;0;2;0;0;B02
201600022588;2;7;0;2;0;2;1;A01