Num_Acc;senc;catv;occutc;obs;obsm;choc;manv;num_veh
201600022589;1;14;0;0;2;3;11;A01
201600022589;1;7;0;0;2;5;1;B02
201600022590;1;7;0;0;6;1;14;A01
201600022591;2;10;0;0;2;1;2;A01
201600022591;2;17;0;0;0;4;2;B02
201600022592;1;7;0;0;6;1;1;A01
201600022592;2;7;0;0;2;1;1;B02
201600022592;2;7;0;0;2;1;1;C03
201600022593;2;7;0;8;0;1;14;A01
201600022594;0;7;0;6;2;8;4;A01
201600022594;0;33;0;0;2;2;21;B02
201600022594;0;33;0;6;0;0;23;C03
201600022595;1;7;0;2;0;1;1;A01
201600022596;0;7;0;0;1;3;15;A01
201600022597;0;7;0;6;0;1;0;A01
201600022598;0;7;0;0;2;1;1;B02
201600022598;0;7;0;0;2;1;1;A01
201600022599;1;7;0;11;0;1;1;A01
201600022600;1;7;0;2;0;1;1;A01
201600022601;1;33;0;13;0;7;1;A01
201600022602;0;7;0;0;0;9;1;A01
201600022603;1;3;0;0;2;1;9;A01
201600022604;1;33;0;13;0;3;1;A01
201600022605;1;33;0;7;0;8;1;A01
201600022606;1;7;0;0;2;8;16;A01
201600022606;2;20;0;0;2;3;1;B02
201600022607;1;7;0;13;0;9;1;A01
201600022608;2;7;0;2;0;0;1;B02
201600022608;2;7;0;2;0;0;11;A01
201600022609;1;2;0;0;0;4;1;B02
201600022609;1;7;0;0;2;2;1;A01
201600022610;1;7;0;2;0;2;14;A01
201600022611;0;10;0;0;2;2;19;A01
201600022611;1;10;0;0;2;3;1;B01
201600022612;0;7;0;0;2;3;1;B02
201600022612;0;3;0;0;2;3;19;A01
201600022613;0;1;0;0;2;8;19;A01
201600022613;0;7;0;0;9;1;1;B02
201600022614;0;7;0;13;0;0;14;A01
201600022615;2;7;0;0;2;1;1;A01
201600022615;1;7;0;0;2;1;5;B02
201600022616;0;30;0;0;2;3;13;A01
201600022616;0;7;0;0;2;3;1;B02
201600022617;1;34;0;0;2;1;1;B02
201600022617;2;7;0;0;2;2;15;A01
201600022618;1;7;0;0;2;1;1;B02
201600022618;2;10;0;0;2;1;13;A01
201600022619;0;2;0;0;2;1;3;A01
201600022619;0;7;0;0;2;6;15;B02
201600022620;1;7;0;0;2;4;16;A01
201600022620;1;7;0;0;2;1;1;B02
201600022621;0;7;0;0;1;2;15;A01
201600022622;1;7;0;8;0;3;16;A01
201600022623;1;7;0;0;2;3;13;A01
201600022623;2;7;0;0;2;3;1;B02
201600022624;2;31;0;13;0;0;15;A01
201600022625;0;21;0;13;0;3;13;A01
201600022626;0;10;0;0;1;2;1;A01
201600022627;1;7;0;0;2;1;1;A01
201600022627;2;7;0;0;2;2;1;B02
201600022628;2;7;0;0;2;2;13;B01
201600022628;1;7;0;0;2;1;1;A02
201600022629;0;7;0;0;1;2;1;A01
201600022630;0;10;0;0;0;0;1;A01
201600022630;0;30;0;14;0;3;1;B02
201600022631;1;7;0;0;1;2;1;A01
201600022632;2;7;0;0;0;1;2;B01
201600022632;2;7;0;0;1;4;1;A01
201600022633;1;7;0;0;0;3;13;A01
201600022633;2;7;0;0;0;3;1;B01
201600022634;1;10;0;0;1;0;0;A01
201600022635;1;7;0;8;0;1;1;A01
201600022636;2;7;0;7;0;3;1;A01
201600022637;1;7;0;8;0;1;14;A01
201600022638;1;7;0;0;2;1;1;B01
201600022638;1;7;0;0;2;6;15;A01
201600022639;2;7;0;15;0;1;14;A01
201600022640;1;7;0;0;2;5;1;B01
201600022640;1;7;0;0;2;1;9;A01
201600022641;1;7;0;0;2;2;15;B01
201600022641;2;7;0;0;2;3;1;A01
201600022642;2;7;0;12;0;3;1;A01
201600022643;1;33;0;9;0;8;1;A01
201600022644;1;7;0;0;2;1;13;A01
201600022644;2;7;0;0;2;1;1;B01
201600022645;2;7;0;0;2;2;17;A01
201600022645;2;7;0;0;2;6;1;B01
201600022646;1;7;0;2;0;1;14;A01
201600022647;1;10;0;12;0;3;6;A01
201600022648;1;7;0;0;2;1;2;A01
201600022648;1;7;0;0;2;4;2;B01
201600022649;1;1;0;0;0;0;0;A01
201600022650;2;7;0;0;2;3;2;A01
201600022650;2;33;0;0;2;4;2;B01
201600022651;1;31;0;0;0;8;0;A01
201600022652;1;7;0;0;2;6;15;A01
201600022652;2;1;0;0;2;4;16;B01
201600022653;1;2;0;0;0;0;0;A01
201600022654;1;7;0;0;0;0;0;A01
201600022655;1;7;0;0;2;1;2;B01
201600022655;1;7;0;0;2;4;2;A01
201600022656;2;7;0;0;0;0;0;B01
201600022656;2;7;0;13;0;9;13;A01
201600022657;1;7;0;0;2;3;20;A01
201600022657;1;37;1;0;2;2;1;B01
201600022658;1;32;0;0;0;0;1;A01
201600022659;1;7;0;11;2;2;1;A01
201600022659;2;10;0;0;2;3;1;B01
201600022660;1;7;0;0;2;4;2;A01
201600022660;1;7;0;0;0;4;2;B01
201600022660;1;7;0;0;2;1;2;C01
201600022661;1;7;0;0;2;4;2;A01
201600022661;1;7;0;0;2;1;2;B01
201600022662;1;7;0;0;2;3;16;F01
201600022662;1;7;0;0;2;2;1;B01
201600022663;1;7;0;0;2;3;5;A01
201600022663;2;7;0;0;2;3;5;B02
201600022664;1;7;0;0;2;3;13;A01
201600022664;2;7;0;0;2;1;1;B02
201600022665;2;7;0;0;2;3;1;B02
201600022665;1;33;0;0;2;1;13;A01
201600022666;0;7;0;0;2;9;1;B01
201600022666;0;7;0;0;2;4;1;D01
201600022666;0;10;0;0;2;7;1;E01
201600022666;0;10;0;0;2;1;1;A01
201600022666;0;7;0;0;2;2;1;C01
201600022667;0;7;0;0;2;3;1;B01
201600022667;0;30;0;0;2;2;17;A01
201600022668;0;7;0;0;1;3;1;A01
201600022669;0;7;0;0;2;3;15;B01
201600022669;0;7;0;0;2;1;1;A01
201600022670;0;7;0;0;2;6;0;B01
201600022670;1;15;0;0;2;2;0;A01
201600022671;0;7;0;0;2;4;1;B01
201600022671;0;7;0;0;2;4;1;C01
201600022671;0;7;0;0;2;1;2;A01
201600022672;0;7;0;0;2;9;1;B01
201600022672;0;7;0;0;2;1;1;A01
201600022672;0;7;0;0;2;4;1;C01
201600022673;0;7;0;0;1;1;1;A01
201600022674;0;7;0;0;2;2;0;A01
201600022674;0;30;0;0;2;7;0;B01
201600022675;0;7;0;0;2;8;0;B01
201600022675;0;32;0;0;2;1;1;A01
201600022676;0;7;0;0;2;1;1;A01
201600022676;0;33;0;0;2;8;9;B01
201600022677;1;7;0;0;1;1;1;A01
201600022678;0;7;0;0;2;1;9;A01
201600022678;0;2;0;0;2;1;0;C01
201600022678;0;7;0;0;2;9;1;B01
201600022679;0;7;0;0;2;3;0;A01
201600022679;0;7;0;0;2;7;0;B01
201600022680;0;7;0;0;2;1;9;A01
201600022680;0;33;0;0;2;2;1;B01
201600022681;0;1;0;0;0;0;0;A01
201600022681;0;7;0;0;2;3;0;B01
201600022682;0;10;0;0;2;1;0;A01
201600022682;0;7;0;0;2;7;0;B01
201600022683;0;7;0;0;2;2;0;A01
201600022683;0;1;0;0;2;7;0;B01
201600022684;0;7;0;0;1;1;1;A01
201600022685;1;7;0;0;2;9;1;B01
201600022685;1;7;0;0;2;4;1;C01
201600022685;1;7;0;0;2;1;1;A01
201600022686;0;7;0;0;0;0;0;Z01
201600022686;0;7;0;0;2;9;1;B01
201600022687;0;1;0;0;2;0;0;Z01
201600022687;0;1;0;0;2;0;0;B01
201600022688;0;32;0;0;2;9;1;B01
201600022688;0;7;0;0;2;5;12;A01
201600022689;0;7;0;0;1;1;1;A01
201600022690;0;1;0;0;2;1;0;B01
201600022690;0;7;0;0;2;1;0;A01
201600022691;0;7;0;0;1;3;0;A01
201600022692;0;33;0;0;2;8;1;B01
201600022692;0;7;0;0;2;1;15;A01
201600022693;0;1;0;0;2;1;0;B01
201600022693;0;7;0;0;2;7;0;A01
201600022694;0;7;0;4;0;1;1;A01
201600022695;1;7;0;0;2;1;0;A01
201600022695;1;7;0;0;2;4;0;B01
201600022696;0;32;0;0;2;1;1;B01
201600022696;0;7;0;0;2;3;10;A01
201600022697;0;7;0;0;0;9;1;A01
201600022697;0;7;0;0;2;3;1;B01
201600022698;0;7;0;0;1;1;1;A01
201600022699;0;7;0;1;0;9;1;A01
201600022700;0;7;0;0;0;9;0;A01
201600022701;0;1;0;0;2;0;0;B01
201600022701;0;7;0;0;2;7;16;A01
201600022702;0;14;0;0;1;3;0;A01
201600022703;0;1;0;0;1;0;0;B01
201600022704;0;7;0;0;2;1;1;A01
201600022704;0;7;0;0;2;9;1;C01
201600022704;0;7;0;0;2;4;1;D01
201600022704;0;7;0;0;2;9;1;B01
201600022705;1;7;0;0;2;3;0;A01
201600022705;2;32;0;0;2;1;1;B01
201600022706;0;33;0;0;2;1;0;B01
201600022706;0;7;0;0;2;3;0;A01
201600022707;1;7;0;0;2;7;12;A01
201600022707;1;33;0;0;2;0;1;B01
201600022708;0;7;0;0;1;2;0;A01
201600022709;0;7;0;0;2;6;11;B01
201600022709;0;33;0;0;2;7;0;A01
201600022710;0;7;0;0;2;3;19;A01
201600022710;0;33;0;0;2;1;1;B01
201600022711;1;7;0;0;1;3;1;A01
201600022712;0;7;0;0;0;0;0;B01
201600022712;0;7;0;0;2;4;0;A01
201600022713;0;7;0;0;2;9;1;B01
201600022713;0;7;0;0;2;4;1;C01
201600022713;0;7;0;0;2;1;1;A01
201600022714;0;7;0;0;2;2;1;A01
201600022714;0;1;0;0;2;8;19;B01
201600022715;0;7;0;0;2;1;1;A01
201600022715;0;7;0;0;2;4;1;B01
201600022716;0;33;0;0;2;7;14;A01
201600022716;0;14;0;0;2;6;0;B01
201600022717;0;7;0;0;2;3;1;C01
201600022717;0;33;0;0;2;1;1;B01
201600022717;0;7;0;0;2;9;15;A01
201600022718;0;10;0;0;2;1;1;A01
201600022718;0;7;0;0;0;0;0;D01
201600022718;0;7;0;0;2;9;1;C01
201600022718;0;7;0;0;2;9;1;B01
201600022719;1;7;0;0;2;4;0;B01
201600022719;1;7;0;0;2;1;0;A01
201600022720;0;7;0;0;2;1;0;A01
201600022720;0;33;0;0;2;9;0;B01
201600022721;2;10;0;0;2;4;0;B01
201600022721;2;7;0;0;2;1;0;A01
201600022722;0;33;0;0;2;1;1;B01
201600022722;0;7;0;0;2;8;0;A01
201600022723;1;7;0;0;1;1;15;A01
201600022724;0;7;0;0;2;8;0;A01
201600022724;0;2;0;0;2;1;1;B01
201600022725;0;7;0;0;2;3;0;A01
201600022725;0;7;0;0;2;1;0;B01
201600022726;0;7;0;0;2;4;23;C01
201600022726;0;7;0;0;2;1;2;A01
201600022726;0;7;0;0;2;4;23;B01
201600022727;0;7;0;0;2;4;0;B01
201600022727;0;7;0;0;2;1;1;A01
201600022728;0;7;0;0;2;2;0;A01
201600022728;0;7;0;0;2;3;0;B01
201600022729;0;7;0;0;2;4;0;C01
201600022729;0;10;0;0;2;1;0;A01
201600022729;0;7;0;0;2;4;0;D01
201600022729;0;7;0;0;0;2;0;E01
201600022729;0;7;0;0;2;4;0;B01
201600022730;0;7;0;0;1;1;1;A01
201600022731;0;7;0;0;1;2;0;A01
201600022732;0;7;0;0;2;1;1;A01
201600022732;0;7;0;0;2;3;1;B01
201600022733;0;14;0;0;2;0;0;A01
201600022733;0;7;0;0;2;8;0;B01
201600022734;0;1;0;0;0;0;0;A01
201600022734;0;7;0;0;2;3;16;B01
201600022735;0;7;0;0;2;1;0;B01
201600022735;0;7;0;0;2;2;0;A01
201600022736;0;7;0;0;2;3;0;A01
201600022736;0;31;0;0;2;7;0;B01
201600022737;0;7;0;0;1;3;0;A01
201600022738;0;7;0;0;1;2;1;A01
201600022739;0;2;0;0;2;8;10;A01
201600022739;0;7;0;0;2;2;0;B01
201600022740;0;7;0;0;2;2;15;A01
201600022740;0;33;0;0;2;1;1;B01
201600022741;0;7;0;0;1;1;1;A01
201600022742;0;33;0;0;2;4;0;A01
201600022742;0;7;0;0;2;1;0;B01
201600022743;0;7;0;0;1;1;1;A01
201600022744;0;7;0;0;2;1;0;B01
201600022744;0;7;0;0;2;7;0;A01
201600022745;0;7;0;0;2;8;0;B01
201600022745;0;31;0;0;2;2;0;A01
201600022746;0;7;0;0;1;1;0;A01
201600022747;0;1;0;0;2;0;0;B01
201600022747;0;7;0;0;2;0;0;A01
201600022748;0;1;0;0;2;7;0;B01
201600022748;0;7;0;0;2;1;0;A01
201600022749;0;7;0;0;2;3;0;A01
201600022749;0;1;0;0;2;1;0;B01
201600022750;0;7;0;0;1;2;0;A01
201600022751;0;14;0;0;2;2;0;B01
201600022751;0;7;0;0;2;8;0;A01
201600022752;0;7;0;0;1;1;0;A01
201600022753;0;7;0;0;2;2;15;A01
201600022753;0;1;0;0;0;0;0;B01
201600022754;0;30;0;0;1;1;1;A01
201600022755;0;7;0;0;2;3;1;A01
201600022755;0;7;0;0;2;8;15;B01
201600022756;0;7;0;0;1;1;16;A01
201600022757;0;30;0;0;2;8;1;B01
201600022757;0;7;0;0;2;2;15;A01
201600022758;2;7;0;0;2;1;1;A01
201600022758;2;7;0;0;2;4;1;C01
201600022758;2;7;0;0;2;9;1;B01
201600022759;0;7;0;0;2;9;0;A01
201600022759;0;7;0;0;2;5;1;C01
201600022759;0;7;0;0;2;7;1;B01
201600022760;0;7;0;0;2;7;1;B01
201600022760;0;1;0;0;2;1;1;A01
201600022761;1;33;0;0;0;0;0;A01
201600022762;0;7;0;0;2;4;1;B01
201600022762;1;30;0;0;2;7;1;A01
201600022763;0;1;0;0;2;1;0;A01
201600022763;0;7;0;0;2;3;0;B01
201600022764;1;7;0;0;2;3;1;A01
201600022764;0;7;0;0;0;0;0;B01
201600022765;0;30;0;0;2;7;1;B01
201600022765;0;7;0;0;2;2;15;A01
201600022766;1;32;0;0;2;8;0;B01
201600022766;1;7;0;0;2;5;14;A01
201600022767;1;7;0;0;2;4;1;A01
201600022767;0;7;0;0;0;4;1;C01
201600022767;1;7;0;0;0;0;0;B01
201600022768;1;7;0;0;0;4;1;B01
201600022768;1;10;0;0;2;1;1;A01
201600022769;0;7;0;0;1;1;1;A01
201600022770;1;7;0;0;2;3;15;A01
201600022770;1;33;0;0;2;1;1;B01
201600022771;0;7;0;0;2;1;1;B01
201600022771;0;7;0;0;2;3;1;A01
201600022772;0;7;0;0;2;8;1;A01
201600022772;0;7;0;0;2;1;1;B01
201600022773;0;31;0;0;2;1;17;B01
201600022773;0;7;0;0;2;8;15;A01
201600022774;1;7;0;4;0;1;0;A01
201600022775;1;7;0;0;1;1;1;A01
201600022776;0;7;0;0;1;2;0;A01
201600022777;0;7;0;0;2;3;15;A01
201600022777;0;32;0;0;2;1;0;B01
201600022778;1;7;0;0;2;8;0;A01
201600022778;1;33;0;0;2;1;0;B01
201600022779;1;7;0;0;0;6;1;B01
201600022779;1;33;0;0;2;1;1;A01
201600022780;2;7;0;0;2;6;0;B01
201600022780;2;33;0;0;2;1;0;A01
201600022781;1;2;0;0;2;2;1;A01
201600022781;1;1;0;0;2;4;13;B01
201600022782;1;2;0;0;2;1;1;A01
201600022782;1;7;0;0;0;3;19;B01
201600022783;0;1;0;0;2;2;0;B01
201600022783;0;7;0;0;2;3;0;A01
201600022784;0;10;0;0;2;0;10;A01
201600022784;0;30;0;0;2;1;1;B01
201600022785;1;30;0;0;2;1;16;B01
201600022785;1;7;0;0;2;3;16;A01
201600022786;0;7;0;0;2;0;9;A01
201600022786;0;1;0;0;2;1;1;B01
201600022787;0;7;0;0;2;1;0;B01
201600022787;0;7;0;0;9;0;0;A01
201600022787;0;7;0;0;2;4;0;C01
201600022788;1;30;0;0;2;1;13;A01
201600022788;2;7;0;0;2;1;1;B01
201600022789;0;7;0;0;2;1;15;B01
201600022789;0;7;0;0;2;1;1;A01
201600022790;1;7;0;0;1;1;1;A01
201600022791;1;7;0;0;1;1;16;A01
201600022792;0;7;0;0;2;1;9;A01
201600022792;0;1;0;0;2;7;1;B01
201600022793;1;33;0;0;2;1;2;A01
201600022793;1;7;0;0;0;4;0;B01
201600022794;1;30;0;0;2;1;1;B01
201600022794;0;7;0;0;2;3;16;A01
201600022795;0;7;0;0;2;1;2;A01
201600022795;1;7;0;0;0;4;2;C01
201600022795;0;7;0;0;2;4;2;B01
201600022796;1;34;0;0;2;8;3;A01
201600022796;0;7;0;0;2;6;1;B01
201600022797;1;7;0;0;1;3;1;A01
201600022798;0;7;0;0;2;2;9;A01
201600022798;0;1;0;0;2;1;1;B01
201600022799;1;1;0;0;1;1;9;A01
201600022800;0;33;0;0;2;1;1;B01
201600022800;0;7;0;0;2;2;12;A01
201600022801;1;7;0;0;1;4;4;A01
201600022802;0;7;0;0;2;3;1;A01
201600022802;1;7;0;0;0;4;2;B01
201600022803;1;10;0;0;2;1;2;A01
201600022803;1;7;0;0;0;4;15;B01
201600022804;0;7;0;0;0;3;15;B01
201600022804;1;2;0;0;2;1;17;A01
201600022805;0;7;0;0;2;4;1;B01
201600022805;0;7;0;0;2;1;0;A01
201600022806;0;7;0;0;2;2;15;A01
201600022806;0;7;0;0;2;3;0;B01
201600022807;0;37;1;0;1;0;0;A01
201600022808;0;7;0;0;2;4;1;B01
201600022808;0;30;0;0;2;1;2;A01
201600022809;0;7;0;0;2;3;0;B01
201600022809;0;7;0;0;2;3;0;A01
201600022810;0;7;0;0;2;2;12;A01
201600022810;0;7;0;0;2;3;1;B01
201600022811;0;7;0;0;2;4;1;B01
201600022811;0;31;0;0;2;6;1;A01
201600022812;0;2;0;0;2;1;0;A01
201600022812;0;7;0;0;2;6;0;B01
201600022813;0;10;0;0;2;2;1;A01
201600022813;0;7;0;0;2;4;1;B01
201600022814;0;7;0;0;2;3;1;B01
201600022814;0;33;0;0;2;2;0;A01
201600022815;0;7;0;0;2;5;0;B01
201600022815;0;7;0;0;2;4;0;C01
201600022815;0;7;0;0;2;3;0;A01
201600022816;0;32;0;0;1;1;1;A01
201600022817;0;1;0;0;2;4;0;B01
201600022817;0;33;0;0;2;7;18;A01
201600022817;0;7;0;0;2;7;15;C01
201600022818;0;7;0;0;2;1;0;B01
201600022818;0;1;0;0;2;1;0;A01
201600022819;0;7;0;0;1;2;14;A01
201600022820;0;33;0;0;2;1;0;B01
201600022820;0;7;0;0;2;7;0;A01
201600022821;0;34;0;0;2;1;1;B01
201600022821;0;7;0;0;2;1;15;A01
201600022822;0;7;0;0;2;1;1;B01
201600022822;0;7;0;0;2;1;0;A01
201600022823;1;7;0;0;2;1;1;B01
201600022823;2;7;0;0;2;1;13;A01
201600022824;0;7;0;0;2;2;1;A01
201600022824;0;7;0;0;2;3;0;B01
201600022825;1;30;0;0;0;0;1;A01
201600022826;1;7;0;0;0;4;1;B01
201600022826;1;7;0;0;2;1;2;A01
201600022827;0;7;0;0;2;2;15;A01
201600022827;0;1;0;0;2;1;1;B01
201600022828;0;37;1;0;2;3;1;B01
201600022828;0;2;0;0;2;3;1;A01
201600022829;0;7;0;0;2;4;4;A01
201600022829;0;7;0;0;2;1;1;C01
201600022829;0;7;0;0;2;9;1;B01
201600022830;0;7;0;0;2;4;9;B01
201600022830;0;7;0;0;2;1;1;A01
201600022831;0;7;0;0;2;3;15;A01
201600022831;0;33;0;0;2;9;1;B01
201600022832;0;7;0;0;1;2;0;A01
201600022833;0;7;0;0;1;1;15;A01
201600022834;1;7;0;0;2;4;0;B01
201600022834;1;7;0;0;2;1;0;A01
201600022835;1;34;0;0;2;1;17;A01
201600022835;1;7;0;0;2;8;15;B01
201600022836;0;7;0;0;2;1;1;B01
201600022836;0;7;0;0;2;4;1;A01
201600022837;0;7;0;1;0;1;0;A01
201600022838;1;33;0;0;2;1;1;A01
201600022838;1;7;0;0;2;6;12;B01
201600022839;0;37;1;0;2;3;1;B01
201600022839;0;32;0;0;1;1;17;A01
201600022840;1;7;0;0;2;7;12;A01
201600022840;1;30;0;0;2;8;1;B01
201600022841;0;7;0;0;2;1;1;A01
201600022841;0;7;0;0;2;9;1;B01
201600022841;0;7;0;0;2;4;1;C01
201600022842;0;31;0;0;2;1;0;A01
201600022842;0;7;0;0;2;5;0;B01
201600022843;0;33;0;0;2;1;1;A01
201600022843;0;7;0;0;2;2;0;B01
201600022844;0;30;0;0;0;8;0;A01
201600022845;0;7;0;0;1;0;1;A01
201600022846;0;1;0;0;2;1;0;B01
201600022846;0;7;0;0;2;2;0;A01
201600022847;0;33;0;0;2;2;1;B01
201600022847;0;7;0;0;2;3;15;A01
201600022848;0;7;0;0;2;8;11;B01
201600022848;0;33;0;0;2;3;1;A01
201600022849;0;1;0;0;2;0;0;B01
201600022849;0;7;0;0;2;5;0;A01
201600022850;0;7;0;0;2;2;2;A01
201600022850;0;7;0;0;2;6;23;B01
201600022851;0;7;0;0;2;3;0;A01
201600022851;0;33;0;0;2;3;0;B01
201600022852;1;33;0;0;2;1;0;A01
201600022852;1;7;0;0;0;4;2;B01
201600022853;0;7;0;0;2;4;1;A01
201600022853;0;10;0;0;2;1;2;B01
201600022854;1;10;0;0;2;1;0;A01
201600022854;1;7;0;0;2;4;0;B01
201600022855;0;2;0;0;2;1;0;A01
201600022855;0;7;0;0;2;7;0;B01
201600022856;0;10;0;0;2;1;0;A01
201600022856;0;7;0;0;2;7;0;B01
201600022857;0;7;0;0;1;2;0;A01
201600022858;0;10;0;0;2;1;0;B01
201600022858;0;7;0;0;2;1;0;A01
201600022859;0;7;0;0;2;1;0;B01
201600022859;0;7;0;0;2;1;0;A01
201600022860;0;30;0;0;2;1;1;B01
201600022860;0;7;0;0;2;8;15;A01
201600022861;0;30;0;0;2;1;1;B01
201600022861;0;7;0;0;2;0;10;A01
201600022862;1;7;0;0;2;3;0;A01
201600022862;0;7;0;0;2;6;0;B01
201600022863;1;30;0;0;0;7;0;A01
201600022864;0;32;0;0;2;1;19;A01
201600022864;0;30;0;0;2;1;0;B01
201600022865;0;7;0;0;2;4;0;B01
201600022865;0;31;0;0;2;1;1;A01
201600022866;0;7;0;0;2;7;0;A01
201600022866;0;1;0;0;2;1;0;B01
201600022867;0;7;0;0;2;1;15;A01
201600022867;0;31;0;0;2;1;1;B01
201600022868;0;7;0;0;2;5;15;A01
201600022868;0;31;0;0;2;1;1;B01
201600022869;0;37;1;0;0;0;0;B01
201600022869;0;7;0;0;2;1;1;A01
201600022870;0;7;0;0;1;1;1;A01
201600022871;0;7;0;0;2;1;1;A01
201600022871;0;7;0;0;2;4;1;C01
201600022871;0;7;0;0;2;9;1;B01
201600022872;1;7;0;0;2;1;19;A01
201600022872;1;30;0;0;2;1;19;B01
201600022873;0;7;0;0;2;1;15;B01
201600022873;0;33;0;0;2;1;1;A01
201600022874;0;34;0;0;2;8;0;A01
201600022874;1;10;0;0;2;2;16;B01
201600022875;0;7;0;0;0;1;0;A01
201600022876;0;7;0;0;2;1;1;A01
201600022876;0;7;0;0;2;4;1;B01
201600022877;1;1;0;0;0;0;0;B01
201600022877;0;7;0;0;2;1;9;A01
201600022878;0;7;0;0;2;1;1;B01
201600022878;0;7;0;0;2;2;15;A01
201600022879;1;7;0;0;2;3;9;A01
201600022879;1;32;0;0;0;0;0;B01
201600022880;0;7;0;0;2;2;0;A01
201600022880;0;1;0;0;2;0;0;B01
201600022881;0;7;0;0;2;3;17;A01
201600022881;2;7;0;0;2;1;1;B01
201600022881;1;7;0;0;2;8;1;C01
201600022882;0;7;0;0;2;5;0;A01
201600022882;0;33;0;0;2;1;0;B01
201600022883;0;33;0;0;2;1;19;A01
201600022883;0;7;0;0;2;3;1;B01
201600022884;0;2;0;0;0;1;0;A01
201600022885;0;7;0;0;2;6;0;B01
201600022885;0;7;0;0;2;2;0;A01
201600022886;1;7;0;0;0;5;1;B01
201600022886;1;30;0;0;2;1;2;A01
201600022886;2;7;0;0;2;3;1;C01
201600022887;0;7;0;0;2;1;1;A01
201600022887;0;7;0;0;2;7;1;B01
201600022887;0;7;0;0;2;4;1;C01
201600022888;1;7;0;0;0;4;23;C01
201600022888;0;7;0;0;2;1;2;A01
201600022888;0;10;0;0;2;4;23;B01
201600022889;0;7;0;0;1;5;0;A01
201600022890;1;7;0;0;1;1;1;A01
201600022891;0;31;0;1;0;1;14;A01
201600022892;0;7;0;0;1;3;1;A01
201600022893;0;10;0;0;1;1;15;A01
201600022893;0;7;0;0;0;0;15;B01
201600022894;0;7;0;0;2;4;1;B01
201600022894;0;7;0;0;2;1;0;A01
201600022895;0;7;0;0;2;7;15;B01
201600022895;0;7;0;0;2;1;1;A01
201600022896;2;7;0;0;2;1;1;B01
201600022896;1;7;0;0;2;1;13;A01
201600022897;0;7;0;6;0;1;18;A01
201600022898;0;7;0;0;2;4;1;B01
201600022898;0;7;0;0;2;1;1;A01
201600022899;2;7;0;0;2;1;1;B01
201600022899;1;30;0;0;2;0;15;A01
201600022900;0;7;0;0;2;1;0;A01
201600022900;2;33;0;0;2;1;1;B01
201600022901;1;31;0;12;0;4;16;A01
201600022902;0;7;0;0;2;1;1;A01
201600022902;0;7;0;0;2;9;1;B01
201600022902;0;7;0;0;2;4;1;C01
201600022903;1;1;0;0;0;0;0;A01
201600022903;1;37;1;0;0;0;0;B01
201600022904;0;7;0;0;2;1;0;B01
201600022904;0;31;0;0;2;2;18;A01
201600022905;1;33;0;0;2;1;17;A01
201600022905;1;7;0;0;2;3;15;B01
201600022906;1;7;0;0;2;1;2;A01
201600022906;1;7;0;0;2;4;23;B01
201600022906;1;7;0;0;0;4;23;C01
201600022907;1;14;0;0;2;4;1;B01
201600022907;1;7;0;0;2;3;9;A01
201600022908;1;7;0;0;1;0;0;Z01
201600022909;1;7;0;0;2;5;0;A01
201600022909;2;7;0;0;2;1;15;B01
201600022910;1;34;0;0;2;1;17;A01
201600022910;1;7;0;0;0;3;15;B01
201600022911;0;33;0;0;2;1;1;A01
201600022911;0;7;0;0;2;7;15;B01
201600022912;0;1;0;0;2;0;15;B01
201600022912;1;7;0;0;2;0;0;Z01
201600022913;0;7;0;0;2;5;14;B01
201600022913;1;30;0;0;2;8;0;A01
201600022914;0;7;0;0;2;1;1;B01
201600022914;0;7;0;0;2;1;15;A01
201600022915;0;7;0;0;2;4;1;B01
201600022915;0;7;0;0;2;1;1;A01
201600022916;1;1;0;1;0;2;1;B01
201600022916;1;7;0;0;9;3;22;A01
201600022917;1;40;1;0;1;1;1;A01
201600022918;1;33;0;0;2;7;11;A01
201600022918;1;7;0;0;2;0;14;Z01
201600022919;1;7;0;0;2;6;10;A01
201600022919;2;33;0;0;2;1;1;B01
201600022920;0;7;0;0;2;4;1;B01
201600022920;0;31;0;0;2;1;1;A01
201600022921;2;1;0;0;0;0;0;B01
201600022921;0;7;0;0;2;1;15;A01
201600022922;0;33;0;0;2;8;17;A01
201600022922;0;7;0;0;2;8;1;B01
201600022923;1;7;0;0;2;2;1;A01
201600022923;1;7;0;0;0;8;23;B01
201600022923;1;7;0;4;2;7;0;C01
201600022924;0;7;0;0;2;5;15;A01
201600022924;0;31;0;0;2;0;1;B01
201600022925;0;10;0;0;2;1;15;A01
201600022925;2;7;0;0;2;1;1;B01
201600022926;1;7;0;0;0;4;23;B01
201600022926;1;1;0;0;2;1;2;A01
201600022927;0;7;0;0;2;9;1;B01
201600022927;0;7;0;0;2;4;1;C01
201600022927;0;31;0;0;2;1;1;A01
201600022928;0;33;0;0;2;7;2;B01
201600022928;1;7;0;0;2;6;2;A01
201600022929;0;7;0;0;2;7;15;B01
201600022929;0;33;0;0;2;9;1;A01
201600022930;1;7;0;0;0;4;23;C01
201600022930;1;7;0;0;2;1;2;A01
201600022930;1;7;0;0;2;4;23;B01
201600022931;0;30;0;0;0;0;0;A01
201600022932;2;1;0;0;2;1;5;A01
201600022932;1;7;0;0;0;2;23;B01
201600022933;0;30;0;0;2;8;1;A01
201600022933;0;7;0;0;2;7;16;B01
201600022934;0;7;0;0;0;8;1;B01
201600022934;1;32;0;0;2;1;5;A01