Num_Acc;senc;catv;occutc;obs;obsm;choc;manv;num_veh
201600023261;0;33;0;0;2;1;1;B01
201600023262;0;7;0;0;2;1;1;B01
201600023262;0;1;0;0;2;1;13;A01
201600023263;0;7;0;0;2;1;1;B01
201600023263;0;7;0;0;2;1;15;A01
201600023264;0;1;0;0;2;8;1;B01
201600023264;0;7;0;0;2;7;15;A01
201600023265;0;10;0;0;2;0;15;A01
201600023265;0;7;0;0;2;7;1;B01
201600023266;0;7;0;0;2;2;16;A01
201600023266;0;7;0;0;2;3;1;B01
201600023267;0;7;0;0;1;1;1;A01
201600023268;0;33;0;0;0;8;0;A01
201600023269;0;10;0;0;2;1;1;A01
201600023269;0;7;0;0;2;8;1;B01
201600023270;0;7;0;0;2;2;0;A01
201600023270;0;7;0;0;2;2;0;B01
201600023271;0;7;0;0;2;1;1;A01
201600023271;0;7;0;0;2;4;1;B01
201600023272;0;7;0;0;1;1;1;A01
201600023273;0;33;0;0;2;1;1;A01
201600023273;0;7;0;0;2;3;15;B01
201600023274;0;33;0;0;2;1;1;B01
201600023274;0;7;0;0;2;3;10;A01
201600023275;1;33;0;0;2;1;1;B01
201600023275;0;7;0;0;2;3;0;A01
201600023276;1;7;0;0;2;5;1;B01
201600023276;1;7;0;0;2;3;13;A01
201600023277;0;15;0;0;2;4;1;B01
201600023277;0;14;0;0;2;1;1;A01
201600023278;1;7;0;0;1;0;0;Z01
201600023279;0;1;0;0;2;0;0;B01
201600023279;0;7;0;0;2;1;1;A01
201600023280;0;7;0;0;1;0;16;A01
201600023281;0;7;0;0;1;2;1;A01
201600023282;1;33;0;3;0;1;0;A01
201600023283;0;7;0;0;1;1;1;A01
201600023284;1;7;0;0;2;1;2;A01
201600023284;1;7;0;0;2;4;2;B01
201600023284;1;7;0;0;2;4;2;C01
201600023284;1;7;0;0;2;6;1;D01
201600023285;1;2;0;12;0;8;0;A01
201600023286;1;7;0;0;1;1;15;A01
201600023287;0;7;0;0;2;1;1;B01
201600023287;1;1;0;0;2;8;19;A01
201600023288;1;7;0;0;2;1;15;A01
201600023288;2;7;0;0;2;1;1;B01
201600023289;1;31;0;0;2;1;1;A01
201600023289;2;7;0;0;0;0;0;B01
201600023290;0;37;1;0;2;7;1;B01
201600023290;0;10;0;0;2;1;15;A01
201600023291;0;7;0;0;2;0;0;C01
201600023291;0;7;0;0;2;1;1;A01
201600023291;0;7;0;0;2;1;1;B01
201600023292;2;1;0;0;2;1;1;B01
201600023292;0;7;0;0;2;3;9;A01
201600023293;0;7;0;0;1;1;1;A01
201600023294;1;7;0;0;2;2;12;A01
201600023294;1;31;0;0;2;1;1;B01
201600023295;0;7;0;6;0;1;1;A01
201600023296;0;7;0;0;1;1;1;A01
201600023297;0;2;0;0;1;1;1;A01
201600023298;2;7;0;0;2;1;2;A01
201600023298;2;7;0;0;2;4;2;B01
201600023298;2;7;0;0;2;4;2;C01
201600023299;1;10;0;0;1;2;1;A01
201600023300;1;33;0;0;2;8;1;B01
201600023300;1;7;0;0;2;7;12;A01
201600023301;1;7;0;0;2;2;5;A01
201600023301;0;7;0;0;2;1;1;B01
201600023302;1;7;0;0;2;7;1;B01
201600023302;0;31;0;0;2;8;2;A01
201600023303;1;7;0;0;1;1;1;A01
201600023304;1;7;0;0;2;1;1;A01
201600023304;2;7;0;0;0;0;0;B01
201600023305;1;32;0;1;0;1;14;B01
201600023306;0;7;0;0;2;3;1;B01
201600023306;0;2;0;0;2;1;1;A01
201600023307;0;7;0;0;2;1;1;A01
201600023307;0;7;0;0;2;4;1;B01
201600023308;2;7;0;0;2;3;1;A01
201600023308;2;7;0;0;2;2;1;B01
201600023309;2;30;0;0;2;1;1;A01
201600023309;2;7;0;0;2;4;1;B02
201600023310;2;7;0;0;2;2;19;A01
201600023310;2;7;0;0;2;3;0;B02
201600023311;1;14;0;4;0;3;13;A01
201600023312;2;10;0;0;2;2;1;A01
201600023312;2;15;0;0;2;6;1;B02
201600023313;2;7;0;0;0;4;10;A01
201600023313;1;10;0;0;2;1;1;B02
201600023314;2;17;0;0;2;1;2;A01
201600023314;2;7;0;0;2;4;2;B02
201600023315;1;7;0;0;2;1;2;A01
201600023315;1;14;0;0;0;4;2;B02
201600023316;2;7;0;1;0;1;1;A01
201600023317;1;7;0;0;2;3;11;A01
201600023317;1;7;0;0;2;2;1;B02
201600023317;1;7;0;0;2;1;1;C03
201600023318;2;7;0;0;2;3;21;A01
201600023319;1;17;0;13;0;2;1;A01
201600023320;2;10;0;0;2;2;17;A01
201600023320;2;15;0;0;2;6;1;B02
201600023321;1;17;0;0;2;2;2;A01
201600023321;1;33;0;0;2;8;2;B02
201600023322;1;7;0;4;0;3;17;A01
201600023323;2;7;0;0;2;1;14;A01
201600023323;2;7;0;0;2;4;1;B02
201600023324;0;7;0;0;2;1;1;D04
201600023324;1;7;0;0;2;1;1;C03
201600023324;1;7;0;4;0;1;1;A01
201600023324;1;7;0;0;2;1;1;B02
201600023325;1;7;0;0;0;0;0;A01
201600023326;2;14;0;0;0;6;2;B02
201600023326;2;7;0;0;2;1;2;A01
201600023327;2;7;0;0;2;5;12;B02
201600023327;2;31;0;0;2;1;3;C03
201600023327;2;7;0;0;2;6;1;A01
201600023328;1;7;0;4;0;3;1;A01
201600023329;1;33;0;0;2;1;18;A01
201600023329;1;7;0;0;2;5;1;B02
201600023330;1;7;0;3;0;3;1;A01
201600023331;0;33;0;4;0;1;1;A01
201600023332;2;14;0;0;2;3;1;C03
201600023332;2;33;0;0;2;3;3;B02
201600023332;2;7;0;0;2;5;21;A01
201600023333;1;14;0;0;2;1;2;A01
201600023333;1;17;0;0;2;4;23;B02
201600023333;1;14;0;0;0;4;23;C03
201600023334;1;7;0;0;2;7;17;A01
201600023334;1;7;0;0;2;8;1;B02
201600023335;1;7;0;4;0;1;0;A01
201600023336;1;7;0;0;2;1;1;B02
201600023336;1;14;0;0;2;6;1;C03
201600023336;1;14;0;0;2;7;1;D04
201600023336;1;7;0;0;2;1;5;A01
201600023337;1;7;0;4;0;3;1;A01
201600023338;2;7;0;0;2;1;1;B02
201600023338;2;7;0;0;0;4;1;D04
201600023338;2;10;0;0;2;4;1;C03
201600023338;2;7;0;0;2;1;1;A01
201600023339;0;7;0;0;0;5;23;B02
201600023339;2;31;0;0;2;1;9;A01
201600023340;2;31;0;3;2;2;1;A01
201600023340;2;7;0;0;2;2;1;B02
201600023341;2;31;0;0;2;1;2;A01
201600023342;1;7;0;13;0;9;14;A01
201600023343;1;7;0;0;2;1;1;A01
201600023343;1;7;0;0;2;8;13;B02
201600023344;2;7;0;0;0;7;14;A01
201600023345;1;10;0;0;2;2;14;A01
201600023345;1;17;0;0;0;6;1;B02
201600023346;2;7;0;0;2;1;11;A01
201600023346;2;7;0;0;2;6;1;B02
201600023347;1;7;0;13;0;9;1;A01
201600023348;2;15;0;0;0;8;1;B02
201600023348;2;7;0;0;2;2;12;A01
201600023349;1;7;0;0;2;2;2;A01
201600023349;1;15;0;0;2;3;1;B02
201600023350;1;15;0;0;0;6;1;B02
201600023350;1;7;0;0;2;2;12;A01
201600023351;1;7;0;4;0;1;13;A01
201600023352;1;38;8;0;0;7;1;A01
201600023353;1;7;0;4;0;3;1;A01
201600023354;2;17;0;0;2;4;1;C03
201600023354;2;7;0;0;2;3;3;B02
201600023354;2;10;0;4;2;1;2;A01
201600023355;1;7;0;4;2;7;1;B02
201600023355;2;7;0;14;0;0;1;C03
201600023355;1;17;0;4;2;3;1;A01
201600023356;1;17;0;3;0;2;14;A01
201600023357;1;7;0;4;0;3;17;A01
201600023358;1;7;0;0;2;3;1;C03
201600023358;1;10;0;0;2;3;13;A01
201600023358;2;17;0;0;2;3;1;B02
201600023359;1;7;0;0;0;9;21;A01
201600023360;1;33;0;0;2;1;2;A01
201600023360;1;7;0;0;0;4;2;B02
201600023361;0;7;0;0;1;1;1;A01
201600023362;0;7;0;0;0;1;1;A01
201600023363;1;7;0;1;0;1;14;A01
201600023363;1;7;0;0;0;4;23;B02
201600023363;1;7;0;0;0;5;23;C03
201600023364;1;17;0;1;2;4;24;A01
201600023364;1;17;0;1;0;1;2;B02
201600023365;1;7;0;4;0;1;9;A01
201600023366;1;14;0;0;0;3;0;B02
201600023366;1;7;0;0;2;2;0;A01
201600023367;2;7;0;3;0;2;21;A01
201600023368;2;15;0;0;1;2;0;A01
201600023369;1;7;0;3;0;2;1;A01
201600023370;1;7;0;0;0;4;1;A01
201600023370;1;7;0;0;2;1;2;B02
201600023370;1;7;0;0;2;1;2;C03
201600023371;2;7;0;0;2;1;1;B02
201600023371;1;7;0;0;2;1;1;C03
201600023371;1;7;0;0;2;8;16;A01
201600023372;2;30;0;0;2;1;1;A01
201600023372;1;7;0;0;2;1;1;B02
201600023373;2;7;0;0;2;1;1;A01
201600023373;2;7;0;0;0;4;15;B02
201600023374;1;7;0;0;2;3;17;A01
201600023374;2;7;0;0;9;1;1;D01
201600023374;2;7;0;0;2;3;1;B01
201600023374;1;7;0;0;2;6;1;C01
201600023375;1;7;0;13;0;1;1;A01
201600023376;2;7;0;2;0;8;16;A01
201600023377;2;7;0;0;2;3;13;A01
201600023377;1;7;0;0;2;3;1;B02
201600023378;1;7;0;13;0;3;13;A01
201600023379;1;1;0;0;2;8;1;B02
201600023379;1;7;0;0;9;7;17;A01
201600023380;1;7;0;0;1;2;14;A01
201600023381;1;7;0;0;2;2;15;A01
201600023381;2;30;0;0;2;1;1;B01
201600023382;1;30;0;0;2;1;13;A01
201600023382;2;7;0;0;2;2;1;B01
201600023383;2;7;0;0;2;3;13;A01
201600023383;2;30;0;0;2;7;17;B01
201600023384;1;10;0;0;2;7;19;A01
201600023384;1;30;0;0;2;1;1;B01
201600023385;1;7;0;13;0;1;14;A01
201600023386;1;7;0;0;2;1;13;A01
201600023386;2;7;0;0;2;1;1;B01
201600023387;1;7;0;8;0;1;13;A01
201600023388;1;7;0;3;0;1;14;A01
201600023389;1;2;0;0;2;1;1;B01
201600023389;1;7;0;0;2;6;19;A01
201600023390;1;7;0;2;0;1;21;A01
201600023391;1;30;0;0;2;1;2;A01
201600023391;1;7;0;0;2;4;1;B01
201600023392;2;7;0;0;2;1;13;A01
201600023392;1;7;0;0;2;1;1;B01
201600023393;1;7;0;0;1;2;1;A01
201600023394;1;7;0;0;2;7;16;A01
201600023394;1;32;0;0;2;8;1;B01
201600023395;1;7;0;0;1;1;1;A01
201600023396;2;32;0;0;2;1;1;B01
201600023396;1;7;0;0;2;1;15;A01
201600023397;1;7;0;0;2;1;2;A01
201600023397;1;33;0;6;2;4;23;B01
201600023398;2;7;0;8;0;1;14;A01
201600023399;2;33;0;0;2;1;2;A01
201600023399;2;7;0;0;2;4;23;B01
201600023400;2;15;0;0;2;1;1;B01
201600023400;1;7;0;0;2;1;13;A01
201600023401;2;7;0;1;2;3;15;B01
201600023401;1;34;0;0;2;1;18;A01
201600023402;1;30;0;0;9;0;1;A01
201600023403;2;7;0;0;2;1;1;B01
201600023403;1;7;0;0;2;8;9;A01
201600023404;2;7;0;0;2;4;23;B01
201600023404;2;2;0;0;2;1;2;A01
201600023405;2;33;0;0;6;1;1;A01
201600023406;1;7;0;0;2;8;1;A01
201600023406;1;30;0;0;2;1;1;B01
201600023407;1;30;0;0;2;1;17;B01
201600023407;2;7;0;0;2;3;9;A01
201600023408;2;13;0;0;2;3;1;B01
201600023408;1;7;0;0;2;1;13;A01
201600023409;2;7;0;0;2;3;1;B01
201600023409;1;7;0;0;2;3;17;A01
201600023409;1;7;0;0;2;8;1;C01
201600023410;1;7;0;0;2;7;15;A01
201600023410;2;33;0;0;2;1;1;B01
201600023411;2;7;0;0;2;1;1;B02
201600023411;1;7;0;0;1;7;15;A01
201600023412;1;1;0;0;2;7;19;A01
201600023412;1;7;0;0;0;0;0;B01
201600023413;0;7;0;0;2;1;2;A01
201600023413;1;7;0;0;2;4;2;B01
201600023414;2;7;0;0;1;2;1;A01
201600023415;1;7;0;0;2;1;1;B01
201600023415;2;7;0;0;2;8;15;A01
201600023416;1;7;0;0;2;6;1;B01
201600023416;1;33;0;0;2;1;1;A01
201600023417;1;7;0;0;0;4;23;B02
201600023417;1;7;0;0;2;1;2;A01
201600023418;1;7;0;0;1;1;1;A01
201600023419;2;7;0;0;2;4;23;B01
201600023419;2;7;0;0;2;1;2;A01
201600023420;2;7;0;0;0;9;14;A01
201600023421;1;7;0;0;1;3;16;A01
201600023422;1;7;0;0;2;8;22;A01
201600023422;2;7;0;0;9;1;1;C01
201600023422;1;31;0;0;2;1;17;B01
201600023423;2;7;0;0;2;1;1;B02
201600023423;2;7;0;15;2;8;9;A01
201600023424;1;7;0;8;0;2;14;A01
201600023425;1;7;0;0;1;2;1;A01
201600023426;2;7;0;3;0;8;1;A01
201600023427;2;7;0;0;0;9;0;A01
201600023428;2;7;0;0;1;3;1;A01
201600023429;1;7;0;0;2;3;1;A01
201600023429;2;7;0;0;2;3;1;B01
201600023430;2;7;0;13;0;3;1;A01
201600023431;1;7;0;2;0;3;1;A01
201600023432;2;7;0;0;2;2;17;A01
201600023432;2;7;0;0;2;3;17;B02
201600023432;2;7;0;0;2;3;1;C03
201600023433;1;10;0;3;0;2;1;A01
201600023434;1;7;0;3;0;2;1;A01
201600023435;2;7;0;0;2;8;17;A01
201600023435;2;7;0;0;2;2;17;B02
201600023436;1;7;0;3;0;3;1;A01
201600023437;1;7;0;4;0;2;1;A01
201600023438;1;17;0;14;0;1;2;A01
201600023439;1;10;0;13;2;2;17;B02
201600023439;1;7;0;13;2;8;1;A01
201600023440;1;15;0;0;2;4;1;B02
201600023440;1;7;0;0;2;1;2;A01
201600023441;2;7;0;0;2;2;5;A01
201600023441;1;17;0;0;2;2;21;B02
201600023442;2;7;0;13;0;9;14;A01
201600023443;2;7;0;4;0;2;17;A01
201600023444;0;7;0;6;0;1;1;A01
201600023445;2;7;0;0;2;2;15;A01
201600023445;1;33;0;0;2;1;1;B02
201600023446;0;7;0;0;1;8;1;A01
201600023447;0;7;0;0;1;3;1;A01
201600023448;2;1;0;0;2;1;1;C01
201600023448;0;1;0;0;2;1;0;B01
201600023448;0;7;0;0;9;3;16;A01
201600023449;1;7;0;0;0;3;15;A01
201600023449;1;33;0;0;2;7;17;B01
201600023450;0;34;0;0;0;0;1;A01
201600023451;2;7;0;0;2;2;1;B02
201600023451;2;7;0;0;2;3;1;A01
201600023452;1;7;0;5;2;3;1;A01
201600023452;2;7;0;0;2;1;5;B02
201600023453;0;7;0;0;2;4;23;C03
201600023453;0;7;0;0;2;1;1;A01
201600023453;0;7;0;0;2;4;23;B02
201600023454;1;7;0;0;1;1;1;A01
201600023455;0;7;0;0;0;3;10;A01
201600023455;0;1;0;0;2;1;1;B02
201600023456;2;7;0;0;2;7;13;A01
201600023456;1;7;0;0;2;1;1;B02
201600023457;1;7;0;2;0;9;1;A01
201600023458;0;7;0;0;1;1;15;A01
201600023459;2;7;0;0;1;8;15;A01
201600023460;0;7;0;8;0;3;1;A01
201600023461;2;33;0;0;0;0;14;A01
201600023462;1;7;0;0;0;6;24;C03
201600023462;2;7;0;0;2;3;1;B02
201600023462;1;3;0;1;2;9;13;A01
201600023463;2;7;0;2;0;3;1;A01
201600023464;2;10;0;0;2;1;1;B01
201600023464;1;10;0;0;2;7;13;A01
201600023465;1;7;0;0;2;1;1;A01
201600023465;2;7;0;0;2;1;1;B02
201600023466;2;7;0;0;2;1;2;A01
201600023466;2;7;0;0;0;4;2;B02
201600023467;1;7;0;7;0;1;2;A01
201600023468;1;7;0;0;2;3;13;A01
201600023468;2;7;0;0;2;3;1;B02
201600023469;2;7;0;8;0;1;1;A01
201600023470;2;7;0;0;2;1;17;A01
201600023470;1;7;0;0;2;1;1;B02
201600023471;2;7;0;16;0;0;0;A01
201600023472;2;10;0;0;0;0;0;A01
201600023473;0;7;0;0;1;0;0;A01
201600023474;2;7;0;0;2;8;1;A01
201600023474;2;7;0;0;2;3;1;B02
201600023475;0;7;0;2;0;1;0;A01
201600023476;2;7;0;13;0;3;1;A01
201600023477;2;14;0;13;0;2;1;A01
201600023478;2;7;0;0;2;8;5;A01
201600023478;1;30;0;0;2;8;1;B01
201600023479;1;7;0;0;1;2;1;A01
201600023480;1;2;0;0;2;0;0;B01
201600023480;1;7;0;0;2;2;9;A01
201600023481;1;7;0;0;2;3;10;A01
201600023481;2;2;0;0;2;1;1;B01
201600023482;1;2;0;0;2;1;1;B01
201600023482;2;10;0;0;2;5;0;A01
201600023483;2;7;0;0;2;7;1;B01
201600023483;2;7;0;0;2;1;1;A01
201600023484;1;7;0;0;1;1;1;A01
201600023485;2;7;0;0;2;2;1;B01
201600023485;1;7;0;0;2;1;1;A01
201600023486;1;7;0;0;2;1;1;B01
201600023486;2;7;0;0;2;7;13;A01
201600023487;2;7;0;1;0;1;15;A01
201600023488;2;7;0;0;2;6;15;A01
201600023488;1;2;0;0;2;1;1;B01
201600023489;1;7;0;0;2;1;1;A01
201600023489;1;7;0;0;0;4;23;B01
201600023490;1;7;0;0;2;1;1;A01
201600023490;1;7;0;0;2;4;23;C01
201600023490;1;7;0;0;2;4;23;D01
201600023490;1;7;0;0;2;4;23;B01
201600023491;2;17;0;0;0;0;0;B01
201600023491;1;7;0;0;2;8;17;A01
201600023492;1;2;0;6;0;2;1;A01
201600023493;1;7;0;0;2;1;13;A01
201600023493;2;7;0;0;2;3;1;B01
201600023494;2;7;0;0;2;1;19;A01
201600023494;1;33;0;0;2;1;1;B01
201600023495;1;34;0;0;2;7;23;B01
201600023495;1;7;0;0;2;6;4;A01
201600023496;1;7;0;2;0;1;14;A01
201600023497;1;30;0;0;2;1;2;A01
201600023497;1;7;0;0;2;5;23;B01
201600023498;1;1;0;0;0;0;0;B01
201600023498;2;7;0;0;0;5;1;A01
201600023499;2;30;0;0;2;1;1;B01
201600023499;1;7;0;0;2;1;15;A01
201600023500;2;7;0;0;2;2;1;C01
201600023500;1;7;0;0;2;7;0;B01
201600023500;1;7;0;0;2;1;0;A01
201600023501;1;32;0;0;2;0;1;B01
201600023501;1;7;0;0;2;6;10;A01
201600023502;2;7;0;0;2;1;1;B01
201600023502;1;7;0;0;2;5;15;A01
201600023503;2;7;0;0;1;0;0;A01
201600023504;1;7;0;0;2;8;1;B01
201600023504;1;7;0;0;2;1;0;A01
201600023505;1;30;0;0;2;0;0;B01
201600023505;1;7;0;0;2;5;0;A01
201600023506;2;7;0;0;2;1;1;B01
201600023506;1;7;0;0;2;1;13;A01
201600023507;1;7;0;0;2;1;1;B01
201600023507;2;10;0;0;2;1;13;A01
201600023508;1;7;0;0;2;3;13;A01
201600023508;2;7;0;0;0;0;0;B01
201600023509;1;7;0;0;1;0;15;A01
201600023510;2;30;0;8;0;1;14;A01
201600023511;1;7;0;0;1;1;1;A01
201600023512;2;7;0;0;2;1;1;A01
201600023512;2;1;0;0;2;1;1;B01
201600023513;1;33;0;0;2;2;17;A01
201600023513;1;7;0;0;2;3;15;B01
201600023514;2;7;0;0;2;1;1;B01
201600023514;1;7;0;0;2;1;13;A01
201600023515;2;33;0;0;2;2;1;B01
201600023515;2;7;0;0;2;6;1;A01
201600023516;1;33;0;0;2;7;17;B01
201600023516;1;7;0;0;2;8;17;A01
201600023517;2;7;0;0;1;3;0;A01
201600023518;2;33;0;0;2;4;1;B01
201600023518;2;10;0;0;2;0;0;A01
201600023519;2;1;0;0;0;0;0;A01
201600023519;1;10;0;0;2;2;1;B01
201600023520;1;7;0;0;2;3;0;A01
201600023520;2;33;0;0;2;8;0;B01
201600023521;2;1;0;0;2;2;17;B01
201600023521;2;1;0;0;2;3;13;A01
201600023522;1;7;0;0;1;7;0;A01
201600023523;2;2;0;0;2;1;17;A01
201600023523;2;7;0;0;2;3;15;B01
201600023524;2;7;0;0;2;1;1;A01
201600023524;2;32;0;0;2;4;1;B01
201600023525;1;7;0;0;1;1;1;A01
201600023526;1;1;0;0;2;1;0;A01
201600023526;2;7;0;0;2;0;0;B01
201600023527;1;7;0;0;1;0;0;A01
201600023528;2;7;0;0;2;3;5;B01
201600023528;1;31;0;0;2;1;1;A01
201600023529;2;1;0;0;2;1;1;A01
201600023529;1;7;0;0;0;0;10;Z01
201600023530;1;7;0;0;2;7;0;B01
201600023530;1;10;0;7;2;3;0;A01
201600023531;1;7;0;0;2;6;15;B01
201600023531;2;7;0;0;2;3;1;A01
201600023532;2;2;0;0;2;8;17;A01
201600023532;2;7;0;0;2;8;15;B01
201600023533;1;7;0;0;1;2;1;A01
201600023534;2;3;0;1;0;1;13;A01
201600023535;0;10;0;0;0;0;0;A01
201600023536;1;7;0;0;2;4;23;C01
201600023536;1;7;0;0;2;4;23;B01
201600023536;1;7;0;0;2;1;1;A01
201600023537;2;32;0;0;2;1;1;A01
201600023537;1;7;0;0;2;3;1;B01
201600023538;1;2;0;0;0;1;13;A01
201600023539;2;7;0;0;2;3;0;A01
201600023539;1;32;0;0;2;1;1;B01
201600023540;1;2;0;0;2;1;1;B01
201600023540;1;7;0;0;2;2;16;A01
201600023541;1;7;0;0;1;3;1;A01
201600023542;1;7;0;0;1;2;4;A01
201600023543;1;7;0;2;0;1;0;A01
201600023544;2;7;0;0;2;1;1;B01
201600023544;1;7;0;0;2;1;13;A01
201600023545;1;7;0;0;2;1;16;B01
201600023545;1;1;0;0;2;1;0;A01
201600023546;1;2;0;0;0;0;0;B01
201600023546;1;1;0;0;2;1;1;Z01
201600023547;1;1;0;0;2;2;1;C01
201600023547;1;1;0;0;2;7;19;B01
201600023547;1;7;0;0;0;0;0;A01
201600023548;1;7;0;0;1;1;15;A01
201600023549;2;7;0;0;2;1;1;A01
201600023549;1;7;0;0;2;8;1;B01
201600023550;1;7;0;0;2;1;9;A01
201600023550;2;2;0;0;2;7;1;B01
201600023551;1;7;0;0;2;3;1;A01
201600023551;2;10;0;0;2;3;13;B02
201600023552;1;7;0;0;0;1;13;A01
201600023552;2;7;0;0;0;3;1;B02
201600023553;1;7;0;2;0;1;1;A01
201600023554;1;7;0;13;0;2;14;A01
201600023555;0;36;0;0;0;0;0;A01
201600023556;2;1;0;0;0;2;1;A01
201600023556;0;7;0;0;0;3;15;B02
201600023557;0;34;0;2;0;1;0;A01
201600023558;2;7;0;0;1;1;1;A01
201600023559;0;7;0;0;1;4;4;A01
201600023560;0;7;0;0;2;1;1;B01
201600023560;0;10;0;0;0;7;13;A01
201600023561;1;7;0;0;2;1;1;B01
201600023561;2;7;0;0;2;1;5;A01
201600023561;1;7;0;0;2;1;1;C01
201600023562;1;7;0;0;1;2;1;A01
201600023563;1;7;0;0;0;4;1;A01
201600023563;1;7;0;0;2;1;1;C01
201600023563;1;7;0;0;2;1;1;B01
201600023564;2;7;0;9;0;0;1;A01
201600023565;1;7;0;0;0;8;1;A01
201600023565;1;33;0;0;2;1;1;B01
201600023566;2;7;0;0;1;1;1;A01
201600023567;2;7;0;0;1;1;16;A01
201600023568;2;7;0;0;1;1;1;A01
201600023569;1;7;0;6;0;1;1;B01
201600023569;1;7;0;0;2;1;1;A01
201600023570;2;7;0;0;2;0;24;A01
201600023570;0;1;0;0;2;1;1;B01
201600023571;1;7;0;0;1;8;1;A01
201600023572;1;7;0;0;2;3;21;A01
201600023572;0;1;0;0;0;4;19;B01
201600023573;2;2;0;0;1;8;1;A01
201600023574;2;7;0;0;2;1;1;A01
201600023574;2;7;0;0;0;4;23;B01
201600023575;1;7;0;0;2;1;1;Z01
201600023575;1;7;0;0;0;4;1;B01
201600023576;2;10;0;0;1;7;15;A01
201600023577;2;1;0;0;0;0;19;B01
201600023577;2;7;0;0;2;1;1;A01
201600023578;2;13;0;0;1;1;1;A01
201600023579;2;7;0;0;1;0;1;Z01
201600023580;1;7;0;0;1;2;1;A01
201600023581;1;7;0;8;0;1;1;A01
201600023582;2;7;0;0;1;0;15;A01
201600023583;0;7;0;0;0;7;15;B01
201600023583;2;7;0;0;2;2;1;A01
201600023584;2;7;0;0;1;1;1;A01
201600023585;2;37;1;0;1;1;1;A01
201600023586;2;7;0;0;0;8;1;B01
201600023586;2;7;0;0;2;1;1;A01
201600023587;2;7;0;6;0;1;1;A01
201600023588;2;7;0;0;1;1;1;A01
201600023589;2;7;0;0;2;1;2;A01
201600023589;2;7;0;0;0;4;1;B01
201600023590;2;10;0;0;2;1;16;A01
201600023590;2;2;0;0;2;7;1;B01
201600023591;2;7;0;0;0;3;1;A01
201600023591;1;2;0;0;2;1;1;B01
201600023592;1;7;0;0;1;1;15;A01
201600023593;2;7;0;0;1;1;15;A01
201600023594;1;7;0;0;1;2;1;A01
201600023595;1;7;0;0;2;4;23;B01
201600023595;1;10;0;0;2;1;2;A01
201600023595;1;1;0;0;0;8;19;C01
201600023596;1;1;0;0;0;4;1;B01
201600023596;1;7;0;0;2;1;16;A01
201600023597;1;7;0;0;0;4;23;B01
201600023597;1;7;0;0;2;1;2;A01
201600023598;1;7;0;0;1;1;1;A01
201600023599;1;7;0;0;1;1;1;A01
201600023600;2;7;0;0;2;1;7;B01
201600023600;1;7;0;0;2;7;15;A01
201600023601;1;7;0;0;2;8;15;B01
201600023601;1;34;0;0;0;7;17;A01
201600023602;0;10;0;0;0;8;9;A01
201600023602;2;34;0;0;2;1;1;B01
201600023603;2;7;0;8;2;5;13;A01
201600023603;2;7;0;0;0;7;1;B01
201600023604;2;13;0;0;1;0;15;A01
201600023605;2;7;0;0;2;1;1;A01
201600023605;1;1;0;0;0;0;1;B01
201600023606;2;31;0;0;2;1;1;B01
201600023606;2;7;0;0;2;4;1;A01
201600023607;2;7;0;0;2;4;1;B01
201600023607;2;7;0;0;2;1;1;A01
201600023608;2;33;0;0;1;7;1;A01
201600023609;2;7;0;5;0;0;1;A01
201600023610;1;7;0;0;0;7;1;B01
201600023610;0;7;0;0;2;1;15;A01
201600023611;2;7;0;0;0;3;1;A01
201600023611;2;7;0;0;2;1;1;B01
201600023612;2;7;0;0;2;1;1;A01
201600023612;2;7;0;0;0;4;1;B01
201600023613;2;1;0;0;2;1;1;B01
201600023613;1;7;0;0;2;3;15;A01
201600023614;1;7;0;0;2;1;19;A01
201600023614;1;30;0;0;2;1;15;B01
201600023615;2;33;0;0;2;1;1;B01
201600023615;1;10;0;0;2;3;15;A01
201600023616;2;7;0;0;2;1;1;A01
201600023616;2;1;0;0;0;4;1;B01
201600023617;2;7;0;0;0;1;1;B01
201600023617;2;7;0;0;2;3;15;A01
201600023618;2;30;0;0;0;1;17;A01
201600023618;2;7;0;0;0;3;15;B01
201600023619;2;7;0;0;0;6;15;B01
201600023619;2;30;0;0;2;3;21;A01
201600023620;2;7;0;0;2;5;15;A01
201600023620;1;2;0;0;2;2;1;B01
201600023621;2;33;0;0;0;1;1;B01
201600023621;2;7;0;0;2;3;9;A01
201600023622;1;7;0;1;0;1;1;A01
201600023623;2;10;0;0;2;7;1;B01
201600023623;2;7;0;0;2;1;1;A01
201600023624;1;2;0;0;2;1;2;A01
201600023624;1;7;0;0;0;4;23;B01
201600023625;1;10;0;0;2;1;15;A01
201600023625;2;7;0;0;2;1;1;B01
201600023626;1;7;0;0;2;1;15;A01
201600023626;2;2;0;0;2;1;1;B01
201600023627;2;31;0;0;0;1;17;B01
201600023627;2;7;0;0;2;0;15;A01
201600023628;2;33;0;1;0;1;1;C01
201600023628;2;7;0;0;2;7;22;A01
201600023628;2;33;0;1;0;1;1;B01
201600023629;1;1;0;0;0;1;1;B01
201600023629;1;7;0;0;2;3;16;A01
201600023630;1;10;0;0;1;4;4;A01
201600023631;2;2;0;0;2;1;1;A01
201600023631;2;7;0;0;2;4;1;B01
201600023632;1;7;0;0;0;0;21;A01
201600023633;1;7;0;0;2;1;1;A01
201600023633;1;10;0;0;0;4;1;B01
201600023634;1;7;0;0;0;5;23;A01