Num_Acc;senc;catv;occutc;obs;obsm;choc;manv;num_veh
201600023634;1;33;0;0;2;1;2;B01
201600023635;1;31;0;3;0;1;1;A01
201600023636;2;7;0;0;2;1;1;A01
201600023636;2;7;0;0;2;4;1;C01
201600023636;2;7;0;0;2;4;1;B01
201600023637;2;7;0;0;0;2;15;B01
201600023637;1;33;0;0;2;1;8;A01
201600023638;2;10;0;0;2;2;15;B01
201600023638;1;1;0;0;2;1;1;A01
201600023639;1;7;0;0;2;1;1;A01
201600023639;2;7;0;0;2;5;15;B01
201600023640;1;7;0;0;1;0;1;A01
201600023641;1;32;0;0;2;4;1;B01
201600023641;1;10;0;0;2;1;1;A01
201600023642;1;31;0;0;2;1;1;B01
201600023642;2;7;0;0;2;2;15;A01
201600023643;2;7;0;0;1;1;1;A01
201600023644;2;1;0;0;2;1;1;B01
201600023644;2;7;0;0;2;7;15;A01
201600023645;1;7;0;0;2;3;15;C01
201600023645;2;33;0;0;2;1;16;A01
201600023645;1;7;0;0;2;5;15;B01
201600023646;1;3;0;0;1;1;1;A01
201600023647;2;7;0;0;1;1;1;A01
201600023648;1;7;0;4;0;0;1;A01
201600023649;1;7;0;0;2;1;15;A01
201600023649;2;7;0;0;0;3;1;B01
201600023650;1;7;0;0;1;1;1;A01
201600023651;2;7;0;0;2;1;13;A01
201600023651;1;7;0;0;0;1;1;B01
201600023652;1;7;0;0;2;1;2;A01
201600023652;1;7;0;0;0;4;23;B01
201600023653;2;7;0;0;2;1;1;C01
201600023653;2;7;0;0;2;3;1;B01
201600023653;2;7;0;0;2;3;1;A01
201600023654;2;1;0;0;2;5;19;B01
201600023654;2;7;0;0;2;1;1;A01
201600023655;1;7;0;0;2;1;2;A01
201600023655;1;7;0;0;2;4;23;B01
201600023656;2;7;0;0;1;1;1;A01
201600023657;1;7;0;0;2;7;15;A01
201600023657;2;33;0;0;2;1;3;B01
201600023658;1;7;0;0;2;0;16;A01
201600023658;1;31;0;0;2;1;1;B01
201600023659;2;7;0;0;2;3;1;A01
201600023659;1;7;0;0;2;3;1;B01
201600023660;1;7;0;0;0;4;23;B01
201600023660;1;7;0;0;2;3;2;A01
201600023661;1;1;0;0;2;3;13;B01
201600023661;1;7;0;0;2;0;17;A01
201600023662;1;7;0;0;2;1;13;Z01
201600023662;1;7;0;0;2;1;1;B01
201600023663;2;7;0;0;2;1;1;B01
201600023663;1;10;0;0;2;1;13;A01
201600023664;1;7;0;0;2;1;1;A01
201600023664;1;30;0;0;0;4;23;B01
201600023665;2;7;0;0;2;1;1;B01
201600023665;1;31;0;0;2;7;1;A01
201600023666;1;2;0;15;0;0;1;A01
201600023667;1;7;0;0;2;1;1;A01
201600023667;2;14;0;0;0;7;1;B01
201600023668;2;1;0;0;2;3;1;B01
201600023668;1;7;0;0;2;2;1;A01
201600023669;2;7;0;0;2;1;1;A01
201600023669;2;7;0;0;2;4;1;D01
201600023669;2;7;0;0;2;4;2;B01
201600023669;2;7;0;0;2;1;1;C01
201600023670;2;10;0;0;2;1;1;A01
201600023670;2;1;0;0;2;2;19;B01
201600023671;1;7;0;0;1;1;1;A01
201600023672;2;7;0;0;0;8;10;A01
201600023672;2;30;0;0;2;1;1;B01
201600023673;2;7;0;0;1;1;1;A01
201600023674;1;7;0;0;1;3;1;A01
201600023675;2;7;0;0;1;1;1;Z01
201600023676;1;7;0;0;2;1;2;A01
201600023676;1;10;0;0;2;4;2;B01
201600023676;1;7;0;0;0;4;23;C01
201600023677;2;7;0;0;1;5;16;A01
201600023678;2;10;0;14;2;1;1;A01
201600023678;2;7;0;0;2;1;1;B01
201600023679;2;7;0;0;2;1;10;A01
201600023679;1;33;0;0;0;1;1;B01
201600023680;1;7;0;1;0;1;0;A01
201600023681;2;37;1;0;1;2;9;A01
201600023682;2;7;0;0;1;1;1;A01
201600023683;1;7;0;0;2;1;2;A01
201600023683;0;30;0;0;2;7;16;B01
201600023684;1;7;0;0;0;8;10;A01
201600023684;1;33;0;0;2;7;17;B01
201600023685;1;2;0;0;0;8;1;A01
201600023686;1;40;100;0;1;1;1;A01
201600023687;1;7;0;0;1;2;15;A01
201600023688;2;7;0;0;0;7;15;A01
201600023688;1;2;0;0;2;1;1;B01
201600023689;1;2;0;0;1;1;16;Z01
201600023690;1;7;0;0;0;8;1;A01
201600023690;2;7;0;0;2;2;1;B01
201600023691;1;7;0;2;0;0;1;A01
201600023692;2;33;0;0;0;2;1;B01
201600023692;1;7;0;0;0;2;1;A01
201600023693;1;7;0;0;0;0;0;A01
201600023693;1;30;0;0;2;1;1;B01
201600023694;1;7;0;2;0;1;1;A01
201600023695;1;7;0;0;0;4;23;B01
201600023695;1;7;0;0;2;1;2;A01
201600023696;2;7;0;0;0;6;1;A01
201600023696;1;7;0;0;0;0;1;Z01
201600023697;1;10;0;0;2;0;1;Z01
201600023697;1;10;0;0;2;3;1;A01
201600023698;0;1;0;0;2;1;5;A01
201600023698;1;10;0;0;0;2;1;B01
201600023699;1;31;0;0;2;1;18;B01
201600023699;1;7;0;0;0;7;22;A01
201600023700;1;37;0;0;0;3;1;B01
201600023700;1;33;0;0;2;3;1;A01
201600023701;1;33;0;1;0;1;21;B01
201600023701;2;7;0;0;2;1;15;A01
201600023702;1;2;0;0;2;5;1;B01
201600023702;1;7;0;0;2;1;15;A01
201600023703;1;7;0;0;2;2;1;A01
201600023703;1;7;0;0;0;3;1;B01
201600023704;2;7;0;0;2;3;2;A01
201600023704;1;7;0;0;0;3;1;C01
201600023704;2;31;0;0;2;4;23;B01
201600023705;2;7;0;0;2;2;2;A01
201600023705;2;7;0;0;2;4;2;B01
201600023705;2;10;0;0;0;4;23;C01
201600023706;1;7;0;0;0;0;15;A01
201600023706;1;2;0;0;2;1;7;B01
201600023707;1;7;0;0;2;8;1;B01
201600023707;1;7;0;0;2;1;1;A01
201600023708;1;7;0;0;1;2;1;A01
201600023709;1;14;0;0;2;0;16;A01
201600023709;1;1;0;0;0;0;1;B01
201600023710;1;7;0;0;2;1;1;B01
201600023710;1;7;0;0;2;3;13;A01
201600023711;1;34;0;0;0;4;5;A01
201600023712;1;99;0;0;1;1;1;A01
201600023713;1;7;0;0;2;1;16;A01
201600023713;1;1;0;0;0;4;1;B01
201600023714;1;31;0;0;0;0;14;A01
201600023715;1;10;0;0;0;4;23;B01
201600023715;1;7;0;0;2;1;1;A01
201600023716;1;7;0;0;2;3;1;C01
201600023716;2;7;0;0;2;1;13;A01
201600023716;1;7;0;0;2;8;1;B01
201600023717;1;31;0;0;2;7;3;A01
201600023717;1;10;0;0;0;3;11;B01
201600023717;1;7;0;0;0;5;1;C01
201600023718;1;14;0;0;2;1;16;A01
201600023718;2;1;0;0;0;8;1;B01
201600023719;2;7;0;0;1;1;1;A01
201600023720;1;7;0;0;0;1;1;A01
201600023720;2;7;0;0;1;2;1;B01
201600023721;1;7;0;0;0;4;15;B01
201600023721;1;33;0;0;2;1;1;A01
201600023722;2;2;0;0;2;1;1;B01
201600023722;1;7;0;0;2;5;15;A01
201600023723;1;7;0;1;0;2;1;A01
201600023724;1;7;0;1;1;3;1;A01
201600023725;2;2;0;0;0;1;15;A01
201600023725;1;7;0;0;2;1;1;B01
201600023726;1;7;0;1;0;9;1;A01
201600023727;2;7;0;0;1;3;15;A01
201600023728;0;7;0;0;2;2;19;A01
201600023728;2;1;0;0;0;1;1;B01
201600023729;1;37;0;0;1;7;1;A01
201600023730;1;7;0;0;0;0;17;Z01
201600023730;1;2;0;0;0;7;1;B01
201600023731;1;33;0;0;2;1;17;B01
201600023731;1;7;0;0;2;8;15;A01
201600023732;1;10;0;0;1;0;4;A01
201600023733;1;33;0;0;2;1;1;B01
201600023733;2;10;0;0;0;1;15;A01
201600023734;1;7;0;0;0;1;15;A01
201600023734;1;31;0;0;2;1;1;B01
201600023735;1;33;0;0;1;1;1;A01
201600023736;1;2;0;0;2;1;17;B01
201600023736;1;7;0;0;0;3;15;A01
201600023737;1;7;0;0;2;2;1;A01
201600023737;1;2;0;0;2;1;1;B01
201600023738;2;7;0;0;0;2;1;A01
201600023738;0;1;0;0;0;8;19;B01
201600023739;1;7;0;0;1;2;1;A01
201600023740;1;7;0;0;4;8;10;A01
201600023740;1;40;150;0;2;2;1;B01
201600023741;2;31;0;0;2;1;1;B01
201600023741;1;7;0;0;0;5;15;A01
201600023742;1;99;0;0;2;3;1;B01
201600023742;1;7;0;0;0;7;1;A01
201600023743;1;7;0;0;0;7;10;A01
201600023743;2;2;0;0;2;1;1;B01
201600023744;1;10;0;0;1;6;4;A01
201600023745;2;33;0;3;0;1;21;A01
201600023746;1;1;0;0;1;1;1;A01
201600023747;1;7;0;0;1;1;1;A01
201600023748;1;7;0;0;0;2;1;A01
201600023748;2;30;0;0;2;1;21;B01
201600023749;2;7;0;0;2;3;13;A01
201600023749;1;7;0;0;0;3;1;B01
201600023750;1;7;0;0;2;1;1;B01
201600023750;2;1;0;0;0;8;15;A01
201600023751;1;33;0;0;2;7;1;A01
201600023751;1;7;0;0;0;3;0;B01
201600023752;2;1;0;0;2;1;1;B01
201600023752;2;7;0;0;0;0;16;A01
201600023753;2;1;0;0;0;0;1;A01
201600023754;1;37;0;0;1;2;1;A01
201600023755;1;7;0;0;1;2;20;A01
201600023756;1;7;0;1;0;1;15;A01
201600023757;2;31;0;0;1;5;3;A01
201600023758;2;1;0;0;1;0;1;A01
201600023759;1;33;0;0;2;2;18;A01
201600023759;1;7;0;0;0;4;23;C01
201600023759;1;7;0;0;0;7;23;B01
201600023760;1;40;150;0;1;1;1;A01
201600023761;1;7;0;0;9;1;1;A01
201600023761;1;1;0;0;0;1;19;B01
201600023762;1;7;0;0;0;0;23;A01
201600023762;1;1;0;0;0;0;0;B01
201600023763;2;1;0;0;2;1;7;A01
201600023763;1;7;0;0;0;7;1;B01
201600023764;2;7;0;0;2;1;1;A01
201600023764;2;7;0;0;0;4;23;C01
201600023764;2;7;0;0;2;4;23;B01
201600023765;1;7;0;0;0;4;23;B01
201600023765;1;7;0;0;2;1;1;A01
201600023766;1;31;0;12;0;1;18;A01
201600023767;2;7;0;0;2;2;16;A01
201600023767;1;7;0;0;2;3;1;B01
201600023768;1;33;0;0;1;0;17;A01
201600023769;1;7;0;0;2;1;10;A01
201600023769;2;7;0;0;2;8;1;B01
201600023770;1;1;0;0;2;8;1;B01
201600023770;2;10;0;0;2;1;15;A01
201600023771;1;7;0;0;0;7;9;A01
201600023771;1;2;0;0;2;1;1;B01
201600023772;1;7;0;0;2;1;1;A01
201600023772;1;7;0;0;0;4;1;B01
201600023773;1;7;0;0;0;7;1;B01
201600023773;1;7;0;0;2;1;1;A01
201600023774;2;3;0;0;2;1;13;A01
201600023774;1;7;0;0;2;2;21;B01
201600023775;1;7;0;0;1;1;15;A01
201600023776;2;7;0;0;0;4;1;B01
201600023776;2;10;0;0;0;0;1;Z01
201600023777;0;7;0;0;0;7;4;B01
201600023777;1;2;0;0;2;1;5;A01
201600023778;1;7;0;0;1;7;1;A01
201600023779;1;7;0;0;0;0;0;A01
201600023779;0;30;0;0;0;0;0;B01
201600023780;0;7;0;0;0;3;10;B01
201600023780;1;30;0;0;2;4;1;A01
201600023781;1;7;0;0;1;1;1;A01
201600023782;2;1;0;0;2;1;18;A01
201600023782;2;33;0;0;0;1;16;B01
201600023783;2;7;0;0;0;0;0;B01
201600023783;2;34;0;0;2;1;1;A01
201600023784;2;7;0;0;2;1;1;A01
201600023784;1;30;0;0;0;7;1;B01
201600023785;1;31;0;8;2;2;17;B01
201600023785;1;7;0;0;0;3;15;A01
201600023786;1;7;0;4;2;3;1;A01
201600023786;1;7;0;4;0;5;1;B01
201600023787;1;2;0;15;4;8;19;B01
201600023787;1;40;120;0;2;1;1;A01
201600023788;1;7;0;0;0;2;1;A01
201600023788;2;7;0;0;2;3;1;B01
201600023789;2;7;0;0;2;7;22;A01
201600023789;1;1;0;0;0;0;1;B01
201600023790;2;1;0;0;2;1;1;B01
201600023790;1;7;0;0;2;5;15;A01
201600023791;2;7;0;0;0;4;23;B01
201600023791;2;7;0;0;2;1;1;A01
201600023792;2;1;0;9;0;1;19;A01
201600023793;1;7;0;0;1;5;4;A01
201600023794;1;7;0;6;0;1;1;A01
201600023795;1;7;0;0;0;4;23;C01
201600023795;1;7;0;0;0;2;16;A01
201600023795;1;7;0;0;2;4;23;B01
201600023796;0;10;0;0;0;4;0;B01
201600023796;1;7;0;0;2;1;1;A01
201600023797;1;30;0;0;2;1;1;A01
201600023797;2;7;0;0;0;2;15;B01
201600023798;2;1;0;0;2;1;1;B01
201600023798;2;7;0;0;0;1;16;A01
201600023799;1;33;0;0;2;1;18;A01
201600023799;2;7;0;0;0;5;15;B01
201600023800;1;7;0;0;0;0;0;B01
201600023800;0;10;0;0;0;0;0;Z01
201600023801;1;7;0;0;1;2;1;A01
201600023802;1;7;0;10;0;1;1;A01
201600023803;1;7;0;0;2;3;1;A01
201600023803;1;1;0;0;0;2;1;B01
201600023804;1;10;0;1;2;1;1;B01
201600023804;1;7;0;0;0;7;1;A01
201600023804;2;7;0;0;0;7;23;C01
201600023805;1;2;0;0;2;2;1;A01
201600023805;1;7;0;0;2;3;15;B01
201600023806;2;1;0;0;0;8;1;A01
201600023806;1;10;0;0;2;1;1;B01
201600023807;1;7;0;0;0;8;1;B01
201600023807;2;10;0;0;2;1;15;A01
201600023808;2;7;0;0;2;1;2;A01
201600023808;2;10;0;0;0;4;1;B01
201600023809;2;7;0;14;0;1;1;A01
201600023810;1;7;0;0;0;5;15;A01
201600023810;2;33;0;0;2;2;1;B01
201600023811;2;7;0;0;2;1;15;A01
201600023811;1;2;0;0;2;1;1;B01
201600023812;1;7;0;15;0;0;1;B01
201600023812;1;7;0;0;2;1;15;A01
201600023813;1;7;0;0;0;4;23;B01
201600023813;1;7;0;0;2;1;1;A01
201600023814;2;7;0;0;1;1;1;A01
201600023815;1;7;0;0;1;2;1;A01
201600023816;1;14;0;14;0;0;1;A01
201600023817;2;1;0;0;0;8;1;A01
201600023817;1;7;0;0;2;1;1;B01
201600023818;0;7;0;0;2;3;1;B01
201600023818;2;2;0;0;2;2;1;A01
201600023819;1;10;0;0;2;1;1;B01
201600023819;2;31;0;0;2;8;15;A01
201600023820;1;33;0;0;2;1;1;A01
201600023820;2;7;0;0;2;7;15;B01
201600023821;0;38;1;0;0;0;23;B01
201600023821;2;2;0;0;0;0;3;A01
201600023822;1;1;0;0;2;8;1;B01
201600023822;1;10;0;0;2;7;14;A01
201600023823;2;7;0;1;0;7;1;B01
201600023823;2;7;0;1;2;1;1;A01
201600023824;1;7;0;1;1;3;1;A01
201600023825;1;7;0;0;0;0;0;Z01
201600023825;0;1;0;0;2;1;1;A01
201600023826;1;40;100;0;1;2;1;A01
201600023827;1;7;0;0;2;8;15;A01
201600023827;1;33;0;0;2;7;1;B01
201600023828;2;7;0;0;2;1;1;B01
201600023828;2;7;0;0;0;7;1;A01
201600023829;0;33;0;0;2;1;1;B01
201600023829;1;7;0;7;2;5;1;A01
201600023830;1;1;0;0;2;1;1;B01
201600023830;2;7;0;0;2;2;15;A01
201600023831;1;33;0;0;1;1;1;A01
201600023832;2;7;0;0;2;1;16;A01
201600023832;2;7;0;0;2;5;16;B01
201600023833;2;30;0;0;2;1;18;A01
201600023833;1;7;0;0;2;7;15;B01
201600023834;1;7;0;0;2;1;1;B01
201600023834;2;34;0;0;2;1;17;A01
201600023835;2;7;0;13;0;1;1;A01
201600023836;2;7;0;0;2;3;13;A01
201600023836;1;7;0;0;0;3;1;B01
201600023837;2;7;0;0;1;2;11;A01
201600023838;2;33;0;0;2;1;1;B01
201600023838;1;7;0;0;2;0;15;A01
201600023839;2;7;0;0;2;2;15;A01
201600023839;1;33;0;0;2;1;1;B01
201600023840;2;13;0;0;2;1;1;A01
201600023840;2;7;0;0;2;4;1;B01
201600023841;2;1;0;0;0;8;5;A01
201600023841;1;30;0;0;2;1;1;B01
201600023842;2;7;0;0;0;0;0;Z01
201600023842;2;30;0;0;2;8;15;B01
201600023843;2;7;0;0;1;1;15;A01
201600023844;2;30;0;0;0;3;1;A01
201600023845;2;1;0;0;2;4;1;B01
201600023845;2;7;0;0;2;3;1;A01
201600023846;2;2;0;0;2;7;3;A01
201600023846;2;7;0;0;2;8;15;B01
201600023847;2;30;0;0;2;1;1;B01
201600023847;1;7;0;0;2;8;15;A01
201600023848;2;7;0;0;2;8;15;A01
201600023848;2;2;0;0;2;1;3;B01
201600023849;1;7;0;0;2;4;1;B01
201600023849;1;7;0;0;2;1;1;A01
201600023849;1;7;0;0;0;4;1;C01
201600023850;1;40;200;0;2;3;1;A01
201600023850;0;1;0;0;4;0;19;B01
201600023851;2;7;0;0;2;4;1;B01
201600023851;2;7;0;0;2;1;1;A01
201600023852;1;14;0;0;0;7;1;A01
201600023852;1;30;0;0;2;1;1;B01
201600023853;0;1;0;0;0;8;1;B01
201600023853;1;7;0;0;2;1;16;A01
201600023854;1;2;0;0;2;1;3;A01
201600023854;2;10;0;0;0;2;15;B01
201600023855;2;7;0;0;1;1;1;A01
201600023856;2;7;0;0;1;3;15;A01
201600023857;2;37;1;0;1;2;1;A01
201600023858;2;33;0;0;2;1;1;B01
201600023858;2;7;0;0;2;4;11;Z01
201600023859;1;2;0;0;0;0;1;A01
201600023860;2;7;0;0;2;4;4;A01
201600023860;2;1;0;0;2;7;1;B01
201600023861;2;7;0;0;1;6;4;A01
201600023862;1;7;0;0;1;0;1;A01
201600023863;1;7;0;0;2;1;1;A01
201600023863;1;7;0;0;2;8;15;B01
201600023864;2;7;0;0;0;7;16;A01
201600023864;2;10;0;0;0;3;1;B01
201600023865;1;33;0;0;2;1;3;B01
201600023865;0;7;0;0;0;3;15;A01
201600023866;2;7;0;0;1;2;1;A01
201600023867;2;31;0;1;0;1;5;A01
201600023868;2;7;0;0;2;4;1;C01
201600023868;2;7;0;0;2;1;1;A01
201600023868;2;7;0;0;2;4;1;B01
201600023869;1;32;0;16;;1;15;A01
201600023870;2;30;0;0;4;8;15;A01
201600023870;2;40;210;0;2;2;1;B01
201600023871;2;10;0;1;1;1;20;A01
201600023872;2;1;0;0;2;8;1;B01
201600023872;2;13;0;0;2;1;16;A01
201600023873;1;33;0;9;2;7;1;A01
201600023873;1;37;3;0;0;5;23;B01
201600023874;2;7;0;0;2;2;16;A01
201600023874;2;30;0;0;0;8;1;B01
201600023875;2;7;0;0;1;7;15;A01
201600023876;1;7;0;0;2;1;11;A01
201600023876;1;7;0;0;0;5;1;B01
201600023877;2;7;0;0;2;1;1;A01
201600023877;1;99;0;0;2;0;9;Z01
201600023878;2;30;0;0;2;1;1;B01
201600023878;2;7;0;0;2;5;15;A01
201600023879;1;7;0;0;0;0;1;Z01
201600023879;1;7;0;0;2;1;15;B01
201600023880;1;33;0;0;0;8;1;A01
201600023880;0;7;0;0;2;3;1;B01
201600023881;2;30;0;0;1;1;1;A01
201600023882;2;2;0;1;0;0;1;A01
201600023883;1;7;0;0;0;6;10;A01
201600023883;2;30;0;0;0;0;1;B01
201600023884;0;7;0;0;2;4;23;B01
201600023884;0;7;0;0;0;4;23;C01
201600023884;1;7;0;0;2;1;1;A01
201600023885;1;38;1;0;1;3;1;A01
201600023886;2;7;0;0;2;1;1;A01
201600023886;2;10;0;0;2;4;23;C01
201600023886;2;7;0;0;2;4;23;D01
201600023886;2;7;0;0;2;4;23;B01
201600023887;2;7;0;0;2;1;9;A01
201600023887;2;33;0;0;2;1;3;B01
201600023888;1;33;0;0;2;1;1;B01
201600023888;2;7;0;0;0;8;15;A01
201600023889;2;33;0;14;0;0;17;A01
201600023890;1;7;0;0;2;1;13;B01
201600023890;1;7;0;0;2;1;1;A01
201600023891;1;1;0;0;0;0;19;A01
201600023891;1;7;0;0;2;0;1;B01
201600023892;2;7;0;0;1;1;15;A01
201600023893;1;7;0;0;2;1;2;A01
201600023893;1;7;0;0;0;4;23;B01
201600023894;2;14;0;0;2;0;1;A01
201600023894;2;1;0;0;0;0;1;B01
201600023895;2;7;0;8;0;0;1;A01
201600023896;2;7;0;4;0;9;1;A01
201600023897;1;10;0;0;2;4;1;B01
201600023897;1;34;0;0;2;1;1;A01
201600023898;2;1;0;0;2;1;1;B01
201600023898;2;10;0;0;2;7;16;A01
201600023899;1;33;0;0;2;1;1;A01
201600023899;1;7;0;0;2;6;1;B01
201600023900;2;30;0;0;2;1;1;B01
201600023900;2;7;0;0;2;8;15;A01
201600023901;1;7;0;0;2;1;1;B01
201600023901;2;33;0;0;2;1;1;A01
201600023902;2;7;0;0;0;5;15;A01
201600023902;1;31;0;0;2;1;1;B01
201600023903;1;30;0;0;2;1;17;A01
201600023903;1;7;0;0;2;3;15;B01
201600023904;2;34;0;5;0;0;1;A01
201600023905;1;7;0;0;0;1;1;B01
201600023905;2;7;0;0;2;1;15;A01
201600023906;1;7;0;0;0;7;15;A01
201600023906;2;7;0;0;2;2;1;B01
201600023907;1;7;0;0;0;4;1;B01
201600023907;1;7;0;0;2;1;2;A01
201600023908;0;40;18;0;2;1;1;B01
201600023908;2;13;0;0;4;1;1;A01
201600023909;1;7;0;0;0;3;1;B01
201600023909;2;7;0;0;2;2;1;A01
201600023910;1;7;0;0;1;1;1;A01
201600023911;1;7;0;0;1;1;1;A01
201600023912;2;1;0;0;2;1;2;A01
201600023912;2;7;0;0;0;4;1;B01
201600023913;2;1;0;0;2;1;1;A01
201600023913;2;7;0;0;2;3;1;B01
201600023914;1;7;0;6;0;8;1;B01
201600023914;2;7;0;0;2;1;1;A01
201600023915;1;7;0;0;2;1;1;A01
201600023915;2;7;0;0;0;1;1;B01
201600023916;1;7;0;10;2;9;1;A01
201600023916;1;7;0;0;0;4;1;B01
201600023917;1;10;0;0;2;3;1;A01
201600023917;1;1;0;0;0;2;19;B01
201600023918;2;7;0;0;2;1;2;A01
201600023918;2;1;0;0;0;4;23;B01
201600023919;2;7;0;1;1;1;1;A01
201600023920;2;2;0;0;0;3;18;A01
201600023920;2;10;0;0;2;7;16;B01
201600023921;2;7;0;0;1;1;1;A01
201600023922;1;2;0;0;2;1;17;B01
201600023922;2;7;0;0;2;3;1;A01
201600023923;2;7;0;0;2;3;1;B01
201600023923;1;7;0;0;2;1;1;A01
201600023924;1;2;0;0;2;1;1;A01
201600023924;1;7;0;0;0;3;15;B01
201600023925;1;7;0;0;2;1;2;C01
201600023925;1;10;0;0;2;1;2;A01
201600023925;1;7;0;0;0;4;1;B01
201600023926;1;7;0;0;2;4;1;B01
201600023926;1;7;0;0;2;1;2;A01
201600023927;2;7;0;0;2;3;19;B01
201600023927;1;31;0;0;2;2;3;A01
201600023928;1;14;0;0;2;1;2;A01
201600023928;2;14;0;0;0;4;1;B01
201600023929;1;30;0;0;2;9;3;B01
201600023929;1;7;0;0;2;1;15;A01
201600023930;1;2;0;0;2;1;2;B01
201600023930;1;7;0;0;0;6;16;A01
201600023931;1;2;0;0;1;2;1;A01
201600023932;2;7;0;0;2;1;2;A01
201600023932;2;7;0;0;2;4;2;B01
201600023932;2;7;0;0;0;4;1;C01
201600023933;1;7;0;0;1;1;1;A01
201600023934;2;2;0;0;2;1;1;A01
201600023934;2;7;0;0;2;3;19;B01
201600023935;1;7;0;0;2;8;15;A01
201600023935;1;33;0;0;2;9;17;B01
201600023936;1;32;0;0;2;8;1;B01
201600023936;1;7;0;0;0;6;15;A01
201600023937;1;2;0;0;2;1;13;A01
201600023937;2;7;0;0;2;3;1;B01
201600023938;1;7;0;0;1;0;1;A01
201600023939;1;7;0;0;0;6;23;B01
201600023939;1;2;0;0;2;1;2;A01
201600023940;1;10;0;0;0;5;11;B01
201600023940;1;2;0;0;2;0;1;A01
201600023941;1;7;0;0;1;1;1;A01
201600023942;1;7;0;0;0;4;1;B01
201600023942;1;33;0;12;2;5;2;A01
201600023943;1;31;0;0;0;0;0;A01
201600023944;2;10;0;0;0;1;1;A01
201600023944;2;7;0;15;2;2;14;B01
201600023945;1;7;0;0;0;6;15;B01
201600023945;1;33;0;0;2;1;3;A01
201600023946;2;33;0;16;0;1;1;A01
201600023947;1;7;0;0;0;4;1;B01
201600023947;1;33;0;0;2;1;11;A01
201600023948;1;40;0;0;2;1;1;B01
201600023948;1;7;0;0;4;3;1;A01
201600023949;2;33;0;0;2;8;1;B01
201600023949;1;7;0;0;2;1;15;A01
201600023950;2;33;0;0;2;3;1;A01
201600023950;2;1;0;0;0;1;1;B01
201600023951;2;7;0;0;0;8;15;A01
201600023951;2;2;0;0;2;5;17;B01
201600023952;2;7;0;0;1;3;15;A01
201600023953;1;10;0;0;2;1;16;A01
201600023953;1;1;0;0;0;1;19;B01
201600023954;2;7;0;0;2;1;1;A01
201600023954;0;1;0;0;0;8;19;B01
201600023955;2;7;0;0;2;4;23;B01
201600023955;2;7;0;0;2;4;23;D01
201600023955;2;7;0;0;2;1;1;A01
201600023955;2;10;0;0;2;4;23;C01
201600023956;2;7;0;0;1;1;1;A01
201600023957;1;15;0;14;0;0;1;A01
201600023958;2;34;0;0;1;1;1;A01
201600023959;1;7;0;0;2;3;15;A01
201600023959;2;31;0;0;2;1;3;B01
201600023960;1;10;0;0;0;5;1;A01
201600023960;2;7;0;0;2;3;15;B01
201600023961;0;10;0;0;2;2;16;B01
201600023961;1;33;0;0;2;1;7;A01
201600023962;2;7;0;1;0;1;14;A01
201600023963;2;33;0;0;2;1;17;B01
201600023963;2;7;0;0;2;3;10;A01
201600023964;1;10;0;0;2;2;1;C01
201600023964;1;7;0;1;1;3;21;A01
201600023965;2;10;0;0;2;3;15;A01
201600023965;1;7;0;0;2;8;23;B01
201600023965;1;7;0;0;2;2;23;C01
201600023966;1;2;0;0;0;1;18;A01
201600023966;1;10;0;0;2;7;16;B01
201600023967;1;2;0;0;2;1;1;A01
201600023967;1;7;0;0;2;7;1;B01
201600023968;2;7;0;0;2;1;1;A01
201600023968;2;33;0;0;2;4;1;B01
201600023969;1;30;0;0;1;8;1;A01
201600023970;2;7;0;0;2;1;15;A01
201600023970;2;34;0;0;2;1;1;B01
201600023971;1;7;0;0;2;1;15;A01
201600023971;2;33;0;0;0;8;1;B01
201600023972;1;1;0;0;2;1;13;A01
201600023972;0;7;0;0;0;7;1;B01
201600023973;1;32;0;0;2;1;1;A01
201600023973;1;7;0;0;0;4;23;B01
201600023974;1;30;0;0;2;1;17;A01
201600023974;2;7;0;0;0;0;1;B01
201600023975;2;10;0;0;1;4;4;A01
201600023976;2;32;0;0;0;7;17;B01
201600023976;0;7;0;0;2;1;15;A01
201600023977;2;7;0;0;0;2;16;B01
201600023977;2;33;0;0;2;3;7;A01
201600023978;0;7;0;0;2;1;1;A01
201600023978;0;7;0;0;0;4;23;B01
201600023979;0;1;0;15;2;0;13;A01
201600023979;0;10;0;0;0;0;1;B01
201600023980;0;7;0;0;1;1;15;A01
201600023981;2;7;0;0;2;8;15;A01
201600023981;2;33;0;0;2;1;18;B01
201600023982;1;7;0;0;2;1;1;A01
201600023982;1;7;0;0;0;4;1;B01
201600023983;2;7;0;0;0;3;15;A01
201600023983;1;2;0;0;2;1;1;B01
201600023984;1;7;0;0;2;5;16;B01
201600023984;2;2;0;0;2;3;18;A01
201600023985;0;99;0;0;2;1;19;B01
201600023985;2;7;0;0;2;1;1;A01
201600023986;1;31;0;0;2;1;18;B01
201600023986;1;7;0;0;0;7;22;A01
201600023987;1;30;0;0;2;1;1;A01
201600023987;2;7;0;0;0;7;1;B01
201600023988;1;30;0;0;0;4;2;A01
201600023988;1;7;0;0;0;0;2;Z01
201600023989;2;34;0;12;0;9;1;A01
201600023990;1;7;0;0;0;4;1;A01
201600023990;1;31;0;0;2;1;2;B01