Num_Acc;senc;catv;occutc;obs;obsm;choc;manv;num_veh
201600023991;2;7;0;0;0;2;16;A01
201600023991;2;1;0;0;2;3;7;B01
201600023992;1;33;0;0;2;2;1;A01
201600023992;1;7;0;0;0;6;15;B01
201600023993;2;7;0;0;0;8;1;B01
201600023993;1;7;0;0;2;3;13;A01
201600023994;1;7;0;0;2;1;16;A01
201600023994;0;1;0;0;0;0;19;B01
201600023995;2;7;0;0;1;2;20;A01
201600023996;1;7;0;0;0;3;15;A01
201600023996;2;10;0;0;2;1;1;B01
201600023997;1;7;0;0;0;7;23;C01
201600023997;1;33;0;0;0;5;1;B01
201600023997;1;7;0;0;2;1;0;Z01
201600023998;1;7;0;0;2;1;13;A01
201600023998;2;7;0;0;0;3;1;B01
201600023999;0;7;0;7;2;2;1;B01
201600023999;0;7;0;0;2;3;15;A01
201600024000;1;1;0;0;0;8;2;B01
201600024000;1;7;0;0;2;2;17;A01
201600024001;2;33;0;0;2;1;1;A01
201600024001;2;7;0;0;2;5;19;B01
201600024002;1;7;0;0;1;5;1;A01
201600024003;1;7;0;0;2;4;23;B01
201600024003;1;7;0;0;2;4;23;D01
201600024003;1;7;0;0;2;4;23;C01
201600024003;1;7;0;0;2;3;7;A01
201600024003;1;7;0;0;0;4;23;E01
201600024004;1;1;0;0;2;1;1;A01
201600024004;1;7;0;0;0;4;23;B01
201600024005;1;7;0;0;0;8;1;B01
201600024005;1;31;0;0;2;1;1;A01
201600024006;2;7;0;0;0;8;15;A01
201600024006;2;34;0;0;2;1;17;B01
201600024007;1;7;0;0;0;7;15;A01
201600024007;1;1;0;0;2;1;18;B01
201600024008;0;2;0;0;2;2;1;B01
201600024008;1;7;0;0;0;7;5;A01
201600024009;2;99;0;0;1;0;1;A01
201600024010;1;31;0;0;1;2;1;A01
201600024011;1;32;0;0;0;8;1;B01
201600024011;2;10;0;0;2;1;15;A01
201600024012;1;34;0;0;2;1;1;A01
201600024012;1;7;0;0;2;1;1;B01
201600024013;1;2;0;14;0;1;13;A01
201600024014;2;7;0;0;2;4;1;A01
201600024014;2;7;0;0;2;1;1;B01
201600024015;2;7;0;0;2;8;15;A01
201600024015;2;31;0;0;2;7;17;B01
201600024016;1;7;0;1;0;2;1;A01
201600024017;2;7;0;0;2;1;1;A01
201600024017;2;7;0;0;0;4;23;B01
201600024018;2;7;0;0;0;7;0;C01
201600024018;1;7;0;7;2;8;1;A01
201600024018;1;7;0;0;0;8;1;D01
201600024018;0;10;0;9;2;1;1;B01
201600024019;2;7;0;0;0;3;1;B01
201600024019;2;7;0;0;2;2;1;A01
201600024020;1;7;0;0;0;7;15;A01
201600024020;2;33;0;0;2;1;1;B01
201600024021;2;2;0;0;1;1;9;B01
201600024022;0;7;0;0;0;8;1;B01
201600024022;1;10;0;0;2;1;1;A01
201600024023;2;7;0;0;2;4;1;B01
201600024023;2;7;0;0;0;5;1;C01
201600024023;2;7;0;0;2;1;1;A01
201600024024;2;7;0;0;2;1;1;A01
201600024024;1;7;0;0;2;1;1;B01
201600024025;1;10;0;0;0;4;1;A01
201600024025;1;33;0;0;2;3;1;B01
201600024026;0;7;0;0;2;3;1;B01
201600024026;0;7;0;0;2;2;1;A01
201600024027;1;31;0;0;2;1;5;A01
201600024027;2;7;0;0;2;1;9;B01
201600024028;2;7;0;0;2;8;0;A01
201600024028;0;7;0;0;2;1;0;B01
201600024029;2;33;0;14;0;1;21;A01
201600024029;2;7;0;0;0;0;16;Z01
201600024030;0;1;0;0;4;6;19;A01
201600024030;2;40;120;0;2;1;1;B01
201600024031;2;7;0;0;1;1;15;A01
201600024032;2;7;0;6;0;1;1;A01
201600024033;0;7;0;6;0;3;5;A01
201600024034;2;33;0;0;2;1;17;B01
201600024034;2;7;0;0;0;8;15;A01
201600024035;2;2;0;0;0;7;12;A01
201600024035;2;7;0;0;2;3;1;B01
201600024036;1;2;0;0;2;1;18;A01
201600024036;0;7;0;0;0;7;16;B01
201600024037;1;10;0;0;2;1;2;A01
201600024037;1;7;0;0;0;4;1;B01
201600024038;1;10;0;0;2;1;13;A01
201600024038;2;7;0;0;0;1;1;B01
201600024039;1;7;0;0;2;1;15;A01
201600024039;1;2;0;0;2;1;1;B01
201600024040;2;7;0;0;2;2;15;A01
201600024040;1;1;0;0;2;1;7;B01
201600024041;2;2;0;12;0;1;1;A01
201600024042;1;7;0;0;2;1;9;A01
201600024042;1;1;0;0;0;4;1;B01
201600024043;1;7;0;0;0;4;23;B01
201600024043;1;1;0;0;2;1;13;A01
201600024044;1;1;0;0;1;1;1;A01
201600024045;1;7;0;0;1;1;16;A01
201600024046;0;7;0;0;0;4;23;B01
201600024046;1;7;0;0;2;1;1;A01
201600024047;1;7;0;0;0;7;16;A01
201600024047;1;1;0;0;2;1;1;B01
201600024048;1;7;0;2;0;1;1;A01
201600024049;2;7;0;0;0;3;1;A01
201600024049;2;32;0;0;2;2;1;B01
201600024050;1;7;0;0;2;1;2;A01
201600024050;1;10;0;0;0;4;23;B01
201600024051;2;7;0;0;2;1;1;B01
201600024051;1;7;0;0;1;3;1;A01
201600024052;1;34;0;0;2;1;1;B01
201600024052;2;7;0;0;2;1;15;A01
201600024053;1;33;0;0;0;7;1;B01
201600024053;1;7;0;0;2;1;1;A01
201600024054;1;2;0;14;0;7;1;A01
201600024055;1;7;0;0;0;4;21;C01
201600024055;1;7;0;0;2;4;2;B01
201600024055;1;7;0;0;2;1;2;A01
201600024056;1;33;0;0;0;1;1;A01
201600024057;2;7;0;0;1;1;1;A01
201600024058;1;7;0;11;0;1;16;A01
201600024059;1;31;0;0;2;1;16;A01
201600024059;1;7;0;0;2;2;15;B01
201600024060;1;7;0;0;0;4;23;C01
201600024060;1;33;0;0;2;1;2;A01
201600024060;1;7;0;0;2;4;23;B01
201600024061;1;7;0;0;2;1;2;B01
201600024061;1;7;0;0;0;4;23;A01
201600024062;0;1;0;0;0;8;19;C01
201600024062;1;7;0;0;2;4;23;B01
201600024062;1;10;0;0;2;1;1;A01
201600024063;1;3;0;0;0;8;10;A01
201600024063;0;33;0;0;2;1;1;B01
201600024064;2;40;0;0;1;3;1;A01
201600024065;1;7;0;0;0;4;23;A01
201600024065;0;7;0;0;2;1;1;B01
201600024066;2;31;0;0;2;1;1;B01
201600024066;1;7;0;0;0;7;1;A01
201600024067;2;7;0;0;0;5;15;A01
201600024067;1;33;0;0;2;1;1;B01
201600024068;1;7;0;0;2;1;2;A01
201600024068;1;7;0;0;0;4;23;B01
201600024069;1;7;0;0;0;4;23;B01
201600024069;0;7;0;0;0;0;0;Z01
201600024070;1;37;1;0;1;2;1;A01
201600024071;1;7;0;0;0;3;1;A01
201600024071;1;1;0;0;2;1;1;B01
201600024072;2;33;0;1;2;1;21;A01
201600024072;2;7;0;0;0;5;1;B01
201600024073;1;7;0;0;0;6;9;B01
201600024073;1;31;0;0;2;1;2;A01
201600024074;2;33;0;0;0;0;23;B01
201600024074;2;32;0;0;2;1;21;A01
201600024075;1;7;0;0;0;2;15;A01
201600024075;2;33;0;0;2;7;1;B01
201600024076;2;7;0;1;1;2;1;A01
201600024076;2;7;0;0;0;8;24;B01
201600024077;1;7;0;0;2;1;1;B01
201600024077;1;1;0;0;0;1;19;A01
201600024078;1;7;0;0;0;8;1;B01
201600024078;1;7;0;0;2;1;1;A01
201600024079;2;2;0;0;2;1;18;A01
201600024079;2;7;0;0;0;2;16;B01
201600024080;2;33;0;0;2;1;17;A01
201600024080;2;7;0;0;0;8;15;B01
201600024081;1;7;0;0;2;1;2;A01
201600024081;1;7;0;0;2;4;23;C01
201600024081;1;7;0;0;2;4;23;B01
201600024081;1;7;0;0;0;0;23;D01
201600024082;1;2;0;0;2;0;1;B01
201600024082;0;7;0;0;2;0;1;Z01
201600024083;1;1;0;0;0;0;15;B01
201600024083;2;7;0;0;2;0;1;Z01
201600024084;1;7;0;0;2;1;1;A01
201600024084;1;7;0;0;0;8;1;B01
201600024085;2;7;0;0;0;6;1;B01
201600024085;1;31;0;0;2;1;5;A01
201600024086;2;7;0;0;1;2;1;A01
201600024087;0;10;0;0;2;1;19;B01
201600024087;2;7;0;0;0;8;1;A01
201600024088;1;7;0;0;2;4;1;B01
201600024088;1;7;0;0;0;4;1;C01
201600024088;1;7;0;0;2;1;1;A01
201600024089;2;31;0;0;2;1;1;B01
201600024089;1;7;0;0;2;3;15;A01
201600024090;1;1;0;0;0;4;1;B01
201600024090;0;7;0;0;2;1;1;Z01
201600024091;2;7;0;0;0;7;16;B01
201600024091;2;33;0;0;2;3;7;A01
201600024092;1;7;0;0;2;2;1;A01
201600024092;2;7;0;0;2;1;15;B01
201600024093;1;7;0;0;0;5;16;B01
201600024093;1;32;0;0;2;1;7;A01
201600024094;1;7;0;0;2;1;1;A01
201600024094;1;7;0;0;2;2;15;C01
201600024094;1;7;0;0;0;8;15;B01
201600024095;2;1;0;0;2;1;1;A01
201600024095;1;7;0;0;0;8;1;B01
201600024096;1;7;0;0;2;1;1;A01
201600024096;2;7;0;0;0;3;1;B01
201600024097;1;7;0;0;2;8;17;A01
201600024097;0;7;0;0;2;1;1;C01
201600024097;1;1;0;0;0;8;1;B01
201600024098;2;10;0;0;2;1;15;A01
201600024098;2;7;0;0;0;8;1;B01
201600024099;2;7;0;6;0;0;1;A01
201600024100;0;1;0;0;0;0;0;Z01
201600024100;2;31;0;0;2;0;1;A01
201600024101;1;7;0;0;0;4;2;C01
201600024101;1;7;0;0;2;4;2;B01
201600024101;1;7;0;0;2;1;2;A01
201600024102;2;7;0;0;2;1;1;A01
201600024102;2;7;0;0;2;4;1;B01
201600024103;1;7;0;0;1;2;15;A01
201600024104;1;7;0;0;0;7;1;B01
201600024104;1;33;0;0;2;1;1;A01
201600024105;1;10;0;0;2;3;11;A01
201600024105;1;34;0;0;2;2;1;B01
201600024106;1;10;0;0;0;7;1;B01
201600024106;1;7;0;0;2;1;1;A01
201600024107;1;7;0;0;2;4;2;B01
201600024107;1;7;0;0;2;1;2;A01
201600024107;1;7;0;0;0;4;23;D01
201600024107;1;7;0;0;2;4;2;C01
201600024108;2;7;0;0;1;3;1;A01
201600024109;1;2;0;0;2;3;1;B01
201600024109;1;7;0;0;2;2;16;A01
201600024110;2;31;0;0;2;1;2;A01
201600024110;2;7;0;0;0;4;1;B01
201600024111;2;3;0;0;1;1;1;A01
201600024112;1;7;0;0;2;1;1;A01
201600024112;2;10;0;0;0;5;1;B01
201600024113;2;33;0;0;2;1;7;A01
201600024113;2;10;0;0;0;7;16;B01
201600024114;1;7;0;0;2;2;15;A01
201600024114;2;1;0;0;2;1;1;B01
201600024115;2;30;0;0;0;9;1;A01
201600024115;0;7;0;0;2;0;1;Z01
201600024116;1;7;0;0;0;9;1;B01
201600024116;2;7;0;0;2;3;19;A01
201600024117;1;7;0;0;2;7;15;A01
201600024117;2;33;0;0;2;1;1;B01
201600024118;1;7;0;1;0;1;1;A01
201600024119;2;7;0;0;0;8;22;A01
201600024119;2;1;0;1;0;2;1;B01
201600024120;1;1;0;0;2;3;5;A01
201600024120;1;7;0;0;2;2;1;B01
201600024121;1;7;0;0;2;2;2;A01
201600024121;1;7;0;0;0;6;2;B01
201600024122;0;7;0;0;2;3;20;B01
201600024122;0;7;0;0;0;1;24;A01
201600024123;1;7;0;0;0;5;2;B01
201600024123;1;33;0;0;2;1;21;A01
201600024124;2;7;0;0;2;7;1;A01
201600024124;2;33;0;0;2;1;1;B01
201600024125;2;2;0;0;2;2;1;A01
201600024126;1;7;0;0;1;1;1;A01
201600024127;2;7;0;0;2;1;10;A01
201600024127;1;7;0;1;2;1;1;B01
201600024128;2;34;0;0;2;1;3;A01
201600024128;2;10;0;0;2;8;15;B01
201600024129;1;7;0;0;2;1;1;A01
201600024129;1;34;0;0;0;7;1;B01
201600024130;1;33;0;0;2;7;1;A01
201600024130;0;7;0;0;0;6;23;B01
201600024131;0;7;0;0;1;1;1;A01
201600024132;1;7;0;0;1;0;15;A01
201600024133;1;7;0;0;2;2;1;A01
201600024133;0;7;0;0;0;8;15;C01
201600024133;1;7;0;0;2;4;15;B01
201600024134;2;10;0;0;2;2;15;A01
201600024134;1;7;0;0;2;1;1;B01
201600024135;1;1;0;0;2;1;1;B01
201600024135;1;7;0;0;0;1;1;A01
201600024136;1;7;0;0;2;3;9;A01
201600024136;1;7;0;0;0;7;1;B01
201600024137;1;40;30;0;2;1;1;B01
201600024137;0;1;0;0;4;7;19;A01
201600024138;1;2;0;0;2;1;2;B01
201600024138;1;10;0;0;2;2;15;A01
201600024139;1;7;0;0;1;3;1;A01
201600024140;2;7;0;0;2;4;1;D01
201600024140;2;7;0;0;2;4;1;A01
201600024140;2;7;0;0;2;1;1;B01
201600024140;2;7;0;0;0;1;1;C01
201600024141;1;7;0;0;2;4;2;B01
201600024141;1;7;0;0;2;4;2;C01
201600024141;1;7;0;0;2;1;2;A01
201600024141;1;7;0;0;0;4;2;D01
201600024142;1;7;0;0;0;4;16;A01
201600024142;1;33;0;4;2;1;1;B01
201600024143;2;7;0;0;2;7;15;A01
201600024143;1;7;0;0;2;1;1;B01
201600024144;1;7;0;1;0;1;1;A01
201600024145;2;7;0;0;2;4;1;C01
201600024145;2;7;0;0;2;4;1;D01
201600024145;2;7;0;0;2;1;1;A01
201600024145;2;7;0;0;2;4;1;B01
201600024146;2;7;0;6;0;1;18;A01
201600024146;2;7;0;0;2;2;16;B01
201600024147;2;7;0;0;0;3;1;B01
201600024147;2;2;0;0;2;1;1;A01
201600024148;0;40;0;0;0;7;1;B01
201600024148;1;33;0;0;4;1;1;A01
201600024149;2;7;0;0;4;3;15;A01
201600024149;0;40;100;0;2;7;1;B01
201600024150;2;7;0;0;0;3;15;B01
201600024150;2;34;0;0;2;2;17;A01
201600024151;1;7;0;0;0;1;9;A01
201600024151;2;2;0;0;2;1;1;B01
201600024152;1;14;0;0;2;1;1;A01
201600024152;0;7;0;0;0;4;1;B01
201600024153;2;7;0;0;2;3;15;A01
201600024153;2;7;0;0;0;1;1;C01
201600024153;1;31;0;0;2;8;1;B01
201600024154;1;33;0;0;2;7;1;B01
201600024154;2;7;0;0;0;1;15;Z01
201600024155;1;33;0;0;2;1;1;A01
201600024155;2;7;0;0;0;7;1;B01
201600024156;2;7;0;0;0;7;15;A01
201600024156;1;2;0;0;2;1;1;B01
201600024157;2;7;0;0;2;1;1;B01
201600024157;1;7;0;0;2;1;15;A01
201600024158;1;1;0;0;2;0;5;A01
201600024158;0;7;0;0;0;2;1;B01
201600024159;2;7;0;0;2;1;1;B01
201600024159;1;7;0;0;0;8;1;A01
201600024160;2;7;0;0;2;1;1;A01
201600024160;2;33;0;0;0;4;23;B01
201600024161;2;7;0;0;2;3;1;A01
201600024161;2;2;0;0;0;4;15;B01
201600024162;2;7;0;0;1;1;1;A01
201600024163;2;7;0;0;1;1;1;A01
201600024164;1;33;0;0;2;7;5;A01
201600024164;0;7;0;0;2;1;1;B01
201600024165;2;7;0;0;2;1;1;B01
201600024165;2;7;0;0;2;3;0;Z01
201600024166;2;33;0;0;2;7;3;A01
201600024166;2;10;0;0;0;8;15;B01
201600024167;2;10;0;0;2;0;15;B01
201600024167;2;33;0;0;0;8;1;A01
201600024168;2;1;0;0;2;8;1;B01
201600024168;2;14;0;0;2;7;16;A01
201600024169;1;7;0;0;0;8;19;A01
201600024169;2;33;0;0;2;1;1;B01
201600024170;0;7;0;0;0;7;1;B01
201600024170;1;7;0;0;2;2;1;Z01
201600024171;2;7;0;0;0;7;1;A01
201600024172;2;37;1;0;1;2;1;A01
201600024173;1;2;0;0;2;3;1;A01
201600024173;1;7;0;0;0;6;23;B01
201600024174;2;1;0;0;2;1;1;A01
201600024174;2;7;0;0;0;4;1;B01
201600024175;2;14;0;0;2;4;1;B01
201600024175;2;7;0;0;2;1;1;A01
201600024176;1;7;0;1;2;2;7;A01
201600024176;1;7;0;0;0;7;12;B01
201600024177;2;7;0;8;0;0;1;A01
201600024178;2;40;120;0;2;1;1;B01
201600024178;2;1;0;0;4;1;13;A01
201600024179;2;10;0;0;2;1;15;A01
201600024179;2;7;0;0;2;7;1;B01
201600024180;2;7;0;0;2;4;1;C01
201600024180;2;7;0;0;2;1;1;A01
201600024180;2;7;0;0;2;4;1;B01
201600024181;2;7;0;0;1;1;1;A01
201600024182;1;33;0;0;0;8;15;A01
201600024182;2;14;0;0;2;2;15;B01
201600024183;2;10;0;0;2;3;1;A01
201600024183;1;31;0;0;0;8;21;B01
201600024184;0;1;0;0;2;7;14;Z01
201600024184;0;1;0;0;2;8;1;B01
201600024185;1;10;0;0;0;2;15;A01
201600024185;2;2;0;0;2;3;1;B01
201600024186;1;32;0;0;2;1;1;B01
201600024186;2;7;0;0;0;0;10;Z01
201600024187;0;7;0;0;0;8;9;A01
201600024187;2;2;0;0;2;1;1;B01
201600024188;2;40;50;0;1;1;1;A01
201600024189;1;1;0;0;0;3;1;B01
201600024189;1;7;0;0;2;7;17;A01
201600024190;1;33;0;0;2;1;3;B01
201600024190;0;7;0;0;0;7;15;A01
201600024191;1;2;0;0;2;2;1;A01
201600024191;1;33;0;0;0;2;16;B01
201600024192;2;7;0;0;2;1;1;A01
201600024192;2;33;0;0;2;4;23;B01
201600024193;1;30;0;0;0;4;2;B01
201600024193;1;2;0;0;2;8;2;A01
201600024194;2;7;0;0;2;3;10;A01
201600024194;2;2;0;0;2;1;3;B01
201600024195;1;7;0;0;2;3;15;A01
201600024195;1;31;0;0;2;2;18;B01
201600024196;1;7;0;0;0;5;23;B01
201600024196;1;7;0;0;2;1;1;A01
201600024197;1;7;0;0;1;1;1;A01
201600024198;1;1;0;0;2;1;19;A01
201600024198;2;7;0;0;2;2;1;B01
201600024199;1;7;0;0;2;1;13;A01
201600024199;1;7;0;0;0;4;1;B01
201600024200;2;1;0;0;2;1;5;A01
201600024200;0;7;0;0;0;2;16;B01
201600024201;2;2;0;0;2;1;18;A01
201600024201;2;7;0;0;0;2;16;B01
201600024202;1;7;0;0;2;1;1;A01
201600024202;2;1;0;0;0;4;1;B01
201600024203;1;31;0;0;1;1;19;C01
201600024204;0;7;0;0;0;4;23;C01
201600024204;0;7;0;0;2;1;1;A01
201600024204;0;7;0;0;2;4;23;B01
201600024205;1;33;0;0;2;3;1;A01
201600024205;1;7;0;0;0;4;1;B01
201600024206;2;7;0;0;0;7;15;B01
201600024206;1;32;0;0;2;1;1;A01
201600024207;2;33;0;0;0;7;3;A01
201600024207;2;7;0;0;2;1;15;B01
201600024208;0;33;0;0;2;1;1;A01
201600024208;0;7;0;0;0;8;1;B01
201600024209;0;7;0;0;2;6;10;A01
201600024209;1;33;0;0;2;1;1;B01
201600024210;1;33;0;0;2;1;1;A01
201600024210;0;7;0;0;0;7;14;B01
201600024211;1;31;0;0;2;2;2;A01
201600024211;2;7;0;0;0;6;15;B01
201600024212;1;7;0;0;2;2;15;A01
201600024212;1;7;0;0;2;1;1;B01
201600024213;1;32;0;0;2;5;11;A01
201600024213;1;1;0;0;2;8;1;B01
201600024214;2;1;0;0;2;1;15;A01
201600024214;1;7;0;0;2;3;1;B01
201600024215;1;7;0;0;0;4;2;B01
201600024215;1;7;0;0;2;1;2;A01
201600024216;2;7;0;0;2;1;2;A01
201600024216;2;2;0;0;0;4;23;B01
201600024217;1;30;0;0;2;1;2;A01
201600024217;1;7;0;0;0;6;11;B01
201600024218;1;7;0;0;2;1;1;A01
201600024218;1;2;0;0;0;9;1;B01
201600024219;1;7;0;0;1;1;1;A01
201600024220;2;10;0;0;2;6;4;A01
201600024220;2;7;0;0;0;7;1;B01
201600024220;1;7;0;0;0;8;1;C01
201600024221;1;30;0;0;0;0;21;A01
201600024222;2;2;0;0;2;3;21;B01
201600024222;2;7;0;0;0;7;16;A01
201600024223;1;7;0;0;0;1;15;A01
201600024223;2;34;0;0;2;1;1;B01
201600024224;1;2;0;0;1;0;0;A01
201600024225;1;7;0;0;1;0;2;A01
201600024226;2;7;0;0;2;1;9;A01
201600024226;0;30;0;0;0;7;1;B01
201600024227;2;2;0;0;1;2;1;A01
201600024228;0;33;0;0;2;1;1;B01
201600024228;1;7;0;0;0;8;10;A01
201600024229;2;7;0;0;1;0;1;A01
201600024230;1;7;0;0;1;6;4;A01
201600024231;1;33;0;0;0;2;3;B01
201600024231;1;7;0;0;2;3;15;A01
201600024232;1;7;0;0;0;4;1;C01
201600024232;1;7;0;0;2;4;1;B01
201600024232;1;7;0;0;2;1;1;A01
201600024233;2;30;0;0;2;1;8;A01
201600024233;1;7;0;0;0;2;15;B01
201600024234;2;7;0;0;0;7;15;A01
201600024234;1;1;0;0;2;1;7;B01
201600024235;1;10;0;0;2;2;1;A01
201600024235;0;32;0;0;2;1;1;B01
201600024236;1;7;0;0;0;7;15;A01
201600024236;2;2;0;0;2;1;1;B01
201600024237;1;7;0;0;0;8;15;A01
201600024237;2;32;0;0;2;1;3;B01
201600024238;1;1;0;0;1;1;21;A01
201600024239;2;7;0;0;0;7;19;A01
201600024239;2;2;0;0;2;1;3;B01
201600024240;1;10;0;0;2;1;1;A01
201600024240;1;7;0;0;2;2;1;B01
201600024241;1;1;0;0;2;1;19;A01
201600024241;2;7;0;0;0;7;15;B01
201600024242;1;7;0;0;2;1;2;A01
201600024242;1;7;0;0;0;4;2;B01
201600024243;2;7;0;0;2;1;1;B01
201600024243;1;7;0;0;0;1;15;A01
201600024244;1;2;0;0;2;1;13;A01
201600024244;2;7;0;0;0;1;1;B01
201600024245;1;2;0;0;0;8;13;A01
201600024246;1;7;0;0;0;5;16;A01
201600024246;1;30;0;0;2;1;7;B01
201600024247;1;7;0;0;1;0;0;Z01
201600024248;2;10;0;0;2;3;15;A01
201600024248;1;33;0;0;2;3;3;B01
201600024249;1;33;0;0;2;7;1;A01
201600024249;1;7;0;0;0;4;1;B01
201600024250;2;7;0;0;0;7;22;A01
201600024250;2;2;0;0;2;9;18;B01
201600024251;1;7;0;0;2;2;15;A01
201600024251;1;2;0;0;2;1;1;B01
201600024252;1;10;0;0;0;1;1;A01
201600024253;0;1;0;0;2;0;1;B01
201600024253;0;30;0;0;0;0;1;Z01
201600024254;1;2;0;0;2;1;1;A01
201600024254;1;7;0;0;0;4;1;B01
201600024255;2;7;0;0;2;1;15;B01
201600024255;2;34;0;0;2;1;1;A01
201600024256;1;33;0;0;2;7;1;B01
201600024256;1;7;0;0;0;8;10;A01
201600024257;2;7;0;16;0;1;1;A01
201600024258;2;37;1;0;1;1;16;A01
201600024259;2;1;0;0;0;8;1;A01
201600024259;1;7;0;0;2;1;1;B01
201600024260;1;7;0;2;0;1;1;A01
201600024261;1;7;0;0;0;4;2;B01
201600024261;1;7;0;0;2;1;2;A01
201600024262;2;7;0;6;0;1;1;A01
201600024263;0;7;0;0;0;8;1;B01
201600024263;1;30;0;0;2;9;1;A01
201600024264;2;7;0;0;1;2;0;A01
201600024265;1;7;0;0;1;7;1;A01
201600024266;1;7;0;0;0;3;1;B01
201600024266;1;7;0;0;2;1;15;A01
201600024267;1;31;0;0;2;1;17;A01
201600024267;1;10;0;0;0;8;15;B01
201600024268;2;30;0;0;2;1;1;B01
201600024268;2;7;0;0;2;1;17;A01
201600024269;2;7;0;1;0;1;1;A01
201600024269;2;7;0;0;0;4;23;B01
201600024270;2;7;0;0;2;1;9;Z01
201600024270;2;1;0;0;2;1;1;B01
201600024271;1;7;0;0;0;1;15;A01
201600024271;2;33;0;0;2;1;1;B01
201600024272;1;2;0;0;1;2;1;A01
201600024273;1;1;0;0;2;1;1;A01
201600024273;1;7;0;0;0;0;16;B01
201600024274;1;7;0;0;0;5;15;A01
201600024274;1;33;0;0;2;1;1;B01
201600024275;2;7;0;0;1;1;16;A01
201600024276;1;7;0;0;1;2;16;A01
201600024277;2;7;0;0;2;3;1;B01
201600024277;2;30;0;0;2;1;19;A01
201600024278;2;7;0;0;2;1;15;A01
201600024278;1;33;0;0;0;1;1;B01
201600024279;2;33;0;0;2;7;3;A01
201600024279;2;7;0;0;0;8;15;B01
201600024280;1;7;0;0;0;7;10;A01
201600024280;1;30;0;0;2;1;1;B01
201600024281;2;7;0;0;2;2;1;B01
201600024281;2;7;0;0;0;3;15;A01
201600024282;1;7;0;0;0;4;1;B01
201600024282;1;7;0;0;2;1;1;A01
201600024283;1;7;0;0;0;0;0;Z01
201600024283;1;30;0;0;0;0;1;A01
201600024284;1;7;0;0;2;1;16;B01
201600024284;1;10;0;0;2;2;1;A01
201600024285;1;7;0;4;0;1;13;A01
201600024286;2;40;90;0;1;0;1;A01
201600024287;0;7;0;0;0;4;23;C01
201600024287;0;7;0;0;2;1;1;A01
201600024287;1;7;0;0;2;4;23;B01
201600024288;1;40;75;0;1;1;1;A01
201600024289;0;7;0;0;2;7;16;B01
201600024289;0;33;0;0;2;3;16;A01
201600024290;2;1;0;0;2;1;19;A01
201600024290;1;2;0;0;2;1;1;B01
201600024291;1;7;0;0;2;7;15;A01
201600024291;0;33;0;0;2;1;1;B01
201600024292;1;1;0;0;1;1;1;A01
201600024293;0;30;0;0;2;1;1;A01
201600024293;1;7;0;0;2;7;1;B01
201600024294;2;37;2;0;2;1;1;B01
201600024294;1;7;0;0;0;8;15;A01
201600024295;1;7;0;0;2;8;1;B01
201600024295;2;7;0;0;2;7;1;A01
201600024296;2;7;0;0;0;2;15;A01
201600024296;1;2;0;0;2;2;1;B01
201600024297;2;7;0;0;0;7;1;B01
201600024297;1;7;0;8;2;8;21;A01
201600024298;2;7;0;0;2;1;1;A01
201600024298;2;7;0;4;0;4;16;B01
201600024299;2;7;0;0;2;5;1;A01
201600024299;2;37;0;0;2;1;9;B01
201600024300;2;7;0;0;2;1;1;A01
201600024300;2;7;0;0;2;4;15;B01
201600024301;1;7;0;0;1;1;1;A01
201600024302;2;7;0;0;0;4;1;A01
201600024302;2;7;0;0;2;1;1;B01
201600024303;1;7;0;0;0;1;1;B01
201600024303;2;7;0;0;2;1;13;A01
201600024304;0;7;0;0;0;3;19;A01
201600024304;1;1;0;0;2;1;1;B01
201600024305;2;33;0;0;2;1;1;A01
201600024305;2;7;0;0;0;7;16;B01
201600024306;1;2;0;0;2;1;2;B01
201600024306;1;7;0;0;2;0;16;A01
201600024307;1;7;0;0;1;0;0;A01
201600024308;2;37;1;0;2;3;15;A01
201600024308;2;33;0;0;2;1;17;B01
201600024309;1;7;0;0;2;1;15;A01
201600024309;2;31;0;0;0;2;8;B01
201600024310;2;1;0;0;2;8;1;B01
201600024310;1;7;0;0;2;0;1;A01
201600024311;1;31;0;0;2;8;7;A01
201600024311;1;7;0;0;0;2;16;B01
201600024312;0;7;0;0;2;1;1;B01
201600024312;1;33;0;0;2;8;15;A01
201600024313;1;7;0;0;1;1;1;Z01
201600024314;2;17;0;0;4;6;16;A01
201600024314;2;40;30;0;0;1;1;B01
201600024315;1;33;0;0;2;1;1;B01
201600024315;1;7;0;0;0;3;15;A01
201600024316;2;7;0;4;0;0;1;A01
201600024317;2;7;0;0;2;3;16;A01
201600024317;2;1;0;0;0;8;23;B01
201600024318;2;7;0;0;2;2;16;A01
201600024318;2;30;0;0;0;8;18;B01
201600024319;1;7;0;0;2;3;1;A01
201600024319;1;1;0;0;0;5;1;B01
201600024320;1;10;0;0;2;3;1;B01
201600024320;1;7;0;0;2;1;0;A01
201600024321;1;7;0;0;1;2;1;A01
201600024322;1;33;0;0;2;7;3;B01
201600024322;1;7;0;0;2;3;15;A01
201600024323;0;7;0;0;1;0;0;Z01
201600024324;1;40;0;0;2;2;1;B01
201600024324;1;7;0;0;4;3;1;A01
201600024325;2;7;0;0;2;4;23;B01
201600024325;2;7;0;0;9;4;23;D01
201600024325;2;7;0;0;2;1;1;A01
201600024325;2;7;0;0;2;4;23;C01
201600024326;1;2;0;0;2;1;1;A01