Num_Acc;senc;catv;occutc;obs;obsm;choc;manv;num_veh
201600024687;2;7;0;0;2;4;1;B01
201600024687;2;7;0;0;2;4;2;C01
201600024688;2;7;0;0;2;8;15;A01
201600024688;1;7;0;0;2;1;21;B01
201600024689;1;32;0;0;2;5;1;B01
201600024689;2;7;0;0;2;2;1;A01
201600024690;1;15;0;0;1;6;20;A01
201600024691;2;7;0;0;2;5;1;B01
201600024691;1;7;0;0;2;1;1;A01
201600024692;2;7;0;0;2;2;10;A01
201600024692;1;33;0;0;2;3;1;B01
201600024693;2;7;0;0;2;1;1;A01
201600024693;2;7;0;0;2;4;1;B01
201600024694;0;7;0;0;1;3;1;A01
201600024695;1;7;0;0;1;3;1;A01
201600024696;1;7;0;2;0;1;1;A01
201600024697;2;7;0;0;2;1;13;A01
201600024697;1;7;0;0;2;1;1;B01
201600024698;1;7;0;0;2;1;13;A01
201600024698;2;7;0;0;2;1;1;B01
201600024699;2;7;0;1;2;5;0;A01
201600024699;1;7;0;0;2;3;1;B01
201600024700;1;32;0;0;2;1;2;B01
201600024700;1;7;0;0;2;8;2;A01
201600024701;0;10;0;0;2;1;2;A01
201600024701;0;7;0;0;2;0;0;B01
201600024702;1;2;0;12;0;1;15;A01
201600024703;1;7;0;0;1;2;1;A01
201600024704;1;7;0;0;4;7;19;A01
201600024704;1;40;0;0;2;1;1;B01
201600024705;1;7;0;0;0;0;0;Z01
201600024705;1;31;0;0;2;3;1;B01
201600024706;1;7;0;0;0;9;0;A01
201600024707;1;7;0;0;2;5;15;A01
201600024707;2;32;0;0;2;1;1;B01
201600024708;0;7;0;0;1;7;1;A01
201600024709;1;7;0;0;2;1;1;B01
201600024709;1;32;0;0;2;8;19;A01
201600024710;0;7;0;0;1;3;0;A01
201600024711;2;31;0;0;2;1;1;B01
201600024711;1;7;0;0;2;3;15;A01
201600024712;0;1;0;0;0;0;19;A01
201600024712;0;31;0;0;0;6;21;B01
201600024713;1;33;0;11;2;3;17;A01
201600024713;1;7;0;0;2;8;1;B01
201600024714;1;7;0;0;2;5;1;B01
201600024714;1;1;0;0;2;3;1;C01
201600024714;1;7;0;0;2;0;15;Z01
201600024715;0;7;0;0;2;1;1;A01
201600024715;0;7;0;0;2;7;15;B01
201600024716;2;7;0;0;2;1;2;Z01
201600024716;2;7;0;0;2;4;1;B01
201600024717;1;7;0;0;1;1;1;A01
201600024718;1;1;0;0;2;1;1;B01
201600024718;2;7;0;0;9;3;9;A01
201600024719;1;7;0;0;2;3;15;A01
201600024719;2;33;0;0;2;3;0;B01
201600024720;2;7;0;0;1;3;1;A01
201600024721;1;7;0;0;2;3;0;A01
201600024721;1;7;0;0;2;2;1;B01
201600024722;1;7;0;0;2;3;1;B01
201600024722;2;30;0;0;2;7;1;A01
201600024723;1;7;0;0;1;4;0;Z01
201600024724;1;33;0;0;2;1;2;A01
201600024724;1;7;0;0;2;4;1;B01
201600024725;1;7;0;8;2;0;1;A01
201600024726;0;7;0;0;2;4;23;C01
201600024726;0;7;0;0;2;4;23;B01
201600024726;0;7;0;0;2;1;2;A01
201600024726;0;7;0;0;2;4;23;D01
201600024727;1;7;0;0;2;1;0;C01
201600024727;1;7;0;0;2;4;1;B01
201600024727;1;7;0;0;2;1;1;A01
201600024728;0;7;0;0;2;3;0;B01
201600024728;0;7;0;0;2;3;1;A01
201600024729;1;7;0;0;2;1;0;A01
201600024729;1;7;0;0;2;0;0;B01
201600024730;1;7;0;0;2;3;15;A01
201600024730;1;33;0;0;2;1;1;B01
201600024731;1;14;0;0;2;6;13;A01
201600024731;0;32;0;0;2;7;1;B01
201600024732;0;7;0;0;1;7;0;A01
201600024733;1;7;0;2;0;1;16;A01
201600024734;1;7;0;0;2;1;15;A01
201600024734;2;7;0;0;2;3;1;B01
201600024735;2;7;0;0;2;6;15;B01
201600024735;2;32;0;0;2;2;17;A01
201600024736;1;7;0;0;2;7;15;A01
201600024736;2;7;0;0;2;1;1;B01
201600024737;1;33;0;12;2;7;1;A01
201600024737;1;1;0;0;2;4;0;B01
201600024738;2;37;0;0;2;4;23;B01
201600024738;2;7;0;0;2;1;1;A01
201600024739;2;7;0;0;1;2;1;A01
201600024740;2;34;0;6;0;1;6;A01
201600024741;1;7;0;0;2;1;1;B01
201600024741;1;7;0;0;2;8;0;A01
201600024742;2;7;0;0;2;1;1;A01
201600024742;2;7;0;0;2;7;1;B01
201600024743;1;7;0;0;2;1;1;B01
201600024743;2;7;0;0;2;5;15;A01
201600024744;1;7;0;0;2;4;1;B01
201600024744;1;33;0;0;2;1;13;A01
201600024745;1;31;0;0;2;1;1;B01
201600024745;1;7;0;0;2;8;10;A01
201600024746;2;32;0;0;2;1;7;A01
201600024746;2;7;0;0;2;7;16;B01
201600024747;2;7;0;0;2;3;10;A01
201600024747;2;33;0;0;2;7;3;B01
201600024748;1;7;0;0;2;1;23;B01
201600024748;1;7;0;0;2;1;2;A01
201600024748;1;7;0;0;2;4;23;C01
201600024748;1;7;0;0;2;4;23;D01
201600024749;1;33;0;0;2;1;1;B01
201600024749;2;7;0;0;2;2;15;A01
201600024750;0;7;0;0;1;0;0;A01
201600024751;1;7;0;0;2;5;15;A01
201600024751;2;33;0;0;2;1;1;B01
201600024752;1;7;0;0;2;8;13;A01
201600024752;2;33;0;0;2;0;0;B01
201600024753;0;7;0;0;2;8;15;A01
201600024753;0;33;0;0;2;1;1;B01
201600024754;2;32;0;0;2;1;1;B01
201600024754;1;7;0;0;2;2;15;A01
201600024755;1;33;0;0;2;1;17;A01
201600024755;1;7;0;0;2;3;15;B01
201600024756;1;33;0;0;2;6;1;A01
201600024756;1;7;0;0;2;0;0;B01
201600024757;1;7;0;0;2;0;0;B01
201600024757;1;7;0;0;2;0;0;A01
201600024758;1;7;0;0;2;3;15;B01
201600024758;1;31;0;0;2;1;17;A01
201600024759;1;7;0;0;1;1;1;A01
201600024760;1;2;0;0;2;1;1;A01
201600024760;2;7;0;0;2;3;1;B01
201600024761;1;7;0;0;1;0;0;A01
201600024762;2;32;0;0;2;8;1;B01
201600024762;1;7;0;0;2;2;10;A01
201600024763;1;10;0;0;2;1;2;A01
201600024763;1;7;0;0;2;2;1;B01
201600024763;2;7;0;0;0;0;0;C01
201600024764;1;10;0;0;2;1;15;A01
201600024764;0;33;0;0;0;0;0;B01
201600024765;2;7;0;2;0;3;13;A01
201600024766;1;33;0;0;2;8;0;A01
201600024766;1;7;0;0;2;0;0;B01
201600024767;1;7;0;0;1;0;0;A01
201600024768;2;7;0;0;1;2;1;A01
201600024769;2;7;0;0;2;1;2;A01
201600024769;2;7;0;0;2;1;2;B01
201600024769;2;7;0;0;0;4;2;C01
201600024770;1;7;0;0;0;0;0;A01
201600024771;1;7;0;0;2;4;23;D01
201600024771;1;7;0;0;2;1;2;A01
201600024771;1;7;0;0;2;4;23;C01
201600024771;1;7;0;0;2;4;23;B01
201600024772;1;30;0;0;0;4;1;B01
201600024772;1;7;0;4;2;2;3;A01
201600024773;2;7;0;0;2;1;0;B01
201600024773;2;7;0;0;2;3;1;C01
201600024773;2;7;0;0;2;2;17;A01
201600024774;1;7;0;0;9;4;2;C01
201600024774;1;7;0;0;2;4;2;B01
201600024774;1;7;0;0;2;1;1;A01
201600024775;1;99;0;0;2;1;1;B01
201600024775;1;7;0;0;2;7;4;A01
201600024776;2;7;0;0;1;2;1;A01
201600024777;1;7;0;0;2;8;15;B01
201600024777;1;32;0;0;2;1;17;A01
201600024778;1;34;0;0;2;1;1;B01
201600024778;1;7;0;0;2;1;15;A01
201600024779;1;32;0;0;1;1;17;Z01
201600024780;2;32;0;0;2;1;1;A01
201600024780;1;7;0;0;2;6;1;B01
201600024781;1;7;0;0;2;1;2;A01
201600024781;1;3;0;0;2;4;1;B01
201600024782;2;33;0;0;2;1;1;B01
201600024782;1;7;0;0;2;7;10;A01
201600024783;1;1;0;0;2;8;19;A01
201600024783;1;7;0;0;2;1;1;B01
201600024784;1;7;0;0;2;8;1;B01
201600024784;2;7;0;0;2;1;15;A01
201600024785;1;34;0;8;0;7;14;A01
201600024786;1;20;0;0;1;3;0;A01
201600024787;1;30;0;0;0;0;0;A01
201600024788;1;33;0;0;2;1;1;B01
201600024788;2;7;0;0;2;2;15;A01
201600024789;1;10;0;0;2;6;15;B01
201600024789;1;32;0;0;2;1;1;A01
201600024790;2;7;0;0;2;1;1;A01
201600024790;2;7;0;0;2;8;1;B01
201600024791;1;7;0;4;2;1;5;A01
201600024791;2;10;0;0;2;1;1;B01
201600024791;2;10;0;0;2;1;1;C01
201600024792;1;7;0;0;0;1;0;A01
201600024793;1;7;0;0;2;0;4;A01
201600024793;1;31;0;0;2;0;1;B01
201600024794;1;7;0;0;2;8;10;A01
201600024794;1;33;0;0;2;1;17;B01
201600024795;2;7;0;1;0;2;14;A01
201600024796;1;7;0;15;0;4;2;A01
201600024796;1;14;0;0;2;1;2;B01
201600024797;2;7;0;0;2;1;5;A01
201600024797;0;7;0;0;2;3;1;B01
201600024798;1;7;0;9;0;1;13;A01
201600024799;1;7;0;0;0;4;1;B01
201600024799;1;7;0;0;2;1;13;A01
201600024800;2;7;0;0;2;6;0;B01
201600024800;2;33;0;0;2;1;6;A01
201600024801;0;7;0;0;2;6;0;B01
201600024801;0;7;0;0;2;1;2;A01
201600024802;1;7;0;0;2;1;2;A01
201600024802;1;32;0;0;2;4;2;B01
201600024803;2;7;0;0;1;1;1;A01
201600024804;1;7;0;12;0;7;1;A01
201600024805;1;7;0;0;1;0;0;A01
201600024806;2;7;0;0;2;6;1;B01
201600024806;2;31;0;0;2;1;17;A01
201600024807;1;7;0;0;2;2;15;A01
201600024807;0;32;0;0;2;1;16;B01
201600024808;2;33;0;0;2;8;1;A01
201600024808;2;7;0;0;2;4;12;B01
201600024809;0;7;0;0;2;1;1;A01
201600024809;1;7;0;0;2;2;1;B01
201600024810;2;7;0;0;2;1;2;A01
201600024810;2;7;0;0;2;4;1;B01
201600024811;2;7;0;0;2;8;17;Z01
201600024811;2;33;0;0;2;1;17;A01
201600024812;1;33;0;0;0;0;1;A01
201600024813;2;32;0;0;2;1;1;A01
201600024813;1;7;0;0;2;3;15;B01
201600024814;2;7;0;6;0;1;0;A01
201600024815;2;7;0;0;2;7;1;B01
201600024815;2;7;0;0;2;0;0;Z01
201600024816;1;32;0;0;2;1;1;B01
201600024816;1;7;0;0;2;8;5;A01
201600024817;2;7;0;0;9;4;2;Z01
201600024817;2;7;0;0;2;1;2;A01
201600024818;1;7;0;12;0;2;0;A01
201600024819;1;7;0;0;1;2;0;A01
201600024820;2;7;0;0;2;3;15;A01
201600024820;1;32;0;0;2;8;16;B01
201600024821;2;7;0;8;2;3;1;B01
201600024821;2;32;0;0;2;1;19;A01
201600024822;1;7;0;3;2;4;1;C01
201600024822;1;7;0;0;2;8;1;B01
201600024822;1;7;0;3;2;7;14;A01
201600024823;1;7;0;1;0;2;14;A01
201600024824;1;7;0;0;2;6;1;B01
201600024824;2;7;0;0;2;8;5;A01
201600024825;2;33;0;0;2;1;1;B01
201600024825;2;7;0;0;2;2;15;A01
201600024826;2;7;0;0;1;0;0;A01
201600024827;1;7;0;0;2;4;1;B01
201600024827;1;7;0;0;2;1;2;A01
201600024828;1;1;0;0;2;1;1;B01
201600024828;2;7;0;0;2;3;19;A01
201600024829;1;7;0;0;1;1;15;A01
201600024830;1;7;0;0;1;3;1;B01
201600024831;2;7;0;0;1;1;14;A01
201600024832;1;7;0;0;1;1;1;A01
201600024833;1;7;0;0;2;1;1;A01
201600024833;1;7;0;0;2;4;2;B01
201600024833;1;7;0;0;2;4;2;C01
201600024834;2;30;0;0;1;1;1;A01
201600024835;1;7;0;0;2;6;1;B01
201600024835;1;7;0;8;2;1;17;A01
201600024835;1;7;0;0;9;1;1;C01
201600024835;1;7;0;0;9;1;1;D01
201600024836;1;30;0;0;2;1;1;B01
201600024836;1;7;0;0;2;3;10;A01
201600024837;1;7;0;0;2;3;20;A01
201600024837;1;33;0;0;2;7;1;B01
201600024838;0;7;0;0;2;5;15;A01
201600024838;0;33;0;0;2;0;1;B01
201600024839;1;7;0;0;2;1;1;A01
201600024839;1;7;0;0;2;5;0;B01
201600024839;1;7;0;0;2;8;0;C01
201600024840;1;7;0;0;2;8;1;A01
201600024840;1;7;0;0;2;1;0;B01
201600024841;1;7;0;0;2;3;15;A01
201600024841;2;32;0;0;2;8;1;B01
201600024842;2;7;0;0;2;6;18;A01
201600024842;1;14;0;0;2;2;1;B01
201600024843;1;7;0;0;2;8;13;A01
201600024843;1;33;0;0;2;2;17;B01
201600024844;1;7;0;0;1;0;1;A01
201600024845;2;7;0;0;2;2;15;A01
201600024845;1;33;0;0;2;1;1;B01
201600024846;1;7;0;0;1;1;15;A01
201600024847;1;33;0;0;1;1;1;A01
201600024848;1;7;0;0;1;3;0;A01
201600024849;1;7;0;0;2;2;5;A01
201600024849;2;7;0;0;2;2;21;B01
201600024850;1;7;0;0;1;1;1;A01
201600024851;1;30;0;0;2;1;15;A01
201600024851;1;7;0;0;2;2;0;B01
201600024852;2;99;0;0;0;0;15;A01
201600024853;1;7;0;0;2;7;13;A01
201600024853;0;7;0;0;2;1;1;B01
201600024854;1;7;0;0;2;4;1;B01
201600024854;1;7;0;0;2;1;2;A01
201600024855;1;7;0;0;2;3;1;B01
201600024855;1;32;0;0;2;7;17;A01
201600024856;1;7;0;0;2;1;1;A01
201600024856;1;7;0;0;2;7;1;B01
201600024857;0;7;0;0;2;3;9;A01
201600024857;0;31;0;0;2;7;1;B01
201600024858;2;7;0;2;0;1;1;A01
201600024859;1;7;0;0;2;2;1;A01
201600024859;1;31;0;0;2;4;1;B01
201600024860;2;34;0;12;0;1;14;A01
201600024861;2;7;0;0;2;3;1;B01
201600024861;2;10;0;0;2;5;16;A01
201600024862;1;32;0;8;0;0;0;A01
201600024863;1;37;50;0;9;2;1;A01
201600024863;1;1;0;0;2;4;0;B01
201600024864;0;7;0;0;2;2;1;A01
201600024864;0;32;0;0;2;1;1;B01
201600024865;1;10;0;0;2;1;1;C01
201600024865;1;7;0;0;2;1;19;A01
201600024865;1;7;0;0;2;1;1;B01
201600024866;1;7;0;0;1;1;16;A01
201600024867;1;32;0;12;0;1;1;A01
201600024868;1;7;0;0;0;0;1;A01
201600024869;1;31;0;6;0;1;0;A01
201600024870;1;31;0;0;2;4;1;B01
201600024870;1;7;0;0;2;1;2;A01
201600024871;1;32;0;0;2;1;17;A01
201600024871;1;7;0;0;2;8;15;B01
201600024872;1;7;0;0;2;4;1;A01
201600024872;1;32;0;0;2;1;1;B01
201600024873;1;7;0;0;2;1;0;B01
201600024873;1;7;0;0;2;1;1;A01
201600024874;1;14;0;0;2;3;15;B01
201600024874;1;34;0;0;2;2;17;A01
201600024875;1;7;0;5;0;9;1;A01
201600024876;1;32;0;0;1;1;17;A01
201600024877;1;32;0;0;0;3;1;A01
201600024878;1;33;0;0;2;1;1;B01
201600024878;1;7;0;0;2;3;15;A01
201600024879;1;32;0;0;2;3;1;A01
201600024879;1;7;0;0;2;2;15;B01
201600024880;1;1;0;1;0;1;13;A01
201600024881;2;7;0;0;0;0;0;B01
201600024881;1;33;0;0;2;0;11;A01
201600024882;2;10;0;0;2;1;1;C01
201600024882;2;7;0;0;2;1;1;B01
201600024882;1;33;0;0;2;1;19;A01
201600024883;1;7;0;0;1;1;1;A01
201600024884;1;7;0;0;1;1;0;A01
201600024885;1;7;0;0;2;1;13;A01
201600024885;2;7;0;0;2;1;1;B01
201600024886;1;31;0;0;2;1;13;A01
201600024886;2;7;0;0;2;3;1;B01
201600024887;1;7;0;0;2;6;10;A01
201600024887;1;33;0;0;2;1;1;B01
201600024888;1;10;0;0;1;1;1;A01
201600024889;1;7;0;0;2;7;15;B01
201600024889;0;32;0;0;2;3;1;A01
201600024890;1;7;0;0;2;1;11;A01
201600024890;2;7;0;0;2;1;1;B01
201600024891;1;7;0;0;1;1;1;A01
201600024892;1;7;0;0;2;3;15;B01
201600024892;1;7;0;0;2;1;17;A01
201600024893;2;7;0;0;1;7;1;A01
201600024894;0;10;0;0;1;3;15;A01
201600024895;1;7;0;0;1;3;1;A01
201600024896;1;30;0;0;2;7;0;B01
201600024896;1;7;0;0;2;0;0;A01
201600024897;1;7;0;0;1;1;1;A01
201600024898;1;7;0;0;1;1;15;A01
201600024899;2;7;0;0;2;3;13;A01
201600024899;1;7;0;0;2;3;1;B01
201600024900;2;7;0;0;1;3;1;A01
201600024901;2;30;0;0;2;1;2;A01
201600024901;2;7;0;0;2;4;2;B01
201600024902;0;7;0;0;1;2;21;A01
201600024903;2;1;0;0;2;1;15;B01
201600024903;2;7;0;0;2;3;1;A01
201600024904;1;10;0;0;2;2;2;A01
201600024904;1;7;0;0;2;8;2;B01
201600024905;2;2;0;0;2;7;1;B01
201600024905;2;7;0;0;2;6;16;A01
201600024906;2;7;0;0;2;7;1;B01
201600024906;2;30;0;0;2;1;19;A01
201600024907;1;7;0;0;1;3;2;A01
201600024908;1;7;0;0;2;2;0;A01
201600024908;1;1;0;0;0;4;1;B01
201600024909;1;7;0;0;1;0;1;A01
201600024910;2;30;0;0;2;8;1;B01
201600024910;1;7;0;0;2;8;15;A01
201600024911;2;7;0;0;2;8;1;A01
201600024911;1;7;0;1;2;1;1;B01
201600024912;1;7;0;9;1;1;14;A01
201600024913;1;7;0;0;2;1;2;A01
201600024913;1;7;0;0;2;4;2;B01
201600024914;2;10;0;0;2;1;1;B01
201600024914;1;2;0;0;2;1;1;A01
201600024915;1;7;0;0;1;1;1;A01
201600024916;1;7;0;0;1;3;16;A01
201600024917;0;2;0;0;2;1;2;A01
201600024917;0;7;0;0;0;4;2;B01
201600024918;2;7;0;0;2;3;5;A01
201600024918;2;7;0;0;2;1;1;B01
201600024919;0;7;0;0;1;1;1;A01
201600024920;2;7;0;0;1;2;1;A01
201600024921;1;7;0;13;0;2;1;A01
201600024922;0;7;0;0;2;1;2;A01
201600024922;0;33;0;0;2;4;23;B01
201600024923;2;7;0;16;0;1;1;A01
201600024924;0;7;0;13;6;0;1;A01
201600024925;2;7;0;0;2;3;9;A01
201600024925;2;15;0;0;2;2;1;B01
201600024926;1;7;0;0;2;5;1;A01
201600024926;1;7;0;0;2;1;1;B01
201600024927;1;32;0;0;1;1;1;A01
201600024928;0;7;0;0;1;4;4;A01
201600024929;0;7;0;0;2;4;2;B01
201600024929;0;10;0;0;2;4;2;A01
201600024929;0;7;0;0;2;4;2;C01
201600024930;1;7;0;0;1;1;1;A01
201600024931;0;2;0;0;0;0;1;A01
201600024932;2;7;0;4;0;1;1;A01
201600024933;1;7;0;0;2;3;1;B01
201600024933;2;31;0;0;2;2;9;A01
201600024934;2;30;0;0;2;1;1;A01
201600024934;2;37;5;0;2;3;1;B01
201600024935;0;7;0;0;2;3;1;B01
201600024935;0;7;0;0;2;1;15;A01
201600024936;2;37;0;0;1;5;13;A01
201600024937;0;7;0;0;2;2;9;A01
201600024937;0;7;0;0;2;3;1;B01
201600024938;2;34;0;0;2;1;2;A01
201600024938;2;7;0;0;2;6;23;B01
201600024939;0;7;0;0;1;1;1;A01
201600024940;1;7;0;0;1;1;1;A01
201600024941;2;7;0;0;2;4;1;B01
201600024941;2;15;0;0;2;1;14;A01
201600024942;2;1;0;0;2;1;1;B01
201600024942;2;7;0;0;2;8;9;A01
201600024943;2;7;0;0;2;1;2;A01
201600024943;2;7;0;0;2;4;1;B01
201600024944;1;7;0;0;2;2;15;A01
201600024944;1;7;0;0;2;1;1;B01
201600024945;0;1;0;0;1;0;0;A01
201600024946;1;7;0;0;2;4;23;B01
201600024946;1;7;0;0;2;1;2;A01
201600024947;1;7;0;14;0;9;1;A01
201600024948;1;7;0;0;2;4;1;B01
201600024948;1;10;0;0;2;1;9;A01
201600024949;1;31;0;16;0;7;1;A01
201600024950;0;7;0;0;2;0;1;B01
201600024950;0;7;0;0;2;0;0;A01
201600024951;2;7;0;0;1;1;1;A01
201600024952;0;2;0;14;0;1;18;A01
201600024953;1;7;0;0;2;4;1;B01
201600024953;1;7;0;0;2;1;2;A01
201600024954;2;7;0;0;2;1;9;A01
201600024954;1;1;0;0;2;7;1;B01
201600024955;0;7;0;0;1;1;1;A01
201600024956;1;7;0;0;2;1;15;A01
201600024956;2;7;0;0;2;1;1;B01
201600024957;0;7;0;0;1;1;1;A01
201600024958;2;7;0;0;2;1;9;A01
201600024958;1;1;0;0;2;7;1;B01
201600024959;0;1;0;0;2;1;1;A01
201600024959;0;7;0;0;2;3;1;B01
201600024960;1;10;0;15;0;9;1;A01
201600024961;2;32;0;0;0;8;1;B01
201600024961;2;7;0;0;0;0;9;A01
201600024962;1;30;0;0;2;1;1;A01
201600024962;1;10;0;0;2;7;15;B01
201600024963;1;10;0;0;2;3;10;A01
201600024963;1;33;0;0;2;7;1;B01
201600024964;2;7;0;0;2;1;1;B01
201600024964;2;7;0;0;2;1;1;A01
201600024965;1;7;0;0;2;4;23;B01
201600024965;1;30;0;0;2;1;2;A01
201600024966;1;7;0;0;1;1;16;A01
201600024967;2;7;0;0;2;1;15;A01
201600024967;1;7;0;0;2;3;1;B01
201600024968;1;7;0;0;1;3;1;A01
201600024969;1;10;0;0;1;2;9;A01
201600024970;1;30;0;0;2;1;2;A01
201600024970;1;7;0;0;2;4;23;B01
201600024971;2;7;0;0;1;1;1;A01
201600024972;1;7;0;0;2;7;1;B01
201600024972;1;7;0;0;2;1;9;A01
201600024973;2;7;0;0;2;8;22;A01
201600024973;1;1;0;0;2;1;0;B01
201600024974;1;1;0;0;2;1;1;B01
201600024974;2;7;0;0;2;3;9;A01
201600024975;1;7;0;0;1;1;1;A01
201600024976;1;7;0;0;1;4;4;A01
201600024977;1;33;0;0;2;1;1;B01
201600024977;1;30;0;0;2;1;16;A01
201600024978;1;7;0;0;2;7;1;B01
201600024978;2;7;0;0;2;1;9;A01
201600024979;2;7;0;1;0;1;14;A01
201600024980;1;7;0;0;2;2;16;A01
201600024980;1;1;0;0;2;1;1;B01
201600024981;0;7;0;12;0;0;0;A01
201600024982;2;7;0;0;1;1;1;A01
201600024983;1;7;0;0;1;1;1;A01
201600024984;1;7;0;0;2;3;1;B01
201600024984;1;7;0;0;2;2;15;A01
201600024985;1;7;0;0;2;4;23;B01
201600024985;1;30;0;0;2;1;2;A01
201600024986;2;10;0;0;1;1;15;A01
201600024987;1;33;0;0;1;1;1;A01
201600024988;2;30;0;0;2;1;1;A01
201600024988;2;7;0;0;2;2;15;B01
201600024989;1;10;0;0;2;7;15;A01
201600024989;1;31;0;0;2;2;1;B01
201600024990;1;30;0;0;1;1;18;A01
201600024991;1;7;0;0;2;1;15;A01
201600024991;2;31;0;0;2;1;1;B01
201600024992;1;7;0;0;1;1;1;A01
201600024993;1;7;0;0;1;1;1;A01
201600024994;1;7;0;0;2;4;23;B01
201600024994;1;7;0;0;2;4;23;C01
201600024994;1;7;0;0;2;1;2;A01
201600024995;1;7;0;9;0;1;1;A01
201600024996;1;7;0;9;0;1;1;A01
201600024997;1;7;0;16;0;9;1;A01
201600024998;1;7;0;0;2;3;1;A01
201600024998;1;7;0;0;2;0;1;B01
201600024999;1;7;0;16;0;9;1;A01
201600025000;1;7;0;0;2;1;15;A01
201600025000;2;32;0;0;2;1;1;B01
201600025001;2;7;0;0;1;1;1;A01
201600025002;1;7;0;0;1;1;1;A01
201600025003;1;7;0;0;2;1;1;A01
201600025003;1;7;0;0;2;4;23;C01
201600025003;1;7;0;0;2;4;23;B01
201600025004;1;7;0;11;0;1;1;A01
201600025005;1;33;0;0;2;1;1;B01
201600025005;1;7;0;0;2;6;9;A01
201600025006;2;7;0;0;2;4;23;C01
201600025006;2;7;0;0;2;1;12;A01
201600025006;2;7;0;0;2;4;23;B01
201600025007;2;7;0;0;2;1;2;A01
201600025007;2;10;0;0;2;4;2;B01
201600025008;2;14;0;0;1;0;1;A01
201600025009;2;7;0;0;2;4;0;C01
201600025009;2;7;0;0;2;4;0;B01
201600025009;2;7;0;0;2;4;0;E01
201600025009;2;7;0;0;2;1;0;A01
201600025009;2;7;0;0;2;4;0;D01
201600025010;1;32;0;0;2;1;1;B01
201600025010;1;7;0;0;2;3;15;A01
201600025011;2;7;0;13;0;9;1;A01
201600025012;2;30;0;0;2;1;2;A01
201600025012;2;7;0;0;2;4;23;B01
201600025013;1;1;0;0;2;1;1;B01
201600025013;1;14;0;0;2;7;16;A01
201600025014;1;7;0;2;0;3;1;A01
201600025015;2;7;0;0;1;1;1;A01
201600025016;1;7;0;0;2;7;22;A01
201600025016;1;1;0;0;2;1;1;B01
201600025017;1;7;0;2;0;9;1;A01
201600025018;2;33;0;16;0;8;16;A01
201600025019;2;7;0;0;1;1;15;A01
201600025020;1;7;0;9;0;9;1;A01
201600025021;1;7;0;1;0;1;1;A01
201600025022;1;7;0;0;1;4;4;A01
201600025023;0;7;0;0;2;2;15;A01
201600025023;0;32;0;0;2;8;1;B01
201600025024;1;7;0;0;1;4;4;A01
201600025025;1;1;0;0;2;8;1;B01
201600025025;1;7;0;0;2;1;1;A01
201600025026;2;37;3;0;2;2;1;B01
201600025026;2;7;0;0;2;8;9;A01
201600025027;1;7;0;0;2;4;23;B01
201600025027;1;7;0;0;2;1;2;A01
201600025028;1;7;0;13;0;0;0;A01
201600025029;1;7;0;6;2;1;20;A01
201600025030;2;7;0;0;2;1;1;A01
201600025030;1;7;0;0;2;1;1;B01
201600025031;0;7;0;0;2;3;1;A01
201600025031;0;1;0;0;2;1;1;B01
201600025032;2;1;0;0;2;1;1;B01
201600025032;2;7;0;0;2;1;16;A01
201600025033;2;7;0;0;2;4;23;D01
201600025033;2;7;0;0;2;1;23;C01
201600025033;2;7;0;0;2;1;2;A01
201600025033;2;7;0;0;2;1;23;B01
201600025034;0;1;0;0;2;1;1;B01
201600025034;0;10;0;0;2;1;1;A01
201600025035;0;7;0;0;1;4;4;A01
201600025036;1;1;0;0;2;1;1;B01
201600025036;2;7;0;0;2;8;9;A01
201600025037;1;7;0;0;1;3;1;A01
201600025038;1;31;0;0;2;1;1;B01
201600025038;2;7;0;0;2;1;15;A01
201600025039;1;7;0;8;2;1;1;A01
201600025040;1;30;0;16;0;1;1;A01
201600025041;1;7;0;0;2;1;0;A01
201600025041;1;1;0;0;2;4;2;B01
201600025042;1;7;0;7;0;1;1;A01
201600025043;1;7;0;0;2;2;9;A01
201600025043;1;1;0;0;2;1;5;B01
201600025044;2;7;0;0;2;1;9;A01
201600025044;1;1;0;0;2;1;1;B01
201600025045;1;7;0;0;1;2;1;A01
201600025046;0;7;0;0;2;1;2;A01
201600025046;1;7;0;0;2;4;23;B01
201600025047;2;7;0;0;2;1;1;B01
201600025047;1;7;0;0;2;1;13;A01
201600025048;1;1;0;0;2;1;1;B01
201600025048;1;7;0;0;2;2;9;A01
201600025049;2;30;0;0;1;1;7;A01
201600025050;2;17;0;0;2;3;15;B01
201600025050;2;33;0;0;2;1;16;A01
201600025051;1;7;0;0;2;2;1;A01
201600025051;1;7;0;0;2;6;23;B01
201600025052;2;7;0;1;0;7;1;A01
201600025053;2;7;0;0;1;1;1;A01
201600025054;2;7;0;3;2;4;1;B01
201600025054;2;10;0;0;2;1;2;A01
201600025055;1;7;0;0;2;3;1;B01
201600025055;2;1;0;0;2;1;15;A01
201600025056;1;30;0;0;2;1;7;A01
201600025056;1;10;0;0;2;6;16;B01
201600025057;1;7;0;0;1;7;1;A01
201600025058;1;7;0;0;1;2;15;A01
201600025059;2;7;0;0;2;4;23;D01
201600025059;2;7;0;0;2;4;23;C01
201600025059;2;7;0;0;2;4;23;B01
201600025059;2;7;0;0;2;4;23;E01
201600025059;2;7;0;0;2;1;2;A01
201600025060;1;7;0;0;1;1;1;A01