Num_Acc;senc;catv;occutc;obs;obsm;choc;manv;num_veh
201600025785;0;7;0;0;2;3;20;A01
201600025786;0;10;0;0;2;7;22;A01
201600025786;0;1;0;0;2;1;1;B01
201600025787;0;3;0;2;0;1;0;A01
201600025788;0;7;0;0;2;1;1;A01
201600025788;0;7;0;0;2;3;1;B01
201600025789;0;31;0;0;0;8;15;A01
201600025790;0;7;0;6;2;1;1;A01
201600025790;2;7;0;0;2;4;1;B01
201600025791;0;1;0;0;2;1;1;B01
201600025791;0;7;0;0;2;8;22;A01
201600025792;0;7;0;4;0;3;1;A01
201600025793;0;7;0;6;0;1;0;A01
201600025794;0;2;0;0;0;7;1;A01
201600025795;0;7;0;0;2;3;15;A01
201600025795;1;33;0;0;2;1;1;B01
201600025796;0;7;0;0;2;2;10;A01
201600025796;0;7;0;0;2;1;1;B01
201600025797;0;33;0;0;2;1;1;A01
201600025797;0;33;0;0;2;4;1;B01
201600025798;0;7;0;1;2;1;1;A01
201600025798;0;7;0;0;2;3;1;B01
201600025799;1;7;0;0;2;6;15;A01
201600025799;1;7;0;0;2;1;1;B01
201600025800;0;7;0;0;2;4;4;A01
201600025800;2;30;0;0;2;1;1;B01
201600025801;0;7;0;0;2;8;15;B01
201600025801;0;7;0;0;2;1;1;A01
201600025802;0;40;26;0;2;2;1;B01
201600025802;1;10;0;0;4;3;1;A01
201600025803;0;7;0;0;2;3;1;B01
201600025803;0;7;0;0;2;1;15;A01
201600025804;0;7;0;0;2;8;1;B01
201600025804;0;7;0;0;2;1;1;A01
201600025805;0;1;0;0;1;1;1;A01
201600025806;0;7;0;0;2;6;1;A01
201600025806;0;1;0;0;2;1;1;B01
201600025807;0;30;0;0;0;0;0;A01
201600025808;0;7;0;0;0;2;1;B01
201600025808;0;1;0;0;2;8;18;A01
201600025809;0;7;0;0;1;3;15;A01
201600025810;0;10;0;6;0;1;1;A01
201600025811;0;2;0;0;2;1;1;B01
201600025811;0;2;0;0;2;7;1;A01
201600025812;0;7;0;0;2;5;1;A01
201600025812;0;15;0;0;2;1;1;B01
201600025813;1;33;0;0;2;7;1;B01
201600025813;2;7;0;0;2;8;1;A01
201600025814;0;7;0;0;1;6;4;A01
201600025815;0;2;0;0;1;1;0;Z01
201600025816;0;7;0;0;2;1;1;B01
201600025816;0;7;0;0;2;1;1;A01
201600025817;0;7;0;0;2;4;2;B01
201600025817;0;7;0;0;2;1;2;A01
201600025818;0;30;0;0;2;1;1;B01
201600025818;0;7;0;0;2;8;11;A01
201600025819;1;7;0;0;2;4;2;A01
201600025819;1;7;0;0;2;1;2;Z01
201600025820;0;7;0;0;2;8;19;A01
201600025820;0;7;0;0;2;1;1;B01
201600025821;0;7;0;4;0;3;2;A01
201600025822;2;7;0;4;0;2;1;A01
201600025823;0;7;0;8;0;8;1;A01
201600025824;0;7;0;0;2;4;23;B01
201600025824;0;7;0;0;2;1;1;A01
201600025825;0;7;0;0;0;4;2;B01
201600025825;0;10;0;0;2;2;2;A01
201600025826;0;7;0;0;1;0;0;A01
201600025827;1;30;0;0;0;1;1;A01
201600025828;1;33;0;0;0;7;0;A01
201600025829;2;33;0;0;0;1;1;A01
201600025830;0;30;0;0;2;1;0;B01
201600025830;0;7;0;0;2;3;0;A01
201600025831;0;7;0;0;1;0;0;A01
201600025832;0;1;0;0;1;1;1;B01
201600025833;0;2;0;0;2;1;1;B01
201600025833;0;7;0;0;2;5;1;A01
201600025834;0;1;0;0;0;0;0;A01
201600025835;0;7;0;0;2;1;6;B01
201600025835;0;7;0;0;2;3;19;A01
201600025836;0;10;0;0;2;8;1;B01
201600025836;0;30;0;0;2;3;8;A01
201600025837;0;7;0;0;1;8;1;A01
201600025838;0;7;0;0;2;1;1;A01
201600025838;0;7;0;0;2;1;1;B01
201600025838;0;7;0;0;2;4;0;C01
201600025839;0;7;0;4;0;9;1;A01
201600025840;1;1;0;0;0;8;1;A01
201600025841;0;7;0;0;2;1;2;A01
201600025841;1;2;0;0;2;4;2;B01
201600025842;0;7;0;0;2;1;15;A01
201600025842;0;7;0;0;2;1;1;B01
201600025843;0;7;0;1;0;3;1;A01
201600025844;1;10;0;0;2;1;1;A01
201600025844;2;7;0;0;2;4;0;B01
201600025845;0;10;0;0;2;5;0;A01
201600025846;0;7;0;0;2;2;1;A01
201600025846;1;1;0;0;2;7;1;B01
201600025847;0;1;0;0;9;0;0;A01
201600025847;0;1;0;0;9;0;0;B01
201600025848;0;10;0;0;2;4;1;B01
201600025848;0;7;0;0;2;1;1;A01
201600025849;0;1;0;0;0;0;1;A01
201600025850;1;2;0;0;2;1;1;B01
201600025850;1;7;0;0;2;3;15;A01
201600025851;0;7;0;0;0;9;0;A01
201600025852;0;7;0;0;2;1;1;A01
201600025852;0;1;0;0;2;7;19;B01
201600025853;0;7;0;0;1;6;1;A01
201600025854;0;1;0;0;2;1;0;B01
201600025854;0;1;0;0;2;1;0;A01
201600025855;0;2;0;0;2;7;1;A01
201600025855;0;7;0;0;2;1;15;B01
201600025856;1;7;0;0;2;8;15;A01
201600025856;1;33;0;0;2;1;1;B01
201600025857;0;7;0;0;2;4;23;B01
201600025857;0;30;0;0;2;1;1;A01
201600025858;0;7;0;0;0;5;1;B01
201600025858;0;99;0;0;2;0;1;A01
201600025859;2;7;0;0;1;0;1;A01
201600025860;0;7;0;1;0;0;0;A01
201600025860;0;7;0;6;0;1;21;B01
201600025861;0;40;20;0;1;3;1;A01
201600025862;0;10;0;0;1;4;4;A01
201600025863;0;7;0;0;1;2;1;A01
201600025864;0;7;0;0;2;4;1;B01
201600025864;0;10;0;0;2;1;1;A01
201600025865;0;30;0;0;0;0;0;A01
201600025866;1;2;0;16;0;1;9;A01
201600025867;0;33;0;0;2;1;1;A01
201600025867;0;33;0;0;2;4;23;B01
201600025868;1;7;0;0;2;4;1;B01
201600025868;1;7;0;0;2;1;1;A01
201600025869;0;7;0;15;0;2;0;A01
201600025870;0;30;0;16;0;3;9;A01
201600025871;0;7;0;0;1;3;15;A01
201600025872;0;15;0;0;2;7;14;A01
201600025872;0;7;0;0;2;8;0;B01
201600025873;1;7;0;0;2;3;3;A01
201600025873;1;30;0;0;2;5;1;B01
201600025874;0;1;0;0;2;2;1;B01
201600025874;0;7;0;0;2;1;1;A01
201600025875;1;7;0;4;0;1;21;A01
201600025876;0;30;0;0;1;1;1;A01
201600025877;0;30;0;0;0;1;1;A01
201600025878;2;1;0;0;2;1;1;B01
201600025878;0;7;0;0;2;8;15;A01
201600025879;0;32;0;0;0;7;0;A01
201600025880;1;7;0;0;9;0;0;A01
201600025880;0;33;0;0;0;0;0;B01
201600025881;0;1;0;0;0;0;0;A01
201600025882;0;1;0;0;2;1;1;B01
201600025882;0;7;0;0;2;1;9;A01
201600025883;2;7;0;4;0;3;0;A01
201600025884;0;7;0;0;2;0;16;A01
201600025884;0;1;0;0;2;6;1;B01
201600025885;0;1;0;0;1;1;1;A01
201600025886;0;7;0;0;2;4;1;B01
201600025886;0;10;0;0;2;1;1;A01
201600025887;0;7;0;0;2;1;1;B01
201600025887;0;7;0;0;2;7;1;A01
201600025888;0;7;0;12;0;2;15;A01
201600025889;0;7;0;0;2;1;1;A01
201600025889;0;1;0;0;2;8;2;B01
201600025890;0;33;0;0;0;0;1;B01
201600025890;0;7;0;0;0;0;15;A01
201600025891;0;1;0;0;0;0;0;A01
201600025892;0;7;0;0;2;2;9;B01
201600025892;0;1;0;0;2;5;9;A01
201600025893;2;30;0;0;0;8;9;B01
201600025893;2;7;0;0;0;1;1;A01
201600025894;1;7;0;8;0;2;1;A01
201600025895;1;7;0;0;0;0;0;A01
201600025895;2;30;0;0;0;0;0;B01
201600025896;1;7;0;0;2;1;17;B01
201600025896;1;7;0;0;2;3;15;A01
201600025897;1;7;0;0;2;4;1;B01
201600025897;1;7;0;0;2;4;1;C01
201600025897;1;10;0;0;2;1;1;A01
201600025898;1;7;0;0;2;1;1;A01
201600025898;1;1;0;0;2;7;19;B01
201600025899;1;33;0;0;2;4;1;B01
201600025899;1;7;0;0;2;2;0;A01
201600025900;1;7;0;0;2;8;0;A01
201600025900;1;1;0;1;0;1;1;B01
201600025901;0;7;0;0;2;3;1;A01
201600025901;0;7;0;0;2;3;1;B01
201600025902;1;32;0;0;2;1;1;A01
201600025902;2;7;0;0;2;8;15;B01
201600025903;1;7;0;0;0;0;0;B01
201600025903;1;14;0;0;2;4;1;A01
201600025904;0;32;0;2;0;1;1;A01
201600025905;1;7;0;0;2;4;1;B01
201600025905;1;7;0;0;2;1;1;A01
201600025906;1;7;0;0;0;0;0;A01
201600025906;1;7;0;0;0;0;0;B01
201600025907;2;7;0;0;2;3;1;B01
201600025907;2;7;0;0;2;2;1;A01
201600025908;0;33;0;0;2;1;1;B01
201600025908;0;7;0;0;2;7;19;A01
201600025909;0;7;0;0;1;3;15;A01
201600025910;0;2;0;0;2;1;13;B01
201600025910;0;10;0;0;2;3;1;A01
201600025911;0;7;0;0;1;0;1;A01
201600025912;0;7;0;8;0;2;0;A01
201600025913;1;7;0;0;1;3;15;A01
201600025914;1;1;0;0;0;7;16;A01
201600025915;1;7;0;0;2;1;1;A01
201600025915;1;7;0;0;2;4;1;B01
201600025916;0;30;0;0;0;1;1;A01
201600025917;0;1;0;0;2;1;15;A01
201600025917;0;7;0;0;2;8;1;B01
201600025918;0;7;0;0;2;0;1;A01
201600025919;1;10;0;0;2;1;2;A01
201600025919;1;7;0;0;2;4;2;B01
201600025920;0;7;0;1;0;1;1;A01
201600025921;0;7;0;0;1;1;15;A01
201600025922;2;7;0;0;2;3;24;A01
201600025923;2;7;0;0;2;4;0;B01
201600025923;2;30;0;0;2;1;2;A01
201600025924;1;7;0;0;2;4;2;A01
201600025924;1;7;0;0;2;1;2;Z01
201600025925;1;1;0;0;0;0;0;B01
201600025925;2;7;0;0;0;0;0;A01
201600025926;0;7;0;0;1;6;1;A01
201600025927;1;7;0;0;2;4;2;B01
201600025927;0;33;0;0;2;1;2;A01
201600025928;2;7;0;1;0;2;1;A01
201600025929;2;7;0;0;1;1;1;A01
201600025930;2;7;0;0;1;3;1;A01
201600025931;1;33;0;0;0;7;0;A01
201600025932;0;30;0;4;0;1;1;A01
201600025933;2;7;0;0;1;1;1;A01
201600025934;1;7;0;4;0;3;21;A01
201600025935;1;7;0;0;2;2;5;A01
201600025935;1;7;0;0;0;0;0;B01
201600025936;2;7;0;0;2;2;2;A01
201600025936;2;7;0;0;2;6;2;B01
201600025937;2;37;4;0;1;7;2;A01
201600025938;2;7;0;0;2;7;1;B01
201600025938;1;2;0;0;2;1;1;A01
201600025939;1;7;0;0;1;1;1;A01
201600025940;2;1;0;1;0;1;14;A01
201600025941;2;20;0;0;2;2;0;A01
201600025941;2;7;0;0;2;3;16;B01
201600025942;1;33;0;0;2;1;1;A01
201600025942;1;7;0;0;2;4;15;B01
201600025943;2;1;0;0;2;3;1;B01
201600025943;1;7;0;0;2;1;9;A01
201600025944;1;7;0;12;1;2;14;A01
201600025945;1;7;0;0;1;1;1;A01
201600025946;1;7;0;0;2;6;1;B01
201600025946;1;7;0;0;2;1;9;A01
201600025947;1;1;0;0;2;1;1;B01
201600025947;1;7;0;0;2;1;9;A01
201600025948;1;7;0;1;0;2;14;A01
201600025949;1;1;0;0;2;1;1;B01
201600025949;1;7;0;0;2;2;15;A01
201600025950;1;7;0;0;2;7;1;A01
201600025950;1;1;0;0;2;1;13;B01
201600025951;1;1;0;12;0;1;1;A01
201600025952;1;2;0;16;0;7;1;A01
201600025953;1;33;0;0;2;3;18;B01
201600025953;1;7;0;0;2;3;15;A01
201600025954;1;33;0;0;0;7;1;A01
201600025955;1;7;0;0;0;2;21;A01
201600025956;0;30;0;0;0;7;2;A01
201600025957;2;7;0;1;2;8;0;B01
201600025957;1;7;0;0;2;1;16;A01
201600025958;2;7;0;4;0;2;13;A01
201600025959;1;14;0;0;2;4;2;B01
201600025959;1;30;0;0;2;1;2;A01
201600025960;1;7;0;0;2;2;0;B01
201600025960;2;7;0;0;2;3;0;A01
201600025961;1;7;0;14;0;1;1;A01
201600025962;1;33;0;0;0;2;1;A01
201600025963;1;7;0;0;2;1;1;A01
201600025963;1;7;0;0;2;4;1;B01
201600025964;2;7;0;0;2;3;15;A01
201600025964;1;33;0;0;2;1;3;B01
201600025965;0;1;0;0;2;5;2;B01
201600025965;0;7;0;0;2;3;16;A01
201600025966;2;7;0;0;2;1;2;A01
201600025966;2;7;0;0;2;4;2;B01
201600025967;2;33;0;0;2;7;2;B01
201600025967;2;7;0;0;2;3;9;A01
201600025968;1;2;0;0;2;1;16;A01
201600025968;1;7;0;0;2;8;15;B01
201600025969;1;30;0;0;2;1;19;B01
201600025969;1;7;0;0;2;3;9;A01
201600025970;1;31;0;16;0;8;1;A01
201600025971;1;1;0;15;0;1;1;A01
201600025972;2;1;0;0;2;1;13;A01
201600025972;1;7;0;0;2;2;1;B01
201600025973;2;33;0;16;0;8;1;A01
201600025974;1;7;0;1;0;1;14;A01
201600025975;1;1;0;0;2;1;2;B01
201600025975;1;1;0;0;2;1;2;A01
201600025976;1;7;0;0;1;2;13;A01
201600025977;2;7;0;0;2;4;2;B01
201600025977;2;7;0;0;2;1;2;A01
201600025977;2;7;0;0;2;4;2;C01
201600025978;1;1;0;0;2;8;1;B01
201600025978;1;7;0;0;2;1;1;A01
201600025979;1;7;0;6;1;1;14;A01
201600025980;1;33;0;16;0;8;1;A01
201600025981;1;7;0;0;1;2;2;A01
201600025982;2;7;0;0;2;7;1;B01
201600025982;1;7;0;0;2;1;1;A01
201600025983;1;7;0;0;2;4;2;B01
201600025983;1;7;0;0;2;1;2;A01
201600025984;1;7;0;0;2;1;2;A01
201600025984;2;7;0;0;2;4;2;B01
201600025985;2;7;0;0;2;1;2;A01
201600025985;2;7;0;0;2;4;23;B01
201600025985;2;7;0;0;2;4;23;C01
201600025986;2;2;0;0;2;4;23;B01
201600025986;2;7;0;0;2;1;2;A01
201600025987;2;2;0;0;2;1;1;B01
201600025987;2;10;0;0;2;8;15;A01
201600025988;1;1;0;0;2;1;1;B01
201600025988;1;7;0;0;2;3;9;A01
201600025989;1;33;0;0;2;7;17;A01
201600025989;2;7;0;0;2;1;15;B01
201600025990;1;2;0;0;2;1;17;A01
201600025990;1;7;0;0;2;3;2;B01
201600025991;2;7;0;9;0;1;16;A01
201600025992;1;7;0;0;2;1;15;B01
201600025992;0;10;0;0;2;3;1;A01
201600025993;1;7;0;0;1;1;1;A01
201600025994;2;33;0;0;2;7;17;A01
201600025994;2;7;0;0;2;3;1;B01
201600025995;1;33;0;0;0;7;1;A01
201600025996;1;1;0;16;0;1;2;A01
201600025997;1;30;0;0;1;1;1;Z01
201600025998;1;7;0;0;1;4;4;A01
201600025999;1;7;0;0;2;3;16;A01
201600025999;2;7;0;0;2;3;1;B01
201600026000;1;7;0;0;2;6;15;B01
201600026000;1;1;0;0;2;1;15;A01
201600026001;2;7;0;0;2;5;1;B01
201600026001;1;7;0;0;2;1;9;A01
201600026002;1;30;0;8;0;2;9;A01
201600026003;2;7;0;0;1;1;1;A01
201600026004;0;30;0;16;0;1;1;A01
201600026005;2;31;0;0;2;3;13;B01
201600026005;1;7;0;0;2;1;1;A01
201600026006;1;7;0;0;2;8;1;B01
201600026006;1;15;0;0;2;1;1;A01
201600026007;1;7;0;0;2;3;1;A01
201600026007;1;7;0;0;2;1;1;B01
201600026008;2;20;0;0;2;1;19;A01
201600026008;2;30;0;0;2;7;1;B01
201600026009;1;7;0;0;1;1;1;Z01
201600026010;1;7;0;6;0;1;0;A01
201600026011;1;7;0;0;1;1;1;A01
201600026012;1;3;0;13;0;2;2;A01
201600026013;2;7;0;0;2;2;2;A01
201600026013;2;7;0;0;2;4;2;B01
201600026013;2;7;0;0;2;4;2;C01
201600026014;1;40;0;0;2;1;1;B01
201600026014;1;7;0;0;4;8;15;A01
201600026015;1;7;0;0;2;0;0;B01
201600026015;1;30;0;0;2;0;0;A01
201600026016;1;10;0;0;2;1;2;A01
201600026016;1;7;0;0;2;4;2;B01
201600026017;1;30;0;16;0;8;1;A01
201600026018;1;7;0;2;0;2;14;A01
201600026019;1;31;0;0;2;8;19;A01
201600026019;2;7;0;0;2;1;1;B01
201600026020;1;7;0;0;1;1;1;A01
201600026021;1;31;0;16;0;8;1;A01
201600026022;1;7;0;0;2;7;1;B01
201600026022;1;7;0;0;2;1;9;A01
201600026023;2;32;0;0;2;2;1;B01
201600026023;2;7;0;0;2;8;9;A01
201600026024;2;7;0;0;2;1;1;B01
201600026024;1;7;0;0;2;1;5;A01
201600026025;2;1;0;0;2;1;14;A01
201600026025;1;1;0;0;2;1;1;Z01
201600026026;1;33;0;0;2;4;2;B01
201600026026;1;7;0;0;2;1;2;A01
201600026026;1;7;0;0;2;4;2;C01
201600026027;1;32;0;16;0;0;1;A01
201600026028;2;7;0;0;2;3;10;A01
201600026028;2;2;0;0;2;1;1;B01
201600026029;1;7;0;0;1;2;1;A01
201600026030;1;2;0;0;2;7;1;B01
201600026030;1;7;0;0;2;1;9;A01
201600026031;1;7;0;0;2;1;2;A01
201600026031;1;7;0;0;2;4;2;B01
201600026031;1;7;0;0;2;4;2;C01
201600026032;1;7;0;0;2;1;2;A01
201600026032;1;7;0;0;2;4;2;B01
201600026033;1;7;0;0;2;1;1;A01
201600026033;1;7;0;0;2;7;1;B01
201600026034;2;33;0;10;0;2;1;A01
201600026035;1;7;0;0;2;8;1;A01
201600026035;0;7;0;0;2;1;13;B01
201600026036;1;7;0;0;2;4;2;A01
201600026036;1;7;0;0;2;4;2;B01
201600026036;1;7;0;0;2;1;2;C01
201600026037;1;40;25;0;1;1;1;A01
201600026038;1;7;0;4;0;1;1;A01
201600026039;1;7;0;8;0;1;1;A01
201600026040;1;7;0;0;1;4;4;A01
201600026041;2;33;0;0;2;1;1;B01
201600026041;2;7;0;0;2;8;15;A01
201600026042;1;30;0;0;2;1;2;A01
201600026042;1;7;0;0;2;4;2;B01
201600026043;2;7;0;0;2;1;9;A01
201600026043;2;30;0;0;2;7;1;B01
201600026044;2;32;0;0;2;8;3;B01
201600026044;2;7;0;0;2;2;22;A01
201600026044;2;7;0;0;2;8;1;C01
201600026045;1;7;0;0;1;1;1;A01
201600026046;1;7;0;0;2;1;1;A01
201600026046;1;31;0;0;2;4;1;B01
201600026047;1;7;0;0;1;1;1;A01
201600026048;1;7;0;0;2;1;2;A01
201600026048;1;7;0;0;2;4;2;B01
201600026049;2;7;0;0;2;3;1;A01
201600026049;2;1;0;0;2;3;15;B01
201600026050;1;7;0;0;1;2;1;A01
201600026051;2;7;0;0;2;1;1;B01
201600026051;2;7;0;0;2;3;15;A01
201600026052;2;2;0;16;0;0;1;A01
201600026053;1;1;0;0;1;1;1;A01
201600026054;2;10;0;0;2;1;19;A01
201600026054;2;1;0;0;2;7;1;B01
201600026055;1;7;0;0;0;0;9;Z01
201600026055;1;32;0;16;0;8;21;A01
201600026056;1;30;0;8;0;1;15;A01
201600026057;1;1;0;0;2;1;1;B01
201600026057;1;7;0;0;2;1;1;A01
201600026058;1;30;0;16;0;0;1;A01
201600026059;1;1;0;0;1;1;1;A01
201600026060;1;7;0;0;2;2;1;A01
201600026060;1;7;0;0;2;6;11;B01
201600026061;1;7;0;1;0;1;1;A01
201600026062;2;7;0;0;2;1;2;C01
201600026062;1;7;0;0;2;1;1;A01
201600026062;2;7;0;0;2;1;15;B01
201600026063;1;33;0;0;2;1;1;B01
201600026063;1;7;0;0;2;3;11;A01
201600026064;2;30;0;16;0;1;1;A01
201600026065;2;7;0;0;2;1;1;B01
201600026065;1;10;0;0;2;4;4;A01
201600026066;2;33;0;0;2;1;1;B01
201600026066;1;7;0;0;2;8;15;A01
201600026067;1;7;0;0;1;2;1;A01
201600026068;2;7;0;0;2;1;15;A01
201600026068;1;7;0;0;2;1;1;B01
201600026069;2;33;0;4;0;8;13;A01
201600026070;2;7;0;0;2;3;9;A01
201600026070;1;30;0;0;2;5;1;B01
201600026071;1;7;0;6;0;1;21;A01
201600026072;2;7;0;0;1;7;1;A01
201600026073;1;7;0;0;1;8;9;A01
201600026074;1;7;0;0;2;4;2;B01
201600026074;1;7;0;0;2;2;2;A01
201600026075;2;7;0;0;1;3;1;A01
201600026076;1;7;0;0;2;1;2;A01
201600026076;1;7;0;0;2;4;2;C01
201600026076;1;7;0;0;2;4;2;B01
201600026077;2;7;0;0;2;1;15;A01
201600026077;1;2;0;0;2;3;1;B01
201600026078;1;7;0;0;2;4;2;B01
201600026078;1;7;0;0;2;1;2;A01
201600026078;1;7;0;0;2;4;2;C01
201600026079;1;7;0;0;1;1;1;A01
201600026080;1;7;0;0;2;6;13;A01
201600026080;2;38;0;0;2;1;1;B01
201600026081;1;1;0;15;0;1;1;A01
201600026082;1;7;0;2;0;1;1;A01
201600026083;2;7;0;0;2;1;2;A01
201600026083;2;7;0;0;2;4;2;B01
201600026084;1;7;0;0;2;1;16;A01
201600026084;2;7;0;0;2;3;1;B01
201600026085;1;7;0;0;1;1;1;A01
201600026086;1;1;0;0;2;1;2;A01
201600026086;1;7;0;0;2;4;1;B01
201600026087;2;16;0;0;2;7;9;A01
201600026087;0;7;0;0;2;8;1;B01
201600026088;1;30;0;16;0;1;1;A01
201600026089;1;7;0;7;0;2;2;A01
201600026090;1;7;0;0;1;1;15;A01
201600026091;1;1;0;0;0;0;0;Z01
201600026091;1;30;0;0;2;1;2;B01
201600026092;1;30;0;1;0;8;1;A01
201600026092;1;7;0;0;0;8;24;B01
201600026093;1;30;0;16;0;1;1;A01
201600026094;1;7;0;8;0;3;16;A01
201600026095;1;7;0;0;2;3;9;A01
201600026095;2;7;0;0;0;1;1;B01
201600026096;2;7;0;0;0;1;2;A01
201600026096;2;7;0;0;0;4;2;B01
201600026097;1;7;0;0;2;3;1;A01
201600026097;1;7;0;0;2;1;15;B01
201600026098;0;7;0;0;2;1;1;A01
201600026098;0;7;0;0;2;8;15;B01
201600026099;0;7;0;0;1;2;1;A01
201600026100;1;7;0;0;2;1;1;A01
201600026100;0;99;0;0;2;8;9;B01
201600026101;0;7;0;0;0;0;0;A01
201600026101;0;33;0;0;0;0;0;B01
201600026102;2;7;0;0;1;2;1;A01
201600026103;1;10;0;0;1;4;4;A01
201600026104;1;7;0;0;2;1;1;A01
201600026104;2;7;0;8;2;5;15;B01
201600026105;0;33;0;0;2;1;0;A01
201600026105;0;7;0;0;2;3;0;B01
201600026106;2;7;0;0;0;0;0;B01
201600026106;2;7;0;0;0;0;0;A01
201600026107;1;7;0;0;2;1;19;B01
201600026107;1;1;0;0;2;3;1;G01
201600026108;1;7;0;0;1;0;0;A01
201600026109;1;7;0;0;1;2;16;A01
201600026110;1;7;0;0;2;1;1;A01
201600026111;0;10;0;0;2;1;13;B01
201600026111;0;10;0;0;2;1;1;A01
201600026112;1;36;0;0;2;1;1;B01
201600026112;1;7;0;0;2;5;9;A01
201600026113;0;30;0;0;2;7;0;B01
201600026113;0;7;0;0;2;1;0;A01
201600026114;1;7;0;0;2;5;1;A01
201600026114;1;7;0;0;2;1;1;B01
201600026115;1;31;0;0;0;7;3;A01
201600026115;1;7;0;0;0;8;1;B01
201600026116;1;32;0;0;2;4;13;A01
201600026116;2;10;0;0;2;2;1;B01
201600026117;2;13;0;0;2;0;0;Z01
201600026117;2;7;0;0;2;7;1;A01
201600026118;2;7;0;0;2;1;1;A01
201600026118;2;7;0;0;2;8;9;B01
201600026119;2;7;0;0;2;1;2;A01
201600026119;2;7;0;0;2;4;23;B01
201600026120;1;33;0;0;2;1;1;A01
201600026120;1;7;0;0;2;8;15;B01
201600026121;1;7;0;0;2;1;1;A01
201600026121;1;1;0;0;0;0;1;B01
201600026122;1;7;0;0;2;1;1;A01
201600026122;1;7;0;0;1;4;1;B01
201600026123;1;7;0;0;0;4;1;B01
201600026123;1;7;0;0;2;1;2;A01
201600026124;1;40;0;0;1;7;1;A01
201600026125;1;7;0;0;0;0;0;A01
201600026126;1;7;0;0;1;1;1;A01
201600026127;1;7;0;0;2;4;23;B01
201600026127;1;7;0;0;2;4;23;C01
201600026127;1;7;0;0;2;1;1;A01
201600026128;1;10;0;0;2;3;9;A01
201600026128;1;30;0;0;2;1;1;B01
201600026129;1;7;0;0;1;3;15;A01
201600026130;1;40;0;0;2;3;1;B01
201600026130;1;1;0;8;4;1;16;A01
201600026131;1;7;0;0;1;3;0;Z01
201600026132;1;7;0;0;1;2;1;A01
201600026133;1;7;0;0;1;1;1;A01
201600026134;1;7;0;0;2;8;9;A01
201600026134;1;10;0;0;2;0;0;B01
201600026135;1;33;0;4;0;3;13;A01
201600026136;1;7;0;0;2;7;16;A01
201600026136;1;10;0;0;2;1;1;B01
201600026137;1;33;0;0;2;7;1;A01
201600026137;1;7;0;0;2;3;1;B01
201600026138;2;1;0;0;0;0;0;B01
201600026138;1;7;0;0;0;0;0;A01
201600026139;1;40;0;0;2;2;1;B01
201600026139;1;1;0;0;4;2;7;A01
201600026140;1;7;0;0;0;0;0;Z01
201600026140;1;1;0;0;0;0;0;B01
201600026141;1;7;0;11;2;1;17;A01
201600026141;1;38;0;0;2;8;23;B01
201600026142;1;34;0;0;2;1;1;A01
201600026142;1;7;0;0;2;4;23;B01
201600026143;1;7;0;0;1;2;9;A01
201600026144;1;7;0;0;1;2;1;A01
201600026145;1;7;0;0;2;4;23;B01
201600026145;1;10;0;0;2;1;9;A01
201600026145;1;7;0;0;2;4;23;C01
201600026146;1;7;0;0;2;3;9;A01
201600026146;1;38;0;0;2;1;1;B01
201600026146;0;7;0;0;2;5;1;C01
201600026146;1;1;0;0;2;4;1;D01
201600026147;1;7;0;0;2;4;1;B01
201600026147;1;7;0;0;2;1;1;A01
201600026148;1;7;0;0;2;4;1;B01
201600026148;1;7;0;0;2;1;1;A01
201600026149;1;7;0;0;2;1;1;A01
201600026149;1;7;0;0;2;4;23;B01
201600026150;1;7;0;0;2;3;15;B01
201600026150;1;7;0;0;2;1;17;A01
201600026151;1;7;0;0;2;3;9;A01
201600026151;1;1;0;0;2;1;1;B01
201600026152;1;30;0;0;2;1;1;B01
201600026152;1;7;0;0;2;0;16;A01
201600026153;1;7;0;0;2;1;15;A01
201600026153;2;7;0;0;0;3;23;B01
201600026154;1;7;0;9;0;1;0;A01
201600026155;1;1;0;0;4;2;1;B01
201600026155;1;40;0;0;2;3;1;A01
201600026156;2;7;0;0;1;1;1;A01
201600026157;1;1;0;0;2;1;1;A01
201600026157;2;7;0;0;2;3;9;B01
201600026158;2;7;0;0;2;2;17;A01
201600026158;2;7;0;0;2;4;1;B01
201600026159;1;33;0;0;2;1;17;A01
201600026159;1;7;0;0;2;6;20;B01
201600026160;1;7;0;0;1;3;1;A01
201600026161;1;7;0;0;2;6;0;B01
201600026161;1;7;0;0;2;1;1;A01
201600026161;1;7;0;0;2;4;23;C01
201600026162;1;7;0;0;2;1;1;A01
201600026162;2;30;0;0;0;0;0;B01
201600026163;1;7;0;0;2;1;1;B01
201600026163;1;7;0;0;2;1;1;A01
201600026164;1;7;0;0;2;7;1;B01
201600026164;1;7;0;0;2;1;1;A01
201600026165;2;34;0;0;2;1;1;B01
201600026165;2;7;0;0;2;6;16;A01
201600026166;2;7;0;3;2;6;1;B01
201600026167;2;33;0;3;0;1;11;A01
201600026168;1;7;0;0;2;1;15;A01
201600026168;2;33;0;0;2;1;1;B01
201600026169;1;14;0;0;2;1;1;A01
201600026169;1;7;0;0;2;4;1;B01
201600026169;1;7;0;0;0;4;11;C01
201600026170;1;7;0;0;1;4;4;A01
201600026171;2;7;0;0;2;2;9;A01
201600026171;1;33;0;0;2;1;1;B01
201600026172;1;1;0;0;2;1;1;B01
201600026172;1;14;0;0;2;7;16;A01
201600026173;1;13;0;0;0;0;15;A01
201600026174;1;7;0;0;2;8;13;A01