Num_Acc;senc;catv;occutc;obs;obsm;choc;manv;num_veh
201600026174;1;33;0;0;2;7;9;B01
201600026175;1;40;0;0;4;1;9;A01
201600026175;1;7;0;0;4;8;9;B01
201600026175;1;7;0;0;2;8;9;C01
201600026176;2;7;0;0;0;0;0;A01
201600026176;1;33;0;0;0;0;0;B01
201600026177;1;7;0;0;2;1;21;A01
201600026177;1;1;0;0;2;4;13;B01
201600026178;2;30;0;0;2;0;1;B01
201600026178;1;7;0;0;2;3;15;A01
201600026178;1;7;0;0;2;3;23;C01
201600026179;1;7;0;0;2;2;1;A01
201600026179;1;1;0;0;0;0;0;B01
201600026180;1;7;0;0;2;1;1;A01
201600026180;0;10;0;0;2;8;19;B01
201600026181;1;7;0;0;1;3;1;A01
201600026182;1;7;0;0;2;2;1;B01
201600026182;1;7;0;0;2;5;4;A01
201600026183;1;7;0;0;2;3;1;B01
201600026183;1;7;0;0;2;2;14;A01
201600026184;1;7;0;0;1;2;1;A01
201600026185;1;7;0;0;2;7;17;A01
201600026185;1;7;0;3;2;6;1;B01
201600026186;2;1;0;0;4;1;19;A01
201600026186;1;40;0;0;2;3;1;B01
201600026187;1;7;0;0;2;8;1;B01
201600026187;1;7;0;0;2;2;1;A01
201600026188;1;7;0;0;1;2;1;A01
201600026189;2;7;0;0;2;8;1;C01
201600026189;2;7;0;0;2;2;1;B01
201600026189;2;7;0;0;2;5;23;D01
201600026189;2;10;0;0;2;1;1;A01
201600026190;1;7;0;0;1;2;9;A01
201600026191;2;33;0;5;0;9;15;A01
201600026192;1;7;0;0;2;8;11;A01
201600026192;1;33;0;0;2;7;1;B01
201600026193;1;1;0;0;2;7;3;A01
201600026193;1;7;0;0;2;1;2;B01
201600026194;1;7;0;0;2;4;2;A01
201600026194;1;7;0;0;2;4;2;B01
201600026194;1;7;0;0;2;4;2;C01
201600026194;1;7;0;0;0;0;0;D01
201600026195;1;33;0;0;0;0;0;A01
201600026196;1;1;0;0;0;0;0;B01
201600026196;1;7;0;0;2;0;2;A01
201600026197;0;7;0;0;0;0;0;B01
201600026197;0;7;0;0;0;0;0;A01
201600026198;0;7;0;0;1;0;0;A01
201600026199;1;33;0;0;2;7;13;A01
201600026199;1;7;0;0;2;1;1;B01
201600026200;1;1;0;0;2;1;13;A01
201600026200;2;1;0;0;2;1;1;B01
201600026201;1;7;0;0;2;1;15;A01
201600026201;2;1;0;0;2;0;1;B01
201600026202;1;30;0;0;0;0;0;A01
201600026202;1;7;0;0;0;0;0;B01
201600026203;0;7;0;0;0;0;0;A01
201600026203;0;30;0;0;0;0;0;B01
201600026204;2;7;0;2;1;1;1;A01
201600026205;1;7;0;1;2;2;9;B01
201600026205;1;7;0;1;2;2;2;A01
201600026206;1;7;0;0;1;3;2;A01
201600026207;0;7;0;0;1;0;0;A01
201600026208;0;7;0;0;0;0;0;A01
201600026208;0;33;0;0;0;0;0;B01
201600026209;1;7;0;0;2;1;11;A01
201600026209;1;37;0;0;2;6;2;B01
201600026210;1;7;0;0;2;1;2;B01
201600026210;1;7;0;0;2;7;2;A01
201600026211;1;7;0;0;2;1;2;A01
201600026211;1;7;0;0;2;4;0;B01
201600026212;1;7;0;0;1;1;1;A01
201600026213;0;7;0;0;0;0;0;A01
201600026213;0;7;0;0;0;0;0;B01
201600026213;0;7;0;0;0;0;0;C01
201600026213;0;7;0;0;0;0;0;D01
201600026214;0;7;0;0;1;0;0;A01
201600026215;1;7;0;0;2;7;14;A01
201600026215;1;14;0;0;2;6;1;B01
201600026216;1;7;0;0;2;3;15;A01
201600026216;1;1;0;0;0;0;0;B01
201600026217;1;30;0;0;2;1;2;B01
201600026217;1;7;0;0;2;2;2;A01
201600026218;1;37;0;0;1;2;1;A01
201600026219;1;7;0;0;2;5;16;A01
201600026219;1;1;0;0;0;0;0;B01
201600026220;1;7;0;8;0;1;1;A01
201600026221;1;1;0;0;2;1;5;B01
201600026221;2;7;0;0;2;2;13;A01
201600026222;2;7;0;0;2;8;2;B01
201600026222;1;7;0;1;2;1;13;A01
201600026223;1;7;0;0;2;1;9;A01
201600026223;1;7;0;0;2;4;2;B01
201600026223;1;7;0;0;2;4;2;C01
201600026224;1;7;0;0;0;9;13;A01
201600026225;2;1;0;0;2;1;0;A01
201600026225;1;30;0;0;2;1;0;B01
201600026226;0;3;0;0;0;0;0;A01
201600026226;0;2;0;0;0;0;0;B01
201600026227;0;7;0;0;1;0;0;Z01
201600026228;1;7;0;0;2;4;2;B01
201600026228;1;7;0;0;2;4;2;C01
201600026228;1;7;0;0;2;1;2;A01
201600026229;1;7;0;0;0;2;2;A01
201600026229;2;10;0;0;2;1;16;B01
201600026230;1;7;0;0;1;1;2;A01
201600026231;0;7;0;0;1;0;0;A01
201600026232;1;10;0;0;1;4;4;Z01
201600026233;1;1;0;0;2;1;2;A01
201600026233;1;7;0;0;2;4;2;B01
201600026234;1;7;0;0;1;0;0;A01
201600026235;1;7;0;0;1;1;2;A01
201600026236;2;7;0;7;0;9;0;A01
201600026237;1;7;0;0;0;7;15;A01
201600026238;0;7;0;0;1;1;1;A01
201600026239;2;7;0;0;2;1;0;B01
201600026239;1;7;0;0;0;4;0;A01
201600026240;0;7;0;0;2;1;1;A01
201600026240;0;7;0;0;2;3;0;B01
201600026240;0;7;0;0;0;0;0;C01
201600026241;2;1;0;1;0;1;1;B01
201600026242;2;7;0;0;0;0;0;B01
201600026242;0;1;0;0;0;1;19;A01
201600026243;0;7;0;0;1;3;1;A01
201600026244;2;7;0;0;0;3;2;A01
201600026244;2;7;0;0;0;2;2;B01
201600026245;0;7;0;0;2;1;1;A01
201600026245;0;7;0;0;2;3;1;B01
201600026246;2;7;0;0;2;0;0;A01
201600026246;1;7;0;0;2;0;0;B01
201600026247;1;7;0;0;1;0;0;A01
201600026248;0;7;0;0;2;1;15;A01
201600026248;0;7;0;0;2;3;1;B01
201600026249;0;7;0;0;0;0;0;A01
201600026249;0;7;0;0;0;0;0;B01
201600026250;1;7;0;0;2;1;2;A01
201600026250;1;7;0;0;0;4;2;B01
201600026251;0;7;0;0;2;3;0;A01
201600026251;0;13;0;0;2;6;0;B01
201600026252;2;7;0;0;0;0;0;B01
201600026252;2;7;0;0;0;0;0;A01
201600026253;1;7;0;0;2;1;0;A01
201600026253;2;7;0;0;2;0;0;B01
201600026254;1;7;0;0;1;0;0;A01
201600026255;0;7;0;0;1;3;1;A01
201600026256;1;7;0;0;1;2;1;A01
201600026257;2;30;0;0;2;1;2;A01
201600026257;2;7;0;0;2;5;2;B01
201600026258;2;7;0;0;1;3;1;A01
201600026259;1;7;0;0;2;2;1;B01
201600026259;1;7;0;0;2;3;15;A01
201600026260;1;17;0;0;2;4;23;B01
201600026260;1;7;0;0;2;1;2;A01
201600026261;2;1;0;0;2;1;19;A01
201600026261;2;7;0;0;2;2;15;B01
201600026262;1;7;0;6;2;5;2;B01
201600026262;1;7;0;0;2;1;2;A01
201600026263;1;7;0;0;2;1;2;A01
201600026263;1;7;0;0;2;4;2;C01
201600026263;1;7;0;0;2;4;2;B01
201600026264;1;7;0;0;2;3;11;B01
201600026264;2;7;0;0;2;5;2;A01
201600026265;1;7;0;0;1;1;0;A01
201600026266;2;7;0;0;2;1;2;A01
201600026266;2;7;0;0;2;4;2;C01
201600026266;2;7;0;0;2;4;2;B01
201600026267;1;10;0;0;2;1;15;A01
201600026267;2;33;0;0;2;8;1;B01
201600026268;2;2;0;0;2;1;2;A01
201600026268;2;7;0;0;2;4;2;B01
201600026269;1;7;0;0;2;1;2;C01
201600026269;2;7;0;0;2;2;1;B01
201600026269;1;7;0;0;0;5;15;A01
201600026270;1;7;0;0;2;4;1;B01
201600026270;1;30;0;0;2;1;1;A01
201600026271;1;7;0;0;2;4;23;D01
201600026271;1;7;0;0;2;5;0;B01
201600026271;1;7;0;0;2;4;23;E01
201600026271;1;7;0;0;2;6;23;C01
201600026271;2;7;0;0;2;3;16;A01
201600026272;2;7;0;0;2;4;2;B01
201600026272;1;7;0;0;2;1;2;A01
201600026273;1;7;0;0;2;2;13;B01
201600026273;1;7;0;0;2;2;11;A01
201600026274;2;7;0;0;1;1;15;A01
201600026275;1;7;0;0;2;8;1;B01
201600026275;1;10;0;0;2;2;19;A01
201600026276;2;7;0;0;2;7;0;A01
201600026276;1;7;0;0;2;1;0;B01
201600026277;1;7;0;0;1;1;1;A01
201600026278;2;7;0;0;1;2;1;A01
201600026279;2;7;0;0;2;1;13;A01
201600026279;1;7;0;0;2;3;1;B01
201600026280;0;33;0;5;0;1;0;A01
201600026281;1;7;0;0;1;3;1;A01
201600026282;2;7;0;9;0;1;13;A01
201600026283;2;7;0;13;0;2;13;A01
201600026284;0;7;0;0;1;0;0;A01
201600026285;1;7;0;12;0;9;1;A01
201600026286;2;33;0;0;2;6;17;A01
201600026286;2;7;0;0;2;6;2;B01
201600026287;1;33;0;0;2;1;1;B01
201600026287;2;7;0;0;2;3;15;A01
201600026288;1;2;0;0;1;1;17;A01
201600026288;2;7;0;0;2;3;23;B01
201600026289;1;7;0;0;2;1;13;A01
201600026289;2;13;0;0;2;3;1;B01
201600026289;1;7;0;0;2;1;2;C01
201600026290;1;7;0;2;0;1;1;A01
201600026291;2;7;0;0;2;1;1;B01
201600026291;1;7;0;0;2;2;15;A01
201600026292;2;7;0;0;1;8;15;A01
201600026293;2;7;0;0;5;1;17;A01
201600026294;1;7;0;0;1;2;1;A01
201600026295;1;7;0;0;1;2;16;A01
201600026296;1;33;0;0;2;1;1;B01
201600026296;2;7;0;0;2;3;15;A01
201600026297;1;7;0;0;2;3;13;B01
201600026297;2;7;0;0;2;3;1;A01
201600026298;2;7;0;0;1;0;0;A01
201600026299;1;7;0;0;1;3;15;A01
201600026300;1;7;0;0;1;3;1;A01
201600026301;0;14;0;0;1;1;9;A01
201600026302;2;30;0;0;2;1;1;A01
201600026302;2;30;0;0;2;1;1;B01
201600026302;1;10;0;0;2;8;15;C01
201600026303;2;7;0;0;2;1;13;A01
201600026303;1;10;0;0;2;3;1;B01
201600026303;1;7;0;16;0;0;1;C01
201600026304;1;7;0;0;2;1;9;A01
201600026304;1;33;0;0;2;7;1;B01
201600026305;1;7;0;0;1;2;17;A01
201600026306;2;7;0;0;2;1;13;A01
201600026306;1;7;0;0;2;1;1;B01
201600026307;2;7;0;0;2;1;15;A01
201600026307;1;2;0;0;2;1;1;B01
201600026308;2;7;0;0;2;3;13;A01
201600026308;1;15;0;0;2;3;1;B01
201600026309;1;7;0;1;2;1;5;A01
201600026309;2;7;0;0;2;1;1;B01
201600026310;1;7;0;1;0;2;14;A01
201600026311;2;2;0;12;0;1;14;A01
201600026312;0;2;0;0;1;1;13;A01
201600026313;1;33;0;0;2;1;17;A01
201600026313;1;7;0;0;0;0;0;B01
201600026314;1;1;0;0;1;1;1;A01
201600026315;2;7;0;0;2;2;15;A01
201600026315;1;33;0;0;2;1;1;B01
201600026316;2;10;0;0;2;1;2;A01
201600026316;2;7;0;0;2;4;2;B01
201600026316;2;7;0;0;2;4;2;C01
201600026317;1;7;0;0;1;1;15;A01
201600026318;1;7;0;0;2;3;15;A01
201600026318;1;2;0;0;2;1;3;B01
201600026319;1;7;0;0;2;6;9;A01
201600026319;1;2;0;0;2;1;1;B01
201600026320;1;7;0;0;2;2;15;A01
201600026320;0;30;0;0;2;8;1;B01
201600026321;1;7;0;0;2;0;0;A01
201600026321;1;7;0;0;2;1;1;B01
201600026322;0;7;0;0;1;8;1;A01
201600026323;2;33;0;12;0;1;15;A01
201600026324;1;7;0;0;2;1;1;A01
201600026324;1;7;0;0;2;4;1;B01
201600026324;1;7;0;0;2;4;1;C01
201600026325;1;7;0;0;9;1;1;A01
201600026325;0;1;0;0;2;0;0;B01
201600026326;1;7;0;0;2;1;2;A01
201600026326;1;7;0;0;2;4;23;B01
201600026327;2;7;0;0;2;2;1;B01
201600026327;2;33;0;0;2;6;16;A01
201600026328;2;2;0;0;2;5;1;B01
201600026328;1;7;0;0;2;3;0;A01
201600026329;2;7;0;0;2;5;17;A01
201600026329;2;1;0;0;2;8;0;B01
201600026330;1;7;0;12;0;2;14;A01
201600026331;1;7;0;0;2;2;1;A01
201600026331;1;1;0;0;2;4;19;B01
201600026332;1;7;0;0;1;4;4;A01
201600026333;1;7;0;0;2;8;16;A01
201600026333;1;31;0;0;2;8;2;B01
201600026334;1;7;0;0;1;1;1;A01
201600026335;1;7;0;0;1;2;1;Z01
201600026336;1;7;0;0;2;2;15;A01
201600026336;1;1;0;0;2;8;0;B01
201600026337;1;7;0;0;2;1;15;A01
201600026337;2;7;0;0;2;1;1;B01
201600026338;2;7;0;0;2;1;2;A01
201600026338;2;7;0;0;2;4;2;B01
201600026338;2;7;0;0;2;4;2;C01
201600026339;0;7;0;0;1;0;20;A01
201600026340;0;7;0;0;1;0;0;A01
201600026341;2;1;0;0;2;1;1;B01
201600026341;0;7;0;0;2;3;15;A01
201600026342;1;7;0;0;0;9;0;A01
201600026343;1;7;0;0;2;1;13;A01
201600026343;2;7;0;0;2;1;1;B01
201600026343;2;7;0;0;0;3;1;C01
201600026343;1;7;0;0;0;0;2;D01
201600026343;2;7;0;0;2;3;1;E01
201600026343;2;7;0;0;0;0;21;F02
201600026344;1;7;0;0;2;1;1;B01
201600026344;1;34;0;0;2;0;0;A01
201600026345;2;7;0;0;1;1;0;A01
201600026346;2;7;0;0;2;1;15;B01
201600026346;2;7;0;0;2;1;1;A01
201600026347;2;7;0;0;0;0;0;A01
201600026347;2;17;0;0;0;0;0;B01
201600026348;1;7;0;0;2;1;2;A01
201600026348;1;31;0;0;2;1;2;B01
201600026349;2;7;0;1;1;7;0;A01
201600026350;0;7;0;0;0;0;0;A01
201600026350;0;7;0;0;0;0;0;B01
201600026351;0;7;0;0;0;0;0;A01
201600026351;0;7;0;0;0;0;0;B01
201600026352;1;7;0;0;2;1;13;A01
201600026352;2;7;0;0;2;1;0;B01
201600026353;1;7;0;0;2;1;0;A01
201600026353;2;7;0;0;2;1;0;B01
201600026354;0;7;0;0;2;1;1;A01
201600026354;0;7;0;0;0;0;0;B01
201600026355;0;14;0;0;2;7;16;A01
201600026355;0;1;0;0;2;0;19;B01
201600026356;0;7;0;0;1;1;0;A01
201600026357;1;33;0;12;0;8;1;A01
201600026358;2;7;0;0;2;6;1;B01
201600026358;1;7;0;0;2;1;15;A01
201600026359;1;33;0;0;2;3;1;A01
201600026359;1;33;0;0;2;4;1;B01
201600026360;1;7;0;0;2;2;2;A01
201600026360;1;7;0;0;0;3;15;B01
201600026361;1;7;0;0;2;1;0;A01
201600026361;1;7;0;0;2;4;0;B01
201600026362;1;7;0;0;2;1;0;A01
201600026362;1;7;0;0;2;6;1;B01
201600026363;0;3;0;0;1;1;0;A01
201600026364;2;7;0;0;2;1;1;B01
201600026364;1;7;0;0;2;3;15;A01
201600026365;2;7;0;0;2;1;1;A01
201600026365;2;1;0;0;2;0;0;B01
201600026366;2;33;0;0;2;1;1;A01
201600026366;1;7;0;0;2;2;1;B01
201600026367;1;7;0;0;2;3;15;A01
201600026367;0;33;0;0;2;1;1;B01
201600026368;0;7;0;0;2;2;0;A01
201600026368;0;7;0;0;2;3;0;B01
201600026369;1;7;0;0;2;1;2;A01
201600026369;1;7;0;0;2;4;2;B01
201600026370;2;2;0;0;0;1;1;A01
201600026371;2;7;0;0;2;1;15;A01
201600026371;1;7;0;0;2;3;1;B01
201600026372;0;7;0;0;0;6;23;B01
201600026372;0;2;0;0;2;1;1;A01
201600026373;0;7;0;0;1;1;1;A01
201600026374;1;7;0;1;0;9;21;A01
201600026375;2;7;0;0;2;1;0;B01
201600026375;2;7;0;0;2;2;0;A01
201600026376;1;7;0;0;2;4;2;A01
201600026376;1;7;0;0;2;4;2;B01
201600026377;1;7;0;0;2;1;15;A01
201600026377;2;7;0;0;2;1;1;B01
201600026378;1;7;0;0;2;1;2;A01
201600026378;1;7;0;0;2;4;2;B01
201600026378;1;7;0;0;2;4;2;C01
201600026379;2;10;0;15;0;1;1;A01
201600026380;1;7;0;0;2;8;1;B01
201600026380;1;7;0;0;2;1;1;A01
201600026381;0;7;0;0;1;1;1;A01
201600026382;1;7;0;13;0;1;14;A01
201600026383;1;7;0;0;2;4;2;B01
201600026383;1;7;0;0;2;4;2;C01
201600026383;1;7;0;0;2;1;2;Z01
201600026384;0;7;0;0;2;1;0;A01
201600026384;0;7;0;0;2;7;0;B01
201600026385;0;7;0;0;2;8;0;B01
201600026385;0;2;0;0;2;1;15;A01
201600026386;1;7;0;0;2;1;2;A01
201600026386;1;7;0;0;2;4;2;B01
201600026386;1;7;0;0;2;4;0;C01
201600026387;1;7;0;0;2;1;2;A01
201600026387;1;33;0;0;2;4;0;B01
201600026388;1;10;0;0;2;1;2;A01
201600026388;1;7;0;0;2;4;1;B01
201600026389;2;1;0;0;0;0;0;A01
201600026390;0;33;0;0;2;1;2;A01
201600026390;0;10;0;0;2;4;23;B01
201600026391;2;7;0;0;2;1;13;A01
201600026391;1;7;0;0;2;1;1;B01
201600026392;2;7;0;0;2;9;1;A01
201600026392;2;10;0;0;2;1;2;B01
201600026393;1;7;0;0;2;1;1;A01
201600026393;1;7;0;0;2;4;2;B01
201600026393;1;7;0;0;2;4;2;C01
201600026394;2;7;0;6;0;1;0;A01
201600026395;0;7;0;0;2;1;2;A01
201600026395;0;7;0;0;0;4;1;B01
201600026396;0;7;0;0;1;8;0;A01
201600026397;0;30;0;0;2;8;7;A01
201600026397;0;7;0;0;2;2;16;B01
201600026398;1;2;0;0;0;0;0;A01
201600026399;0;1;0;0;2;1;1;B01
201600026399;0;7;0;0;2;5;15;A01
201600026400;0;7;0;0;0;0;0;A01
201600026400;0;30;0;0;0;0;0;B01
201600026401;1;7;0;13;0;9;1;A01
201600026402;2;7;0;2;0;7;1;A01
201600026403;0;7;0;0;2;1;2;A01
201600026403;0;7;0;0;2;4;2;B01
201600026404;1;7;0;0;2;2;2;A01
201600026405;2;7;0;0;2;1;2;A01
201600026405;2;7;0;0;2;4;0;B01
201600026406;1;7;0;0;1;2;1;A01
201600026407;1;7;0;0;2;1;0;A01
201600026407;1;7;0;0;2;4;2;B01
201600026407;1;7;0;0;2;4;0;C01
201600026407;1;7;0;0;2;4;2;D01
201600026408;1;7;0;0;2;3;13;A01
201600026408;2;7;0;0;2;6;1;B01
201600026409;1;7;0;0;2;1;1;B01
201600026409;2;1;0;0;2;6;0;A01
201600026410;1;7;0;0;1;5;1;A01
201600026411;0;7;0;8;2;8;1;B01
201600026411;0;7;0;0;2;1;19;A01
201600026412;1;7;0;0;2;1;1;B01
201600026412;1;7;0;0;2;2;1;A01
201600026413;1;7;0;0;1;3;15;A01
201600026414;0;7;0;0;2;3;15;A01
201600026414;0;1;0;0;2;1;1;B01
201600026415;0;7;0;0;1;4;4;A01
201600026416;2;7;0;0;1;0;15;A01
201600026417;2;7;0;12;0;3;13;A01
201600026418;2;7;0;0;2;2;1;B01
201600026418;2;7;0;0;2;1;1;A01
201600026419;2;7;0;0;2;3;13;A01
201600026419;1;1;0;0;2;8;0;B01
201600026420;2;7;0;11;0;1;0;L01
201600026421;1;7;0;0;2;3;0;A01
201600026421;1;1;0;0;2;1;0;C01
201600026421;1;1;0;0;2;1;0;B01
201600026422;1;7;0;0;2;2;1;B01
201600026422;1;1;0;0;2;1;1;A01
201600026423;1;33;0;0;2;1;2;A01
201600026423;1;7;0;0;2;4;2;B01
201600026424;2;2;0;0;2;1;1;A01
201600026424;2;7;0;0;2;3;16;B01
201600026425;0;2;0;0;2;1;13;A01
201600026425;0;7;0;0;2;3;1;B01
201600026426;1;2;0;0;2;1;2;A01
201600026426;1;7;0;0;2;4;0;B01
201600026427;1;7;0;13;0;3;1;A01
201600026428;1;7;0;13;0;1;1;A01
201600026429;0;7;0;0;1;1;0;A01
201600026430;0;10;0;0;1;1;0;A01
201600026431;2;30;0;0;2;1;0;A01
201600026431;2;7;0;0;2;6;0;B01
201600026432;0;10;0;0;2;8;15;B01
201600026432;0;33;0;0;2;1;17;A01
201600026433;0;7;0;0;2;1;15;A01
201600026433;0;1;0;0;2;1;0;B01
201600026434;1;7;0;0;1;7;0;A01
201600026435;2;38;0;0;1;4;4;A01
201600026436;2;33;0;1;0;0;1;A01
201600026437;2;7;0;0;1;1;0;A01
201600026438;0;7;0;0;2;1;15;A01
201600026438;0;1;0;0;2;1;1;B01
201600026439;0;7;0;0;2;1;0;B01
201600026439;0;7;0;0;2;1;13;A01
201600026440;2;7;0;0;1;8;0;A01
201600026441;1;7;0;0;2;3;13;A01
201600026441;2;7;0;0;2;3;0;B01
201600026442;0;7;0;0;2;2;0;B01
201600026442;0;1;0;0;2;1;0;A01
201600026443;0;7;0;0;0;0;0;A01
201600026444;1;7;0;0;2;8;23;C01
201600026444;0;7;0;0;2;5;0;A01
201600026444;2;33;0;0;2;1;0;B01
201600026445;1;7;0;0;2;8;0;B01
201600026445;2;32;0;0;2;1;13;A01
201600026446;2;33;0;0;2;1;13;A01
201600026446;1;7;0;0;2;1;0;B01
201600026447;0;7;0;2;0;1;0;A01
201600026448;0;7;0;0;1;1;0;A01
201600026449;2;7;0;0;2;1;2;A01
201600026449;2;7;0;0;2;4;2;B01
201600026450;2;7;0;0;1;1;0;A01
201600026451;0;7;0;0;2;3;1;B01
201600026451;0;7;0;0;2;1;15;A01
201600026452;2;10;0;0;2;3;1;B01
201600026452;1;7;0;0;2;1;1;A01
201600026453;0;7;0;6;0;9;1;A01
201600026454;0;7;0;0;1;1;0;A01
201600026455;0;7;0;0;2;0;1;A01
201600026455;0;30;0;0;2;7;0;B01
201600026456;0;10;0;0;2;3;15;B01
201600026456;0;7;0;0;2;5;17;A01
201600026457;0;7;0;0;2;1;1;B01
201600026457;0;7;0;0;2;1;13;A01
201600026458;0;7;0;0;1;1;0;A01
201600026459;0;7;0;6;0;8;0;A01
201600026460;0;30;0;0;2;8;1;B01
201600026460;0;7;0;0;0;0;9;A01
201600026461;0;7;0;0;9;1;0;A01
201600026461;0;1;0;0;2;8;1;B01
201600026462;0;7;0;0;0;8;1;A01
201600026463;0;7;0;0;2;2;15;A01
201600026463;0;7;0;0;2;1;1;B01
201600026464;0;7;0;0;1;7;1;A01
201600026465;0;7;0;0;2;1;2;A01
201600026465;0;7;0;0;2;4;1;B01
201600026466;0;7;0;0;0;9;1;A01
201600026467;0;2;0;0;2;7;1;B01
201600026467;0;7;0;0;2;0;15;A01
201600026468;0;2;0;0;0;0;1;A01
201600026469;0;7;0;0;2;1;1;B01
201600026469;0;7;0;0;2;8;1;A01
201600026470;0;7;0;0;2;7;1;B01
201600026470;0;7;0;0;2;1;1;A01
201600026471;0;7;0;0;1;3;1;A01
201600026472;0;17;0;16;0;1;0;A01
201600026473;0;7;0;0;2;1;1;A01
201600026473;0;7;0;0;2;2;1;B01
201600026474;0;7;0;16;0;9;1;A01
201600026475;0;7;0;0;1;3;17;A01
201600026476;0;7;0;8;0;8;1;A01
201600026477;0;2;0;8;0;1;1;A01
201600026478;0;10;0;0;1;1;15;A01
201600026479;0;1;0;0;2;4;1;B01
201600026479;0;7;0;0;2;3;9;A01
201600026480;0;7;0;0;2;3;16;A01
201600026480;0;7;0;0;2;3;1;B01
201600026481;0;7;0;8;2;5;0;A01
201600026481;0;7;0;0;2;1;1;B01
201600026482;0;7;0;0;1;2;1;A01
201600026483;0;7;0;0;2;4;2;B01
201600026483;0;14;0;0;2;1;1;A01
201600026484;0;7;0;0;2;3;20;A01
201600026484;0;33;0;0;2;7;1;B01
201600026485;0;2;0;0;0;8;1;A01
201600026486;0;7;0;0;2;4;2;B01
201600026486;0;7;0;0;2;1;1;Z01
201600026487;0;2;0;0;0;8;1;A01
201600026488;0;7;0;0;2;1;1;B01
201600026488;0;7;0;0;2;8;1;A01
201600026489;0;2;0;0;2;1;1;A01
201600026489;0;7;0;0;2;8;1;B01
201600026490;0;2;0;0;2;1;1;B01
201600026490;0;7;0;0;2;1;15;A01
201600026491;0;7;0;0;2;3;1;B01
201600026491;0;7;0;0;2;1;15;A01
201600026492;0;7;0;0;2;1;1;A01
201600026492;0;7;0;0;2;4;2;B01
201600026493;0;7;0;0;2;2;15;A01
201600026493;0;7;0;0;2;1;1;B01
201600026494;0;7;0;0;1;0;1;A01
201600026495;0;7;0;0;2;1;1;A01
201600026495;0;7;0;0;2;4;2;B01
201600026496;0;1;0;0;2;1;1;B01
201600026496;0;7;0;0;2;7;15;A01
201600026497;0;7;0;0;2;1;1;B01
201600026497;0;7;0;0;2;1;1;A01
201600026498;0;33;0;0;2;8;15;B01
201600026498;0;7;0;0;2;7;1;A01
201600026499;0;31;0;0;2;1;1;B01
201600026499;0;7;0;0;2;3;15;A01
201600026500;0;7;0;0;2;4;2;C01
201600026500;0;7;0;0;2;1;1;A01
201600026500;0;7;0;0;2;4;2;B01
201600026501;0;2;0;0;2;1;1;A01
201600026501;0;2;0;0;2;1;1;B01
201600026501;0;7;0;0;2;8;0;C01
201600026502;0;7;0;0;2;7;1;A01
201600026502;0;7;0;0;2;1;1;B01
201600026503;0;2;0;0;0;0;1;A01
201600026504;0;7;0;0;2;6;5;B01
201600026504;0;3;0;0;2;8;1;A01
201600026505;0;2;0;0;2;1;13;A01
201600026505;0;7;0;0;2;8;15;B01
201600026506;0;7;0;0;2;4;23;A01
201600026506;0;7;0;0;2;1;2;B01
201600026507;0;7;0;0;2;1;16;A01
201600026507;0;7;0;0;2;2;1;B01
201600026508;0;7;0;0;1;1;15;A01
201600026509;0;7;0;0;2;0;23;B01
201600026509;0;2;0;0;2;3;15;A01
201600026510;0;7;0;0;2;5;16;A01
201600026510;0;2;0;0;2;7;1;B01
201600026511;0;7;0;0;2;2;1;B01
201600026511;0;10;0;0;2;4;4;A01
201600026512;0;7;0;0;2;3;1;B01
201600026512;0;1;0;0;2;1;1;A01
201600026513;0;10;0;0;2;1;2;A01
201600026513;0;7;0;0;2;0;15;C01
201600026513;0;10;0;0;2;5;23;B01
201600026514;0;7;0;0;2;1;9;A01
201600026514;0;2;0;0;2;7;1;B01
201600026515;0;33;0;0;2;3;1;B01
201600026515;0;7;0;0;2;5;9;A01
201600026516;0;7;0;0;2;3;1;A01
201600026516;0;7;0;0;2;7;1;B01
201600026517;0;7;0;0;2;1;15;A01
201600026517;0;7;0;0;2;4;2;B01
201600026517;0;7;0;0;2;4;2;C01
201600026518;0;7;0;0;2;2;1;B01
201600026518;0;7;0;0;2;6;9;A01
201600026519;0;7;0;0;2;3;1;A01
201600026519;0;7;0;0;2;1;1;B01
201600026520;0;7;0;0;2;2;1;B01
201600026520;0;7;0;0;2;8;15;A01
201600026521;0;7;0;16;0;9;1;A01
201600026522;0;7;0;0;2;3;1;A01
201600026522;0;10;0;0;2;8;5;B01
201600026523;0;7;0;16;0;9;1;A01
201600026524;0;7;0;0;1;2;1;A01
201600026525;0;7;0;0;2;1;1;A01
201600026525;0;7;0;0;2;3;15;B01
201600026526;0;7;0;0;2;1;1;B01
201600026526;0;2;0;0;2;7;16;A01
201600026527;0;7;0;0;2;1;1;A01
201600026527;0;7;0;0;2;4;2;B01
201600026527;0;7;0;0;2;4;2;C01
201600026528;0;7;0;0;1;0;0;A01
201600026529;0;7;0;0;2;5;2;B01
201600026529;0;16;0;0;2;3;1;A01
201600026530;0;7;0;0;2;8;1;B01
201600026530;0;7;0;0;2;1;15;A01
201600026531;0;7;0;0;2;3;15;B01
201600026531;0;31;0;0;2;9;17;A01
201600026532;0;7;0;5;0;1;1;A01
201600026533;0;7;0;0;2;3;1;A01
201600026533;0;31;0;0;2;7;17;B01
201600026534;0;2;0;16;0;3;1;A01
201600026535;0;7;0;0;1;1;1;A01
201600026536;0;7;0;16;0;2;1;A01
201600026537;0;7;0;1;0;1;1;A01
201600026538;0;7;0;4;0;1;1;A01
201600026539;0;7;0;0;2;3;1;A01
201600026539;0;7;0;0;2;3;5;B01