Num_Acc;senc;catv;occutc;obs;obsm;choc;manv;num_veh
201600027291;2;7;0;0;0;4;1;B01
201600027292;1;2;0;0;2;2;17;A01
201600027292;1;7;0;0;2;6;15;B01
201600027293;2;33;0;0;2;1;1;B01
201600027293;1;7;0;0;2;2;1;A01
201600027294;0;7;0;0;2;3;9;B01
201600027294;1;33;0;0;2;2;1;A01
201600027295;2;7;0;0;2;3;1;B01
201600027295;1;7;0;0;2;1;13;A01
201600027295;2;31;0;0;2;1;1;C01
201600027296;2;33;0;0;2;7;17;A01
201600027296;2;7;0;0;2;6;17;B01
201600027297;1;7;0;0;2;1;1;B01
201600027297;1;7;0;0;2;1;1;A01
201600027297;1;7;0;0;0;3;23;C01
201600027298;1;33;0;0;2;1;1;B01
201600027298;0;7;0;0;2;3;15;A01
201600027299;2;7;0;0;2;1;1;A01
201600027299;2;7;0;0;0;6;23;B01
201600027300;1;33;0;0;0;2;1;A01
201600027301;1;7;0;0;2;3;15;A01
201600027301;2;33;0;0;2;2;1;B01
201600027302;2;7;0;0;2;2;15;A01
201600027302;1;1;0;0;2;1;1;B01
201600027303;1;1;0;0;2;3;1;B01
201600027303;1;7;0;0;2;1;15;A01
201600027304;2;7;0;0;1;1;13;A01
201600027305;1;33;0;0;2;7;15;A01
201600027305;0;7;0;0;2;1;1;B01
201600027306;1;7;0;0;2;2;15;A01
201600027306;1;33;0;0;0;2;1;B01
201600027307;1;7;0;0;1;1;1;A01
201600027308;1;33;0;0;2;1;1;B01
201600027308;1;7;0;0;2;6;10;A01
201600027309;1;7;0;0;2;6;0;B01
201600027309;1;7;0;0;2;1;0;C01
201600027309;2;7;0;0;2;1;5;A01
201600027310;1;1;0;0;2;1;19;B01
201600027310;1;7;0;0;2;2;1;A01
201600027311;1;7;0;0;2;2;12;A01
201600027311;1;2;0;0;2;8;1;B01
201600027312;1;7;0;0;2;2;1;A01
201600027312;1;1;0;0;2;3;1;B01
201600027313;1;7;0;0;0;4;23;C01
201600027313;1;7;0;0;2;1;1;A01
201600027313;1;7;0;0;2;4;23;B01
201600027314;2;7;0;0;2;3;15;B01
201600027314;2;33;0;0;2;1;17;A01
201600027315;1;7;0;0;1;3;1;A01
201600027316;1;7;0;0;1;1;1;A01
201600027317;2;7;0;2;0;8;1;A01
201600027318;1;7;0;16;0;9;1;A01
201600027319;1;7;0;0;1;5;4;A01
201600027320;2;7;0;0;1;4;4;A01
201600027321;1;33;0;16;0;0;1;A01
201600027322;1;1;0;0;2;0;1;B01
201600027322;1;7;0;;;;;C02
201600027322;1;1;0;0;2;0;1;A01
201600027323;1;7;0;0;1;1;0;A01
201600027324;1;7;0;0;2;1;13;A01
201600027324;2;15;0;0;2;1;1;B01
201600027325;1;7;0;2;0;3;1;A01
201600027326;2;2;0;0;2;1;0;B01
201600027326;1;10;0;0;2;3;1;A01
201600027327;1;7;0;0;1;1;0;A01
201600027328;1;7;0;0;2;1;13;A01
201600027328;2;7;0;0;2;1;0;B01
201600027328;2;7;0;0;2;8;0;C01
201600027329;1;33;0;0;2;1;1;A01
201600027329;2;7;0;0;2;2;15;B01
201600027330;2;2;0;14;0;1;1;A01
201600027330;2;7;0;0;2;6;23;B01
201600027331;1;7;0;9;0;1;1;A01
201600027331;1;7;0;0;2;3;1;B01
201600027332;2;7;0;0;1;1;1;A01
201600027333;2;7;0;0;2;3;13;A01
201600027333;1;7;0;8;2;3;1;B01
201600027334;2;7;0;0;2;4;1;B01
201600027334;2;7;0;0;2;1;2;A01
201600027335;2;7;0;0;2;5;15;A01
201600027335;1;32;0;0;2;1;1;B01
201600027336;0;7;0;0;1;1;1;A01
201600027337;0;7;0;0;1;1;1;A01
201600027338;1;7;0;0;1;1;1;A01
201600027339;1;7;0;0;2;3;15;A01
201600027339;1;33;0;0;2;1;1;B01
201600027340;1;33;0;0;2;1;1;A01
201600027340;1;7;0;0;2;1;1;B01
201600027341;1;30;0;15;0;1;1;A01
201600027342;1;7;0;0;2;1;1;B01
201600027342;1;7;0;0;2;2;15;A01
201600027343;0;7;0;0;1;1;1;A01
201600027344;1;1;0;0;2;8;2;A01
201600027344;1;15;0;0;2;7;2;B01
201600027345;1;7;0;0;2;1;9;A01
201600027345;1;1;0;0;2;7;1;B01
201600027346;1;7;0;0;2;3;1;B01
201600027346;0;33;0;0;2;1;1;A01
201600027347;0;7;0;0;1;4;20;A01
201600027348;1;38;1;0;1;1;1;A01
201600027349;1;7;0;0;2;1;2;A01
201600027349;1;7;0;0;2;4;23;B01
201600027350;0;7;0;0;1;4;4;A01
201600027351;0;30;0;0;2;1;1;B01
201600027351;0;7;0;0;2;2;1;A01
201600027352;0;7;0;0;2;5;1;B01
201600027352;0;30;0;0;2;1;2;A01
201600027353;0;30;0;0;2;1;13;A01
201600027353;0;7;0;0;2;3;1;B01
201600027354;1;7;0;0;2;2;10;A01
201600027354;1;33;0;0;2;1;1;B01
201600027355;0;7;0;0;1;1;1;A01
201600027356;1;7;0;0;2;3;15;A01
201600027356;1;33;0;0;2;8;1;B01
201600027357;1;7;0;0;1;2;16;A01
201600027358;0;7;0;0;2;1;13;A01
201600027358;0;7;0;0;2;1;1;B01
201600027359;1;7;0;0;2;7;2;A01
201600027359;1;1;0;0;2;8;2;B01
201600027360;2;7;0;0;2;5;1;A01
201600027360;0;2;0;0;2;1;1;B01
201600027361;0;7;0;0;2;3;16;A01
201600027361;0;7;0;0;2;2;1;B01
201600027362;1;34;0;0;1;1;1;A01
201600027363;1;7;0;0;1;1;1;A01
201600027364;1;32;0;0;2;1;1;B01
201600027364;0;7;0;0;2;2;15;A01
201600027365;1;33;0;0;2;1;14;A01
201600027365;1;7;0;0;2;4;1;B01
201600027366;1;2;0;0;2;2;16;A01
201600027366;1;7;0;0;2;3;1;B01
201600027367;1;7;0;0;2;1;2;A01
201600027367;1;7;0;0;2;4;2;B01
201600027367;1;7;0;0;2;1;1;C01
201600027368;1;2;0;0;2;1;13;A01
201600027368;1;31;0;0;2;8;19;B01
201600027369;0;7;0;0;2;3;1;B01
201600027369;0;33;0;0;2;1;15;A01
201600027370;1;7;0;0;1;0;1;A01
201600027371;1;7;0;0;1;7;2;A01
201600027372;2;7;0;0;1;2;1;A01
201600027373;1;30;0;0;2;7;1;B01
201600027373;1;7;0;0;2;3;9;A01
201600027374;2;7;0;0;2;2;17;A01
201600027374;2;7;0;0;2;3;15;B01
201600027375;2;7;0;0;2;1;17;A01
201600027375;2;7;0;0;2;8;15;B01
201600027376;1;7;0;0;1;6;1;A01
201600027377;2;7;0;0;2;1;1;B01
201600027377;2;7;0;0;2;7;9;A01
201600027378;1;7;0;0;1;1;1;A01
201600027379;1;2;0;0;0;0;1;A01
201600027380;1;7;0;8;0;2;21;A01
201600027381;0;7;0;0;2;1;1;A01
201600027381;0;7;0;0;2;2;15;B01
201600027382;2;33;0;0;2;8;1;B01
201600027382;1;7;0;0;2;3;15;A01
201600027383;0;7;0;0;2;3;24;A01
201600027383;0;1;0;0;0;7;1;B01
201600027384;1;7;0;0;2;1;1;B01
201600027384;2;7;0;0;2;1;13;A01
201600027385;0;1;0;0;2;1;21;B01
201600027385;0;7;0;0;2;8;20;A01
201600027386;2;7;0;13;0;1;1;A01
201600027387;2;33;0;0;2;1;1;B01
201600027387;1;7;0;0;2;2;15;A01
201600027388;2;7;0;0;2;1;5;A01
201600027388;1;7;0;0;2;1;1;B01
201600027389;2;14;0;0;2;1;2;A01
201600027389;2;7;0;0;2;4;1;B01
201600027389;2;7;0;0;2;1;2;C01
201600027390;1;7;0;0;2;8;11;A01
201600027390;1;1;0;0;2;1;17;B01
201600027391;1;7;0;0;2;7;15;A01
201600027391;2;7;0;0;2;1;1;B01
201600027392;1;10;0;0;2;6;17;A01
201600027392;1;34;0;0;2;2;17;B01
201600027393;1;7;0;0;1;3;9;A01
201600027394;2;7;0;0;2;1;1;B01
201600027394;1;7;0;3;2;1;1;A01
201600027395;0;7;0;6;1;7;2;A01
201600027396;2;2;0;0;2;2;17;B01
201600027396;2;7;0;0;2;8;15;A01
201600027397;2;7;0;1;0;0;2;A01
201600027398;1;10;0;0;1;3;1;A01
201600027399;0;7;0;0;0;1;1;A01
201600027400;0;7;0;0;1;1;1;A01
201600027401;0;7;0;0;2;3;1;B01
201600027401;0;7;0;0;2;3;1;A01
201600027401;0;7;0;0;2;3;1;C01
201600027402;0;7;0;0;1;1;1;A01
201600027403;0;7;0;0;2;1;1;B01
201600027403;0;7;0;0;2;7;10;A01
201600027404;0;1;0;0;2;4;1;B01
201600027404;0;7;0;0;2;3;1;A01
201600027405;0;40;0;0;1;1;1;A01
201600027406;0;7;0;0;2;3;1;A01
201600027406;0;7;0;0;2;1;1;B01
201600027407;0;7;0;0;2;1;1;A01
201600027407;0;7;0;0;2;4;1;B01
201600027408;0;7;0;0;2;1;1;A01
201600027408;0;7;0;0;2;4;1;B01
201600027409;0;7;0;0;2;1;15;A01
201600027409;0;2;0;0;2;3;1;B01
201600027410;0;7;0;0;2;4;1;B01
201600027410;0;7;0;0;2;1;1;A01
201600027411;0;7;0;0;2;4;1;B01
201600027411;0;7;0;0;2;1;1;A01
201600027412;0;1;0;0;2;1;1;A01
201600027412;0;7;0;0;2;3;1;B01
201600027413;0;3;0;0;1;1;1;A01
201600027414;0;2;0;0;2;1;1;B01
201600027414;0;7;0;0;2;3;15;A01
201600027415;0;7;0;0;2;0;15;A01
201600027415;0;1;0;0;2;1;1;B01
201600027416;0;1;0;0;0;0;1;A01
201600027417;0;7;0;0;1;1;1;A01
201600027418;2;7;0;0;2;9;1;A01
201600027418;2;7;0;0;2;1;1;B01
201600027419;0;33;0;0;0;0;21;A01
201600027420;0;7;0;0;2;3;15;A01
201600027420;0;34;0;0;2;8;1;B01
201600027421;0;7;0;0;2;4;1;B01
201600027421;0;7;0;0;2;1;1;A01
201600027421;0;2;0;0;2;4;1;C01
201600027422;0;7;0;0;0;0;0;A01
201600027422;0;7;0;0;0;0;0;B01
201600027423;0;1;0;0;2;0;0;B01
201600027423;0;7;0;0;0;0;0;A01
201600027424;0;7;0;0;0;0;0;B01
201600027424;0;7;0;0;0;0;0;A01
201600027425;0;7;0;0;0;0;0;A01
201600027426;0;7;0;0;0;0;0;B01
201600027426;0;7;0;0;0;0;0;A01
201600027427;0;7;0;0;0;0;0;A01
201600027427;0;7;0;0;0;0;0;B01
201600027428;0;7;0;0;0;0;0;A01
201600027428;0;7;0;0;0;0;0;B01
201600027428;0;7;0;0;2;0;0;C01
201600027429;1;10;0;0;1;1;1;A01
201600027430;0;1;0;0;0;0;1;A01
201600027431;0;7;0;0;2;2;16;A01
201600027431;0;1;0;0;2;0;1;B01
201600027432;0;7;0;0;2;3;1;B01
201600027432;0;2;0;0;2;2;1;A01
201600027433;0;7;0;0;2;1;1;A01
201600027433;0;7;0;0;2;8;1;B01
201600027434;0;7;0;0;2;1;1;A01
201600027434;0;7;0;0;2;4;1;B01
201600027435;0;1;0;0;2;7;1;A01
201600027435;0;33;0;0;2;1;1;B01
201600027436;0;7;0;0;0;9;1;A01
201600027437;2;7;0;0;1;3;2;A01
201600027438;0;7;0;0;2;4;1;Z01
201600027438;0;33;0;0;2;1;1;A01
201600027439;0;7;0;0;1;1;1;A01
201600027440;0;2;0;0;0;0;1;A01
201600027441;0;1;0;0;1;1;1;A01
201600027442;0;7;0;0;0;0;1;B01
201600027442;0;2;0;0;0;0;21;A01
201600027443;0;7;0;0;2;1;1;A01
201600027443;0;1;0;0;2;7;1;B01
201600027444;1;7;0;0;2;8;16;A01
201600027444;0;2;0;0;2;1;1;B01
201600027445;0;7;0;0;2;2;16;A01
201600027445;0;2;0;0;2;1;1;B01
201600027446;0;7;0;0;2;5;1;B01
201600027446;0;7;0;0;2;6;13;A01
201600027447;0;7;0;0;2;2;15;B01
201600027447;0;7;0;0;2;1;10;A01
201600027448;0;7;0;0;2;4;1;B01
201600027448;0;2;0;0;2;1;1;A01
201600027449;0;7;0;9;0;1;1;A01
201600027450;0;7;0;4;0;9;1;A01
201600027451;0;31;0;0;2;0;1;B01
201600027451;0;7;0;0;2;0;1;A01
201600027452;0;1;0;0;2;1;1;A01
201600027452;0;7;0;0;2;4;23;B01
201600027453;0;1;0;0;0;0;1;A01
201600027454;0;7;0;0;2;1;1;A01
201600027454;0;7;0;0;2;4;23;C01
201600027454;0;7;0;0;2;4;23;D01
201600027454;0;7;0;0;2;4;23;B01
201600027455;0;7;0;0;1;1;1;A01
201600027456;1;33;0;0;1;1;1;A01
201600027457;0;7;0;0;1;1;1;A01
201600027458;0;40;0;0;1;1;1;A01
201600027459;0;7;0;0;1;1;1;A01
201600027460;0;1;0;0;2;2;1;B01
201600027460;0;7;0;0;2;8;0;A01
201600027461;0;7;0;0;1;1;1;A01
201600027462;0;2;0;0;1;1;1;A01
201600027463;0;7;0;0;2;2;1;A01
201600027463;0;1;0;0;0;0;0;B01
201600027464;1;7;0;0;2;1;2;A01
201600027464;1;7;0;0;2;4;2;C01
201600027464;1;7;0;0;2;4;2;B01
201600027465;0;7;0;0;1;1;1;A01
201600027466;0;7;0;0;1;1;1;A01
201600027467;0;7;0;0;1;1;1;A01
201600027468;0;13;0;0;2;0;1;B01
201600027468;0;7;0;0;2;7;1;A01
201600027469;0;30;0;0;0;0;1;A01
201600027470;0;32;0;0;0;0;1;A01
201600027471;0;31;0;0;2;2;1;A01
201600027471;0;7;0;0;2;3;15;B01
201600027472;0;31;0;9;0;1;1;A01
201600027473;0;31;0;0;0;1;1;A01
201600027474;0;7;0;0;0;1;1;A01
201600027475;0;7;0;0;2;0;1;Z01
201600027475;0;7;0;0;2;1;1;A01
201600027476;0;7;0;0;2;4;1;B01
201600027476;0;7;0;0;2;4;1;C01
201600027476;0;7;0;0;2;1;1;A01
201600027477;0;7;0;0;2;2;16;B01
201600027477;0;31;0;0;2;8;1;A01
201600027478;0;7;0;0;2;1;0;Z01
201600027478;0;1;0;0;2;1;1;B01
201600027479;0;7;0;0;2;3;1;A01
201600027479;0;7;0;0;2;4;1;B01
201600027480;0;7;0;0;2;1;1;A01
201600027480;0;7;0;0;2;4;1;B01
201600027480;0;7;0;0;2;4;1;C01
201600027481;0;7;0;0;1;1;1;A01
201600027482;0;1;0;0;0;0;1;A01
201600027483;0;7;0;0;2;1;1;A01
201600027483;0;7;0;0;2;4;1;B01
201600027484;0;7;0;0;2;1;1;A01
201600027484;0;7;0;0;2;4;1;B01
201600027485;0;1;0;0;2;1;1;A01
201600027485;0;7;0;0;2;4;1;B01
201600027486;0;30;0;0;0;0;1;A01
201600027487;0;7;0;4;0;0;1;A01
201600027488;0;7;0;0;2;4;1;A01
201600027488;0;7;0;0;2;4;1;B01
201600027489;0;2;0;0;2;1;1;B01
201600027489;0;7;0;0;2;2;15;A01
201600027490;0;7;0;0;2;1;2;A01
201600027490;0;7;0;0;2;4;1;B01
201600027491;0;7;0;1;0;8;21;A01
201600027492;0;7;0;0;0;0;0;B01
201600027492;0;7;0;0;2;3;15;A01
201600027493;0;37;0;0;1;2;16;A01
201600027494;0;7;0;0;0;0;1;A01
201600027495;0;7;0;0;1;1;1;Z01
201600027496;0;7;0;0;2;4;1;B01
201600027496;0;7;0;0;2;1;1;A01
201600027497;0;33;0;0;0;0;1;A01
201600027498;0;2;0;3;0;1;1;A01
201600027499;0;7;0;0;2;1;1;A01
201600027499;0;7;0;0;2;4;1;C01
201600027499;0;7;0;0;2;4;1;B01
201600027500;0;7;0;0;2;3;1;A01
201600027500;0;33;0;0;2;1;1;B01
201600027501;0;7;0;4;0;0;1;A01
201600027502;0;7;0;0;2;3;1;B01
201600027502;0;7;0;0;2;2;9;A01
201600027503;0;2;0;0;2;0;1;B01
201600027503;0;7;0;0;2;1;1;A01
201600027504;0;7;0;0;2;1;1;A01
201600027504;0;7;0;0;2;4;1;B01
201600027505;0;1;0;0;2;0;1;B01
201600027505;0;7;0;0;0;7;16;A01
201600027506;0;7;0;0;2;3;0;A01
201600027506;0;1;0;0;2;6;1;B01
201600027507;0;1;0;0;0;0;1;A01
201600027508;0;2;0;0;1;1;1;A01
201600027509;0;7;0;0;2;1;1;A01
201600027509;0;7;0;0;2;4;1;B01
201600027510;0;7;0;0;0;0;1;A01
201600027511;0;7;0;0;2;1;1;B01
201600027511;0;7;0;0;2;2;15;A01
201600027512;0;2;0;0;1;1;1;A01
201600027513;0;33;0;0;0;0;1;A01
201600027514;0;7;0;0;4;1;1;A01
201600027514;0;40;0;0;2;8;1;B01
201600027515;0;7;0;6;0;1;1;A01
201600027516;0;7;0;0;2;1;1;A01
201600027516;0;7;0;0;2;4;1;B01
201600027517;0;7;0;0;1;1;20;A01
201600027518;0;7;0;0;2;3;1;A01
201600027518;0;7;0;0;2;9;1;B01
201600027519;0;7;0;1;0;1;1;A01
201600027520;0;7;0;0;1;1;1;A01
201600027521;0;7;0;0;2;3;1;A01
201600027521;0;7;0;0;2;4;1;B01
201600027522;0;7;0;0;2;2;16;A01
201600027522;0;1;0;0;2;1;1;B01
201600027523;0;7;0;0;1;1;15;A01
201600027524;0;2;0;0;0;0;1;A01
201600027525;2;7;0;0;2;0;0;B01
201600027525;1;7;0;0;2;8;0;A01
201600027526;0;2;0;0;2;1;1;B01
201600027526;0;7;0;0;2;3;1;A01
201600027527;0;33;0;0;0;8;0;A01
201600027528;0;13;0;0;2;1;2;A01
201600027528;0;37;0;0;0;4;0;B01
201600027529;2;15;0;0;2;7;12;A01
201600027529;2;7;0;0;2;8;1;B01
201600027530;0;7;0;15;0;1;0;A01
201600027531;0;7;0;0;0;0;0;A01
201600027531;0;1;0;0;0;0;0;B01
201600027532;0;7;0;0;2;2;1;A01
201600027532;0;7;0;0;2;8;1;B01
201600027533;0;7;0;0;2;1;1;A01
201600027533;0;38;0;0;0;7;1;B01
201600027534;0;1;0;0;2;0;1;B01
201600027534;0;7;0;0;2;0;1;A01
201600027535;0;7;0;0;1;1;15;A01
201600027536;1;7;0;0;1;1;1;A01
201600027537;2;1;0;0;2;1;1;B01
201600027537;2;7;0;0;2;1;19;A01
201600027538;1;7;0;0;2;3;1;B01
201600027538;2;7;0;0;2;2;1;A01
201600027539;0;7;0;0;2;4;0;A01
201600027539;0;7;0;0;2;1;0;B01
201600027539;0;7;0;0;2;1;0;C01
201600027539;0;7;0;0;2;1;0;D01
201600027540;0;7;0;14;0;3;0;A01
201600027541;1;7;0;0;2;4;0;A01
201600027541;1;7;0;0;2;1;2;B01
201600027541;1;7;0;0;2;1;2;C01
201600027542;0;1;0;0;0;0;0;B01
201600027542;0;7;0;0;0;0;0;A01
201600027543;1;31;0;0;0;8;1;A01
201600027544;0;33;0;11;0;1;1;A01
201600027545;1;10;0;0;2;1;1;A01
201600027545;0;1;0;0;2;7;15;B01
201600027546;0;7;0;0;2;2;0;A01
201600027546;0;2;0;0;0;0;0;B01
201600027547;0;7;0;0;1;0;0;A01
201600027548;0;1;0;0;0;1;0;A01
201600027549;0;1;0;0;0;8;0;A01
201600027550;0;2;0;0;2;1;2;A01
201600027550;0;7;0;0;0;4;2;B01
201600027551;0;7;0;0;1;0;0;A01
201600027552;1;2;0;0;0;0;1;A01
201600027553;0;7;0;0;1;0;0;A01
201600027554;0;2;0;0;2;1;1;B01
201600027554;0;7;0;0;0;5;10;A01
201600027555;1;7;0;8;0;0;0;A01
201600027556;0;7;0;8;0;1;0;A01
201600027557;0;1;0;0;0;3;0;A01
201600027558;0;1;0;0;0;3;0;A01
201600027559;1;1;0;12;0;0;0;A01
201600027560;0;7;0;0;0;0;0;A01
201600027561;1;7;0;0;2;4;2;B01
201600027561;1;7;0;0;2;1;2;A01
201600027562;1;7;0;0;0;0;0;B01
201600027562;1;7;0;0;2;4;2;A01
201600027563;0;30;0;0;2;0;0;B01
201600027564;1;7;0;0;2;0;0;A01
201600027564;1;2;0;0;2;0;0;B01
201600027565;0;37;1;0;2;1;0;B01
201600027565;0;7;0;0;2;1;14;A01
201600027566;0;7;0;0;1;7;1;A01
201600027567;0;7;0;0;2;1;2;A01
201600027567;0;7;0;0;2;4;2;B01
201600027568;1;7;0;1;0;0;0;A01
201600027568;1;7;0;1;2;7;24;B01
201600027569;0;37;0;0;2;4;0;B01
201600027569;0;7;0;0;2;1;0;A01
201600027570;0;7;0;0;2;2;0;A01
201600027570;0;37;0;0;2;3;0;B01
201600027571;0;7;0;0;2;1;0;B01
201600027571;0;7;0;0;2;1;0;A01
201600027572;0;7;0;0;2;5;0;B01
201600027572;0;30;0;0;2;1;0;A01
201600027573;0;7;0;8;0;1;0;A01
201600027574;0;7;0;0;0;0;0;A01
201600027575;0;7;0;0;0;0;0;A01
201600027575;0;1;0;0;0;0;0;B01
201600027576;1;7;0;0;2;3;15;A01
201600027576;2;1;0;0;2;1;1;B01
201600027577;0;1;0;0;2;0;0;B01
201600027577;0;7;0;0;2;0;0;A01
201600027578;1;10;0;0;2;2;15;A01
201600027578;2;30;0;0;2;1;1;B01
201600027579;0;7;0;0;0;0;0;A01
201600027579;0;7;0;0;0;0;0;B01
201600027580;0;1;0;0;0;0;0;A01
201600027581;0;7;0;0;0;1;0;A01
201600027582;0;1;0;0;0;0;0;A01
201600027583;0;7;0;0;0;1;0;A01
201600027584;0;7;0;0;0;0;0;B01
201600027584;1;7;0;0;0;0;0;A01
201600027585;1;33;0;0;2;1;1;A01
201600027585;1;7;0;0;2;6;1;B01
201600027586;2;30;0;0;0;8;1;A01
201600027587;0;7;0;0;2;0;0;A01
201600027587;0;1;0;0;2;0;0;B01
201600027588;0;34;0;0;0;0;0;A01
201600027589;1;1;0;0;1;1;5;A01
201600027590;1;7;0;0;2;1;2;A01
201600027590;0;7;0;0;2;4;2;B01
201600027591;0;7;0;0;1;2;1;A01
201600027592;0;1;0;0;2;4;1;B01
201600027592;0;7;0;0;2;3;9;A01
201600027593;0;7;0;0;2;1;2;A01
201600027593;0;30;0;0;0;4;2;K01
201600027594;1;1;0;0;1;0;0;A01
201600027595;1;1;0;12;0;1;1;A01
201600027596;1;2;0;0;0;0;1;A01
201600027597;1;40;0;0;1;2;1;A01
201600027598;1;7;0;4;0;3;17;A01
201600027599;1;7;0;0;2;3;0;B01
201600027599;1;7;0;1;0;1;19;A01
201600027600;1;7;0;0;2;2;0;A01
201600027600;1;7;0;0;2;3;0;B01
201600027601;0;7;0;4;0;1;1;A01
201600027602;0;7;0;4;0;1;0;A01
201600027603;1;7;0;0;2;2;15;A01
201600027603;2;33;0;0;2;8;1;B01
201600027604;1;7;0;0;1;4;4;A01
201600027605;2;30;0;0;0;0;21;A01
201600027606;1;7;0;0;1;0;0;A01
201600027607;1;7;0;0;2;3;15;A01
201600027607;1;7;0;0;2;8;1;B01
201600027608;1;7;0;8;0;0;0;A01
201600027609;1;1;0;0;0;0;0;A01
201600027610;0;3;0;0;2;3;15;A01
201600027610;0;7;0;0;2;1;1;B01
201600027611;1;10;0;0;2;4;1;B01
201600027611;1;7;0;0;2;1;2;A01
201600027612;2;30;0;0;0;2;1;A01
201600027613;0;2;0;0;2;0;0;A01
201600027613;1;10;0;0;2;0;0;Z01
201600027614;1;1;0;0;0;0;0;B01
201600027614;1;7;0;0;2;7;16;A01
201600027615;0;7;0;0;2;3;22;A01
201600027615;0;1;0;1;0;1;1;B01
201600027616;1;7;0;0;2;7;17;A01
201600027616;1;1;0;0;2;8;1;B01
201600027617;0;30;0;0;2;1;1;B01
201600027617;0;7;0;0;2;3;10;Z01
201600027618;0;2;0;12;0;0;0;A01
201600027619;1;7;0;0;2;0;0;A01
201600027619;1;7;0;0;2;0;0;B01
201600027619;1;7;0;0;2;0;0;C01
201600027620;1;2;0;0;2;1;0;A01
201600027620;1;7;0;0;2;7;1;B01
201600027621;1;7;0;0;2;5;15;A01
201600027621;1;33;0;0;2;1;1;B01
201600027622;1;1;0;0;2;1;1;A01
201600027622;1;7;0;0;2;3;1;B01
201600027623;1;7;0;0;2;0;0;A01
201600027623;0;7;0;0;2;0;0;B01
201600027624;1;7;0;0;2;4;4;A01
201600027624;1;1;0;0;2;1;1;B01
201600027625;1;7;0;0;2;8;0;A01
201600027625;1;7;0;0;2;1;0;B01
201600027626;1;7;0;0;2;0;0;A01
201600027626;2;7;0;0;2;0;0;B01
201600027627;1;7;0;0;2;2;0;A01
201600027627;2;1;0;0;2;0;0;B01
201600027628;1;1;0;0;2;1;1;A01
201600027628;1;7;0;0;2;6;1;B01
201600027629;2;7;0;0;2;8;18;A01
201600027629;2;7;0;0;2;7;1;B01
201600027630;1;7;0;0;2;7;1;A01
201600027630;1;2;0;0;2;1;0;B01
201600027631;1;30;0;0;2;1;0;A01
201600027631;1;7;0;0;0;6;0;B01
201600027632;0;31;0;0;1;0;0;A01
201600027633;1;7;0;0;0;2;14;A01
201600027634;1;7;0;0;2;0;0;A01
201600027634;2;7;0;0;0;0;0;B01
201600027635;1;7;0;0;1;3;1;A01
201600027636;1;7;0;16;0;0;0;A01
201600027637;1;7;0;3;0;1;1;A01
201600027638;1;7;0;0;2;3;1;B01
201600027638;1;7;0;0;2;1;1;A01
201600027639;0;7;0;0;0;0;0;Z01
201600027639;0;1;0;0;2;0;0;B01
201600027640;1;7;0;0;2;4;0;A01
201600027640;1;7;0;0;0;0;0;B01
201600027641;1;7;0;0;2;0;0;A01
201600027641;1;7;0;0;2;0;0;B01
201600027642;1;7;0;0;1;0;0;A01
201600027643;1;7;0;13;0;0;0;A01
201600027644;1;7;0;0;0;0;0;A01
201600027644;0;1;0;0;0;0;0;B01
201600027645;1;7;0;1;0;1;10;A01
201600027646;0;7;0;2;0;6;14;A01
201600027647;1;30;0;0;0;0;0;A01
201600027648;1;7;0;0;2;1;1;A01
201600027648;2;7;0;0;2;8;1;B01
201600027649;0;1;0;0;1;0;0;A01
201600027650;1;7;0;0;2;0;0;A01
201600027650;0;7;0;0;2;0;0;B01
201600027651;0;1;0;1;0;1;1;A01
201600027652;0;33;0;0;1;0;0;A01
201600027653;1;33;0;0;0;0;0;A01
201600027654;1;7;0;0;2;8;15;A01
201600027654;1;2;0;0;2;2;17;B01
201600027655;1;7;0;0;1;2;16;A01
201600027656;2;7;0;8;0;1;0;A01
201600027657;0;7;0;6;0;1;1;A01
201600027658;0;7;0;0;0;2;1;A01
201600027659;1;30;0;0;0;0;9;A01
201600027660;0;1;0;0;1;2;0;A01
201600027661;1;32;0;0;0;0;0;A01
201600027662;0;7;0;0;2;0;0;A01
201600027662;1;7;0;0;2;4;1;B01
201600027663;1;7;0;0;2;1;1;A01
201600027663;1;7;0;0;2;4;1;B01
201600027664;1;7;0;0;2;2;0;A01
201600027664;1;7;0;0;2;1;2;B01
201600027665;0;7;0;1;0;4;20;A01
201600027665;0;7;0;0;2;8;0;B01
201600027666;0;7;0;0;2;1;1;A01
201600027666;0;30;0;0;2;1;1;B01
201600027667;2;30;0;0;2;7;1;A01
201600027667;2;7;0;0;2;3;1;B01
201600027668;0;33;0;0;0;0;1;A01
201600027668;0;7;0;0;0;0;9;B01
201600027669;0;7;0;0;0;7;15;A01
201600027669;0;33;0;0;2;2;1;B01
201600027670;0;7;0;0;1;1;1;A01
201600027671;0;7;0;0;2;2;1;A01
201600027671;0;7;0;0;2;1;1;B01
201600027672;0;7;0;0;2;3;15;A01
201600027672;0;33;0;0;2;2;1;B01
201600027673;1;7;0;0;1;0;0;A01
201600027674;1;7;0;0;0;0;2;A01
201600027674;1;7;0;0;2;4;2;B01
201600027675;1;2;0;0;0;0;1;A01
201600027676;0;34;0;0;0;0;0;A01
201600027677;1;7;0;0;2;1;1;A01
201600027677;1;7;0;0;2;4;1;B01
201600027678;0;7;0;0;2;2;9;A01
201600027678;0;1;0;0;0;8;1;B01
201600027679;0;7;0;0;2;1;15;A01
201600027679;0;7;0;0;2;6;1;B01
201600027680;1;33;0;0;2;3;2;A01
201600027680;1;3;0;0;2;6;0;B01
201600027681;0;7;0;0;1;4;4;A01
201600027682;0;1;0;0;0;0;11;A01