Num_Acc;senc;catv;occutc;obs;obsm;choc;manv;num_veh
201600028818;2;7;0;0;1;2;1;A01
201600028819;1;7;0;0;2;1;1;A01
201600028819;1;7;0;0;2;8;1;B01
201600028820;1;7;0;0;1;2;1;A01
201600028821;2;10;0;0;2;8;20;A01
201600028821;2;1;0;0;2;1;1;B01
201600028822;1;13;0;0;2;2;16;A01
201600028822;1;7;0;0;2;8;1;B01
201600028823;1;7;0;0;2;1;2;A01
201600028823;1;7;0;0;2;4;2;B01
201600028824;1;7;0;0;1;2;1;A01
201600028825;1;7;0;0;2;1;1;A01
201600028825;2;1;0;0;2;8;1;B01
201600028826;1;7;0;0;2;4;2;B01
201600028826;1;10;0;0;2;1;1;A01
201600028827;1;15;0;0;2;1;12;A01
201600028827;1;7;0;0;2;8;1;B01
201600028828;1;7;0;0;2;4;2;B01
201600028828;1;7;0;0;2;1;2;A01
201600028829;1;1;0;0;2;7;19;A01
201600028829;1;7;0;0;2;1;1;B01
201600028830;1;7;0;0;2;2;15;A01
201600028830;2;7;0;0;2;1;1;B01
201600028831;1;7;0;0;2;2;1;B01
201600028831;1;1;0;0;2;1;19;A01
201600028832;1;7;0;0;2;8;1;B01
201600028832;1;30;0;0;2;1;1;A01
201600028833;1;7;0;0;1;2;16;A01
201600028834;1;7;0;0;2;1;15;A01
201600028834;2;33;0;0;2;1;1;B01
201600028835;1;7;0;0;1;0;0;Z01
201600028836;1;7;0;0;2;5;15;A01
201600028836;2;33;0;0;2;1;1;B01
201600028837;1;7;0;0;2;4;2;C01
201600028837;1;7;0;0;2;1;2;Z01
201600028837;1;7;0;0;2;4;2;B01
201600028838;1;7;0;0;2;5;1;A01
201600028838;1;1;0;0;2;8;1;B01
201600028839;2;7;0;0;2;4;2;C01
201600028839;2;7;0;0;2;1;2;A01
201600028839;2;7;0;0;2;4;2;B01
201600028840;1;33;0;0;2;1;1;B01
201600028840;1;7;0;0;2;2;1;A01
201600028841;1;7;0;0;2;4;2;B01
201600028841;1;37;0;0;2;1;2;A01
201600028842;1;7;0;0;2;4;2;B01
201600028842;1;7;0;0;2;1;2;A01
201600028843;2;7;0;1;0;2;14;A01
201600028844;2;10;0;0;2;4;2;B01
201600028844;2;10;0;0;2;1;2;A01
201600028845;2;33;0;0;2;2;17;B01
201600028845;1;30;0;0;2;1;15;A01
201600028846;2;7;0;0;2;8;1;C01
201600028846;1;7;0;0;2;3;16;A01
201600028846;2;1;0;0;2;4;19;B01
201600028847;1;31;0;1;2;1;1;B01
201600028847;1;7;0;0;2;2;15;A01
201600028848;1;7;0;0;0;9;1;A01
201600028849;1;7;0;0;2;7;15;A01
201600028849;2;1;0;0;2;1;1;B01
201600028850;1;7;0;0;2;1;2;A01
201600028850;1;7;0;0;2;4;2;B01
201600028851;1;7;0;0;2;4;2;C01
201600028851;1;10;0;0;2;4;2;B01
201600028851;1;7;0;0;2;1;2;A01
201600028852;0;1;0;0;1;0;0;Z01
201600028853;1;7;0;0;2;4;2;B01
201600028853;1;7;0;0;2;1;2;Z01
201600028854;1;1;0;0;2;1;1;A01
201600028854;2;7;0;0;2;3;1;B01
201600028855;2;7;0;0;1;8;1;A01
201600028856;1;7;0;0;2;0;0;Z01
201600028856;1;30;0;0;2;8;1;B01
201600028857;1;7;0;0;2;8;1;B01
201600028857;2;7;0;0;2;1;1;A01
201600028858;1;7;0;1;0;8;13;A01
201600028859;1;7;0;0;2;0;9;A01
201600028859;2;33;0;0;2;0;21;B01
201600028860;1;34;0;0;1;1;1;A01
201600028861;2;7;0;0;1;3;1;A01
201600028862;2;7;0;0;2;1;2;A01
201600028862;2;7;0;0;2;4;23;B01
201600028863;1;10;0;0;2;1;2;A01
201600028863;1;7;0;0;2;4;2;B01
201600028864;2;7;0;0;1;7;1;A01
201600028865;2;7;0;0;2;8;1;B01
201600028865;2;7;0;0;2;1;15;A01
201600028866;1;7;0;0;2;0;0;B01
201600028866;1;7;0;0;2;0;0;A01
201600028867;1;7;0;0;2;7;15;A01
201600028867;2;7;0;0;2;1;1;B01
201600028868;1;7;0;0;1;0;0;Z01
201600028869;2;7;0;0;2;7;0;Z01
201600028869;2;7;0;0;2;8;1;B01
201600028870;1;7;0;0;2;3;1;A01
201600028870;1;7;0;0;2;0;0;B01
201600028871;1;7;0;0;1;7;1;A01
201600028872;1;7;0;0;1;2;1;A01
201600028873;2;7;0;7;2;1;1;B01
201600028873;1;7;0;0;2;5;5;A01
201600028873;2;7;0;0;2;3;23;C01
201600028874;1;7;0;0;2;6;15;A01
201600028874;1;33;0;0;2;1;1;B01
201600028875;2;10;0;0;2;2;15;A01
201600028875;1;7;0;0;2;1;1;B01
201600028876;2;7;0;8;0;1;14;A01
201600028877;2;7;0;0;1;2;1;A01
201600028878;1;7;0;0;1;4;4;A01
201600028879;1;7;0;0;2;2;15;A01
201600028879;2;7;0;0;2;3;1;B01
201600028880;1;3;0;1;0;2;14;A01
201600028881;2;7;0;0;2;4;2;B01
201600028881;2;10;0;0;2;1;2;A01
201600028882;1;1;0;0;2;7;1;B01
201600028882;2;30;0;0;2;0;0;Z01
201600028883;1;7;0;0;2;4;2;B01
201600028883;1;7;0;0;2;1;2;A01
201600028884;2;1;0;0;4;8;13;A01
201600028884;2;40;0;0;2;7;7;B01
201600028885;2;7;0;0;2;1;2;A01
201600028885;2;7;0;0;2;4;2;B01
201600028886;1;2;0;0;2;2;1;B01
201600028886;2;7;0;0;2;3;1;A01
201600028887;1;37;0;0;2;1;2;A01
201600028887;1;7;0;0;2;4;2;B01
201600028888;1;1;0;0;2;7;1;A01
201600028888;2;7;0;0;2;1;1;B01
201600028889;2;1;0;0;1;1;1;A01
201600028890;1;1;0;0;1;1;1;A01
201600028891;2;7;0;0;1;2;1;A01
201600028892;2;7;0;0;2;4;2;C01
201600028892;2;7;0;0;2;4;2;B01
201600028892;2;10;0;0;2;1;2;A01
201600028893;1;7;0;0;2;4;2;B01
201600028893;1;7;0;0;2;1;2;A01
201600028894;2;7;0;0;2;2;1;B01
201600028894;1;10;0;0;2;8;1;A01
201600028895;2;1;0;0;2;4;1;A01
201600028895;2;7;0;0;2;1;1;B01
201600028896;1;7;0;9;2;1;1;A01
201600028896;2;7;0;9;2;3;1;B01
201600028897;1;7;0;0;2;4;2;B01
201600028897;1;7;0;0;2;1;2;Z01
201600028898;2;7;0;0;2;4;2;B01
201600028898;2;13;0;0;2;1;2;A01
201600028899;1;7;0;0;2;1;2;Z01
201600028899;1;7;0;0;2;4;2;D01
201600028899;1;7;0;0;2;4;2;C01
201600028899;1;7;0;0;2;4;2;B01
201600028900;1;7;0;0;2;2;0;B01
201600028900;1;7;0;0;2;2;1;A01
201600028901;1;7;0;0;2;0;0;A01
201600028901;1;7;0;0;2;0;0;B01
201600028902;1;7;0;0;0;0;0;A01
201600028902;2;33;0;0;0;7;1;B01
201600028903;1;10;0;0;2;0;11;A01
201600028903;2;33;0;0;2;0;0;B01
201600028904;1;2;0;0;2;0;0;B01
201600028904;1;7;0;0;2;0;0;A01
201600028905;1;7;0;0;2;2;0;B01
201600028905;1;7;0;0;2;6;11;A01
201600028906;2;7;0;5;0;1;3;A01
201600028907;1;7;0;0;1;3;2;A01
201600028908;1;1;0;0;2;1;0;A01
201600028908;1;7;0;0;2;3;1;B01
201600028909;2;7;0;0;2;1;1;B01
201600028909;2;7;0;0;2;4;1;A01
201600028910;1;7;0;0;2;0;0;A01
201600028910;1;7;0;0;2;1;0;B01
201600028911;1;7;0;0;2;1;1;A01
201600028911;1;7;0;0;2;4;2;C01
201600028911;1;7;0;0;2;4;2;B01
201600028912;1;7;0;0;2;4;1;A01
201600028912;1;7;0;0;0;0;0;B01
201600028913;1;7;0;0;2;0;0;B01
201600028913;2;7;0;0;2;0;0;A01
201600028914;2;7;0;7;2;1;1;A01
201600028914;1;7;0;0;2;1;1;B01
201600028915;1;7;0;0;1;4;0;Z01
201600028916;1;7;0;0;2;0;20;Z01
201600028916;1;33;0;0;2;8;21;B01
201600028917;1;7;0;0;2;2;1;B01
201600028917;2;7;0;0;2;2;9;A01
201600028918;2;7;0;0;2;1;2;A01
201600028918;2;7;0;0;2;4;2;B01
201600028919;2;2;0;0;2;1;1;A01
201600028919;1;7;0;0;2;3;1;B01
201600028920;1;30;0;0;2;1;1;B01
201600028920;2;7;0;0;2;2;15;A01
201600028921;2;7;0;0;2;2;15;A01
201600028921;1;31;0;0;2;1;1;B01
201600028922;1;1;0;0;2;8;1;B01
201600028922;2;7;0;0;2;1;15;A01
201600028923;2;1;0;0;1;1;1;A01
201600028924;2;7;0;0;2;4;2;B01
201600028924;2;7;0;0;2;1;2;A01
201600028925;1;7;0;0;2;2;15;A01
201600028925;2;33;0;0;2;1;1;B01
201600028926;1;1;0;0;1;1;1;A01
201600028927;2;33;0;0;2;1;17;B01
201600028927;2;7;0;0;2;8;10;A01
201600028928;2;7;0;0;2;4;2;B01
201600028928;2;7;0;0;2;1;2;A01
201600028929;2;7;0;0;1;1;1;A01
201600028930;1;7;0;0;2;1;1;B01
201600028930;2;7;0;0;2;7;15;A01
201600028931;2;7;0;0;1;3;1;A01
201600028932;2;30;0;1;2;0;1;B01
201600028932;2;7;0;0;2;0;1;Z01
201600028933;2;7;0;0;2;1;1;B01
201600028933;1;7;0;0;2;7;15;A01
201600028934;1;33;0;0;2;1;1;B01
201600028934;2;7;0;0;2;8;1;A01
201600028935;1;7;0;0;2;0;15;A01
201600028935;2;33;0;0;2;0;1;B01
201600028936;1;7;0;0;2;3;15;B01
201600028936;2;7;0;0;2;8;1;A01
201600028937;1;7;0;0;2;1;15;B01
201600028937;2;2;0;0;2;8;1;A01
201600028938;2;7;0;0;2;5;2;B01
201600028938;2;1;0;0;2;1;2;A01
201600028939;1;10;0;0;2;2;16;B01
201600028939;1;30;0;0;2;1;18;A01
201600028940;2;7;0;0;1;3;1;A01
201600028941;1;15;0;0;1;2;0;A01
201600028942;1;7;0;0;1;2;1;A01
201600028943;1;7;0;0;2;0;15;A01
201600028943;2;1;0;0;2;0;21;B01
201600028944;1;7;0;0;1;2;1;A01
201600028945;1;7;0;0;2;3;1;C01
201600028945;1;7;0;0;2;4;23;B01
201600028945;1;7;0;0;2;1;2;A01
201600028946;1;30;0;0;2;1;2;A01
201600028946;1;7;0;0;2;4;2;B01
201600028947;1;40;0;0;1;2;1;A01
201600028948;1;7;0;0;2;4;2;B01
201600028948;1;7;0;0;2;1;2;A01
201600028949;1;7;0;0;1;3;1;A01
201600028950;1;7;0;0;2;1;2;A01
201600028950;1;7;0;0;2;4;2;B01
201600028951;2;1;0;0;2;8;5;A01
201600028951;1;7;0;0;2;1;1;B01
201600028952;1;7;0;0;2;7;16;B01
201600028952;1;32;0;0;2;1;7;A01
201600028953;2;7;0;0;1;1;9;A01
201600028954;1;7;0;0;2;6;15;B01
201600028954;1;7;0;0;2;3;1;Z01
201600028955;1;7;0;12;0;3;13;A01
201600028956;1;7;0;0;1;1;1;A01
201600028957;1;30;0;0;2;1;15;A01
201600028957;2;7;0;0;2;2;1;B01
201600028958;1;7;0;1;0;2;14;A01
201600028959;2;7;0;0;2;1;1;B01
201600028959;1;7;0;0;2;5;1;A01
201600028960;2;7;0;0;2;8;22;Z01
201600028960;2;1;0;1;0;1;1;B01
201600028961;1;7;0;0;2;4;2;C01
201600028961;1;7;0;0;2;1;2;A01
201600028961;1;7;0;0;2;4;2;B01
201600028961;1;7;0;0;2;4;2;D01
201600028962;1;7;0;0;2;8;10;A01
201600028962;1;7;0;0;2;2;1;B01
201600028963;1;7;0;0;2;1;15;A01
201600028963;2;33;0;0;2;1;1;B01
201600028964;2;7;0;0;2;4;2;B01
201600028964;2;7;0;0;2;1;2;A01
201600028965;2;31;0;0;2;1;1;B01
201600028965;1;13;0;0;2;2;15;A01
201600028966;2;7;0;0;2;8;15;A01
201600028966;2;2;0;0;2;1;17;B01
201600028967;1;7;0;0;2;4;2;B01
201600028967;1;7;0;0;2;1;2;A01
201600028967;1;7;0;0;2;4;2;C01
201600028968;2;7;0;0;1;0;1;Z01
201600028969;2;7;0;0;1;7;1;A01
201600028970;1;30;0;0;2;7;15;B01
201600028970;1;7;0;0;2;5;17;A01
201600028971;1;7;0;0;2;1;1;B01
201600028971;2;7;0;0;2;1;15;A01
201600028972;2;7;0;0;1;3;5;A01
201600028973;1;7;0;0;2;2;2;C01
201600028973;1;7;0;0;2;4;0;B01
201600028973;1;7;0;9;0;5;6;A01
201600028974;1;7;0;0;2;1;2;Z01
201600028974;1;7;0;0;2;4;0;B01
201600028975;2;7;0;0;2;1;1;A01
201600028975;2;7;0;0;2;1;15;B01
201600028976;2;7;0;0;1;1;1;A01
201600028977;1;7;0;9;0;1;0;A01
201600028978;1;7;0;0;2;1;1;A01
201600028978;1;7;0;0;2;1;1;B01
201600028978;1;7;0;0;0;0;0;C01
201600028979;1;7;0;0;2;1;1;Z01
201600028979;1;7;0;0;2;5;0;A01
201600028980;2;7;0;0;1;2;15;A01
201600028981;2;10;0;9;0;3;19;A01
201600028982;1;7;0;0;1;2;1;A01
201600028983;1;7;0;0;2;4;1;B01
201600028983;1;7;0;0;2;1;1;A01
201600028983;1;7;0;0;2;4;1;C01
201600028984;1;7;0;0;1;1;15;A01
201600028985;2;7;0;0;2;1;1;B01
201600028985;2;7;0;0;2;8;1;A01
201600028986;1;7;0;0;1;2;15;A01
201600028987;2;7;0;0;2;2;15;A01
201600028987;1;2;0;0;2;8;21;B01
201600028988;1;2;0;0;2;2;5;A01
201600028988;1;7;0;0;2;2;1;B01
201600028989;2;7;0;0;1;0;0;Z01
201600028990;1;10;0;0;1;2;15;A01
201600028991;2;10;0;0;2;4;2;B01
201600028991;2;7;0;0;2;1;2;A01
201600028992;1;7;0;0;2;4;2;B01
201600028992;1;7;0;0;2;4;2;C01
201600028992;1;7;0;0;2;1;2;A01
201600028993;1;7;0;0;1;3;1;A01
201600028994;2;7;0;0;2;1;2;A01
201600028994;1;7;0;0;2;4;2;B01
201600028995;1;7;0;0;2;1;1;A01
201600028995;1;7;0;0;2;4;1;B01
201600028996;2;10;0;0;1;2;15;A01
201600028997;1;10;0;0;2;4;2;B01
201600028997;1;7;0;0;2;1;2;A01
201600028997;1;7;0;0;2;4;2;C01
201600028998;2;10;0;0;1;7;1;A01
201600028999;2;10;0;0;1;1;1;A01
201600029000;1;31;0;0;2;1;1;B01
201600029000;1;7;0;0;2;3;15;A01
201600029001;2;7;0;0;1;1;0;Z01
201600029002;1;7;0;0;2;7;1;B01
201600029002;1;3;0;0;2;8;13;A01
201600029002;1;7;0;0;2;4;1;C01
201600029003;1;1;0;0;2;8;1;B01
201600029003;1;14;0;0;2;7;14;A01
201600029004;1;7;0;0;1;1;0;Z01
201600029005;2;7;0;0;2;1;1;A01
201600029005;1;7;0;0;2;3;1;B01
201600029006;2;10;0;0;2;6;1;D01
201600029006;2;7;0;0;1;8;1;C01
201600029006;1;7;0;0;2;8;1;B01
201600029006;2;7;0;14;2;1;13;A01
201600029007;2;7;0;0;2;4;2;C01
201600029007;2;7;0;0;2;4;2;B01
201600029007;2;7;0;0;2;1;2;A01
201600029008;2;33;0;0;2;7;1;B01
201600029008;2;7;0;0;2;8;13;A01
201600029009;1;7;0;0;2;3;15;A01
201600029009;2;30;0;0;2;1;1;B01
201600029010;2;7;0;0;1;3;16;A01
201600029011;1;7;0;0;1;1;1;A01
201600029012;1;7;0;0;2;6;1;A01
201600029012;1;1;0;0;2;0;0;B01
201600029013;1;7;0;0;2;7;1;A01
201600029013;1;7;0;0;2;8;1;B01
201600029014;1;7;0;0;2;5;1;B01
201600029014;2;7;0;0;2;1;1;Z01
201600029015;2;7;0;0;2;7;15;Z01
201600029015;1;30;0;0;2;1;1;B01
201600029016;2;7;0;0;1;2;16;A01
201600029017;1;10;0;0;2;1;2;A01
201600029017;1;7;0;0;2;4;2;B01
201600029018;2;7;0;0;1;1;1;A01
201600029019;1;7;0;0;2;4;2;B01
201600029019;1;10;0;0;2;1;2;A01
201600029020;2;10;0;0;2;4;2;B01
201600029020;2;7;0;0;2;1;2;A01
201600029021;1;7;0;0;2;4;23;B01
201600029021;1;7;0;0;2;1;2;A01
201600029022;2;7;0;0;2;2;16;A01
201600029022;1;1;0;0;2;1;1;B01
201600029023;1;7;0;0;1;2;16;A01
201600029024;2;10;0;0;1;1;15;A01
201600029025;1;7;0;0;1;0;0;Z01
201600029026;1;7;0;9;0;0;0;A01
201600029027;1;2;0;0;2;1;1;B01
201600029027;1;7;0;0;2;5;15;A01
201600029028;1;1;0;0;1;0;0;A01
201600029029;1;7;0;0;1;1;0;A01
201600029030;1;30;0;1;0;0;0;A01
201600029031;1;7;0;0;2;0;1;B01
201600029031;1;7;0;0;2;1;1;A01
201600029032;2;7;0;0;1;2;1;A01
201600029033;1;7;0;0;1;2;1;A01
201600029034;2;10;0;0;2;0;0;B01
201600029034;2;7;0;12;0;2;13;A01
201600029035;1;7;0;0;1;3;2;A01
201600029036;1;33;0;0;2;8;13;A01
201600029036;2;7;0;0;2;1;1;C01
201600029036;2;7;0;0;2;8;1;B01
201600029037;1;7;0;0;2;1;2;A01
201600029037;1;7;0;0;2;5;2;B01
201600029038;1;2;0;0;1;1;1;A01
201600029039;2;7;0;2;0;3;13;A01
201600029040;2;7;0;2;0;1;1;A01
201600029041;1;7;0;8;2;7;19;B01
201600029041;1;7;0;0;2;1;2;A01
201600029042;0;7;0;0;2;4;1;B01
201600029042;1;7;0;0;2;1;1;A01
201600029043;1;7;0;6;0;9;14;A01
201600029044;1;7;0;0;2;4;23;B01
201600029044;1;7;0;0;2;1;2;A01
201600029044;1;7;0;0;2;4;23;C01
201600029045;2;7;0;0;1;1;1;A01
201600029046;0;7;0;0;1;2;1;A01
201600029047;2;30;0;0;0;1;1;B01
201600029047;2;7;0;0;0;6;11;A01
201600029048;1;30;0;0;2;1;1;B01
201600029048;2;7;0;0;2;3;1;A01
201600029049;2;33;0;0;2;1;1;B01
201600029049;1;14;0;0;2;2;15;A01
201600029050;0;7;0;0;2;3;15;B01
201600029050;0;2;0;0;2;1;1;A01
201600029051;1;1;0;0;2;3;11;B01
201600029051;0;13;0;0;2;2;17;A01
201600029052;2;14;0;0;2;2;1;A01
201600029052;0;7;0;0;2;7;1;B01
201600029053;1;7;0;0;0;0;0;F01
201600029053;2;1;0;0;2;1;16;A01
201600029054;0;1;0;0;2;1;5;A01
201600029054;0;7;0;0;2;1;1;B01
201600029055;2;7;0;2;0;8;1;A01
201600029056;2;7;0;0;2;1;13;A01
201600029056;1;10;0;0;2;1;1;B01
201600029057;2;31;0;0;1;1;1;A01
201600029058;1;33;0;0;0;0;1;A01
201600029059;1;7;0;0;1;0;0;A01
201600029060;2;7;0;0;0;0;0;Z01
201600029060;0;1;0;0;2;0;19;B01
201600029061;2;7;0;0;1;1;1;A01
201600029062;1;7;0;0;2;1;2;A01
201600029062;1;7;0;0;2;4;23;B01
201600029063;1;7;0;13;0;1;1;A01
201600029064;1;21;0;0;2;8;15;A01
201600029064;1;33;0;0;2;7;1;B01
201600029065;2;7;0;0;0;0;15;B01
201600029065;2;33;0;12;0;1;17;A01
201600029066;1;7;0;0;2;3;2;A01
201600029066;1;7;0;0;2;5;15;B01
201600029067;1;37;0;0;2;1;1;B01
201600029067;2;7;0;0;2;1;5;A01
201600029068;2;10;0;0;1;0;0;Z01
201600029069;1;7;0;0;2;1;3;A01
201600029069;2;36;0;0;2;1;1;B01
201600029070;2;7;0;0;1;3;15;A01
201600029071;1;31;0;0;2;1;1;B01
201600029071;2;7;0;0;9;3;15;A01
201600029072;1;7;0;0;1;1;1;A01
201600029073;1;7;0;0;2;1;1;B01
201600029073;2;7;0;0;2;7;15;A01
201600029074;2;7;0;0;2;1;1;A01
201600029074;2;7;0;0;2;8;10;B01
201600029075;1;33;0;0;2;1;1;A01
201600029075;2;7;0;0;2;7;15;B01
201600029076;1;7;0;0;2;1;13;A01
201600029076;2;7;0;0;2;3;1;B01
201600029077;1;7;0;0;1;2;1;A01
201600029078;1;7;0;0;1;3;15;A01
201600029079;1;7;0;0;2;3;13;A01
201600029079;2;7;0;0;2;3;1;B01
201600029080;0;7;0;0;2;1;23;B01
201600029080;0;7;0;0;1;2;1;A01
201600029081;1;7;0;0;1;2;1;A01
201600029082;1;7;0;0;1;1;1;A01
201600029083;1;7;0;0;1;3;1;A01
201600029084;2;7;0;0;2;1;1;B01
201600029084;1;7;0;0;2;8;19;A01
201600029085;1;7;0;0;1;1;1;A01
201600029086;2;7;0;0;1;2;1;A01
201600029087;0;30;0;0;2;1;1;B01
201600029087;1;1;0;0;2;1;1;A01
201600029088;1;10;0;0;2;3;19;A01
201600029088;1;30;0;0;2;7;1;B01
201600029089;0;7;0;0;2;1;9;A01
201600029089;2;7;0;0;2;7;1;B01
201600029090;1;7;0;0;2;0;0;A01
201600029090;0;10;0;0;0;0;0;B01
201600029091;0;7;0;0;0;9;0;A01
201600029092;2;7;0;1;0;0;1;A01
201600029093;2;7;0;0;1;8;1;A01
201600029094;1;7;0;0;2;0;0;A01
201600029094;1;1;0;0;2;8;2;B01
201600029095;1;7;0;0;2;3;9;A01
201600029095;0;31;0;0;2;7;1;B01
201600029096;2;10;0;0;1;3;16;A01
201600029097;2;7;0;2;0;1;14;A01
201600029098;2;7;0;0;1;3;1;A01
201600029099;2;7;0;0;1;1;1;A01
201600029100;1;7;0;0;1;2;1;A01
201600029101;0;7;0;8;0;0;0;A01
201600029102;0;2;0;7;0;0;0;A01
201600029103;0;7;0;0;2;0;0;A01
201600029103;0;2;0;0;2;0;0;B01
201600029104;0;7;0;13;0;0;0;A01
201600029104;0;7;0;0;2;1;2;B01
201600029104;0;7;0;0;2;4;2;C01
201600029105;0;7;0;0;1;1;0;A01
201600029106;0;7;0;0;2;4;0;A01
201600029107;0;1;0;0;1;0;0;A01
201600029108;0;7;0;0;1;0;0;A01
201600029109;0;2;0;16;0;0;0;A01
201600029110;0;1;0;0;2;0;0;B01
201600029110;0;7;0;0;5;0;0;A01
201600029111;0;7;0;0;2;4;0;B01
201600029111;0;7;0;0;0;1;0;A01
201600029111;0;7;0;0;2;1;0;C01
201600029112;2;34;0;0;2;1;0;B01
201600029112;0;7;0;0;2;2;0;A01
201600029113;0;7;0;0;1;4;4;A01
201600029114;0;7;0;0;2;4;2;C01
201600029114;0;7;0;0;2;1;2;A01
201600029114;0;7;0;0;2;4;2;B01
201600029115;0;1;0;0;2;0;0;B01
201600029115;0;7;0;0;2;3;1;A01
201600029116;0;7;0;0;0;0;0;B01
201600029116;0;2;0;16;0;0;0;A01
201600029117;0;7;0;0;2;4;2;B01
201600029117;0;7;0;0;2;1;2;A01
201600029118;0;7;0;0;2;3;15;A01
201600029118;0;2;0;0;2;1;1;B01
201600029119;0;7;0;0;2;3;0;B01
201600029119;0;7;0;0;2;1;0;A01
201600029120;0;37;1;0;1;3;0;A01
201600029121;0;7;0;0;2;0;15;A01
201600029121;0;2;0;0;2;0;0;B01
201600029122;0;7;0;0;2;2;0;A01
201600029122;0;7;0;2;2;3;0;B01
201600029123;0;7;0;0;2;0;24;B01
201600029123;0;7;0;0;2;0;0;A01
201600029124;0;7;0;16;0;0;0;A01
201600029125;0;7;0;0;2;7;0;A01
201600029125;0;7;0;0;2;0;0;B01
201600029126;0;7;0;0;2;1;1;A01
201600029126;0;2;0;0;2;8;1;B01
201600029127;0;7;0;0;1;1;1;A01
201600029128;0;7;0;0;2;1;0;A01
201600029128;0;7;0;0;2;4;0;C01
201600029128;0;7;0;0;2;1;0;B01
201600029129;0;7;0;0;2;1;2;A01
201600029129;0;7;0;0;2;4;2;B01
201600029130;0;7;0;0;2;0;0;B01
201600029130;0;7;0;0;2;0;0;A01
201600029131;0;7;0;0;1;2;1;A01
201600029132;0;7;0;0;2;4;0;B01
201600029132;0;7;0;0;2;1;2;A01
201600029133;0;7;0;0;1;2;0;A01
201600029134;0;7;0;0;2;1;2;A01
201600029134;0;7;0;0;2;4;1;C01
201600029134;0;7;0;0;2;4;2;B01
201600029135;0;7;0;0;1;0;0;A01
201600029136;1;33;0;16;0;0;0;A01
201600029137;0;7;0;9;0;0;0;A01
201600029138;0;7;0;0;2;1;0;A01
201600029138;0;7;0;0;2;4;0;B01
201600029139;0;7;0;0;2;0;0;A01
201600029139;0;7;0;0;2;0;0;B01
201600029140;0;7;0;1;0;0;0;A01
201600029141;0;7;0;0;1;3;1;A01
201600029142;0;10;0;0;2;4;0;B01
201600029142;0;2;0;0;2;1;0;A01
201600029143;0;7;0;16;0;1;0;A01
201600029144;0;33;0;16;0;0;0;A01
201600029145;0;14;0;0;2;3;1;B01
201600029145;0;7;0;0;2;2;17;A01
201600029146;0;7;0;0;1;0;0;A01
201600029147;0;7;0;0;2;1;0;A01
201600029147;0;1;0;0;2;4;0;B01
201600029148;0;7;0;0;2;0;24;A01
201600029148;0;1;0;0;2;1;1;B01
201600029149;0;7;0;0;2;0;0;A01
201600029149;0;30;0;0;2;0;0;B01
201600029150;0;7;0;0;2;3;1;B01
201600029150;0;7;0;0;2;3;13;A01
201600029151;0;7;0;0;2;0;0;A01
201600029151;0;7;0;0;2;0;0;B01
201600029152;0;7;0;0;2;0;0;A01
201600029152;0;7;0;0;2;4;2;B01
201600029153;0;7;0;0;2;0;0;B01
201600029153;0;2;0;0;2;0;0;A01
201600029154;0;33;0;0;2;0;0;B01
201600029154;0;7;0;0;2;0;0;A01
201600029155;0;30;0;0;2;6;0;B01
201600029155;0;7;0;0;2;3;0;A01
201600029156;0;1;0;16;0;0;0;A01
201600029157;0;1;0;0;2;1;2;A01
201600029157;0;1;0;0;2;4;2;B01
201600029158;0;7;0;0;2;2;0;B01
201600029158;0;7;0;12;2;0;0;A01
201600029159;0;7;0;0;2;1;1;C01
201600029159;0;7;0;0;2;4;2;A01
201600029159;0;7;0;0;2;1;0;B01
201600029160;0;7;0;16;0;0;0;A01
201600029161;0;2;0;16;0;0;0;A01
201600029162;0;7;0;12;0;6;0;A01
201600029163;0;7;0;0;2;2;15;A01
201600029163;0;33;0;0;2;3;1;B01
201600029164;0;7;0;0;2;3;0;A01
201600029164;0;1;0;0;2;0;1;B01
201600029165;0;30;0;0;2;1;0;B01
201600029165;0;7;0;0;2;1;15;A01
201600029166;0;2;0;16;0;0;0;A01
201600029167;0;7;0;0;2;1;17;A01
201600029167;0;2;0;0;2;1;1;B01
201600029168;0;10;0;0;1;0;0;A01
201600029169;0;7;0;0;2;2;0;B01
201600029169;0;2;0;0;2;0;0;A01
201600029170;0;2;0;0;0;0;0;A01
201600029170;0;7;0;0;0;0;0;B01
201600029171;0;7;0;0;0;0;0;B01
201600029171;0;7;0;0;0;0;0;A01
201600029172;1;7;0;0;0;0;0;A01
201600029172;1;33;0;0;0;0;0;B01
201600029173;0;7;0;0;0;0;0;A01
201600029174;0;7;0;0;0;0;0;B01
201600029174;0;33;0;0;0;0;0;A01
201600029175;0;7;0;0;2;3;19;B01
201600029175;0;7;0;0;0;0;0;A01
201600029176;0;7;0;0;0;0;0;B01
201600029176;0;33;0;0;0;0;0;A01
201600029177;0;7;0;0;0;0;0;A01
201600029177;0;33;0;0;0;0;0;B01
201600029178;0;31;0;16;0;0;0;A01
201600029179;0;2;0;16;0;0;0;A01
201600029180;0;1;0;0;2;0;0;A01
201600029180;0;7;0;0;2;1;0;B01
201600029181;0;2;0;16;0;0;0;A01
201600029182;1;7;0;0;2;1;2;A01
201600029182;2;7;0;0;2;4;2;B01
201600029182;2;10;0;0;2;1;2;C01
201600029183;0;7;0;0;2;2;1;A01
201600029183;0;1;0;0;2;0;0;B01
201600029184;0;7;0;2;0;0;0;A01
201600029185;0;7;0;0;2;8;0;B01
201600029185;0;2;0;0;2;1;0;A01
201600029186;0;7;0;0;2;5;2;B01
201600029186;0;1;0;0;2;1;2;A01
201600029187;1;7;0;0;2;1;2;A01
201600029187;1;7;0;0;2;4;2;B01