Num_Acc;senc;catv;occutc;obs;obsm;choc;manv;num_veh
201600029573;1;7;0;0;2;1;13;A01
201600029573;2;7;0;0;2;3;1;B01
201600029574;1;33;0;0;2;1;0;A01
201600029574;2;7;0;0;2;0;0;B01
201600029575;2;7;0;0;1;2;0;A01
201600029576;1;7;0;0;2;1;15;A01
201600029576;1;37;0;0;2;1;1;B01
201600029577;1;7;0;0;2;1;15;B01
201600029577;1;10;0;0;2;3;0;A01
201600029578;1;7;0;0;2;1;1;B01
201600029578;1;10;0;0;2;6;0;A01
201600029579;1;7;0;0;2;3;1;A01
201600029579;1;7;0;0;2;2;1;B01
201600029580;2;37;0;0;1;3;0;A01
201600029581;1;10;0;0;2;1;2;A01
201600029581;1;7;0;0;2;4;0;B01
201600029582;1;7;0;0;1;3;1;A01
201600029583;1;7;0;0;1;3;1;A01
201600029584;1;7;0;0;2;4;2;B01
201600029584;2;7;0;0;2;1;2;A01
201600029585;1;7;0;0;1;0;0;A01
201600029586;1;1;0;0;0;0;0;B01
201600029586;1;7;0;0;2;7;14;A01
201600029587;1;7;0;0;1;2;1;A01
201600029588;1;10;0;0;1;3;1;A01
201600029589;1;30;0;0;0;4;2;B01
201600029589;1;7;0;0;2;1;2;A01
201600029590;1;37;0;0;1;0;0;A01
201600029591;1;37;0;1;1;3;2;A01
201600029592;1;7;0;0;2;4;2;B01
201600029592;1;7;0;0;2;1;2;A01
201600029593;1;7;0;8;0;1;1;A01
201600029593;1;7;0;0;0;3;1;B01
201600029594;1;7;0;0;1;1;1;Z01
201600029595;1;7;0;0;2;1;9;A01
201600029595;1;7;0;0;2;5;1;B01
201600029595;1;7;0;0;2;0;23;C01
201600029596;1;7;0;0;2;1;19;A01
201600029596;1;7;0;0;2;8;1;B01
201600029597;1;7;0;0;1;1;1;A01
201600029598;1;7;0;0;1;2;16;A01
201600029599;1;7;0;0;2;1;1;B01
201600029599;1;7;0;0;2;2;15;A01
201600029600;2;7;0;0;1;0;1;A01
201600029601;1;7;0;0;2;1;15;A01
201600029601;2;31;0;0;2;8;1;B01
201600029602;2;7;0;0;2;6;10;A01
201600029602;1;7;0;0;2;1;1;B01
201600029603;1;7;0;2;0;1;13;A01
201600029604;1;2;0;0;2;7;1;B01
201600029604;1;10;0;0;2;3;9;A01
201600029605;2;7;0;0;2;2;15;A01
201600029605;1;2;0;0;2;1;0;B01
201600029606;2;1;0;0;2;1;0;B01
201600029606;1;7;0;0;2;1;15;A01
201600029607;1;30;0;2;0;1;0;A01
201600029608;1;7;0;0;0;8;1;A01
201600029609;2;33;0;0;0;0;17;B01
201600029609;2;7;0;0;0;0;15;A01
201600029610;1;7;0;0;1;3;0;A01
201600029611;1;2;0;0;0;7;1;A01
201600029612;1;3;0;0;2;1;15;A01
201600029612;2;7;0;0;2;1;1;B01
201600029613;1;7;0;0;2;1;5;A01
201600029613;2;10;0;0;2;1;1;B01
201600029614;1;7;0;0;2;2;2;B01
201600029614;1;7;0;0;2;4;2;A01
201600029615;2;7;0;0;2;4;2;A01
201600029615;2;7;0;0;2;1;2;B01
201600029616;2;7;0;6;0;1;1;A01
201600029617;2;31;0;0;2;1;1;B01
201600029617;2;30;0;0;2;4;13;A01
201600029618;2;2;0;0;2;1;9;A01
201600029618;1;7;0;0;2;5;15;B01
201600029619;1;7;0;0;2;3;15;A01
201600029619;1;7;0;0;2;2;1;B01
201600029620;2;7;0;0;2;1;1;A01
201600029620;2;7;0;0;2;4;1;B01
201600029620;2;7;0;0;2;4;1;C01
201600029621;1;7;0;2;0;9;1;A01
201600029622;2;7;0;15;0;2;1;A01
201600029623;1;7;0;0;2;2;1;B01
201600029623;1;7;0;0;2;3;15;A01
201600029624;1;2;0;16;0;0;1;A01
201600029624;1;30;0;16;0;0;2;B01
201600029625;1;7;0;0;2;1;2;B01
201600029625;1;7;0;1;2;3;13;A01
201600029625;2;7;0;1;2;3;0;C01
201600029626;1;7;0;0;1;1;2;A01
201600029627;1;7;0;0;1;1;0;A01
201600029628;1;7;0;0;2;1;2;A01
201600029628;1;3;0;0;2;4;0;B01
201600029629;1;31;0;0;2;9;1;B01
201600029629;2;7;0;0;2;1;13;A01
201600029630;1;7;0;0;2;1;2;B01
201600029630;1;33;0;0;2;4;2;A01
201600029631;1;7;0;0;1;2;2;A01
201600029632;1;7;0;0;1;1;16;A01
201600029633;1;7;0;0;2;3;1;B01
201600029633;2;7;0;0;2;1;13;A01
201600029634;2;7;0;4;0;3;13;A01
201600029635;2;7;0;0;1;3;16;A01
201600029636;2;7;0;0;1;3;0;A01
201600029637;1;7;0;0;1;2;0;A01
201600029638;1;7;0;2;0;2;13;A01
201600029639;1;7;0;0;1;1;0;A01
201600029640;2;7;0;0;1;7;1;A01
201600029641;2;7;0;0;2;1;1;B01
201600029641;1;7;0;0;2;3;9;A01
201600029642;1;10;0;0;1;4;4;A01
201600029643;1;7;0;0;2;3;15;B01
201600029643;2;99;0;0;2;1;17;A01
201600029644;1;7;0;0;2;1;11;A01
201600029644;1;7;0;0;2;5;0;B01
201600029645;2;32;0;0;2;1;2;A01
201600029645;1;10;0;0;2;4;2;B01
201600029646;1;7;0;13;0;1;14;A01
201600029647;1;33;0;0;2;8;1;B01
201600029647;1;7;0;0;2;7;0;A01
201600029648;1;2;0;0;2;5;16;B01
201600029648;1;7;0;0;2;3;0;A01
201600029649;1;7;0;5;0;2;1;A01
201600029650;1;7;0;0;2;3;1;B01
201600029650;2;7;0;0;2;3;13;A01
201600029651;1;7;0;0;1;3;1;A01
201600029652;1;7;0;0;2;8;9;A01
201600029652;1;33;0;0;2;9;12;B01
201600029653;1;7;0;0;2;1;2;A01
201600029653;1;7;0;0;2;5;1;B01
201600029654;1;7;0;0;2;3;13;A01
201600029654;2;10;0;0;2;3;1;B01
201600029655;1;7;0;0;1;3;15;A01
201600029656;1;34;0;0;2;4;0;B01
201600029656;1;7;0;0;2;1;0;A01
201600029657;2;7;0;0;2;1;1;B01
201600029657;1;7;0;0;2;1;17;A01
201600029658;1;1;0;0;2;1;2;A01
201600029658;1;7;0;0;9;4;1;B01
201600029659;1;7;0;0;1;7;0;A01
201600029660;1;7;0;0;2;3;9;A01
201600029660;1;32;0;0;2;7;0;B01
201600029661;1;10;0;0;1;2;16;A01
201600029662;2;30;0;0;2;1;2;A01
201600029662;2;7;0;0;9;4;2;B01
201600029663;1;7;0;0;1;4;4;A01
201600029664;1;30;0;0;9;1;2;B01
201600029664;1;2;0;1;0;7;14;A01
201600029664;1;10;0;0;9;7;0;C01
201600029665;1;7;0;0;2;7;0;B01
201600029665;2;7;0;0;2;1;9;A01
201600029666;1;7;0;0;1;1;1;A01
201600029667;1;7;0;0;1;1;15;A01
201600029668;1;7;0;0;1;1;0;A01
201600029669;1;10;0;0;1;3;0;A01
201600029670;1;7;0;8;0;2;14;A01
201600029671;1;7;0;0;1;1;0;A01
201600029672;1;7;0;0;2;1;17;A01
201600029672;1;37;0;0;2;1;16;B01
201600029673;1;7;0;0;2;4;4;A01
201600029673;0;10;0;0;2;7;0;B01
201600029674;2;7;0;0;1;2;0;A01
201600029675;1;10;0;0;1;1;15;A01
201600029676;1;7;0;0;1;1;0;A01
201600029677;1;2;0;0;1;1;1;A01
201600029678;1;1;0;0;2;1;19;B01
201600029678;1;7;0;0;2;3;15;A01
201600029679;1;7;0;0;1;3;1;A01
201600029680;2;7;0;0;0;3;1;B01
201600029680;1;7;0;0;1;1;16;A01
201600029681;1;7;0;0;1;1;0;A01
201600029682;2;10;0;0;2;1;1;B01
201600029682;1;30;0;0;2;1;13;A01
201600029682;1;7;0;0;9;1;1;C01
201600029683;1;7;0;0;2;3;13;A01
201600029683;2;7;0;0;2;3;1;B01
201600029684;1;7;0;0;1;1;1;A01
201600029685;1;7;0;0;1;3;20;A01
201600029686;1;7;0;0;1;1;1;A01
201600029687;2;7;0;0;1;1;16;A01
201600029688;1;7;0;0;2;3;16;A01
201600029688;1;1;0;0;9;1;0;B01
201600029689;1;10;0;0;2;1;23;C01
201600029689;1;36;0;0;2;1;1;A01
201600029689;2;7;0;0;2;8;9;B01
201600029690;1;7;0;0;1;1;1;A01
201600029691;1;7;0;13;0;1;1;A01
201600029692;1;7;0;13;0;9;1;A01
201600029693;2;7;0;0;2;2;17;A01
201600029693;2;1;0;0;0;8;1;B02
201600029694;2;33;0;0;0;1;1;A01
201600029695;2;7;0;6;0;1;1;A01
201600029696;1;3;0;0;0;0;1;A01
201600029697;1;7;0;0;1;2;1;A01
201600029698;2;7;0;12;0;3;0;A01
201600029699;1;7;0;0;2;8;2;B02
201600029699;1;10;0;0;2;7;2;A01
201600029700;1;7;0;0;0;4;2;B02
201600029700;1;34;0;0;2;1;2;A01
201600029701;2;7;0;14;1;1;1;B01
201600029702;1;14;0;0;2;3;2;B02
201600029702;2;7;0;0;0;4;1;A01
201600029703;2;33;0;0;2;3;1;A01
201600029703;0;7;0;0;2;2;15;B02
201600029704;2;2;0;0;2;1;2;B02
201600029704;2;7;0;0;0;4;20;A01
201600029705;2;33;0;0;0;0;0;A01
201600029706;1;7;0;3;0;1;12;A01
201600029707;1;7;0;2;0;1;0;A01
201600029708;1;7;0;2;0;7;0;A01
201600029709;1;1;0;1;0;0;1;B01
201600029709;1;7;0;0;2;8;22;A01
201600029710;1;7;0;0;1;3;0;A01
201600029711;1;2;0;0;2;3;1;B01
201600029711;1;7;0;0;2;5;17;A01
201600029712;1;1;0;0;0;0;0;A01
201600029713;1;30;0;0;0;0;0;A01
201600029714;1;2;0;0;1;1;0;A01
201600029715;1;7;0;0;2;1;1;A01
201600029715;1;1;0;0;2;0;1;B01
201600029716;1;7;0;0;1;1;0;A01
201600029717;1;7;0;0;1;1;0;A01
201600029718;1;7;0;0;1;1;1;A01
201600029719;1;7;0;0;0;0;0;A01
201600029720;1;7;0;0;2;3;0;B01
201600029720;1;7;0;0;2;3;0;A01
201600029721;1;33;0;0;0;0;0;A01
201600029722;1;7;0;0;2;3;0;A01
201600029722;1;7;0;0;2;3;0;B01
201600029723;1;7;0;0;2;1;2;A01
201600029723;1;7;0;0;2;4;2;B01
201600029723;1;7;0;0;2;4;0;C01
201600029724;1;7;0;0;1;1;16;A01
201600029725;1;31;0;0;2;1;1;B01
201600029725;1;7;0;0;2;1;15;A01
201600029726;1;7;0;0;1;1;1;A01
201600029727;1;7;0;0;2;2;1;A01
201600029727;1;7;0;0;2;3;1;B01
201600029728;1;1;0;0;0;0;0;A01
201600029728;1;7;0;0;2;1;0;B01
201600029729;1;7;0;0;2;1;0;B01
201600029729;1;7;0;0;2;3;0;A01
201600029730;1;7;0;0;2;6;2;B01
201600029730;1;7;0;0;2;2;2;A01
201600029731;1;7;0;0;1;1;1;A01
201600029732;1;1;0;0;2;0;1;B01
201600029732;1;38;0;0;2;7;16;A01
201600029733;1;7;0;0;2;0;1;A01
201600029733;1;1;0;0;2;4;12;B01
201600029734;1;7;0;0;1;1;1;A01
201600029735;1;30;0;0;2;4;1;B01
201600029735;1;30;0;0;2;1;1;A01
201600029736;1;33;0;0;2;1;0;A01
201600029736;1;7;0;0;2;6;0;B01
201600029737;1;7;0;0;2;1;0;A01
201600029737;1;7;0;0;2;1;0;B01
201600029738;1;7;0;0;2;1;1;A01
201600029738;1;7;0;0;2;4;1;B01
201600029739;1;1;0;0;0;0;0;A01
201600029740;1;2;0;0;0;0;0;A01
201600029741;1;7;0;0;1;1;0;A01
201600029742;0;7;0;0;1;1;0;A01
201600029743;1;7;0;0;2;7;0;B01
201600029743;1;7;0;0;2;1;2;A01
201600029744;1;7;0;0;2;2;2;A01
201600029744;1;7;0;0;2;8;0;B01
201600029745;1;30;0;0;2;0;2;A01
201600029745;0;7;0;0;2;4;0;B01
201600029746;1;7;0;0;2;0;0;B01
201600029746;1;1;0;0;2;0;0;A01
201600029747;1;7;0;1;0;1;0;A01
201600029747;0;15;0;0;0;0;0;B01
201600029748;1;7;0;0;1;0;0;A01
201600029749;1;7;0;0;2;2;16;A01
201600029749;1;2;0;0;2;6;1;B01
201600029750;1;7;0;0;2;2;1;A01
201600029750;1;7;0;0;2;6;16;B01
201600029751;1;30;0;0;0;0;0;A01
201600029752;1;30;0;0;0;0;0;A01
201600029753;1;1;0;0;0;0;0;A01
201600029754;1;33;0;0;0;0;0;A01
201600029755;1;36;0;0;2;0;0;Z01
201600029755;1;30;0;0;2;0;0;A01
201600029756;1;2;0;0;0;0;0;A01
201600029757;1;7;0;0;2;0;0;B01
201600029757;1;1;0;0;2;0;0;A01
201600029758;1;2;0;0;2;1;17;A01
201600029758;1;7;0;0;2;3;15;B01
201600029759;1;7;0;0;2;1;0;A01
201600029759;1;7;0;0;2;4;0;B01
201600029760;1;7;0;1;0;9;0;A01
201600029761;1;30;0;1;0;7;1;A01
201600029762;1;7;0;0;2;1;2;A01
201600029762;1;7;0;0;2;4;0;B01
201600029763;1;3;0;0;1;1;2;A01
201600029764;1;30;0;0;0;0;0;A01
201600029764;0;7;0;0;0;0;0;B01
201600029765;1;7;0;0;1;1;1;A01
201600029766;1;7;0;0;2;4;1;B01
201600029766;1;1;0;0;2;4;2;A01
201600029767;1;7;0;0;2;1;0;A01
201600029767;0;7;0;0;2;3;0;B01
201600029768;1;30;0;0;0;8;0;A01
201600029769;1;31;0;0;2;7;15;A01
201600029769;1;7;0;0;2;6;0;B01
201600029770;1;7;0;0;2;2;15;A01
201600029770;2;7;0;0;2;2;0;B01
201600029771;1;31;0;0;1;1;17;A01
201600029771;1;7;0;0;2;1;1;B01
201600029772;1;7;0;8;0;1;1;A01
201600029773;1;7;0;0;2;1;1;A01
201600029773;1;7;0;0;2;4;1;B01
201600029774;1;7;0;0;1;4;4;A01
201600029775;1;2;0;0;0;0;0;D01
201600029775;1;7;0;0;2;1;2;B01
201600029775;1;7;0;0;2;1;2;A01
201600029775;1;7;0;0;9;4;2;C01
201600029776;1;1;0;0;1;0;0;A01
201600029777;1;7;0;1;0;7;0;A01
201600029778;1;7;0;0;1;0;0;A01
201600029779;1;7;0;0;2;3;1;B01
201600029779;1;7;0;0;2;0;0;A01
201600029780;1;2;0;0;2;1;1;B01
201600029780;1;7;0;0;2;5;15;A01
201600029781;1;7;0;0;1;1;1;A01
201600029782;1;2;0;0;2;1;2;A01
201600029782;1;7;0;0;2;4;0;C01
201600029782;1;31;0;0;2;1;0;B01
201600029783;1;7;0;0;1;0;0;A01
201600029784;1;7;0;0;2;8;15;A01
201600029784;1;7;0;0;2;1;1;B01
201600029785;1;2;0;0;0;0;0;A01
201600029786;1;7;0;0;1;0;0;A01
201600029787;2;7;0;0;2;1;0;A01
201600029787;1;7;0;0;2;6;0;B01
201600029788;1;7;0;0;2;2;0;A01
201600029788;1;2;0;0;2;1;1;B01
201600029789;1;7;0;0;1;0;0;A01
201600029790;1;7;0;0;1;0;0;A01
201600029791;1;7;0;0;2;5;10;A01
201600029791;1;31;0;0;2;1;0;B01
201600029792;1;7;0;0;1;0;0;A01
201600029793;1;37;0;0;2;4;4;A01
201600029793;1;30;0;0;2;1;1;B01
201600029794;1;2;0;6;0;1;17;A01
201600029794;1;7;0;0;0;0;13;B01
201600029795;1;7;0;0;0;0;0;B01
201600029795;1;7;0;0;0;0;0;A01
201600029796;1;7;0;0;0;0;0;B01
201600029796;0;7;0;0;0;0;0;A01
201600029797;1;7;0;0;2;6;16;A01
201600029797;1;15;0;0;2;3;1;B01
201600029798;1;7;0;0;1;0;0;A01
201600029799;1;7;0;2;0;1;2;A01
201600029800;1;30;0;0;0;0;0;A01
201600029801;1;7;0;0;1;1;2;A01
201600029802;0;14;0;0;2;2;15;A01
201600029802;0;7;0;0;2;2;1;B02
201600029803;0;33;0;0;2;3;1;B02
201600029803;0;15;0;0;2;3;15;A01
201600029804;0;37;0;0;2;2;13;B02
201600029804;0;7;0;0;2;2;13;A01
201600029805;1;7;0;0;2;8;1;B02
201600029805;1;37;2;0;2;3;13;A01
201600029805;0;7;0;0;2;8;1;C03
201600029806;1;7;0;0;2;3;1;C03
201600029806;2;7;0;0;2;3;13;A01
201600029806;1;15;0;0;2;3;1;B02
201600029807;1;14;0;0;2;3;1;B02
201600029807;2;7;0;0;2;1;16;A01
201600029808;0;17;0;0;1;1;1;A01
201600029809;0;15;0;0;1;7;10;A01
201600029810;1;7;0;0;1;3;1;A01
201600029811;1;7;0;0;2;3;1;A01
201600029811;1;7;0;0;2;5;15;B02
201600029812;1;7;0;0;2;8;9;A01
201600029812;2;33;0;0;2;3;1;B02
201600029813;1;7;0;9;1;2;16;A01
201600029814;0;39;2;0;1;1;1;A01
201600029815;1;7;0;3;0;9;14;A01
201600029816;2;7;0;0;2;7;13;A01
201600029816;2;7;0;0;2;3;1;B02
201600029817;1;7;0;3;0;3;1;A01
201600029818;2;7;0;2;0;3;13;A01
201600029819;1;10;0;0;0;1;17;B02
201600029819;1;7;0;0;2;6;9;A01
201600029819;1;7;0;0;2;9;1;C03
201600029820;1;7;0;0;2;4;1;B02
201600029820;1;7;0;0;2;2;6;A01
201600029821;0;7;0;0;1;3;1;A01
201600029822;0;7;0;0;1;6;4;A01
201600029823;0;30;0;0;2;1;5;A01
201600029823;0;7;0;0;2;3;1;B02
201600029824;1;2;0;0;2;1;1;A01
201600029824;1;7;0;0;2;7;9;B02
201600029825;1;3;0;0;2;1;15;A01
201600029825;0;7;0;0;2;1;1;B01
201600029826;1;2;0;0;1;1;1;A01
201600029827;1;7;0;0;2;1;15;A01
201600029827;1;2;0;0;2;8;1;B01
201600029828;1;7;0;0;2;8;19;A01
201600029828;1;31;0;0;2;2;2;B01
201600029829;1;2;0;0;0;1;1;A01
201600029830;1;7;0;0;2;3;2;A01
201600029830;1;32;0;0;2;4;2;B01
201600029831;2;37;1;0;2;2;2;B01
201600029831;0;7;0;0;2;8;16;A01
201600029832;1;7;0;0;1;1;16;A01
201600029833;2;7;0;0;1;1;2;A01
201600029834;1;31;0;0;2;7;1;B01
201600029834;2;7;0;0;2;1;16;A01
201600029835;0;7;0;0;1;6;4;A01
201600029836;1;7;0;0;1;1;1;A01
201600029837;0;7;0;0;0;1;1;A01
201600029838;1;2;0;0;2;8;1;B01
201600029838;1;10;0;0;2;8;15;A01
201600029838;1;7;0;0;2;3;23;C01
201600029839;0;32;0;0;2;1;2;A01
201600029839;1;7;0;0;2;1;15;B01
201600029840;1;7;0;0;1;2;1;A01
201600029841;2;7;0;0;0;2;0;B01
201600029841;1;10;0;1;0;3;13;A01
201600029842;1;34;0;0;2;7;2;A01
201600029842;0;7;0;0;2;8;15;B01
201600029843;0;1;0;0;0;0;0;B01
201600029843;0;7;0;0;2;1;11;A01
201600029844;1;7;0;0;2;2;10;A01
201600029844;1;1;0;0;2;8;1;B01
201600029845;2;7;0;6;0;1;13;A01
201600029846;1;7;0;14;0;1;2;A01
201600029846;1;7;0;0;2;4;23;B01
201600029847;2;7;0;0;2;2;1;B01
201600029847;2;7;0;0;2;6;15;A01
201600029848;2;1;0;1;0;2;1;B01
201600029848;2;7;0;0;2;3;22;A01
201600029849;0;7;0;0;2;1;1;A01
201600029849;0;7;0;0;2;1;1;B01
201600029850;2;7;0;0;2;8;15;A01
201600029850;1;1;0;0;2;1;1;B01
201600029851;0;14;0;0;1;8;16;A01
201600029852;2;30;0;0;2;8;13;A01
201600029852;1;7;0;0;2;2;1;B01
201600029853;1;7;0;0;2;8;15;A01
201600029853;1;33;0;0;2;1;1;B01
201600029854;2;7;0;0;1;1;1;A01
201600029855;2;7;0;0;2;1;1;B01
201600029855;0;7;0;9;2;7;19;A01
201600029856;2;7;0;1;0;1;1;A01
201600029857;2;7;0;0;2;2;13;A01
201600029857;1;7;0;0;2;3;1;B01
201600029858;2;33;0;0;0;0;1;A01
201600029859;1;7;0;0;1;2;0;A01
201600029860;2;7;0;0;2;1;15;B01
201600029860;1;7;0;0;2;3;1;A01
201600029861;1;7;0;0;1;1;1;A01
201600029862;1;7;0;0;2;5;15;A01
201600029862;2;2;0;0;2;1;1;B01
201600029863;1;7;0;6;0;1;1;A01
201600029864;0;7;0;0;1;3;1;A01
201600029865;0;7;0;0;2;1;1;B01
201600029865;0;7;0;0;2;3;1;A01
201600029866;1;10;0;0;1;2;2;A01
201600029867;2;1;0;0;2;8;15;B01
201600029867;2;7;0;0;2;2;17;A01
201600029868;0;7;0;0;1;3;1;A01
201600029869;2;7;0;0;1;2;17;A01
201600029869;2;7;0;0;2;3;1;B01
201600029870;1;33;0;0;0;0;0;A01
201600029871;1;7;0;0;1;2;0;A01
201600029872;2;7;0;0;2;3;0;B01
201600029872;1;33;0;0;2;3;5;A01
201600029873;1;7;0;13;0;9;1;A01
201600029874;2;1;0;0;2;4;2;B01
201600029874;2;14;0;0;2;2;2;A01
201600029875;1;7;0;0;2;3;19;A01
201600029875;1;33;0;0;2;1;1;B01
201600029876;1;7;0;0;1;2;1;A01
201600029877;1;7;0;0;2;7;2;B01
201600029877;1;30;0;0;2;3;3;A01
201600029878;2;7;0;0;2;1;13;A01
201600029878;1;7;0;0;2;1;1;B01
201600029879;1;7;0;0;1;2;2;A01
201600029880;1;7;0;0;1;1;2;A01
201600029881;2;7;0;0;2;2;2;B01
201600029881;1;7;0;0;2;3;13;A01
201600029882;2;7;0;0;2;7;0;B01
201600029882;2;7;0;0;0;0;0;A01
201600029883;0;33;0;0;2;1;17;A01
201600029883;0;7;0;0;2;1;15;B01
201600029884;1;7;0;6;0;1;1;A01
201600029885;0;33;0;8;0;1;0;A01
201600029886;1;10;0;0;1;2;16;A01
201600029887;1;7;0;15;2;4;1;A01
201600029888;1;7;0;0;2;1;0;A01
201600029888;1;7;0;0;2;1;0;B01
201600029889;1;7;0;0;2;1;1;A01
201600029889;1;1;0;0;2;2;9;B01
201600029890;0;33;0;0;1;1;17;A01
201600029891;0;1;0;0;0;4;1;B01
201600029891;0;3;0;0;2;1;1;A01
201600029892;1;7;0;0;0;0;0;A01
201600029892;2;7;0;0;0;0;0;B01
201600029893;2;7;0;0;2;1;1;B01
201600029893;1;7;0;0;2;1;1;A01
201600029894;0;7;0;6;0;1;13;A01
201600029895;1;2;0;0;1;0;1;A01
201600029896;0;7;0;0;1;2;1;A01
201600029897;1;7;0;0;1;1;1;A01
201600029898;1;7;0;0;1;2;1;A01
201600029899;0;7;0;0;0;0;0;B01
201600029899;0;7;0;0;2;3;1;A01
201600029900;1;1;0;0;2;1;1;A01
201600029900;2;1;0;0;0;0;0;B01
201600029901;1;7;0;0;2;4;1;A01
201600029901;1;33;0;0;2;1;2;B01
201600029902;0;7;0;0;2;2;13;A01
201600029902;0;7;0;0;2;2;13;B01
201600029903;1;7;0;0;1;7;1;A01
201600029904;1;7;0;0;1;1;1;A01
201600029905;0;7;0;0;1;1;1;A01
201600029906;0;33;0;0;2;1;1;B01
201600029906;0;7;0;0;2;7;15;A01
201600029907;1;7;0;0;2;3;15;A01
201600029907;1;2;0;0;2;1;1;B01
201600029908;0;7;0;0;2;1;1;A01
201600029908;0;7;0;0;0;8;9;B01
201600029909;0;1;0;0;0;0;0;B01
201600029909;0;7;0;0;0;6;23;A01
201600029910;0;7;0;2;0;2;14;A01
201600029911;1;7;0;1;0;1;15;A01
201600029911;1;7;0;0;0;0;0;B01
201600029912;1;7;0;0;1;1;1;A01
201600029913;0;7;0;0;2;5;1;B01
201600029913;0;7;0;0;2;1;1;A01
201600029914;1;7;0;0;2;1;1;B01
201600029914;1;7;0;0;2;1;5;A01
201600029915;1;7;0;0;2;1;17;A01
201600029915;2;7;0;0;2;1;1;B01
201600029916;1;7;0;7;0;0;14;A01
201600029917;2;7;0;0;2;2;0;A01
201600029917;2;2;0;0;2;1;1;B01
201600029918;2;7;0;0;2;1;13;A01
201600029918;2;7;0;1;2;1;1;B01
201600029919;0;2;0;0;2;1;1;B01
201600029919;0;7;0;0;2;7;15;A01
201600029920;0;7;0;0;1;2;0;A01
201600029921;0;7;0;0;1;2;1;A01
201600029922;2;7;0;0;2;3;10;A01
201600029922;2;33;0;13;2;1;17;B01
201600029923;1;7;0;0;1;1;0;A01
201600029924;1;15;0;0;2;3;1;B01
201600029924;2;7;0;0;2;3;13;A01
201600029925;1;16;0;0;2;3;1;B01
201600029925;1;7;0;0;2;1;13;A01
201600029926;2;7;0;0;1;7;1;A01
201600029927;1;7;0;0;2;3;19;B01
201600029927;2;7;0;15;2;1;1;A01
201600029928;2;7;0;0;1;3;0;A01
201600029929;1;7;0;0;1;1;0;A01
201600029930;2;33;0;0;2;0;1;B01
201600029930;1;7;0;0;2;2;15;A01
201600029931;2;7;0;0;2;3;1;A01
201600029931;2;2;0;0;2;8;10;B01
201600029932;1;7;0;0;2;1;6;A01
201600029932;2;10;0;0;2;8;0;B01
201600029933;1;7;0;0;2;2;15;A01
201600029933;1;7;0;0;2;1;1;B01
201600029933;1;7;0;0;2;1;0;C01
201600029934;2;1;0;0;2;4;13;B01
201600029934;2;7;0;0;2;2;17;Z01
201600029935;2;7;0;0;1;2;1;A01
201600029936;1;7;0;0;1;2;1;A01
201600029937;1;1;0;0;2;5;0;B01
201600029937;2;7;0;0;2;2;14;Z01
201600029938;2;1;0;0;1;0;0;A01
201600029939;1;7;0;0;1;1;1;A01
201600029940;2;7;0;0;2;3;13;A01
201600029940;1;7;0;0;2;8;1;C01
201600029940;1;7;0;0;2;6;1;B01
201600029941;2;7;0;0;1;2;16;A01
201600029942;1;7;0;0;2;5;17;A01
201600029942;2;1;0;0;2;8;15;B01
201600029943;2;33;0;0;2;1;1;B01
201600029943;1;15;0;0;2;6;15;A01
201600029944;2;7;0;0;2;4;23;B01
201600029944;2;2;0;0;2;1;2;A01
201600029945;1;33;0;0;2;1;15;B01
201600029945;2;7;0;0;2;2;9;A01
201600029946;1;33;0;12;0;7;14;A01
201600029947;2;7;0;0;2;1;9;B01
201600029947;2;7;0;0;2;3;9;A01
201600029948;1;1;0;0;2;0;0;B01
201600029948;2;7;0;0;2;0;0;A01
201600029949;2;33;0;0;2;4;1;B01
201600029949;2;7;0;0;2;1;1;A01
201600029950;2;7;0;15;0;1;1;A01
201600029951;2;2;0;0;2;1;19;B01
201600029951;2;7;0;0;2;2;1;A01
201600029952;1;2;0;0;2;6;1;B01
201600029952;0;7;0;0;2;2;1;A01
201600029953;1;33;0;0;2;1;1;B01
201600029953;2;1;0;0;2;1;15;A01
201600029954;1;2;0;0;0;7;1;A01
201600029955;2;7;0;0;2;1;15;A01
201600029955;2;7;0;0;2;3;1;B01
201600029956;2;7;0;0;2;8;1;B01
201600029956;2;7;0;0;2;1;19;A01
201600029957;2;7;0;0;2;1;13;A01
201600029957;1;7;0;0;2;3;1;B01
201600029957;1;7;0;0;2;3;1;C01
201600029958;1;7;0;0;1;1;1;A01
201600029959;2;7;0;0;1;1;1;A01
201600029960;1;7;0;0;2;2;1;A01
201600029960;1;1;0;0;2;8;9;B01
201600029961;1;2;0;0;2;1;7;C01
201600029961;1;7;0;0;2;8;10;A01
201600029961;1;30;0;0;2;1;7;B01
201600029962;2;7;0;0;1;3;1;A01
201600029963;2;7;0;0;2;1;1;A01
201600029963;2;7;0;0;2;8;16;B01
201600029964;2;2;0;0;2;1;1;B01
201600029964;0;7;0;0;2;8;9;A01
201600029965;1;7;0;0;1;1;1;A01
201600029966;2;2;0;0;2;1;1;B01
201600029966;2;7;0;0;2;3;19;Z01
201600029967;1;7;0;0;2;1;2;A01
201600029967;1;33;0;0;2;4;23;B01
201600029967;2;7;0;0;0;3;16;C01
201600029968;1;7;0;0;0;0;17;Z01
201600029968;1;3;0;8;0;1;14;B01
201600029969;1;7;0;0;1;3;1;A01
201600029970;2;7;0;0;1;1;1;A01
201600029971;2;7;0;0;1;1;1;A01
201600029972;2;7;0;15;2;1;1;A01
201600029972;1;7;0;0;2;3;1;B01
201600029973;1;7;0;0;1;7;1;A01
201600029974;1;7;0;0;2;1;2;A01