Num_Acc;senc;catv;occutc;obs;obsm;choc;manv;num_veh
201600029974;1;7;0;0;2;4;2;B01
201600029975;2;7;0;0;1;1;1;A01
201600029976;2;30;0;0;2;1;1;B01
201600029976;1;7;0;0;2;1;15;A01
201600029977;1;17;0;0;0;0;0;Z01
201600029978;1;7;0;0;1;1;1;Z01
201600029979;1;7;0;0;1;1;1;A01
201600029980;1;7;0;0;1;0;0;A01
201600029981;1;7;0;0;1;1;15;A01
201600029982;1;1;0;0;0;0;0;B01
201600029982;1;7;0;0;0;0;0;A01
201600029983;1;7;0;0;0;0;0;A01
201600029983;1;7;0;0;0;0;0;C01
201600029983;1;7;0;0;0;0;0;B01
201600029984;1;7;0;0;1;0;0;Z01
201600029985;0;7;0;0;1;1;1;A01
201600029986;1;7;0;0;0;0;0;A01
201600029986;1;7;0;0;0;0;0;B01
201600029987;1;7;0;0;2;0;0;Z01
201600029987;1;1;0;0;2;3;1;A01
201600029988;1;2;0;0;1;0;0;A01
201600029989;1;7;0;0;2;8;13;B01
201600029989;0;7;0;0;0;0;9;Z01
201600029989;1;33;0;0;1;1;17;A01
201600029990;1;7;0;12;0;3;1;A01
201600029991;1;31;0;3;0;2;14;A01
201600029992;1;7;0;0;2;2;15;A01
201600029992;1;34;0;0;2;7;1;B01
201600029993;1;1;0;0;2;3;16;A01
201600029993;1;7;0;0;0;0;0;Z01
201600029994;1;7;0;0;0;0;0;A01
201600029994;0;7;0;0;2;2;1;B01
201600029995;1;7;0;0;2;0;0;A01
201600029995;1;7;0;0;2;0;0;B01
201600029996;1;7;0;0;2;1;0;A01
201600029996;1;1;0;0;2;0;0;B01
201600029997;0;7;0;7;2;2;1;B01
201600029997;0;7;0;0;2;0;1;A01
201600029998;0;14;0;0;0;0;0;A01
201600029998;0;13;0;0;0;0;0;B01
201600029999;1;7;0;0;1;1;0;A01
201600030000;1;30;0;0;0;0;0;A01
201600030001;0;7;0;0;1;0;0;A01
201600030002;1;31;0;0;0;0;0;A01
201600030003;0;7;0;0;0;0;0;Z01
201600030003;0;7;0;0;0;0;0;A01
201600030004;1;7;0;0;2;1;1;B01
201600030004;1;7;0;0;2;1;1;A01
201600030005;0;7;0;0;2;3;0;B01
201600030005;0;7;0;0;2;3;5;A01
201600030005;0;7;0;0;0;0;0;C01
201600030006;1;7;0;0;2;1;0;B01
201600030006;2;7;0;0;2;1;0;A01
201600030007;1;7;0;0;2;2;11;A01
201600030007;2;30;0;0;2;1;1;B01
201600030008;0;30;0;6;0;1;14;A01
201600030009;1;7;0;3;0;6;1;B01
201600030009;1;10;0;0;2;2;3;A01
201600030010;0;7;0;0;1;1;2;A01
201600030011;0;7;0;0;2;0;0;A01
201600030011;0;7;0;0;2;0;0;C01
201600030011;0;7;0;0;2;0;0;B01
201600030012;0;31;0;0;0;0;0;A01
201600030012;0;7;0;0;0;0;0;B01
201600030013;0;7;0;0;1;0;0;A01
201600030014;1;7;0;0;1;2;1;A01
201600030015;0;7;0;0;2;1;0;A01
201600030015;1;7;0;0;2;0;0;B01
201600030016;2;7;0;0;2;2;15;B01
201600030016;1;34;0;0;2;1;1;A01
201600030017;0;1;0;0;0;0;0;Z01
201600030017;0;1;0;0;0;0;0;B01
201600030018;0;7;0;0;1;0;0;A01
201600030019;1;30;0;0;2;4;2;B01
201600030019;1;7;0;0;2;1;2;A01
201600030020;0;10;0;0;1;0;0;A01
201600030021;1;7;0;0;2;3;1;B01
201600030021;0;32;0;0;2;1;1;A01
201600030022;0;2;0;0;0;0;0;B01
201600030022;0;7;0;0;0;0;0;A01
201600030023;0;7;0;7;0;1;1;A01
201600030024;0;10;0;0;1;7;1;A01
201600030025;0;7;0;13;0;1;24;A01
201600030026;0;33;0;0;0;0;0;B01
201600030026;0;7;0;0;0;0;0;A01
201600030027;0;13;0;0;1;4;4;A01
201600030028;0;7;0;0;1;2;1;A01
201600030029;0;7;0;13;0;1;1;A01
201600030030;1;7;0;0;1;3;1;A01
201600030031;1;7;0;0;0;0;0;C01
201600030031;1;33;0;0;2;0;0;B01
201600030031;1;7;0;0;2;1;1;A01
201600030032;1;30;0;0;0;0;0;A01
201600030033;0;1;0;0;0;0;0;B01
201600030033;0;1;0;0;0;0;0;A01
201600030034;1;30;0;0;2;1;17;A01
201600030034;1;1;0;0;2;8;1;B01
201600030035;1;7;0;0;1;3;15;A01
201600030036;1;7;0;0;2;1;0;A01
201600030036;1;7;0;0;2;0;0;B01
201600030037;0;7;0;0;2;3;1;B01
201600030037;1;7;0;0;2;3;15;A01
201600030038;1;7;0;0;2;0;0;B01
201600030038;1;7;0;0;2;0;0;A01
201600030039;1;1;0;0;2;0;0;B01
201600030039;1;7;0;0;2;3;0;A01
201600030040;1;2;0;0;2;0;0;B01
201600030040;1;7;0;0;2;1;1;A01
201600030041;1;7;0;0;1;0;0;A01
201600030042;0;7;0;0;1;6;4;A01
201600030043;0;2;0;0;0;2;0;B01
201600030043;0;7;0;0;0;2;0;A01
201600030044;0;7;0;0;0;0;0;A01
201600030044;0;2;0;0;0;0;0;B01
201600030045;0;7;0;0;0;0;0;A01
201600030046;1;7;0;0;1;0;0;Z01
201600030047;1;7;0;0;1;2;2;A01
201600030048;2;7;0;0;0;0;0;B01
201600030048;1;7;0;0;0;0;0;C01
201600030048;1;7;0;0;0;0;0;A01
201600030049;1;7;0;0;1;3;0;A01
201600030050;1;7;0;0;1;1;1;A01
201600030051;2;7;0;0;2;4;0;A01
201600030051;2;7;0;0;2;1;2;C01
201600030051;2;7;0;0;2;1;2;B01
201600030052;1;33;0;0;2;0;0;A01
201600030052;2;7;0;0;2;0;0;B01
201600030053;1;7;0;2;0;5;1;A01
201600030054;0;7;0;0;1;1;0;A01
201600030055;1;7;0;0;1;0;0;Z01
201600030056;2;7;0;0;1;2;2;A01
201600030057;1;7;0;0;1;0;0;A01
201600030058;1;7;0;0;1;1;15;A01
201600030059;2;7;0;0;1;2;0;A01
201600030060;2;7;0;6;2;7;2;B01
201600030060;2;7;0;0;2;7;1;A01
201600030061;1;7;0;0;9;1;16;Z01
201600030061;2;1;0;0;2;7;2;B01
201600030062;1;7;0;0;2;7;1;B01
201600030062;2;7;0;0;2;1;1;A01
201600030063;2;7;0;0;9;0;0;Z01
201600030063;0;1;0;0;2;0;0;A01
201600030064;2;7;0;0;2;7;15;A01
201600030064;1;7;0;0;2;1;1;B01
201600030065;1;7;0;0;1;0;0;A01
201600030066;2;99;0;0;1;0;0;A01
201600030067;1;7;0;0;2;1;17;A01
201600030067;1;1;0;0;2;8;15;B01
201600030068;0;7;0;0;2;8;15;A01
201600030068;0;7;0;0;2;1;2;B01
201600030069;0;7;0;0;1;3;1;A01
201600030070;1;7;0;0;1;2;15;A01
201600030071;2;7;0;0;1;3;1;A01
201600030072;1;7;0;9;2;2;1;A01
201600030072;2;7;0;0;2;0;2;B01
201600030073;2;1;0;0;2;0;0;A01
201600030073;1;7;0;0;2;0;0;Z01
201600030074;2;10;0;0;1;1;1;A01
201600030075;1;7;0;0;1;0;0;A01
201600030076;2;1;0;0;2;1;0;B01
201600030076;2;13;0;0;9;5;4;A01
201600030077;0;7;0;0;2;1;5;A01
201600030077;0;7;0;0;2;1;1;B01
201600030078;1;7;0;0;1;1;1;A01
201600030079;1;7;0;0;1;3;1;A01
201600030080;1;7;0;0;1;1;1;A01
201600030081;1;7;0;0;1;2;1;A01
201600030082;1;7;0;0;1;2;1;Z01
201600030083;0;13;0;0;1;0;0;Z01
201600030084;2;7;0;0;1;1;17;A01
201600030085;1;7;0;0;2;1;1;B01
201600030085;2;7;0;0;2;7;15;A01
201600030086;0;7;0;0;1;1;1;A01
201600030087;2;7;0;0;2;1;1;B01
201600030087;1;7;0;0;2;0;0;A01
201600030088;0;7;0;7;2;1;1;A01
201600030088;1;7;0;0;2;6;1;B01
201600030089;2;7;0;0;1;0;16;A01
201600030090;0;7;0;0;1;1;15;A01
201600030091;1;7;0;0;1;0;0;A01
201600030092;1;31;0;0;0;8;0;B01
201600030092;1;7;0;0;0;0;0;A01
201600030093;1;7;0;0;2;0;0;B01
201600030093;1;7;0;0;2;1;0;A01
201600030094;0;7;0;0;0;3;1;B01
201600030094;0;7;0;0;0;1;1;A01
201600030095;1;1;0;0;2;1;1;B01
201600030095;2;37;0;0;2;3;15;A01
201600030096;2;7;0;0;1;7;0;A01
201600030097;1;7;0;0;2;1;2;Z01
201600030097;1;7;0;0;2;4;2;A01
201600030098;1;99;0;0;1;0;15;A01
201600030099;1;30;0;0;1;0;0;A01
201600030100;1;7;0;0;2;4;2;B01
201600030100;1;7;0;0;2;1;2;A01
201600030100;1;7;0;0;2;4;2;C01
201600030101;1;7;0;0;1;0;1;Z01
201600030102;1;7;0;0;1;3;1;Z01
201600030103;1;34;0;0;1;0;0;Z01
201600030104;2;33;0;0;2;1;1;B01
201600030104;1;7;0;0;2;2;15;A01
201600030105;1;7;0;0;1;0;0;A01
201600030106;2;7;0;0;2;3;5;A01
201600030106;1;7;0;0;2;3;1;B01
201600030107;2;37;0;0;2;3;1;B01
201600030107;1;7;0;1;2;3;13;A01
201600030108;0;7;0;0;2;0;17;A01
201600030108;0;7;0;1;0;0;1;B01
201600030109;1;7;0;0;2;1;1;A01
201600030109;2;7;0;11;0;8;0;B01
201600030110;1;1;0;0;2;8;0;B01
201600030110;1;7;0;0;2;7;2;A01
201600030111;1;7;0;0;1;2;0;A01
201600030112;1;10;0;0;1;3;0;A01
201600030113;1;7;0;0;1;0;15;A01
201600030114;2;14;0;0;1;2;9;A01
201600030115;1;7;0;0;1;4;4;A01
201600030116;1;33;0;0;2;1;1;B01
201600030116;1;7;0;0;2;7;10;A01
201600030117;1;7;0;0;0;0;0;B01
201600030117;2;7;0;0;2;0;0;A01
201600030118;1;7;0;0;1;2;15;A01
201600030119;2;7;0;0;2;2;1;Z01
201600030119;1;7;0;0;2;0;0;B01
201600030120;0;7;0;0;1;0;0;A01
201600030121;0;7;0;0;2;6;1;B01
201600030121;0;7;0;0;2;1;0;A01
201600030122;2;30;0;0;2;1;2;A01
201600030122;2;7;0;1;0;6;2;B01
201600030123;1;31;0;0;2;1;1;B01
201600030123;1;7;0;0;2;2;1;A01
201600030124;1;7;0;0;2;2;14;A01
201600030124;1;1;0;9;2;4;1;B01
201600030125;0;7;0;0;1;0;0;A01
201600030126;1;30;0;0;1;2;21;A01
201600030127;0;33;0;3;0;6;2;A01
201600030128;1;7;0;0;1;0;0;A01
201600030129;1;7;0;0;1;0;0;Z01
201600030130;1;7;0;0;1;1;13;A01
201600030131;1;10;0;0;2;0;2;A01
201600030131;1;1;0;0;2;0;0;B01
201600030132;1;7;0;0;2;1;5;A01
201600030132;1;7;0;0;2;0;0;B01
201600030133;2;10;0;0;2;1;2;B01
201600030133;2;10;0;0;2;3;15;A01
201600030134;1;34;0;0;2;1;7;A01
201600030134;1;7;0;0;2;2;16;B01
201600030135;0;7;0;0;1;7;1;A01
201600030136;1;7;0;0;0;1;23;B01
201600030136;1;7;0;0;2;1;16;A01
201600030137;1;1;0;0;2;1;15;A01
201600030138;2;7;0;1;2;1;2;A01
201600030138;2;7;0;0;2;5;20;B01
201600030139;1;7;0;0;1;1;1;A01
201600030140;1;7;0;0;1;2;0;A01
201600030141;0;1;0;0;2;0;19;A01
201600030141;1;7;0;0;2;2;1;B01
201600030142;0;7;0;0;1;0;0;A01
201600030143;1;7;0;0;2;0;2;A01
201600030143;1;33;0;0;2;0;2;B01
201600030144;1;7;0;0;2;2;0;A01
201600030144;1;7;0;0;2;3;16;B01
201600030145;2;7;0;1;0;1;2;A01
201600030145;2;7;0;0;2;4;2;B01
201600030146;1;7;0;0;1;1;2;Z01
201600030147;1;7;0;0;2;1;15;A01
201600030147;2;1;0;0;2;1;1;B01
201600030148;1;7;0;0;1;2;19;A01
201600030149;0;7;0;0;1;0;0;A01
201600030150;1;7;0;0;1;3;15;A01
201600030151;1;7;0;0;2;1;5;A01
201600030151;2;7;0;0;2;1;1;B01
201600030152;1;7;0;0;2;8;2;A01
201600030152;1;1;0;0;2;1;2;B01
201600030153;1;7;0;0;2;8;0;A01
201600030153;0;7;0;0;2;0;0;Z01
201600030154;0;10;0;0;0;7;23;B01
201600030154;0;32;0;0;2;1;3;A01
201600030155;0;7;0;0;2;1;1;A01
201600030155;0;7;0;0;2;3;16;B01
201600030156;1;7;0;1;2;1;0;A01
201600030156;1;7;0;6;1;2;0;B01
201600030157;0;1;0;0;2;1;2;B01
201600030157;0;10;0;0;9;5;16;A01
201600030158;0;7;0;0;2;3;13;B01
201600030158;0;7;0;0;2;3;13;A01
201600030159;0;7;0;0;1;2;1;A01
201600030160;0;7;0;0;0;0;0;C01
201600030160;0;7;0;0;0;0;0;B01
201600030160;0;7;0;0;2;2;17;A01
201600030161;1;7;0;0;1;4;4;A01
201600030162;2;7;0;0;2;1;1;B01
201600030162;1;30;0;0;2;1;1;A01
201600030163;2;7;0;0;1;0;0;Z01
201600030164;2;1;0;0;2;2;2;B01
201600030164;1;1;0;0;2;3;16;A01
201600030165;0;7;0;0;1;1;19;A01
201600030166;1;15;0;0;2;2;2;A01
201600030166;1;33;0;0;2;4;2;B01
201600030167;0;33;0;0;2;1;17;A01
201600030167;0;10;0;0;0;8;10;B01
201600030168;1;7;0;0;2;1;0;A01
201600030168;1;7;0;0;1;1;23;B01
201600030169;0;7;0;0;2;6;1;B01
201600030169;0;7;0;0;2;1;1;C01
201600030169;0;7;0;0;2;1;13;A01
201600030170;1;7;0;0;2;2;5;B01
201600030170;2;7;0;0;2;6;0;C01
201600030170;0;7;0;0;2;3;0;D01
201600030170;2;7;0;0;2;1;15;A01
201600030171;1;2;0;0;2;1;1;B01
201600030171;1;7;0;0;2;3;15;A01
201600030172;1;7;0;0;1;0;0;Z01
201600030173;1;7;0;0;2;4;2;B01
201600030173;1;7;0;0;2;1;2;A01
201600030174;1;34;0;0;2;1;0;B01
201600030174;2;7;0;0;2;3;10;A01
201600030175;0;7;0;0;2;2;15;A01
201600030175;2;7;0;0;2;1;1;B01
201600030176;2;1;0;0;2;4;1;B01
201600030176;1;7;0;0;2;0;0;Z01
201600030177;2;7;0;0;0;0;0;A01
201600030177;2;7;0;0;0;0;0;B01
201600030178;1;7;0;0;1;0;1;A01
201600030179;0;7;0;0;0;0;10;A01
201600030179;0;7;0;0;1;0;1;B01
201600030180;1;7;0;12;2;8;15;B01
201600030180;1;7;0;0;2;0;0;Z01
201600030181;0;7;0;0;0;0;0;Z01
201600030181;0;99;0;0;2;1;5;B01
201600030182;1;7;0;0;2;3;13;A01
201600030182;2;7;0;0;2;3;13;B01
201600030183;1;7;0;0;2;1;1;A01
201600030183;2;1;0;0;0;0;1;B01
201600030184;2;1;0;0;2;8;2;B01
201600030184;2;15;0;0;9;7;2;A01
201600030185;2;7;0;12;0;7;15;A01
201600030185;2;33;0;0;2;1;5;B01
201600030186;1;7;0;15;0;1;0;A01
201600030187;1;30;0;0;2;1;18;B01
201600030187;1;14;0;0;2;2;16;A01
201600030188;0;99;0;0;1;0;0;A01
201600030189;1;1;0;0;2;0;0;B01
201600030189;1;17;0;0;2;7;0;A01
201600030190;1;7;0;0;2;2;15;A01
201600030190;2;30;0;0;2;8;0;B01
201600030191;0;33;0;0;1;0;0;A01
201600030192;2;1;0;0;2;8;0;B01
201600030192;1;7;0;0;9;1;0;A01
201600030193;2;7;0;1;2;1;1;B01
201600030193;1;7;0;0;2;1;5;A01
201600030194;2;31;0;0;0;0;1;A01
201600030194;2;7;0;0;0;0;11;B01
201600030195;1;31;0;0;2;8;0;B01
201600030195;1;7;0;0;0;5;1;A01
201600030196;1;7;0;0;1;3;15;A01
201600030197;2;10;0;0;1;2;0;Z01
201600030198;1;33;0;8;0;0;1;A01
201600030199;0;32;0;0;0;0;0;B01
201600030199;1;7;0;0;0;0;0;A01
201600030200;2;7;0;0;1;0;0;Z01
201600030201;1;7;0;1;0;0;0;A01
201600030201;1;7;0;0;2;0;0;B01
201600030202;1;7;0;0;2;1;19;A01
201600030202;1;7;0;0;2;1;1;C01
201600030202;1;33;0;0;2;5;1;B01
201600030203;0;7;0;0;0;0;0;A01
201600030203;0;1;0;0;0;0;0;B01
201600030204;1;1;0;0;0;1;19;B01
201600030204;0;10;0;0;0;1;1;A01
201600030205;0;7;0;0;1;0;0;A01
201600030206;0;7;0;0;2;1;1;B01
201600030206;1;7;0;0;2;1;23;A01
201600030207;0;1;0;0;2;8;19;B01
201600030207;0;7;0;0;9;1;1;A01
201600030207;0;1;0;0;2;8;19;C01
201600030208;1;7;0;0;1;2;1;A01
201600030209;0;7;0;0;2;1;19;B01
201600030209;0;14;0;0;0;3;15;A01
201600030210;2;7;0;0;1;1;1;A01
201600030211;2;33;0;0;2;1;1;B01
201600030211;1;7;0;0;2;1;15;A01
201600030212;1;10;0;0;2;1;13;A01
201600030212;2;7;0;0;2;3;0;B01
201600030213;2;33;0;0;2;7;1;B01
201600030213;2;7;0;0;2;3;11;A01
201600030214;0;7;0;0;9;0;0;Z01
201600030214;1;1;0;0;2;0;0;B01
201600030215;1;7;0;0;1;2;1;A01
201600030216;2;7;0;0;1;0;0;A01
201600030217;1;7;0;0;2;2;2;B01
201600030217;2;7;0;0;2;6;16;A01
201600030218;0;7;0;0;2;7;0;Z01
201600030218;1;2;0;12;2;8;1;A01
201600030219;2;33;0;0;2;1;5;A01
201600030219;1;7;0;0;2;1;13;B01
201600030220;1;10;0;0;1;0;0;A01
201600030221;2;33;0;0;2;1;1;A01
201600030221;2;10;0;0;0;7;20;B01
201600030222;1;7;0;0;0;0;0;A01
201600030223;1;10;0;0;2;4;2;B01
201600030223;1;7;0;0;2;1;2;A01
201600030224;2;7;0;2;0;1;16;A01
201600030225;1;1;0;0;1;1;1;A01
201600030226;2;1;0;0;2;4;1;B01
201600030226;2;7;0;0;2;1;14;A01
201600030227;0;30;0;14;0;1;1;A01
201600030228;1;15;0;0;2;6;23;B01
201600030228;1;3;0;0;2;1;2;A01
201600030229;1;7;0;0;2;5;16;A01
201600030229;1;31;0;0;2;0;0;Z01
201600030230;2;2;0;0;2;1;0;B01
201600030230;1;7;0;0;2;8;15;A01
201600030231;1;1;0;0;2;1;19;A01
201600030231;2;7;0;0;9;2;1;B01
201600030232;1;7;0;0;1;2;1;A01
201600030233;0;7;0;0;1;1;15;A01
201600030234;1;7;0;0;1;1;1;A01
201600030235;0;7;0;0;0;0;13;B01
201600030235;0;2;0;0;2;2;2;A01
201600030236;1;7;0;0;1;2;0;A01
201600030237;1;30;0;0;0;1;0;A01
201600030237;1;7;0;0;0;6;1;B01
201600030238;1;7;0;0;2;3;6;A01
201600030238;2;7;0;0;2;6;0;B01
201600030239;2;7;0;0;2;3;1;A01
201600030239;1;7;0;0;2;0;0;B01
201600030240;1;7;0;15;0;6;0;B01
201600030240;1;7;0;0;2;1;0;A01
201600030241;0;33;0;0;2;0;1;B01
201600030241;0;7;0;0;2;7;1;A01
201600030242;2;7;0;0;1;2;1;A01
201600030243;2;7;0;0;2;3;0;A01
201600030243;2;1;0;1;0;1;1;B01
201600030244;1;10;0;0;2;1;15;A01
201600030244;1;30;0;0;2;1;1;B01
201600030245;0;7;0;0;2;1;15;B01
201600030245;0;1;0;0;2;1;0;A01
201600030246;1;7;0;0;1;1;1;A01
201600030247;2;37;0;0;2;1;1;B01
201600030247;1;7;0;0;2;2;1;A01
201600030248;0;7;0;0;2;8;0;B01
201600030248;1;7;0;0;2;0;0;Z01
201600030249;0;7;0;0;2;2;1;B01
201600030249;1;7;0;0;2;1;1;A01
201600030250;2;7;0;0;1;1;15;A01
201600030251;0;7;0;0;2;1;15;A01
201600030251;0;7;0;0;2;3;0;B01
201600030252;1;10;0;0;2;1;1;B01
201600030252;1;7;0;1;2;9;1;A01
201600030253;1;7;0;0;1;0;0;A01
201600030254;1;7;0;0;1;3;15;A01
201600030255;0;7;0;1;1;4;4;Z01
201600030256;2;31;0;0;2;0;0;A01
201600030257;2;7;0;0;2;3;23;C01
201600030257;1;7;0;0;2;1;19;A01
201600030257;2;7;0;0;2;8;0;B01
201600030258;1;7;0;0;1;3;1;A01
201600030259;1;7;0;0;2;1;11;A01
201600030259;1;7;0;5;2;1;1;B01
201600030260;2;7;0;0;1;2;1;A01
201600030261;1;7;0;0;2;8;1;B01
201600030261;1;30;0;0;2;1;0;A01
201600030262;2;7;0;0;2;7;1;A01
201600030262;1;7;0;0;2;1;16;B01
201600030263;0;7;0;0;1;1;1;A01
201600030264;2;7;0;0;2;3;9;A01
201600030264;0;2;0;0;2;2;1;B01
201600030265;1;7;0;9;2;7;19;A01
201600030265;2;7;0;0;2;1;1;B01
201600030266;1;7;0;0;2;2;1;B01
201600030266;1;7;0;0;2;1;9;A01
201600030267;0;7;0;0;0;4;2;B01
201600030267;0;7;0;0;2;1;2;A01
201600030268;1;7;0;0;1;1;16;A01
201600030269;1;7;0;8;2;6;1;A01
201600030269;2;7;0;0;2;1;1;B01
201600030270;2;7;0;0;0;0;0;A01
201600030271;0;7;0;0;1;1;1;A01
201600030272;0;7;0;0;1;2;1;A01
201600030273;1;7;0;0;0;2;15;B01
201600030273;1;30;0;0;2;3;1;A01
201600030274;1;7;0;0;1;1;16;A01
201600030275;1;7;0;0;2;1;16;A01
201600030275;1;7;0;0;2;8;1;B01
201600030276;0;7;0;0;2;3;1;B01
201600030276;0;2;0;0;2;1;1;A01
201600030277;0;7;0;0;2;8;10;A01
201600030277;0;7;0;0;2;1;2;B01
201600030278;0;37;0;0;2;3;9;B01
201600030278;0;7;0;0;2;1;13;A01
201600030279;0;7;0;0;2;3;2;B01
201600030279;0;7;0;0;2;1;2;A01
201600030280;2;10;0;0;1;3;15;A01
201600030281;1;7;0;2;0;7;1;A01
201600030282;0;7;0;0;2;1;24;B01
201600030282;0;7;0;1;2;1;24;Z01
201600030283;0;7;0;0;0;4;0;C01
201600030283;0;7;0;0;0;1;2;A01
201600030283;0;7;0;0;0;4;2;B01
201600030284;1;7;0;15;0;3;15;A01
201600030284;1;38;0;0;0;0;2;B01
201600030285;1;30;0;0;2;8;1;B01
201600030285;1;7;0;0;2;3;15;A01
201600030286;1;7;0;0;0;0;15;Z01
201600030286;2;30;0;0;0;0;0;A01
201600030287;1;10;0;0;2;7;0;A01
201600030287;0;10;0;0;2;1;1;B01
201600030288;0;7;0;0;2;1;0;A01
201600030288;0;10;0;0;2;7;0;B01
201600030289;2;7;0;0;2;1;1;B01
201600030289;1;7;0;0;2;7;0;A01
201600030290;0;7;0;0;2;0;17;A01
201600030290;0;1;0;0;2;4;1;Y01
201600030291;0;7;0;0;2;1;0;A01
201600030291;0;7;0;0;2;1;1;C01
201600030291;0;7;0;0;2;7;1;B01
201600030292;1;7;0;0;1;3;10;A01
201600030293;1;7;0;0;9;4;4;A01
201600030293;2;1;0;0;2;1;1;B01
201600030294;1;7;0;0;1;0;0;A01
201600030295;1;7;0;0;1;8;1;B01
201600030296;0;7;0;0;1;0;0;A01
201600030297;2;7;0;0;2;3;0;B01
201600030297;1;7;0;0;2;2;1;A01
201600030298;1;7;0;1;2;2;0;A01
201600030298;1;7;0;0;2;3;1;B01
201600030299;1;7;0;0;1;1;1;Z01
201600030300;0;7;0;1;0;1;1;A01
201600030301;2;10;0;0;1;1;1;A01
201600030302;1;7;0;0;2;7;1;A01
201600030302;0;99;0;0;2;0;9;Z01
201600030303;1;31;0;14;9;4;2;B01
201600030303;1;7;0;0;2;3;1;A01
201600030304;1;7;0;0;1;0;0;A01
201600030305;1;7;0;0;2;3;1;A01
201600030305;2;7;0;0;2;3;1;B01
201600030306;2;7;0;0;2;2;1;B01
201600030306;0;14;0;0;2;3;16;A01
201600030307;1;7;0;0;0;0;0;A01
201600030308;2;7;0;0;1;1;0;A01
201600030309;0;7;0;0;0;1;0;B01
201600030309;0;7;0;0;0;5;0;A01
201600030310;1;7;0;0;2;3;15;B01
201600030310;2;10;0;0;2;2;17;A01
201600030311;1;7;0;0;2;1;15;A01
201600030311;1;30;0;0;2;1;19;B01
201600030312;1;2;0;0;2;3;18;A01
201600030312;1;7;0;0;2;2;9;B01
201600030313;1;3;0;0;1;0;0;Z01
201600030314;1;7;0;0;1;0;0;A01
201600030315;0;7;0;0;2;6;0;A01
201600030315;0;33;0;0;2;1;2;B01
201600030316;0;7;0;0;1;1;15;A01
201600030317;0;7;0;1;0;9;1;A01
201600030318;1;7;0;0;2;2;0;A01
201600030318;2;10;0;0;2;1;0;B01
201600030319;1;34;0;0;2;5;0;B01
201600030319;1;7;0;0;2;3;1;A01
201600030320;0;7;0;0;2;2;9;A01
201600030320;0;1;0;0;2;1;0;B01
201600030321;0;37;0;0;0;0;0;B01
201600030321;0;7;0;0;0;0;0;A01
201600030322;0;7;0;0;2;3;0;A01
201600030322;0;7;0;0;2;2;2;B01
201600030323;1;7;0;0;1;2;1;A01
201600030324;2;7;0;0;2;8;16;A01
201600030324;2;7;0;0;2;3;18;B01
201600030325;1;7;0;0;0;1;0;A01
201600030325;0;7;0;0;0;0;0;B01
201600030326;0;7;0;0;1;3;1;A01
201600030327;2;7;0;6;0;1;16;A01
201600030328;1;30;0;0;2;0;17;B01
201600030328;0;30;0;0;2;3;17;A01
201600030329;1;7;0;4;0;2;1;A01
201600030330;0;7;0;0;1;4;4;A01
201600030331;1;7;0;0;2;5;1;B01
201600030331;2;7;0;0;2;1;0;A01
201600030332;2;7;0;0;1;8;1;A01
201600030333;2;1;0;0;2;1;5;A01
201600030333;1;7;0;0;2;2;9;B01
201600030334;0;7;0;0;2;2;17;A01
201600030334;0;7;0;0;2;6;15;B01
201600030335;1;7;0;12;2;0;0;A01
201600030335;2;7;0;0;2;3;1;B01
201600030336;2;7;0;0;1;2;1;A01
201600030337;0;33;0;0;2;2;1;B01
201600030338;0;7;0;0;2;0;0;Z01
201600030338;0;30;0;0;2;8;2;A01
201600030339;2;7;0;0;0;8;10;A01
201600030339;2;10;0;0;2;2;21;B01
201600030340;2;7;0;0;0;0;0;A01
201600030341;0;1;0;0;2;1;9;B01
201600030341;0;7;0;0;2;3;16;A01
201600030342;0;7;0;0;2;8;15;B01
201600030342;0;33;0;1;2;1;17;A01
201600030343;1;7;0;0;0;0;0;B01
201600030343;1;7;0;0;0;0;0;A01
201600030344;0;7;0;6;2;2;1;B01
201600030344;0;7;0;0;2;3;19;A01
201600030345;2;7;0;8;2;1;19;A01
201600030345;2;7;0;2;2;8;23;B01
201600030346;1;7;0;0;1;0;0;Z01
201600030347;0;31;0;0;1;4;0;Z01
201600030348;2;7;0;0;1;2;15;A01
201600030349;1;7;0;0;1;3;0;A01
201600030350;1;7;0;0;1;1;1;A01
201600030351;2;33;0;0;2;7;0;B01
201600030351;2;7;0;0;2;3;0;A01
201600030352;0;15;0;0;0;0;0;B01
201600030352;0;1;0;0;0;0;16;A01
201600030353;0;7;0;0;0;0;0;B01
201600030353;0;7;0;0;0;1;13;A01
201600030354;1;7;0;0;2;1;1;B01
201600030354;1;7;0;0;2;7;1;A01
201600030355;1;7;0;0;1;0;1;A01
201600030356;0;7;0;0;1;0;0;A01
201600030357;0;1;0;0;2;4;0;Z01
201600030357;1;1;0;0;0;0;0;B01
201600030358;0;7;0;1;2;6;1;B01
201600030358;2;7;0;0;2;1;1;A01
201600030359;1;7;0;0;2;0;0;B01
201600030359;1;7;0;0;2;3;19;A01
201600030360;1;7;0;0;1;0;0;A01
201600030361;1;7;0;0;2;3;9;A01
201600030361;1;7;0;0;2;1;1;B01
201600030362;1;7;0;0;1;8;1;A01
201600030363;0;7;0;0;2;8;16;B01
201600030363;0;7;0;12;0;1;1;A01
201600030364;2;7;0;0;2;7;19;A01
201600030364;1;7;0;0;2;1;1;B01
201600030365;1;7;0;0;2;4;2;B01
201600030365;1;32;0;0;2;1;2;A01
201600030366;0;7;0;0;9;1;0;A01
201600030366;2;1;0;0;2;7;19;B01
201600030367;0;7;0;0;2;9;0;A01
201600030367;1;7;0;10;2;1;2;B01