Num_Acc;senc;catv;occutc;obs;obsm;choc;manv;num_veh
201600030368;2;7;0;12;2;5;15;A01
201600030368;2;7;0;0;2;1;2;B01
201600030369;1;7;0;0;2;0;0;B01
201600030369;1;7;0;0;2;1;1;A01
201600030370;0;7;0;0;2;0;0;Z01
201600030370;0;7;0;0;2;1;0;B01
201600030371;1;2;0;0;2;1;1;A01
201600030371;2;7;0;0;2;7;15;B01
201600030372;1;7;0;0;2;1;1;Z01
201600030372;1;7;0;0;2;3;1;B01
201600030373;1;7;0;0;2;1;1;B01
201600030373;2;7;0;0;2;2;15;A01
201600030374;0;1;0;0;2;1;19;A01
201600030374;0;7;0;0;9;3;0;B01
201600030375;2;7;0;0;1;1;1;A01
201600030376;2;7;0;1;1;1;14;A01
201600030377;0;7;0;0;2;3;19;B01
201600030377;0;7;0;0;2;1;19;Z01
201600030378;1;3;0;0;1;3;1;A01
201600030379;0;7;0;0;2;8;1;B01
201600030379;2;30;0;0;2;1;1;A01
201600030380;1;16;0;0;1;4;4;A01
201600030381;1;7;0;0;2;8;19;A01
201600030381;1;7;0;0;2;1;1;B01
201600030382;2;7;0;9;0;5;1;B01
201600030382;2;7;0;0;2;1;14;A01
201600030383;1;7;0;0;2;1;2;A01
201600030383;0;7;0;0;2;4;2;B01
201600030384;0;7;0;0;2;3;9;A01
201600030384;0;7;0;0;2;3;1;B01
201600030385;2;7;0;0;2;0;1;A01
201600030385;0;1;0;0;2;1;1;B01
201600030386;0;1;0;0;0;0;0;Z01
201600030386;1;2;0;0;2;1;1;B01
201600030387;1;34;0;1;2;1;17;B01
201600030387;1;10;0;0;2;4;24;C01
201600030387;1;10;0;0;2;8;15;A01
201600030388;0;31;0;0;2;7;17;B01
201600030388;0;7;0;0;2;3;15;A01
201600030389;0;33;0;0;2;1;0;A01
201600030389;0;7;0;0;2;0;0;B01
201600030390;0;10;0;0;2;0;19;Z01
201600030390;0;33;0;0;2;8;1;A01
201600030391;0;7;0;0;2;1;15;B01
201600030391;0;7;0;9;2;1;1;A01
201600030392;1;7;0;1;0;3;1;A01
201600030393;0;7;0;0;1;1;1;A01
201600030394;1;7;0;1;0;1;0;A01
201600030395;2;14;0;0;2;8;15;B01
201600030395;1;13;0;0;2;1;1;A01
201600030396;1;7;0;0;2;3;2;A01
201600030396;1;7;0;0;2;4;2;B01
201600030397;2;7;0;0;1;3;1;A01
201600030398;0;7;0;0;1;0;0;A01
201600030399;1;7;0;0;1;3;0;A01
201600030400;0;7;0;0;2;1;1;B01
201600030400;0;10;0;0;2;7;1;A01
201600030401;2;7;0;0;1;0;0;A01
201600030402;1;30;0;0;0;0;0;A01
201600030403;0;7;0;0;0;0;0;A01
201600030403;0;7;0;0;0;0;0;B01
201600030404;1;7;0;0;2;6;0;B01
201600030404;1;32;0;0;2;1;17;A01
201600030405;1;7;0;0;1;1;1;A01
201600030406;1;7;0;0;0;0;0;A01
201600030406;0;1;0;0;0;0;0;B01
201600030407;0;33;0;0;2;1;1;B01
201600030407;0;7;0;0;2;5;15;A01
201600030408;2;7;0;0;2;1;9;A01
201600030408;2;33;0;0;2;7;1;B01
201600030409;1;7;0;0;2;8;11;B01
201600030409;1;30;0;8;2;7;1;A01
201600030410;1;33;0;0;2;0;0;A01
201600030410;0;10;0;0;0;0;0;B01
201600030411;0;7;0;0;2;7;15;A01
201600030411;0;33;0;0;2;1;1;B01
201600030412;2;7;0;0;1;0;0;A01
201600030413;2;7;0;0;2;1;2;A01
201600030413;2;7;0;0;2;3;2;B01
201600030414;1;1;0;0;2;1;1;B01
201600030414;2;7;0;0;9;6;1;A01
201600030415;0;7;0;0;1;0;4;A01
201600030416;1;33;0;0;2;7;1;B01
201600030416;1;7;0;0;2;7;1;A01
201600030417;1;31;0;0;2;2;1;A01
201600030417;2;7;0;0;2;2;15;B01
201600030418;1;31;0;0;2;4;0;B01
201600030418;1;7;0;0;2;1;0;A01
201600030419;1;7;0;0;2;8;19;A01
201600030419;2;7;0;0;2;1;1;B01
201600030420;2;7;0;2;0;2;1;A01
201600030421;2;7;0;0;2;1;16;A01
201600030421;2;7;0;0;2;3;1;B01
201600030422;1;7;0;0;1;1;1;A01
201600030423;0;7;0;0;1;1;1;A01
201600030424;2;7;0;0;1;0;0;A01
201600030425;2;30;0;0;2;0;1;B01
201600030425;1;7;0;0;2;1;1;A01
201600030426;0;7;0;0;2;0;0;A01
201600030426;0;1;0;0;0;0;0;B01
201600030427;2;7;0;0;0;0;0;B01
201600030427;1;7;0;0;0;0;0;A01
201600030428;1;7;0;0;2;7;15;A01
201600030428;2;32;0;0;2;1;1;B01
201600030429;1;7;0;0;2;3;11;A01
201600030429;1;30;0;0;2;7;17;B01
201600030430;0;7;0;1;0;1;1;A01
201600030430;1;7;0;2;0;7;0;B01
201600030431;0;7;0;0;1;3;1;A01
201600030432;1;7;0;0;2;6;2;B01
201600030432;1;7;0;0;2;1;14;A01
201600030433;2;7;0;0;2;1;0;A01
201600030433;2;7;0;0;2;4;0;B01
201600030434;1;7;0;1;0;1;1;A01
201600030435;0;10;0;0;2;3;1;B01
201600030435;0;7;0;0;2;1;16;A01
201600030436;1;7;0;14;0;3;6;A01
201600030436;2;10;0;0;0;3;1;B01
201600030437;1;30;0;0;2;3;9;A01
201600030437;1;7;0;0;2;2;16;B01
201600030438;1;7;0;0;2;2;2;A01
201600030439;1;7;0;0;1;2;2;A01
201600030440;1;7;0;0;0;1;1;B01
201600030440;2;7;0;0;0;0;0;A01
201600030441;1;7;0;0;2;1;0;B01
201600030441;2;7;0;0;2;1;0;A01
201600030442;1;1;0;0;2;1;1;Y01
201600030442;2;7;0;0;2;1;15;A01
201600030443;2;7;0;0;1;1;2;A01
201600030444;0;7;0;0;2;1;1;B01
201600030444;0;7;0;0;2;2;10;A01
201600030445;1;7;0;0;2;1;2;A01
201600030445;1;7;0;0;2;4;2;B01
201600030446;2;7;0;0;2;1;17;A01
201600030446;2;7;0;0;2;6;15;B01
201600030447;1;7;0;0;1;2;16;A01
201600030448;0;7;0;0;1;4;4;A01
201600030449;1;3;0;0;1;2;1;A01
201600030450;0;7;0;0;1;3;0;A01
201600030451;2;7;0;0;2;1;2;A01
201600030451;2;7;0;0;2;7;2;B01
201600030452;0;7;0;0;2;3;15;B01
201600030452;0;30;0;0;2;1;1;A01
201600030453;0;7;0;0;1;1;1;A01
201600030454;0;7;0;0;2;1;0;A01
201600030455;2;7;0;15;2;7;1;B01
201600030455;1;7;0;0;2;1;1;A01
201600030456;1;7;0;0;1;3;0;A01
201600030457;2;7;0;0;1;1;0;A01
201600030458;2;7;0;0;0;7;13;A01
201600030459;1;7;0;0;1;1;0;A01
201600030460;0;7;0;0;1;3;0;A01
201600030461;1;7;0;8;2;2;15;A01
201600030461;1;7;0;14;2;1;21;B01
201600030462;1;7;0;0;1;3;15;A01
201600030463;0;10;0;0;1;0;0;A01
201600030464;0;7;0;0;2;0;0;B01
201600030464;1;33;0;0;2;1;13;A01
201600030465;1;33;0;0;0;0;0;A01
201600030466;1;2;0;0;2;6;1;B01
201600030466;1;7;0;0;2;2;1;A01
201600030467;1;7;0;1;2;3;20;A01
201600030467;1;7;0;0;2;2;2;B01
201600030468;1;7;0;0;1;2;0;Z01
201600030469;1;30;0;0;2;1;1;A01
201600030469;1;7;0;0;2;6;1;B01
201600030470;1;30;0;0;0;5;0;B01
201600030470;1;7;0;0;2;3;0;A01
201600030471;1;7;0;0;1;1;15;A01
201600030472;0;7;0;3;0;4;1;A01
201600030472;0;7;0;3;2;1;1;B01
201600030473;1;7;0;0;1;3;1;A01
201600030474;1;7;0;0;1;3;2;A01
201600030475;1;7;0;0;1;2;5;A01
201600030476;2;2;0;0;2;1;1;B01
201600030476;1;7;0;0;2;7;15;A01
201600030477;2;7;0;0;2;4;23;C01
201600030477;2;7;0;0;2;3;13;A01
201600030477;0;7;0;0;2;5;23;B01
201600030478;1;10;0;1;2;0;0;B01
201600030478;1;7;0;0;2;1;0;A01
201600030479;1;7;0;0;2;7;0;A01
201600030479;1;2;0;0;2;3;0;B01
201600030480;2;2;0;0;2;1;1;B01
201600030480;1;7;0;0;2;5;15;A01
201600030481;1;7;0;0;2;1;2;A01
201600030481;0;1;0;0;0;7;6;B01
201600030482;0;7;0;0;2;7;1;A01
201600030482;0;7;0;0;2;1;1;B01
201600030483;1;10;0;0;1;7;0;A01
201600030484;1;3;0;0;0;0;0;A01
201600030484;1;30;0;0;2;0;0;B01
201600030485;1;7;0;0;1;1;0;A01
201600030486;1;7;0;0;2;6;16;A01
201600030486;1;2;0;1;0;7;2;B01
201600030487;1;2;0;0;1;2;1;Z01
201600030488;1;7;0;0;2;8;9;A01
201600030488;1;7;0;0;2;1;1;B01
201600030489;2;33;0;0;2;3;15;A01
201600030489;1;7;0;0;2;3;1;B01
201600030490;1;30;0;1;0;1;1;A01
201600030491;1;33;0;7;0;1;1;A01
201600030492;0;1;0;0;2;8;0;B01
201600030492;0;10;0;0;2;7;0;Z01
201600030493;2;7;0;0;2;1;1;A01
201600030493;0;1;0;0;2;0;0;B01
201600030494;1;7;0;0;1;1;0;A01
201600030495;1;7;0;0;2;1;1;B01
201600030495;1;7;0;0;2;1;5;A01
201600030496;1;7;0;0;1;2;1;A01
201600030497;1;7;0;0;1;2;0;A01
201600030498;1;7;0;0;1;1;1;A01
201600030499;1;7;0;0;1;7;1;Z01
201600030500;1;33;0;0;2;3;1;B01
201600030500;2;7;0;0;2;2;12;A01
201600030501;0;1;0;0;1;0;0;Z01
201600030502;1;7;0;0;1;2;1;A01
201600030503;1;7;0;2;0;8;0;A01
201600030504;1;31;0;8;0;1;0;A01
201600030505;2;32;0;0;2;1;0;A01
201600030505;1;2;0;0;0;0;0;B01
201600030506;1;33;0;0;0;0;1;A01
201600030507;2;33;0;0;1;0;0;A01
201600030508;2;7;0;0;2;7;0;B01
201600030508;1;7;0;0;2;1;5;A01
201600030509;2;7;0;0;1;1;0;A01
201600030510;0;7;0;0;1;4;4;A01
201600030511;0;7;0;0;2;8;13;A01
201600030511;1;7;0;0;2;1;1;C01
201600030512;0;99;0;0;2;0;0;B01
201600030512;1;7;0;0;2;1;1;A01
201600030513;1;7;0;0;1;1;1;A01
201600030514;1;2;0;1;0;1;14;A01
201600030515;0;7;0;0;2;1;13;A01
201600030515;0;17;0;0;2;1;1;B01
201600030516;1;7;0;0;2;1;1;B01
201600030516;1;30;0;0;2;8;1;A01
201600030517;0;13;0;0;2;0;24;C01
201600030517;0;7;0;0;2;1;24;A01
201600030517;0;7;0;1;0;1;13;B01
201600030518;0;17;0;0;2;1;1;A01
201600030518;0;7;0;0;0;8;0;B01
201600030519;0;7;0;0;2;0;0;B01
201600030519;0;7;0;0;2;0;0;A01
201600030520;1;7;0;0;1;3;1;A01
201600030521;1;7;0;0;0;0;0;A01
201600030522;2;7;0;0;2;3;1;B01
201600030522;1;7;0;0;2;2;15;A01
201600030523;1;7;0;0;2;0;1;B01
201600030523;1;7;0;0;2;0;1;A01
201600030524;0;2;0;0;1;1;1;A01
201600030525;1;7;0;0;1;1;1;A01
201600030526;1;7;0;0;1;1;1;A01
201600030527;0;7;0;0;1;1;1;A01
201600030528;2;7;0;0;2;0;0;B01
201600030528;1;7;0;0;2;3;1;A01
201600030529;2;7;0;0;1;3;15;A01
201600030530;1;7;0;0;2;3;0;A01
201600030530;2;7;0;0;2;0;1;B01
201600030531;2;40;0;0;1;3;1;A01
201600030532;2;7;0;0;1;2;21;A01
201600030533;2;7;0;0;2;0;17;A01
201600030533;1;30;0;0;2;1;1;B01
201600030533;1;30;0;0;2;3;1;C01
201600030534;0;7;0;0;2;3;15;A01
201600030534;0;2;0;0;2;1;1;B01
201600030535;1;7;0;0;1;0;1;A01
201600030536;1;7;0;0;1;1;1;A01
201600030537;1;7;0;0;2;1;0;A01
201600030537;0;1;0;0;2;2;0;B01
201600030538;1;7;0;0;2;1;0;A01
201600030538;2;7;0;0;2;1;1;B01
201600030539;1;7;0;0;2;3;15;A01
201600030539;2;1;0;0;2;1;1;B01
201600030540;0;7;0;0;2;1;0;A01
201600030540;0;7;0;0;2;4;0;B01
201600030541;0;7;0;1;0;1;0;A01
201600030542;0;7;0;0;2;1;0;C01
201600030542;0;2;0;0;2;1;17;A01
201600030542;0;7;0;0;2;4;1;B01
201600030543;1;7;0;14;0;1;1;A01
201600030543;1;30;0;0;2;4;2;B01
201600030544;0;7;0;0;1;1;16;A01
201600030545;1;7;0;0;1;3;1;A01
201600030546;0;7;0;0;1;1;13;A01
201600030547;1;7;0;1;0;1;17;A01
201600030547;1;7;0;0;2;5;0;B01
201600030548;1;7;0;0;1;3;1;A01
201600030549;0;7;0;0;1;0;0;A01
201600030550;1;7;0;0;9;5;1;B01
201600030550;1;30;0;14;0;1;2;A01
201600030551;1;7;0;0;1;0;0;Z01
201600030552;0;7;0;0;1;1;1;A01
201600030553;0;7;0;6;0;1;16;A01
201600030554;0;7;0;0;2;2;1;A01
201600030554;0;7;0;0;2;1;16;B01
201600030555;0;7;0;0;1;1;0;Z01
201600030556;0;7;0;0;2;7;15;A01
201600030556;0;2;0;0;2;1;1;B01
201600030557;2;33;0;0;2;1;1;A01
201600030557;1;7;0;0;9;3;0;B01
201600030558;1;33;0;0;9;1;9;A01
201600030558;1;33;0;0;9;4;1;B01
201600030559;2;7;0;0;9;7;15;A01
201600030559;1;33;0;0;2;0;1;B01
201600030560;1;7;0;0;2;1;9;B01
201600030560;1;7;0;0;2;7;1;A01
201600030561;1;31;0;8;0;0;1;B01
201600030561;1;7;0;0;0;0;15;A01
201600030562;1;1;0;0;2;2;19;B01
201600030562;1;7;0;0;9;7;1;A01
201600030563;0;2;0;8;0;0;0;A01
201600030564;0;7;0;0;1;0;0;Z01
201600030565;0;7;0;0;1;1;16;A01
201600030566;1;7;0;0;1;1;14;Z01
201600030567;1;33;0;0;9;9;1;A01
201600030567;1;33;0;0;9;4;1;B01
201600030568;0;31;0;0;2;0;16;B01
201600030568;0;31;0;0;2;1;1;A01
201600030569;0;7;0;0;2;8;9;A01
201600030569;0;2;0;0;2;1;1;B01
201600030570;0;7;0;6;0;1;1;A01
201600030571;0;7;0;0;2;1;1;B01
201600030571;0;14;0;0;2;6;1;C01
201600030571;0;7;0;0;2;1;13;A01
201600030572;1;7;0;0;2;8;10;A01
201600030572;1;7;0;0;2;1;1;B01
201600030573;1;7;0;0;9;6;10;A01
201600030573;1;30;0;0;2;1;1;B01
201600030574;0;15;0;0;2;2;15;A01
201600030574;0;33;0;0;2;1;1;B01
201600030575;0;1;0;0;1;0;0;Z01
201600030576;0;7;0;0;2;8;15;B01
201600030576;0;2;0;0;2;1;17;A01
201600030577;0;7;0;1;0;1;1;A01
201600030578;0;7;0;0;2;7;23;C01
201600030578;0;33;0;0;2;1;1;A01
201600030578;0;7;0;0;0;0;0;B01
201600030579;0;7;0;0;1;4;1;B01
201600030579;0;7;0;0;2;1;1;A01
201600030580;0;7;0;0;2;7;15;A01
201600030580;0;33;0;0;2;1;1;B01
201600030581;1;33;0;0;2;1;1;B01
201600030581;1;10;0;0;2;3;9;A01
201600030582;1;3;0;0;2;1;2;A01
201600030582;1;7;0;0;2;4;23;C01
201600030582;1;33;0;14;2;4;23;B01
201600030583;0;7;0;0;1;1;1;A01
201600030584;0;1;0;0;2;4;1;B01
201600030584;0;7;0;0;2;1;14;A01
201600030585;0;7;0;0;2;1;1;A01
201600030585;0;1;0;0;2;4;1;B01
201600030586;0;7;0;0;2;1;1;A01
201600030586;0;7;0;0;2;3;15;B01
201600030587;1;7;0;0;1;7;1;A01
201600030588;1;7;0;0;2;1;1;A01
201600030588;1;7;0;0;2;2;0;B01
201600030589;0;1;0;0;2;7;1;B01
201600030589;0;7;0;0;9;5;4;A01
201600030590;1;7;0;0;9;2;1;A01
201600030590;1;1;0;0;2;8;0;B01
201600030591;1;7;0;0;1;0;0;Z01
201600030592;0;7;0;6;0;1;13;A01
201600030593;0;7;0;0;2;8;15;A01
201600030593;0;7;0;0;2;1;1;B01
201600030594;0;32;0;0;2;1;1;B01
201600030594;0;7;0;0;2;1;15;A01
201600030595;0;7;0;0;2;3;15;A01
201600030595;0;33;0;0;2;7;17;B01
201600030596;0;7;0;0;2;4;0;B01
201600030596;0;2;0;0;2;1;1;A01
201600030597;0;7;0;0;1;1;1;A01
201600030598;0;7;0;6;2;1;13;A01
201600030598;0;7;0;0;2;6;17;B01
201600030599;0;30;0;0;2;7;1;B01
201600030599;0;10;0;0;2;1;15;A01
201600030600;0;7;0;0;1;2;1;A01
201600030601;0;1;0;0;1;1;1;Z01
201600030602;0;7;0;0;1;1;1;A01
201600030603;0;7;0;0;1;1;1;A01
201600030604;0;7;0;0;1;3;15;A01
201600030605;0;7;0;0;2;1;1;A01
201600030605;0;7;0;0;2;7;1;B01
201600030606;0;7;0;0;2;6;10;A01
201600030606;0;32;0;0;2;1;1;B01
201600030607;0;33;0;0;2;7;1;A01
201600030607;0;7;0;0;2;8;13;B01
201600030608;0;7;0;0;2;7;1;A01
201600030608;0;30;0;0;2;8;13;B01
201600030609;1;7;0;6;0;1;13;A01
201600030610;0;14;0;0;2;1;1;B01
201600030610;0;7;0;3;2;2;13;A01
201600030611;2;30;0;0;2;1;1;B01
201600030611;1;7;0;0;9;1;15;A01
201600030612;0;7;0;8;0;2;1;A01
201600030613;0;7;0;0;2;1;1;B01
201600030613;0;7;0;0;2;5;1;A01
201600030614;0;7;0;0;1;2;1;A01
201600030615;0;7;0;0;2;3;15;A01
201600030615;0;2;0;0;2;7;5;B01
201600030616;0;7;0;0;1;0;0;Z01
201600030617;0;7;0;0;1;2;1;A01
201600030618;0;7;0;0;1;1;1;A01
201600030619;0;33;0;0;2;1;1;A01
201600030619;0;7;0;0;2;4;1;B01
201600030620;2;32;0;0;2;1;1;B01
201600030620;2;7;0;0;2;3;1;A01
201600030621;0;7;0;0;2;1;2;B01
201600030621;0;7;0;0;2;1;11;C01
201600030621;0;7;0;0;2;1;1;A01
201600030622;0;7;0;0;1;1;1;A01
201600030623;0;33;0;0;2;1;1;B01
201600030623;0;7;0;0;2;3;10;A01
201600030624;0;7;0;0;1;2;1;A01
201600030625;0;7;0;0;2;2;15;A01
201600030625;0;30;0;0;2;1;1;B01
201600030626;0;7;0;2;0;1;19;A01
201600030627;0;7;0;0;1;2;1;A01
201600030628;0;2;0;0;1;1;1;A01
201600030629;0;33;0;0;6;2;1;A01
201600030630;1;33;0;0;0;7;1;A01
201600030631;0;7;0;0;1;1;1;A01
201600030632;0;7;0;0;1;1;1;A01
201600030633;1;33;0;0;2;1;1;A01
201600030633;1;7;0;0;2;1;19;B02
201600030634;2;7;0;15;0;9;13;A01
201600030635;0;1;0;1;0;1;2;A01
201600030636;0;7;0;0;1;1;9;A01
201600030637;1;7;0;0;2;7;15;A01
201600030637;2;2;0;0;2;1;1;B02
201600030638;2;7;0;0;2;4;23;A02
201600030638;2;7;0;0;2;1;9;B01
201600030639;1;7;0;0;2;4;1;B02
201600030639;1;7;0;0;2;1;1;A01
201600030640;1;30;0;0;0;7;16;A01
201600030641;1;30;0;0;0;0;1;A01
201600030642;2;2;0;0;0;7;16;A01
201600030643;1;36;0;0;0;1;10;A01
201600030644;1;33;0;0;2;1;15;A01
201600030644;0;7;0;0;2;1;23;B02
201600030645;1;7;0;0;2;1;1;B02
201600030645;1;7;0;0;2;3;15;A01
201600030646;1;30;0;0;0;0;0;A01
201600030647;2;7;0;0;0;1;2;A01
201600030647;2;7;0;0;0;4;2;B02
201600030648;2;7;0;2;0;8;1;A01
201600030649;0;2;0;0;0;0;1;A01
201600030650;2;33;0;0;2;1;1;B01
201600030650;1;7;0;0;2;3;15;A01
201600030651;1;7;0;0;2;3;1;B01
201600030651;2;1;0;0;2;1;16;A01
201600030652;1;7;0;0;2;3;13;A01
201600030652;2;7;0;0;2;3;1;B01
201600030653;2;10;0;0;2;1;15;A01
201600030653;1;30;0;0;2;8;1;B01
201600030654;2;33;0;2;0;1;1;A01
201600030655;2;7;0;0;2;3;9;A01
201600030655;2;1;0;0;2;7;1;B02
201600030656;2;7;0;0;1;1;1;A01
201600030657;1;17;0;2;0;1;1;A01
201600030658;0;7;0;0;1;1;1;A01
201600030659;2;7;0;0;0;4;1;A01
201600030659;2;2;0;0;2;1;1;B02
201600030660;1;7;0;0;2;3;1;B01
201600030660;2;7;0;0;2;3;16;A01
201600030661;1;33;0;0;0;3;1;A01
201600030662;2;30;0;13;0;1;1;A01
201600030663;0;7;0;0;1;1;1;A01
201600030664;2;10;0;0;1;3;1;A01
201600030665;1;31;0;0;2;7;10;A01
201600030665;1;17;0;0;2;3;1;B02
201600030666;1;7;0;0;2;6;0;A01
201600030666;2;13;0;0;2;3;21;B02
201600030667;2;7;0;0;2;2;1;A01
201600030667;2;30;0;0;2;4;1;B02
201600030668;2;7;0;0;2;8;13;A01
201600030668;1;7;0;0;2;8;1;B02
201600030669;2;7;0;0;2;1;2;A01
201600030669;2;2;0;0;0;4;0;B02
201600030670;0;7;0;0;2;3;1;A01
201600030670;0;7;0;0;2;3;0;B02
201600030671;1;7;0;0;2;1;15;A01
201600030671;2;33;0;0;2;1;0;B02
201600030672;2;7;0;0;2;3;15;A01
201600030672;2;7;0;0;2;1;1;B02
201600030673;1;2;0;0;2;1;2;A01
201600030673;1;7;0;0;2;4;23;B02
201600030674;0;7;0;0;2;1;0;A01
201600030674;0;10;0;0;2;1;15;B02
201600030675;2;7;0;0;2;3;1;A01
201600030675;2;33;0;0;2;1;0;B01
201600030676;1;1;0;0;1;0;0;A01
201600030677;1;38;0;2;1;3;15;A01
201600030678;1;37;1;0;1;7;11;A01
201600030679;2;7;0;0;0;0;0;B01
201600030679;1;33;0;0;0;0;0;A01
201600030680;1;7;0;0;1;0;0;A01
201600030681;1;7;0;9;0;7;13;A01
201600030682;1;7;0;0;2;1;0;B01
201600030682;1;7;0;0;2;3;15;A01
201600030683;1;7;0;0;1;1;1;A01
201600030684;1;33;0;0;2;1;2;A01
201600030684;1;17;0;0;0;6;15;B01
201600030685;1;7;0;0;1;0;0;A01
201600030686;1;7;0;0;1;0;0;A01
201600030687;2;7;0;0;2;1;1;A01
201600030687;0;7;0;0;2;8;15;B02
201600030688;0;7;0;0;2;1;6;A01
201600030688;0;7;0;0;2;8;15;B02
201600030689;1;7;0;6;0;8;1;A01
201600030690;2;33;0;0;2;0;17;A01
201600030690;1;7;0;0;9;8;1;B02
201600030691;1;7;0;0;2;3;9;A01
201600030691;1;1;0;0;2;4;1;B02
201600030692;1;7;0;0;2;2;1;A01
201600030692;2;7;0;0;2;2;1;B02
201600030693;0;7;0;0;2;1;1;A01
201600030693;0;31;0;0;2;8;1;B02
201600030694;2;7;0;2;0;0;1;A01
201600030695;0;7;0;8;0;1;0;A01
201600030696;0;7;0;13;0;0;1;A01
201600030697;2;7;0;0;2;8;9;A01
201600030697;1;1;0;0;2;1;1;B02
201600030698;2;7;0;0;2;3;13;A01
201600030698;1;7;0;0;2;3;1;B02
201600030698;1;7;0;0;2;1;1;C03
201600030698;2;7;0;0;2;3;23;D04
201600030699;1;10;0;0;0;6;23;A01
201600030699;1;30;0;14;0;1;2;B02
201600030700;2;10;0;0;2;2;1;A01
201600030700;1;7;0;0;2;1;1;B02
201600030701;1;7;0;0;2;7;1;A01
201600030701;2;2;0;0;2;1;5;B02
201600030702;2;7;0;0;2;6;10;A01
201600030702;1;1;0;0;2;1;1;B02
201600030703;1;7;0;6;0;2;14;A01
201600030704;1;31;0;0;2;1;1;A01
201600030704;2;10;0;0;0;7;15;B02
201600030705;1;30;0;12;0;2;16;A01
201600030706;1;33;0;0;0;8;1;A01
201600030707;1;7;0;0;2;7;15;A01
201600030707;2;1;0;0;2;1;1;B01
201600030708;1;7;0;6;0;1;1;A01
201600030709;1;2;0;0;1;1;1;A01
201600030710;1;7;0;0;1;1;1;A01
201600030711;1;7;0;0;1;2;1;A01
201600030712;1;7;0;0;1;1;1;A01
201600030713;2;36;0;0;2;1;1;B01
201600030713;1;36;0;0;2;1;1;A01
201600030714;0;7;0;8;2;8;16;B01
201600030714;1;7;0;9;2;1;1;A01
201600030715;1;7;0;0;1;3;1;A01
201600030716;2;1;0;0;2;1;1;C01
201600030716;2;1;0;0;2;1;1;B01
201600030716;1;7;0;0;2;8;0;A01
201600030717;1;7;0;0;1;1;1;A01
201600030718;2;7;0;0;1;1;1;A01
201600030719;1;7;0;0;2;2;0;A01
201600030719;1;1;0;0;2;1;1;B01
201600030720;2;32;0;0;1;1;1;A01
201600030721;2;1;0;0;2;1;1;A01
201600030721;2;7;0;0;2;2;1;B01
201600030722;2;7;0;0;1;2;15;A01
201600030723;1;2;0;0;2;1;1;B01
201600030723;1;7;0;0;2;8;9;A01
201600030724;2;30;0;0;1;8;1;A01
201600030725;1;33;0;2;0;1;1;A01
201600030726;1;7;0;13;2;3;1;A01
201600030726;2;7;0;0;2;3;1;B01
201600030727;2;7;0;0;1;1;1;A01
201600030728;2;1;0;0;2;8;19;B01
201600030728;1;7;0;0;2;1;1;A01
201600030729;1;33;0;0;2;1;1;B01
201600030729;1;7;0;0;2;4;17;A01
201600030730;2;7;0;2;0;9;1;A01
201600030731;1;7;0;0;2;7;17;A01
201600030731;1;7;0;0;2;8;1;B01
201600030732;2;7;0;0;2;3;0;A01
201600030732;1;7;0;0;2;1;0;B01
201600030733;2;7;0;0;1;4;4;A01
201600030734;2;31;0;0;2;1;1;B01
201600030734;1;7;0;0;2;8;9;A01
201600030735;1;7;0;0;2;1;15;B01
201600030735;1;7;0;0;2;1;17;A01
201600030736;1;31;0;0;2;1;17;A01
201600030736;1;7;0;0;2;3;1;B01
201600030737;2;7;0;0;2;8;9;A01
201600030737;1;33;0;0;2;1;1;B01
201600030738;1;32;0;0;1;1;1;A01
201600030739;2;7;0;0;1;3;15;A01
201600030740;1;7;0;0;1;0;0;A01
201600030741;1;7;0;0;2;1;2;B01
201600030741;1;7;0;0;2;7;0;A01
201600030742;1;7;0;1;2;3;5;A01
201600030742;1;7;0;1;2;1;1;B01
201600030742;1;7;0;1;2;8;0;C01
201600030743;1;10;0;0;1;0;0;A01
201600030744;1;7;0;0;1;1;0;A01
201600030745;1;33;0;0;2;1;17;A01
201600030745;2;7;0;0;2;2;0;B01
201600030745;2;10;0;0;2;0;0;C01
201600030745;1;7;0;0;9;6;0;D01
201600030746;2;30;0;0;0;0;0;A01
201600030747;1;7;0;0;2;1;0;A01
201600030747;2;7;0;0;2;1;15;B01
201600030748;1;7;0;16;2;7;13;B01
201600030748;1;7;0;0;2;1;2;A01
201600030749;1;7;0;0;0;9;0;A01
201600030750;1;7;0;0;2;1;2;A01
201600030750;0;7;0;0;9;6;0;B01
201600030751;1;7;0;0;2;1;0;A01
201600030751;1;1;0;0;2;8;0;B01
201600030752;2;1;0;0;2;7;19;B01
201600030752;1;7;0;0;2;1;21;A01
201600030753;1;33;0;0;2;1;17;B01
201600030753;2;7;0;0;2;7;0;A01
201600030754;1;7;0;0;1;1;0;A01
201600030755;1;7;0;0;2;4;2;B01
201600030755;1;10;0;0;2;1;2;A01
201600030755;1;15;0;0;2;4;2;D01
201600030755;1;7;0;0;2;5;2;C01
201600030756;1;7;0;0;1;1;1;A01
201600030757;2;7;0;0;2;1;19;A01
201600030757;1;7;0;0;2;8;0;B01
201600030758;1;7;0;0;1;1;2;A01
201600030759;0;36;0;8;2;3;0;A01
201600030760;1;10;0;0;2;3;15;B01
201600030760;1;31;0;0;2;1;1;A01
201600030761;1;10;0;0;1;2;1;A01
201600030762;2;7;0;0;1;0;0;A01
201600030763;2;7;0;0;2;5;2;A01
201600030763;2;30;0;0;2;1;2;B01
201600030764;2;7;0;0;1;5;13;A01
201600030765;0;1;0;0;2;1;19;B01
201600030765;0;7;0;0;2;7;19;A01