Num_Acc;senc;catv;occutc;obs;obsm;choc;manv;num_veh
201600030766;2;7;0;0;2;1;13;A01
201600030766;1;7;0;0;2;1;1;B01
201600030767;1;7;0;0;1;0;15;A01
201600030768;1;13;0;0;2;0;0;B01
201600030768;1;30;0;0;2;7;19;A01
201600030769;2;7;0;0;2;1;1;A01
201600030769;1;7;0;0;2;7;0;B01
201600030770;0;7;0;0;2;4;2;B02
201600030770;0;7;0;0;2;1;1;A01
201600030771;1;7;0;3;2;1;0;A01
201600030771;1;7;0;0;2;1;0;B02
201600030772;1;7;0;0;2;1;1;A01
201600030772;2;7;0;0;2;7;13;B02
201600030773;1;7;0;0;0;9;1;A01
201600030774;2;33;0;0;0;0;17;A01
201600030775;1;7;0;4;0;3;1;A01
201600030776;2;7;0;13;2;2;17;A01
201600030776;2;21;0;0;2;3;15;B02
201600030777;1;33;0;13;0;1;1;A01
201600030778;0;21;0;0;2;3;1;A01
201600030778;0;1;0;6;2;1;1;B02
201600030779;1;7;0;0;0;9;1;A01
201600030780;1;7;0;0;0;0;1;A01
201600030781;1;7;0;0;2;3;1;A01
201600030781;2;7;0;0;2;2;13;B02
201600030782;2;10;0;0;2;1;2;A01
201600030782;2;7;0;0;0;4;1;B02
201600030783;0;33;0;0;0;1;1;B02
201600030783;0;7;0;0;0;3;1;A01
201600030784;2;10;0;0;2;1;1;C03
201600030784;2;7;0;0;2;2;1;B02
201600030784;2;10;0;0;2;1;1;D04
201600030784;2;7;0;0;0;4;1;A01
201600030785;0;7;0;3;0;1;1;A01
201600030786;2;7;0;0;2;1;1;B01
201600030786;1;7;0;0;2;7;15;A01
201600030787;1;7;0;2;0;7;6;A01
201600030788;1;7;0;0;1;1;1;A01
201600030789;2;7;0;0;2;1;1;B01
201600030789;1;7;0;0;2;1;16;A01
201600030790;0;7;0;0;1;0;1;A01
201600030791;2;7;0;0;2;2;9;A01
201600030791;0;2;0;0;2;5;16;B01
201600030792;2;7;0;0;2;6;23;A01
201600030792;2;7;0;0;2;2;2;B01
201600030793;0;7;0;0;1;4;4;A01
201600030794;2;7;0;0;1;7;1;A01
201600030795;1;30;0;0;2;2;19;A01
201600030795;1;7;0;0;2;3;1;B01
201600030796;1;33;0;0;2;1;17;A01
201600030796;1;7;0;0;2;8;15;B01
201600030797;1;7;0;0;2;1;1;A01
201600030797;1;7;0;0;2;4;2;B01
201600030797;1;7;0;0;2;4;2;C01
201600030797;1;7;0;0;2;4;2;D01
201600030798;2;7;0;0;2;3;15;A01
201600030798;2;30;0;0;2;7;17;B01
201600030799;1;7;0;0;2;1;1;A01
201600030799;1;7;0;0;2;4;23;B01
201600030799;1;7;0;0;2;4;23;C01
201600030800;1;7;0;;2;1;9;A01
201600030800;1;32;0;0;2;7;1;B01
201600030801;1;7;0;0;1;2;17;A01
201600030802;1;7;0;0;2;2;15;A01
201600030802;2;34;0;0;2;1;15;B01
201600030803;2;7;0;6;0;1;13;A01
201600030804;1;33;0;8;2;1;15;A01
201600030804;1;33;0;0;2;6;2;B01
201600030805;1;30;0;1;0;1;14;A01
201600030806;1;7;0;0;1;3;17;A01
201600030807;2;1;0;0;2;1;1;Y01
201600030807;1;7;0;0;2;3;9;A01
201600030808;1;2;0;0;2;1;19;A01
201600030808;1;7;0;0;2;3;15;B01
201600030809;2;30;0;;2;1;18;A01
201600030809;2;10;0;0;2;7;16;B01
201600030810;0;7;0;0;1;7;17;A01
201600030811;2;7;0;0;2;3;16;A01
201600030811;1;2;0;0;2;7;15;B01
201600030812;2;7;0;0;2;0;18;A01
201600030812;2;1;0;0;2;8;1;B01
201600030813;1;7;0;9;0;3;13;A01
201600030814;2;14;0;0;2;1;13;A01
201600030814;1;7;0;0;2;1;1;B01
201600030815;2;7;0;0;1;2;1;A01
201600030816;2;7;0;0;2;7;16;A01
201600030816;2;1;0;0;2;8;2;B01
201600030817;2;1;0;0;2;2;1;B01
201600030817;1;7;0;0;2;3;9;A01
201600030818;1;7;0;15;0;1;14;A01
201600030819;1;7;0;0;2;2;1;A01
201600030819;1;30;0;0;2;4;2;B01
201600030820;2;7;0;0;2;1;15;A01
201600030820;0;7;0;0;2;3;1;B01
201600030821;1;7;0;0;1;1;24;A01
201600030822;1;7;0;0;1;1;1;A01
201600030823;1;7;0;0;1;1;15;A01
201600030824;1;7;0;0;2;1;1;A01
201600030824;1;7;0;0;2;4;2;B01
201600030824;1;7;0;0;2;4;2;C01
201600030825;1;7;0;3;0;3;21;A01
201600030826;1;7;0;0;2;1;1;A01
201600030826;1;1;0;0;2;5;1;B01
201600030827;1;1;0;12;0;1;1;A01
201600030828;2;7;0;0;2;1;1;B01
201600030828;2;1;0;0;2;8;15;A01
201600030829;2;7;0;0;2;2;1;A01
201600030829;1;33;0;0;2;1;17;B01
201600030830;2;1;0;0;2;8;19;B01
201600030830;2;7;0;0;2;1;15;A01
201600030831;2;7;0;0;2;7;1;A01
201600030831;2;7;0;0;2;2;15;B01
201600030832;0;1;0;0;2;2;1;B01
201600030832;0;7;0;0;2;3;9;A01
201600030833;1;7;0;0;1;2;16;A01
201600030834;2;7;0;0;2;1;21;A01
201600030834;0;7;0;0;2;3;23;B01
201600030835;2;7;0;0;2;1;1;B01
201600030835;1;7;0;0;2;1;19;A01
201600030836;1;7;0;0;1;1;15;A01
201600030837;2;7;0;6;0;1;1;A01
201600030838;2;7;0;0;1;8;9;A01
201600030839;1;7;0;0;2;1;13;A01
201600030839;2;7;0;0;2;1;1;B01
201600030840;1;7;0;;2;7;19;A01
201600030840;1;7;0;0;2;2;1;B01
201600030841;2;7;0;0;2;7;19;A01
201600030841;1;10;0;0;2;3;1;B01
201600030842;2;2;0;0;2;1;1;A01
201600030842;0;7;0;0;2;8;1;B01
201600030843;1;30;0;16;0;7;1;A01
201600030844;2;7;0;0;2;3;9;A01
201600030844;2;33;0;0;2;7;1;B01
201600030845;2;7;0;0;2;5;15;A01
201600030845;1;2;0;0;2;1;1;B01
201600030846;1;7;0;6;0;2;14;A01
201600030847;2;7;0;0;2;2;13;A01
201600030847;1;15;0;0;2;2;1;B02
201600030848;1;7;0;8;0;2;1;A01
201600030849;1;7;0;0;2;1;1;A01
201600030849;1;7;0;0;2;2;19;B02
201600030850;1;7;0;6;0;1;14;A01
201600030851;2;7;0;15;0;9;1;A01
201600030852;1;7;0;16;0;1;1;A01
201600030853;2;7;0;0;2;1;1;A01
201600030853;2;7;0;0;2;8;19;B02
201600030854;1;7;0;0;2;0;1;A01
201600030854;1;7;0;0;2;0;1;B02
201600030855;1;7;0;0;2;1;2;A01
201600030855;1;15;0;0;0;4;2;B02
201600030856;1;7;0;0;2;2;0;E05
201600030856;2;7;0;0;2;3;5;A01
201600030856;1;10;0;0;2;1;0;B02
201600030856;1;7;0;0;2;1;0;C03
201600030856;1;7;0;0;2;3;0;D04
201600030857;1;38;10;0;2;8;15;A01
201600030857;2;7;0;0;2;1;1;B02
201600030858;1;7;0;0;9;1;1;A01
201600030858;1;1;0;0;2;7;1;B02
201600030859;1;7;0;0;2;1;17;A01
201600030859;2;7;0;0;2;1;1;B02
201600030859;2;7;0;0;2;1;1;C03
201600030860;1;2;0;0;2;1;13;A01
201600030860;2;7;0;0;2;1;1;B02
201600030861;0;7;0;0;2;1;5;A01
201600030861;0;3;0;0;2;1;1;B02
201600030862;0;7;0;16;0;9;1;A01
201600030863;2;7;0;0;1;1;15;A01
201600030864;1;30;0;0;0;7;0;A01
201600030865;0;2;0;0;2;1;2;A01
201600030865;0;7;0;0;2;3;9;B01
201600030866;1;7;0;0;1;2;2;A01
201600030867;0;7;0;0;2;1;15;A01
201600030867;1;1;0;0;2;8;1;B01
201600030868;1;7;0;2;0;9;14;A01
201600030869;1;7;0;0;1;2;2;A01
201600030870;0;7;0;0;2;3;1;A01
201600030870;0;7;0;2;2;1;1;B01
201600030871;1;7;0;3;0;3;16;A01
201600030872;1;33;0;12;0;2;2;A01
201600030873;0;10;0;0;1;3;1;A01
201600030874;0;7;0;0;1;1;1;A01
201600030875;0;2;0;0;2;4;15;B01
201600030875;0;7;0;0;0;0;0;A01
201600030876;0;34;0;0;2;1;1;B01
201600030876;1;10;0;0;2;8;0;A01
201600030877;2;7;0;0;0;0;24;A01
201600030877;2;1;0;0;0;0;2;B01
201600030878;0;10;0;0;1;7;0;A01
201600030879;2;7;0;0;1;1;2;A01
201600030880;2;33;0;14;0;1;0;A01
201600030881;2;7;0;0;2;3;15;A01
201600030881;2;33;0;0;2;1;1;B01
201600030882;0;7;0;0;1;4;4;A01
201600030883;1;7;0;0;1;1;15;A01
201600030884;1;7;0;0;2;8;11;A01
201600030884;1;33;0;0;2;7;1;B01
201600030885;1;7;0;0;2;8;11;A01
201600030885;1;33;0;0;2;7;1;B01
201600030886;1;33;0;0;0;0;0;A01
201600030887;1;7;0;0;1;3;1;A01
201600030888;1;10;0;0;1;6;0;A01
201600030889;0;30;0;7;0;0;0;A01
201600030890;0;7;0;0;1;1;1;A01
201600030891;1;7;0;0;1;1;20;A01
201600030892;1;7;0;0;1;0;0;A01
201600030893;0;7;0;0;2;5;15;A01
201600030893;0;1;0;0;0;0;0;B01
201600030894;0;7;0;0;2;3;15;A01
201600030894;0;2;0;0;2;1;1;B01
201600030895;0;7;0;0;1;2;0;A01
201600030896;1;33;0;16;0;7;1;A01
201600030897;0;7;0;2;0;1;6;A01
201600030898;1;2;0;0;2;1;1;A01
201600030898;0;7;0;0;2;3;15;B01
201600030899;0;7;0;0;1;1;15;A01
201600030900;1;36;0;12;0;2;14;A01
201600030901;1;15;0;3;0;1;14;A01
201600030902;1;7;0;0;2;2;17;A01
201600030902;1;1;0;0;2;2;1;B01
201600030903;1;7;0;0;1;1;1;A01
201600030904;2;7;0;6;0;0;0;A01
201600030905;1;7;0;0;2;3;0;A01
201600030905;1;30;0;0;2;8;0;B01
201600030906;1;7;0;0;1;0;0;A01
201600030907;1;30;0;0;2;1;1;A01
201600030907;1;7;0;0;2;8;15;B01
201600030908;1;7;0;0;2;2;17;A01
201600030908;1;7;0;0;2;0;0;B01
201600030909;2;7;0;2;0;1;1;A01
201600030910;1;17;0;0;2;7;15;A01
201600030910;1;7;0;0;2;2;1;B01
201600030911;1;7;0;0;1;3;5;A01
201600030912;1;1;0;0;2;8;0;A01
201600030912;1;7;0;0;9;0;0;Z01
201600030913;1;30;0;0;2;1;1;A01
201600030913;1;7;0;0;0;0;0;Z01
201600030914;1;7;0;0;2;1;1;A01
201600030914;1;31;0;0;2;1;1;B01
201600030915;2;7;0;0;2;3;0;A01
201600030915;1;7;0;0;2;3;5;B01
201600030916;1;2;0;0;0;1;1;A01
201600030916;1;10;0;0;0;8;1;B01
201600030917;1;7;0;8;1;3;1;A01
201600030918;1;7;0;8;5;1;14;A01
201600030919;2;30;0;0;2;1;1;A01
201600030919;1;3;0;0;2;2;15;B01
201600030920;1;7;0;0;2;3;15;A01
201600030920;1;31;0;0;2;1;1;B01
201600030921;2;7;0;0;1;2;1;A01
201600030922;0;3;0;0;0;0;1;A01
201600030923;2;30;0;8;0;3;1;A01
201600030924;1;7;0;8;0;2;14;A01
201600030925;1;7;0;0;0;8;9;A01
201600030925;1;30;0;0;1;1;1;B01
201600030926;1;7;0;0;1;3;1;A01
201600030927;2;7;0;13;0;9;0;A01
201600030928;1;7;0;3;2;3;13;A01
201600030928;2;7;0;0;2;8;1;B01
201600030928;2;7;0;0;2;8;1;C01
201600030928;2;7;0;0;2;8;1;D01
201600030929;1;7;0;0;2;8;1;B01
201600030929;1;7;0;0;2;1;0;Z01
201600030930;1;1;0;0;2;7;1;B01
201600030930;1;7;0;0;2;3;9;A01
201600030931;1;17;0;0;2;1;2;A01
201600030931;1;10;0;0;2;4;23;B01
201600030931;1;7;0;0;2;4;23;C01
201600030931;1;14;0;0;2;4;23;D01
201600030932;1;1;0;0;2;5;1;B01
201600030932;1;7;0;0;2;1;9;A01
201600030933;0;7;0;12;0;1;1;A01
201600030934;1;7;0;0;1;1;1;A01
201600030935;1;33;0;0;2;1;1;A01
201600030935;1;7;0;0;0;3;15;B01
201600030936;0;7;0;0;1;3;1;A01
201600030937;1;7;0;0;1;1;1;A01
201600030938;1;30;0;0;2;1;1;A01
201600030939;1;7;0;0;2;3;15;A01
201600030939;1;7;0;0;2;1;1;B01
201600030940;1;7;0;0;2;1;17;A01
201600030940;2;2;0;0;2;1;1;B01
201600030941;0;30;0;0;1;0;0;A01
201600030942;0;7;0;0;2;3;9;A01
201600030942;0;30;0;0;2;5;1;B01
201600030943;1;7;0;6;0;2;1;A01
201600030944;1;33;0;11;0;1;1;A01
201600030945;1;7;0;0;1;2;1;A01
201600030946;1;1;0;0;2;1;19;A01
201600030946;2;7;0;0;2;3;1;B01
201600030947;2;7;0;0;2;2;16;B01
201600030947;2;30;0;0;2;1;9;A01
201600030948;1;33;0;0;2;1;17;A01
201600030948;1;7;0;0;2;8;15;B01
201600030949;1;7;0;9;1;1;0;A01
201600030950;1;7;0;0;2;1;1;A01
201600030950;1;7;0;0;2;4;0;B01
201600030950;1;1;0;0;2;4;1;C01
201600030951;0;7;0;13;0;1;13;A01
201600030952;1;7;0;0;2;3;13;A01
201600030952;2;7;0;0;2;8;1;B01
201600030953;1;7;0;0;2;1;5;A01
201600030953;2;14;0;0;2;1;2;B01
201600030954;1;7;0;0;2;6;19;A01
201600030954;1;33;0;0;2;1;1;B01
201600030955;0;7;0;0;2;3;1;A01
201600030955;0;35;0;0;2;2;5;B01
201600030956;0;30;0;1;0;1;5;A01
201600030957;1;7;0;0;1;1;1;A01
201600030958;0;1;0;0;0;0;0;B01
201600030958;0;30;0;0;2;7;0;Z01
201600030959;0;2;0;0;0;0;1;B01
201600030959;0;7;0;0;0;0;17;Z01
201600030960;1;7;0;1;2;1;1;A01
201600030960;1;7;0;0;0;6;2;B01
201600030961;0;10;0;0;1;1;2;A01
201600030962;1;7;0;0;0;0;0;A01
201600030963;1;7;0;0;2;1;13;A01
201600030963;2;7;0;0;2;1;1;B01
201600030964;0;7;0;0;0;0;0;A01
201600030964;0;33;0;0;0;0;0;B01
201600030965;1;7;0;0;2;7;1;B01
201600030965;1;7;0;0;2;1;17;A01
201600030966;1;7;0;0;1;1;1;A01
201600030967;1;2;0;0;2;1;1;A01
201600030967;1;7;0;0;2;6;1;B01
201600030968;1;2;0;0;2;0;0;A01
201600030968;2;10;0;0;9;2;10;B01
201600030969;1;7;0;0;1;1;18;A01
201600030970;1;7;0;0;1;1;1;A01
201600030971;1;7;0;0;0;0;0;A01
201600030972;1;10;0;0;2;6;15;B01
201600030972;1;2;0;0;2;1;1;A01
201600030973;2;7;0;0;1;2;1;A01
201600030974;1;1;0;0;0;0;0;A01
201600030975;1;1;0;0;2;8;19;B01
201600030975;1;7;0;2;2;1;1;A01
201600030976;1;7;0;0;2;1;15;A01
201600030976;2;30;0;0;2;1;1;B01
201600030977;2;7;0;0;0;2;0;A01
201600030977;1;2;0;0;0;1;0;B01
201600030978;;7;0;0;0;0;0;A01
201600030979;2;7;0;0;1;2;1;A01
201600030980;1;7;0;13;0;1;15;A01
201600030981;0;7;0;0;2;1;0;A01
201600030981;1;7;0;0;2;1;0;B01
201600030982;1;7;0;0;2;6;0;B01
201600030982;1;33;0;0;2;1;1;A01
201600030983;1;7;0;0;1;1;1;A01
201600030984;0;7;0;0;2;3;13;A01
201600030984;0;7;0;0;0;3;0;B01
201600030985;1;30;0;0;2;1;1;B01
201600030985;1;7;0;0;2;2;1;A01
201600030986;2;33;0;0;2;1;1;B01
201600030986;1;7;0;0;2;2;15;A01
201600030987;0;7;0;0;1;1;0;A01
201600030988;1;7;0;0;1;8;1;A01
201600030989;2;1;0;0;1;0;0;A01
201600030990;2;7;0;0;1;1;1;A01
201600030991;2;33;0;0;2;1;13;A01
201600030991;1;15;0;0;2;3;0;B01
201600030992;2;7;0;0;1;2;1;A01
201600030993;1;17;0;0;1;5;4;A01
201600030994;2;7;0;0;1;1;1;A01
201600030995;1;7;0;0;1;1;1;A01
201600030996;1;7;0;0;2;1;1;B01
201600030996;1;7;0;0;2;7;13;A01
201600030997;1;33;0;0;1;7;1;A01
201600030998;1;10;0;0;1;2;17;A01
201600030999;2;7;0;0;2;1;1;B01
201600030999;1;7;0;0;2;1;11;A01
201600031000;2;2;0;0;2;3;0;A01
201600031000;1;10;0;0;9;6;1;B01
201600031001;1;7;0;0;1;2;17;A01
201600031002;2;33;0;0;2;1;13;A01
201600031002;2;33;0;0;2;4;2;B01
201600031002;1;7;0;0;2;3;1;C01
201600031003;2;37;0;0;2;1;13;A01
201600031003;1;7;0;0;2;3;1;B01
201600031003;1;7;0;0;2;0;1;C01
201600031004;1;3;0;8;0;1;1;A01
201600031005;1;2;0;15;0;2;2;A01
201600031006;1;7;0;0;2;6;15;B01
201600031006;2;33;0;0;2;1;17;A01
201600031007;2;7;0;0;9;3;1;B01
201600031007;1;1;0;0;2;3;1;A01
201600031008;2;7;0;0;1;3;1;A01
201600031009;1;30;0;0;2;7;2;B01
201600031009;1;7;0;0;2;8;9;Z01
201600031010;1;7;0;0;2;3;13;A01
201600031010;2;7;0;0;2;3;0;B01
201600031011;1;7;0;0;2;1;5;A01
201600031011;2;15;0;0;2;6;1;B01
201600031011;2;7;0;0;2;8;1;C01
201600031011;2;7;0;0;2;1;1;D01
201600031012;2;7;0;0;2;5;15;A01
201600031012;2;33;0;0;2;1;1;B01
201600031013;1;7;0;0;1;1;1;A01
201600031013;1;7;0;0;0;0;0;B01
201600031013;1;7;0;0;0;0;0;C01
201600031014;2;7;0;0;2;6;10;A01
201600031014;2;33;0;0;2;1;1;B01
201600031015;1;7;0;0;1;2;21;A01
201600031016;2;7;0;0;1;1;1;A01
201600031017;0;7;0;0;1;3;15;A01
201600031018;1;10;0;0;1;0;0;A01
201600031019;2;7;0;0;2;3;0;A01
201600031019;0;1;0;0;0;0;0;B01
201600031020;1;7;0;0;9;3;10;A01
201600031020;1;30;0;0;2;1;0;B01
201600031021;1;7;0;0;1;0;0;A01
201600031022;1;15;0;0;2;1;2;A01
201600031022;1;15;0;0;2;1;2;C01
201600031022;1;7;0;0;2;1;2;B01
201600031023;2;33;0;0;0;0;0;B01
201600031023;2;7;0;0;0;0;0;A01
201600031024;1;7;0;0;2;1;15;A01
201600031024;2;7;0;8;2;1;1;B01
201600031025;2;37;0;0;1;7;1;A01
201600031026;1;10;0;14;1;2;1;A01
201600031027;2;10;0;0;9;2;1;A01
201600031027;2;1;0;0;0;4;2;B01
201600031028;0;2;0;16;0;8;13;A01
201600031029;0;7;0;15;1;8;16;A01
201600031030;2;33;0;0;0;0;0;B01
201600031030;1;10;0;0;2;3;15;A01
201600031031;1;7;0;0;2;1;1;A01
201600031031;2;2;0;0;2;8;5;B01
201600031032;1;2;0;0;2;1;15;A01
201600031032;0;7;0;0;2;1;1;B01
201600031033;2;7;0;0;1;3;1;A01
201600031034;1;14;0;0;1;0;0;A01
201600031035;2;33;0;16;0;0;14;A01
201600031036;2;15;0;0;1;0;0;A01
201600031037;2;7;0;0;2;8;15;A01
201600031037;2;33;0;0;2;7;17;B01
201600031038;2;3;0;0;2;1;2;A01
201600031038;2;7;0;0;0;5;2;B01
201600031039;1;7;0;0;1;0;0;A01
201600031040;1;33;0;0;2;1;2;A01
201600031040;1;7;0;0;2;6;1;B01
201600031041;1;31;0;0;1;1;0;A01
201600031042;0;7;0;0;1;0;0;Z01
201600031043;0;15;0;0;1;0;0;Z01
201600031044;2;15;0;0;1;0;0;A01
201600031045;1;7;0;0;1;1;16;A01
201600031046;2;2;0;0;1;1;1;A01
201600031047;1;7;0;0;1;2;1;A01
201600031048;1;7;0;0;1;1;2;A01
201600031049;0;7;0;0;2;1;1;A01
201600031049;0;7;0;0;2;2;20;B01
201600031050;0;7;0;0;2;1;13;A01
201600031050;0;7;0;0;2;2;1;B01
201600031051;1;7;0;0;1;1;1;A01
201600031052;0;30;0;0;2;1;0;A01
201600031052;0;7;0;0;9;3;15;B01
201600031053;2;7;0;0;1;1;0;A01
201600031054;1;31;0;0;2;1;2;A01
201600031054;1;7;0;0;2;4;2;B01
201600031055;2;10;0;0;2;7;19;A01
201600031055;2;30;0;0;2;1;19;B01
201600031056;2;7;0;0;1;1;2;A01
201600031057;1;7;0;0;1;1;1;A01
201600031058;1;7;0;14;2;5;12;A01
201600031058;1;7;0;2;2;3;1;B01
201600031059;1;7;0;4;0;1;1;A01
201600031060;1;7;0;0;2;1;15;A01
201600031060;2;1;0;0;2;8;0;B01
201600031061;1;7;0;0;2;4;1;A01
201600031061;2;7;0;0;2;1;1;B01
201600031062;2;32;0;0;2;1;1;B01
201600031062;2;7;0;0;2;3;15;A01
201600031063;1;7;0;0;1;1;15;A01
201600031064;1;30;0;0;2;8;19;B01
201600031064;2;7;0;0;2;1;15;A01
201600031065;2;7;0;0;1;2;1;Z01
201600031066;1;7;0;1;0;1;1;A01
201600031067;2;7;0;12;2;2;15;A01
201600031067;1;7;0;12;2;1;1;B01
201600031068;2;7;0;0;1;7;1;A01
201600031069;1;7;0;0;1;3;0;A01
201600031070;1;7;0;0;1;7;2;A01
201600031071;0;14;0;0;1;1;1;A01
201600031072;0;7;0;0;1;1;16;A01
201600031073;0;1;0;0;2;1;19;A01
201600031073;1;7;0;0;2;3;1;B01
201600031074;1;7;0;9;2;7;1;A01
201600031074;1;1;0;9;2;1;1;B01
201600031075;1;7;0;9;2;1;1;A01
201600031075;2;7;0;9;2;1;1;B01
201600031076;1;7;0;6;0;1;16;A01
201600031077;1;7;0;0;0;9;0;A01
201600031078;1;10;0;0;1;0;0;A01
201600031079;1;10;0;6;0;0;0;A01
201600031080;2;7;0;0;1;2;1;A01
201600031081;1;10;0;0;2;2;15;A01
201600031081;2;2;0;0;2;1;1;B01
201600031082;0;7;0;0;1;4;4;A01
201600031083;2;10;0;0;2;1;2;A01
201600031083;2;7;0;0;2;4;2;B01
201600031084;1;7;0;0;1;0;0;A01
201600031085;2;7;0;0;1;8;1;A01
201600031086;1;7;0;0;2;8;15;A01
201600031086;1;33;0;0;2;1;17;B01
201600031087;1;7;0;0;1;1;1;A01
201600031088;1;30;0;0;2;1;1;B01
201600031088;2;7;0;0;2;3;15;A01
201600031089;1;7;0;0;1;3;15;A01
201600031090;2;7;0;13;2;1;1;B01
201600031090;1;7;0;13;2;5;15;A01
201600031091;1;7;0;9;2;1;1;A01
201600031091;0;7;0;9;2;4;23;B01
201600031092;2;10;0;0;1;2;1;A01
201600031093;1;7;0;0;1;7;1;A01
201600031094;1;7;0;0;2;1;1;A01
201600031094;2;7;0;0;2;1;15;B01
201600031095;0;7;0;0;2;1;1;Z01
201600031095;0;7;0;0;2;6;17;B01
201600031096;1;10;0;1;1;0;0;A01
201600031097;0;31;0;0;2;1;21;A01
201600031097;0;7;0;0;9;1;16;B01
201600031098;1;7;0;0;2;0;0;A01
201600031098;1;7;0;0;2;0;0;B01
201600031099;1;7;0;0;1;2;1;A01
201600031100;1;7;0;0;2;1;1;A01
201600031100;0;7;0;0;2;3;15;B01
201600031101;1;7;0;0;0;0;0;A01
201600031102;1;7;0;0;1;1;0;Z01
201600031103;2;7;0;0;2;3;1;A01
201600031103;2;30;0;0;2;4;1;B01
201600031104;1;7;0;0;2;3;1;A01
201600031104;2;2;0;0;2;1;2;B01
201600031105;2;7;0;0;2;6;1;A01
201600031105;2;1;0;0;0;0;0;B01
201600031106;1;7;0;0;2;1;1;B01
201600031106;2;7;0;3;2;7;15;A01
201600031107;1;7;0;0;2;8;15;A01
201600031107;1;33;0;0;2;1;1;B01
201600031108;2;7;0;0;2;1;2;B01
201600031108;2;7;0;0;2;1;16;A01
201600031109;1;7;0;0;2;1;0;B01
201600031109;1;7;0;0;2;1;9;A01
201600031110;1;2;0;9;1;1;18;A01
201600031111;2;7;0;9;1;3;15;A01
201600031112;0;7;0;9;2;6;15;A01
201600031112;1;2;0;9;2;8;17;B01
201600031113;1;33;0;9;2;2;17;B01
201600031113;1;7;0;9;2;8;15;A01
201600031114;2;36;0;0;2;1;1;B01
201600031114;2;7;0;0;2;7;15;A01
201600031115;2;1;0;0;2;7;1;A01
201600031115;1;7;0;0;9;1;1;B01
201600031116;0;7;0;0;2;7;1;B01
201600031116;0;7;0;0;2;1;15;A01
201600031117;1;7;0;0;2;3;15;B01
201600031117;1;7;0;0;2;1;18;A01
201600031118;0;30;0;1;0;2;14;A01
201600031119;1;7;0;0;2;8;13;A01
201600031119;0;33;0;0;2;1;17;B01
201600031120;2;7;0;0;2;2;1;A01
201600031120;2;1;0;0;2;8;15;B01
201600031121;2;7;0;3;0;1;0;A01
201600031122;2;7;0;0;2;3;15;A01
201600031122;1;33;0;0;2;1;1;B01
201600031123;1;7;0;15;2;1;1;B01
201600031123;2;7;0;14;2;2;15;A01
201600031124;1;7;0;0;2;8;1;A01
201600031124;1;7;0;0;2;1;1;B01
201600031125;2;33;0;0;2;1;1;B01
201600031125;1;7;0;0;2;5;15;A01
201600031126;1;7;0;0;2;2;15;B01
201600031126;1;7;0;0;2;1;1;A01
201600031127;1;30;0;0;2;1;9;A01
201600031127;1;7;0;0;2;3;1;B01
201600031128;1;7;0;0;2;7;1;A01
201600031128;1;30;0;1;2;8;1;B01
201600031129;1;7;0;0;2;0;23;C01
201600031129;2;7;0;0;2;1;2;B01
201600031129;1;7;0;0;2;3;15;A01
201600031130;0;7;0;0;2;2;0;B01
201600031130;0;7;0;0;2;8;15;A01
201600031131;1;7;0;0;2;4;1;A01
201600031131;1;33;0;0;2;1;17;B01
201600031132;1;7;0;;1;3;1;A01
201600031133;2;33;0;6;2;1;13;A01
201600031133;1;14;0;6;2;3;1;B01
201600031134;2;7;0;0;2;2;15;A01
201600031134;1;33;0;0;2;1;0;B01
201600031135;0;7;0;0;1;2;2;A01
201600031136;1;7;0;0;2;2;10;A01
201600031136;1;33;0;0;2;9;0;B01
201600031137;2;7;0;13;2;1;5;A01
201600031137;2;7;0;13;2;1;1;B01
201600031138;0;7;0;0;2;3;1;B01
201600031138;0;7;0;0;2;2;1;A01
201600031139;0;7;0;0;2;6;1;B01
201600031139;1;7;0;0;2;3;16;A01
201600031140;1;7;0;0;2;3;9;A01
201600031140;2;7;0;0;2;3;1;B01
201600031141;2;7;0;6;1;1;21;A01
201600031142;1;7;0;0;1;5;1;A01
201600031143;2;10;0;0;2;3;1;B01
201600031143;2;30;0;0;2;1;1;A01
201600031144;1;7;0;8;0;8;0;A01
201600031145;1;7;0;0;1;2;1;A01
201600031146;1;7;0;0;2;3;9;A01
201600031146;1;2;0;0;2;1;1;B01
201600031147;1;7;0;9;1;4;4;A01
201600031148;1;33;0;0;2;1;17;A01
201600031148;1;7;0;0;2;3;15;B01
201600031149;1;1;0;0;2;7;15;A01
201600031149;1;2;0;0;2;8;17;B01
201600031150;0;1;0;0;2;3;15;A01
201600031150;2;7;0;0;2;2;1;B01
201600031151;1;7;0;0;2;7;22;A01
201600031151;1;1;0;1;0;1;3;B01
201600031152;1;7;0;0;1;1;0;A01
201600031153;1;7;0;0;1;1;1;A01
201600031154;0;7;0;0;9;3;1;B01
201600031154;0;2;0;0;2;2;1;A01
201600031155;1;30;0;0;2;1;1;A01
201600031155;1;7;0;0;2;7;1;B01
201600031156;1;7;0;0;2;8;13;A01
201600031156;2;7;0;2;2;8;1;B01
201600031157;1;7;0;1;0;2;1;A01
201600031157;0;7;0;0;2;2;24;B01
201600031158;0;30;0;0;9;1;2;A01
201600031158;0;30;0;0;9;4;2;B01
201600031159;2;7;0;0;2;1;15;A01
201600031159;1;33;0;0;2;1;1;B01
201600031160;0;30;0;0;0;0;0;A01
201600031160;0;7;0;0;0;0;0;B01
201600031161;1;33;0;0;2;8;0;A01