Num_Acc;senc;catv;occutc;obs;obsm;choc;manv;num_veh
201600031161;1;7;0;0;2;3;0;B01
201600031162;1;7;0;0;1;0;0;A01
201600031163;1;1;0;0;2;1;13;A01
201600031163;2;30;0;0;2;1;1;B01
201600031164;0;7;0;2;0;1;13;A01
201600031165;1;7;0;0;2;2;2;A01
201600031165;1;1;0;0;2;4;2;B01
201600031166;1;33;0;0;2;1;1;A01
201600031166;1;33;0;0;2;0;2;B01
201600031167;1;7;0;0;2;1;9;A01
201600031167;1;33;0;0;2;7;1;B01
201600031168;2;7;0;0;2;1;1;A01
201600031168;2;7;0;0;2;8;1;B01
201600031169;0;7;0;0;9;3;1;A01
201600031169;0;1;0;0;2;1;19;B01
201600031170;1;14;0;0;2;3;1;A01
201600031170;2;3;0;0;2;1;1;B01
201600031171;1;7;0;9;1;4;4;A01
201600031172;0;2;0;9;2;5;1;B01
201600031172;2;7;0;9;2;1;15;A01
201600031173;1;7;0;0;2;3;1;A01
201600031173;1;2;0;0;2;1;1;B01
201600031174;2;7;0;0;2;1;1;A01
201600031174;1;1;0;0;2;8;0;B01
201600031175;2;2;0;1;0;1;21;A01
201600031176;2;7;0;0;2;3;1;A01
201600031176;1;7;0;0;2;8;15;B01
201600031177;2;7;0;0;1;2;17;A01
201600031178;1;33;0;1;2;1;18;A01
201600031178;1;7;0;0;2;5;1;B01
201600031179;2;7;0;0;9;4;2;A01
201600031179;2;30;0;0;2;1;1;B01
201600031180;1;7;0;0;2;2;0;A01
201600031180;1;7;0;0;2;1;0;B01
201600031181;1;7;0;0;1;3;16;A01
201600031182;0;32;0;0;2;7;21;B01
201600031182;0;7;0;0;2;3;23;C01
201600031182;0;7;0;0;2;1;19;A01
201600031183;1;7;0;0;1;2;2;A01
201600031184;1;7;0;9;2;1;1;A01
201600031184;1;7;0;9;2;7;1;B01
201600031185;2;33;0;0;2;1;17;A01
201600031185;2;7;0;0;2;3;15;B01
201600031186;1;3;0;0;2;3;15;B01
201600031186;1;7;0;0;2;1;1;A01
201600031187;1;7;0;0;1;0;0;A01
201600031188;1;7;0;1;9;3;20;A01
201600031188;1;1;0;1;2;1;1;B01
201600031189;1;7;0;0;2;5;1;A01
201600031189;2;30;0;0;2;1;1;B01
201600031190;1;7;0;0;1;1;1;A01
201600031191;1;7;0;0;2;8;15;A01
201600031191;1;30;0;0;2;7;1;B01
201600031192;0;33;0;0;9;5;17;A01
201600031192;0;7;0;0;9;2;15;B01
201600031193;1;7;0;0;2;6;16;A01
201600031193;1;31;0;0;2;2;0;B01
201600031194;1;7;0;9;0;1;1;A01
201600031195;1;7;0;0;2;1;1;A01
201600031195;1;7;0;0;2;9;1;B01
201600031196;2;3;0;0;1;1;16;A01
201600031197;1;7;0;0;2;2;0;A01
201600031197;1;30;0;0;2;1;1;B01
201600031198;1;7;0;0;1;0;1;A01
201600031199;0;7;0;0;9;3;21;A01
201600031199;0;1;0;0;2;4;1;B01
201600031200;1;10;0;0;2;6;19;A01
201600031200;2;7;0;0;2;3;1;B01
201600031201;1;7;0;14;0;9;1;A01
201600031202;1;7;0;0;1;1;0;A01
201600031203;0;7;0;0;1;3;1;A01
201600031204;2;2;0;0;2;1;13;A01
201600031204;1;1;0;0;2;1;1;B01
201600031205;0;7;0;0;9;3;9;A01
201600031205;0;32;0;0;2;7;1;B01
201600031206;1;7;0;0;1;1;1;A01
201600031207;2;7;0;0;2;2;15;A01
201600031207;1;30;0;0;0;0;0;B01
201600031208;0;33;0;0;2;1;1;A01
201600031208;0;7;0;0;9;3;15;B01
201600031209;2;7;0;0;2;1;2;B01
201600031209;2;7;0;0;2;7;19;A01
201600031210;2;7;0;0;1;1;1;B01
201600031211;2;7;0;0;1;2;1;A01
201600031212;1;7;0;0;2;3;13;A01
201600031212;2;7;0;0;2;1;16;B01
201600031213;1;7;0;1;0;1;1;A01
201600031214;1;7;0;0;0;0;0;B01
201600031214;1;7;0;0;0;0;0;A01
201600031215;2;7;0;0;2;3;13;A01
201600031215;2;7;0;0;2;8;1;B01
201600031215;2;7;0;0;2;8;0;C01
201600031216;1;1;0;0;2;1;19;B01
201600031216;1;7;0;0;2;3;2;A01
201600031217;1;32;0;0;2;1;9;A01
201600031217;2;7;0;0;2;1;15;B01
201600031218;1;7;0;1;0;3;13;A01
201600031219;2;2;0;0;2;1;1;A01
201600031219;2;7;0;0;0;3;15;B01
201600031220;2;7;0;0;2;3;5;A01
201600031220;1;30;0;0;2;1;13;B01
201600031221;1;7;0;0;1;0;0;Z01
201600031222;0;31;0;0;0;2;2;A01
201600031223;1;33;0;0;2;1;13;B01
201600031223;2;7;0;0;2;3;15;A01
201600031224;1;7;0;0;2;3;1;A01
201600031224;2;30;0;0;2;1;13;B01
201600031225;2;7;0;0;1;2;1;A01
201600031226;1;7;0;0;1;1;2;A01
201600031227;0;7;0;0;1;8;1;A01
201600031228;1;7;0;0;2;1;2;A01
201600031228;1;7;0;0;2;4;1;B01
201600031229;1;33;0;0;1;0;17;A01
201600031230;2;33;0;0;0;1;1;A01
201600031231;2;7;0;13;9;2;2;A01
201600031231;2;7;0;13;0;4;2;B01
201600031232;1;10;0;0;1;2;0;A01
201600031233;2;7;0;0;2;1;0;B01
201600031233;2;30;0;15;2;7;1;A01
201600031234;1;7;0;0;2;7;15;A01
201600031234;2;7;0;0;0;0;0;B01
201600031235;1;36;0;11;0;9;0;A01
201600031236;1;7;0;0;2;2;1;A01
201600031236;1;10;0;8;2;3;1;B01
201600031237;1;31;0;0;1;1;13;A01
201600031238;1;30;0;0;2;1;17;A01
201600031238;0;7;0;0;2;3;15;B01
201600031239;2;7;0;5;1;1;1;A01
201600031240;1;33;0;0;0;7;17;A01
201600031241;1;7;0;0;2;3;1;B01
201600031241;1;30;0;12;2;7;15;A01
201600031242;1;31;0;0;2;1;1;A01
201600031242;1;7;0;0;2;3;1;B01
201600031243;1;7;0;2;0;1;1;A01
201600031244;1;1;0;0;2;1;19;A01
201600031244;2;7;0;0;9;8;1;B01
201600031245;1;7;0;0;2;0;0;A01
201600031245;2;1;0;0;2;1;0;B01
201600031246;2;7;0;8;0;1;14;A01
201600031247;0;7;0;0;1;1;1;A01
201600031248;1;7;0;0;1;1;0;A01
201600031249;1;7;0;13;0;1;1;A01
201600031250;0;33;0;0;2;2;1;A01
201600031250;1;7;0;0;2;5;15;B01
201600031251;0;7;0;0;1;2;1;A01
201600031252;1;7;0;0;1;0;0;A01
201600031253;0;2;0;1;2;1;1;B01
201600031253;0;3;0;0;2;3;15;A01
201600031254;1;7;0;0;0;0;0;A01
201600031254;1;1;0;0;0;0;0;B01
201600031255;1;7;0;0;2;1;0;A01
201600031255;2;7;0;0;2;6;0;B01
201600031256;2;7;0;0;2;2;15;A01
201600031256;1;33;0;0;2;1;0;B01
201600031257;2;7;0;0;1;3;1;A01
201600031258;1;14;0;0;0;5;1;B01
201600031258;1;33;0;0;2;1;2;A01
201600031259;2;33;0;0;2;1;1;A01
201600031259;1;7;0;0;2;2;15;B01
201600031260;1;33;0;12;0;1;1;A01
201600031261;1;7;0;0;1;1;0;A01
201600031262;2;7;0;0;2;1;1;B01
201600031262;2;7;0;0;2;8;19;A01
201600031263;1;7;0;14;1;1;16;A01
201600031264;1;7;0;0;2;8;19;A01
201600031264;2;7;0;0;2;0;0;B01
201600031265;1;7;0;0;1;2;1;A01
201600031266;0;7;0;0;0;6;1;A01
201600031266;0;1;0;0;0;0;0;B01
201600031267;1;7;0;0;1;0;0;A01
201600031268;1;7;0;0;2;1;1;B01
201600031268;2;7;0;0;2;1;13;A01
201600031269;2;7;0;1;2;1;5;A01
201600031269;0;7;0;0;2;1;1;B01
201600031270;1;7;0;8;2;2;1;B01
201600031270;1;33;0;0;2;1;19;A01
201600031271;1;7;0;0;1;2;0;A01
201600031272;1;10;0;0;1;2;1;A01
201600031273;2;7;0;0;1;3;9;A01
201600031274;0;7;0;0;1;2;1;A01
201600031275;0;7;0;0;2;1;1;A01
201600031275;0;7;0;0;2;4;23;B01
201600031276;2;7;0;0;1;1;1;A01
201600031277;1;7;0;0;2;1;1;A01
201600031277;1;7;0;11;2;0;1;B01
201600031278;0;7;0;0;2;2;1;A01
201600031278;0;7;0;0;2;3;1;B01
201600031279;1;7;0;0;1;3;1;A01
201600031280;2;7;0;0;2;2;1;A01
201600031280;1;10;0;0;2;3;1;B01
201600031281;2;7;0;0;1;3;1;A01
201600031282;2;7;0;0;2;1;15;A01
201600031282;1;30;0;0;0;0;0;B01
201600031283;1;33;0;0;0;0;0;A01
201600031284;1;7;0;0;2;1;1;A01
201600031284;0;31;0;0;2;4;23;B01
201600031285;1;40;0;0;1;2;0;A01
201600031286;0;7;0;0;1;3;1;A01
201600031287;2;37;0;0;1;7;20;A01
201600031288;1;7;0;0;0;0;0;A01
201600031288;1;1;0;0;0;0;0;B01
201600031289;1;7;0;0;2;7;10;A01
201600031289;1;32;0;0;2;1;1;B01
201600031290;2;31;0;0;2;1;1;B01
201600031290;1;7;0;0;2;2;15;A01
201600031291;1;7;0;0;2;1;2;A01
201600031291;1;7;0;0;0;0;0;B01
201600031292;2;7;0;0;2;1;1;B01
201600031292;1;7;0;0;2;1;13;A01
201600031292;2;7;0;0;2;2;1;C01
201600031293;2;33;0;0;2;1;2;A01
201600031293;2;7;0;0;2;4;2;B01
201600031294;1;1;0;0;2;1;1;B01
201600031294;2;7;0;0;0;0;0;A01
201600031295;1;7;0;0;0;0;0;A01
201600031295;1;30;0;0;0;0;0;B01
201600031296;2;2;0;0;0;0;0;B01
201600031296;1;7;0;0;0;0;1;A01
201600031297;2;7;0;0;2;1;1;A01
201600031297;2;1;0;0;0;0;0;B01
201600031298;2;33;0;0;0;0;0;A01
201600031298;2;7;0;0;0;0;0;B01
201600031299;1;2;0;0;0;0;0;B01
201600031299;1;7;0;0;2;4;15;A01
201600031300;1;7;0;0;2;1;2;B01
201600031300;1;7;0;0;2;3;19;A01
201600031301;2;7;0;11;2;7;6;A01
201600031301;1;7;0;0;2;1;1;B01
201600031302;1;7;0;0;2;7;4;A01
201600031302;1;33;0;0;2;2;1;B01
201600031303;1;7;0;0;2;1;6;A01
201600031303;1;7;0;0;2;3;15;B01
201600031304;1;7;0;2;0;1;21;B01
201600031304;1;31;0;0;0;0;1;Z01
201600031305;2;7;0;0;2;2;0;A01
201600031305;1;33;0;0;2;1;0;B01
201600031306;1;7;0;0;2;1;1;B01
201600031306;1;3;0;0;2;6;3;A01
201600031307;1;32;0;1;0;1;14;A01
201600031308;1;7;0;0;1;2;1;A01
201600031309;1;7;0;0;2;2;10;A01
201600031309;2;7;0;0;2;1;1;B01
201600031310;1;15;0;0;2;7;1;B01
201600031310;1;33;0;0;2;1;19;A01
201600031311;1;7;0;0;2;2;15;A01
201600031311;1;2;0;0;2;1;1;B01
201600031312;1;7;0;0;9;0;23;C01
201600031312;1;7;0;0;2;7;21;A01
201600031312;2;7;0;0;2;1;1;B01
201600031313;2;7;0;0;0;3;1;B01
201600031313;0;7;0;0;0;0;0;A01
201600031314;2;7;0;0;2;1;1;B01
201600031314;2;7;0;0;2;3;15;A01
201600031315;1;7;0;0;1;3;1;A01
201600031316;2;1;0;0;2;2;1;B01
201600031316;1;10;0;0;2;3;9;A01
201600031317;1;7;0;0;1;1;1;A01
201600031318;1;7;0;0;2;4;15;B01
201600031318;1;31;0;0;2;1;17;A01
201600031319;2;10;0;0;2;3;1;B01
201600031319;1;7;0;0;2;3;0;A01
201600031320;1;7;0;0;2;2;13;A01
201600031320;2;7;0;0;2;2;21;B01
201600031320;2;7;0;0;2;1;1;C01
201600031321;1;30;0;0;2;1;13;A01
201600031321;2;7;0;0;2;3;1;B01
201600031322;1;30;0;0;0;0;1;A01
201600031323;0;2;0;0;2;2;1;B01
201600031323;0;10;0;0;2;7;15;A01
201600031324;0;31;0;0;0;7;1;A01
201600031325;0;7;0;0;1;1;1;A01
201600031326;1;14;0;6;0;1;19;A01
201600031327;2;7;0;0;1;1;1;A01
201600031328;0;2;0;0;0;0;1;A01
201600031329;2;7;0;4;0;1;1;A01
201600031330;0;7;0;0;2;1;2;A01
201600031330;0;7;0;0;2;4;23;B01
201600031331;0;7;0;0;2;3;1;B01
201600031331;0;30;0;0;2;1;17;A01
201600031331;0;10;0;0;2;6;1;C01
201600031332;0;33;0;0;1;0;0;A01
201600031333;0;2;0;0;0;7;1;A01
201600031334;1;14;0;0;2;3;2;A01
201600031334;2;7;0;0;2;1;1;C01
201600031334;1;7;0;0;2;5;23;B01
201600031335;0;32;0;0;0;0;0;A01
201600031336;0;31;0;0;0;0;1;A01
201600031337;0;7;0;12;0;2;1;A01
201600031338;0;7;0;0;2;3;15;B01
201600031338;0;2;0;0;2;1;1;A01
201600031339;0;7;0;0;2;8;15;A01
201600031339;0;7;0;0;2;1;1;B01
201600031340;0;7;0;0;0;0;9;B01
201600031340;0;33;0;0;0;0;17;A01
201600031341;0;30;0;0;0;0;1;A01
201600031342;0;2;0;0;0;0;1;A01
201600031343;0;30;0;0;1;1;21;A01
201600031344;0;7;0;14;0;3;1;A01
201600031345;1;2;0;0;2;3;9;B01
201600031345;1;7;0;0;2;5;1;A01
201600031346;1;2;0;0;2;2;17;A01
201600031346;1;7;0;0;2;3;17;B01
201600031347;0;7;0;0;1;0;1;A01
201600031348;1;10;0;0;2;8;23;B01
201600031348;1;32;0;0;2;7;17;A01
201600031349;0;32;0;14;0;1;1;A01
201600031350;0;33;0;0;2;1;2;A01
201600031350;1;10;0;0;2;6;2;B01
201600031351;0;7;0;0;2;1;1;B01
201600031351;1;7;0;0;2;8;15;A01
201600031352;0;1;0;0;0;0;1;A01
201600031353;0;2;0;0;0;7;1;A01
201600031354;0;7;0;0;2;4;2;B01
201600031354;0;7;0;0;2;1;2;A01
201600031355;0;32;0;0;2;4;2;B01
201600031355;0;7;0;0;2;2;2;A01
201600031356;2;7;0;0;2;1;1;B01
201600031356;1;10;0;0;2;1;13;A01
201600031357;1;7;0;0;2;3;15;B01
201600031357;1;32;0;0;2;1;17;A01
201600031358;0;7;0;0;2;3;15;B01
201600031358;0;33;0;0;2;1;18;A01
201600031359;1;7;0;0;2;6;16;B01
201600031359;1;32;0;0;2;2;7;A01
201600031360;1;7;0;0;2;6;2;B01
201600031360;1;7;0;4;2;3;1;A01
201600031361;1;7;0;0;2;1;11;A01
201600031361;1;7;0;0;2;7;21;B01
201600031362;1;30;0;0;2;1;2;A01
201600031362;1;7;0;0;2;4;2;B01
201600031363;0;2;0;0;0;0;0;A01
201600031364;0;2;0;0;0;8;9;A01
201600031365;0;30;0;1;0;1;14;A01
201600031366;0;30;0;12;0;2;1;A01
201600031367;1;30;0;0;2;1;2;A01
201600031367;1;7;0;0;2;4;23;B01
201600031368;0;30;0;0;2;4;1;B01
201600031368;0;7;0;0;2;1;9;A01
201600031369;0;2;0;0;2;4;0;B01
201600031369;0;7;0;0;2;3;2;A01
201600031370;0;2;0;0;0;6;1;A01
201600031371;1;1;0;0;2;8;0;A01
201600031371;1;14;0;0;2;7;0;Z01
201600031372;;7;0;;;;;B02
201600031372;0;33;0;0;0;8;21;A01
201600031373;0;2;0;0;0;0;0;A01
201600031374;0;10;0;2;0;1;6;A01
201600031375;0;7;0;0;1;1;20;A01
201600031376;0;7;0;0;0;0;0;A01
201600031376;0;33;0;0;2;0;0;B01
201600031377;0;7;0;0;0;0;24;B01
201600031377;0;7;0;0;0;0;0;A01
201600031378;1;7;0;0;2;5;16;B01
201600031378;1;31;0;0;2;1;7;A01
201600031379;1;2;0;12;0;1;1;A01
201600031380;0;7;0;0;2;2;1;B01
201600031380;0;2;0;0;2;1;0;A01
201600031381;1;7;0;1;0;2;14;A01
201600031382;1;2;0;0;1;1;1;A01
201600031383;0;7;0;0;2;2;15;A01
201600031383;0;2;0;0;2;1;0;B01
201600031384;0;7;0;0;2;4;1;B01
201600031384;0;34;0;0;2;1;2;A01
201600031385;0;7;0;0;1;1;1;A01
201600031386;0;33;0;0;2;1;2;A01
201600031386;0;7;0;0;2;4;2;B01
201600031387;1;2;0;1;0;7;14;A01
201600031388;0;2;0;0;2;1;17;A01
201600031388;;7;0;0;2;3;15;B01
201600031389;0;7;0;0;2;1;1;B01
201600031389;0;7;0;9;2;1;13;A01
201600031390;0;2;0;0;2;1;1;B01
201600031390;0;7;0;0;2;1;15;A01
201600031391;1;7;0;0;2;1;9;A01
201600031391;1;31;0;0;2;7;16;B01
201600031392;0;33;0;0;2;1;1;B01
201600031392;0;10;0;0;2;2;15;A01
201600031393;0;7;0;0;2;3;15;B01
201600031393;0;30;0;0;2;7;17;A01
201600031394;1;7;0;4;0;1;13;A01
201600031395;0;30;0;0;0;8;1;A01
201600031396;0;31;0;0;2;1;0;B01
201600031396;0;7;0;0;2;7;15;A01
201600031397;1;33;0;0;0;0;0;A01
201600031398;0;7;0;0;0;0;0;A01
201600031398;0;30;0;0;0;0;0;B01
201600031399;0;1;0;0;2;1;0;B01
201600031399;1;1;0;0;2;1;1;C01
201600031399;0;33;0;0;2;1;1;Z01
201600031400;0;7;0;0;0;0;0;B01
201600031400;0;2;0;0;0;0;0;A01
201600031401;0;2;0;0;0;0;0;A01
201600031401;0;7;0;0;0;0;0;B01
201600031402;0;1;0;0;0;0;0;A01
201600031403;1;2;0;0;2;8;18;A01
201600031403;1;15;0;0;2;5;9;B01
201600031404;0;33;0;0;0;0;0;B01
201600031404;0;7;0;0;0;0;0;A01
201600031405;0;7;0;0;2;4;2;B01
201600031405;0;32;0;0;2;1;2;A01
201600031406;0;7;0;8;0;1;19;A01
201600031407;0;7;0;0;1;1;0;A01
201600031408;0;2;0;12;0;1;5;A01
201600031409;0;33;0;0;0;0;0;B01
201600031409;0;37;10;0;2;1;15;A01
201600031410;0;2;0;0;2;1;1;B01
201600031410;0;7;0;0;2;1;15;A01
201600031411;0;7;0;0;1;4;4;A01
201600031412;0;33;0;2;0;1;1;A01
201600031413;0;30;0;0;2;8;21;B01
201600031413;0;7;0;0;2;0;9;A01
201600031414;0;7;0;0;1;4;4;A01
201600031415;1;7;0;0;2;4;16;B01
201600031415;1;31;0;0;2;1;2;A01
201600031416;0;33;0;0;2;1;1;B01
201600031416;0;7;0;0;2;2;15;A01
201600031417;0;7;0;0;2;2;15;A01
201600031417;0;32;0;0;2;1;1;B01
201600031418;0;7;0;2;0;1;6;A01
201600031419;0;7;0;0;1;1;1;A01
201600031420;1;7;0;0;1;1;1;A01
201600031421;0;7;0;0;2;6;15;B01
201600031421;0;32;0;0;2;1;21;A01
201600031422;0;7;0;0;2;3;15;A01
201600031422;0;32;0;0;2;7;1;B01
201600031423;0;2;0;0;0;0;0;A01
201600031424;0;7;0;2;0;1;1;A01
201600031425;0;1;0;0;2;1;5;A01
201600031425;0;1;0;0;2;1;1;B01
201600031426;0;7;0;0;2;8;11;A01
201600031426;0;30;0;0;2;7;1;B01
201600031427;2;7;0;0;2;3;1;B01
201600031427;1;33;0;0;2;1;17;A01
201600031427;1;7;0;0;2;3;1;C01
201600031428;0;7;0;0;2;5;20;B01
201600031428;0;32;0;0;2;1;2;A01
201600031429;0;7;0;8;0;1;14;A01
201600031430;0;7;0;0;0;0;20;A01
201600031430;0;10;0;0;2;3;23;C01
201600031430;0;33;0;1;0;1;21;B01
201600031431;0;7;0;0;2;2;1;B01
201600031431;0;2;0;0;2;5;15;A01
201600031432;0;2;0;0;2;1;1;A01
201600031432;0;7;0;0;2;8;1;B01
201600031433;0;7;0;0;2;5;19;A01
201600031433;0;2;0;0;2;1;1;B01
201600031434;1;2;0;0;0;0;1;A01
201600031435;0;30;0;0;9;6;0;A01
201600031435;0;30;0;0;9;1;17;B01
201600031436;0;2;0;0;0;8;1;A01
201600031437;0;7;0;0;2;0;0;B01
201600031437;0;33;0;0;0;0;0;A01
201600031438;0;7;0;0;9;1;2;A01
201600031438;0;31;0;0;2;4;23;B01
201600031439;0;7;0;0;1;7;1;A01
201600031440;1;7;0;0;2;4;0;B01
201600031440;1;7;0;0;2;1;2;A01
201600031441;1;32;0;0;0;7;0;A01
201600031442;0;7;0;0;2;7;0;B01
201600031442;0;7;0;0;2;3;15;A01
201600031443;1;2;0;0;0;0;1;A01
201600031444;0;34;0;1;0;1;14;A01
201600031445;1;2;0;0;1;1;18;A01
201600031446;0;7;0;0;1;6;4;A01
201600031447;0;2;0;0;0;0;1;A01
201600031448;0;2;0;0;2;1;2;B01
201600031448;0;7;0;0;2;4;23;A01
201600031449;0;2;0;0;2;1;17;A01
201600031449;0;7;0;0;2;3;1;B01
201600031450;0;10;0;0;2;2;15;A01
201600031450;0;32;0;0;2;5;1;B01
201600031451;1;7;0;0;1;1;1;A01
201600031452;0;33;0;0;2;1;16;B01
201600031452;0;7;0;0;2;3;16;A01
201600031453;0;33;0;1;0;1;13;A01
201600031454;1;7;0;0;2;1;13;A01
201600031454;2;7;0;0;2;1;1;B01
201600031455;2;7;0;0;9;2;15;A01
201600031455;1;31;0;0;2;1;18;B01
201600031456;0;7;0;0;2;7;1;B01
201600031456;0;30;0;0;2;1;8;A01
201600031457;2;7;0;1;0;7;14;A01
201600031458;0;2;0;2;0;8;0;A01
201600031459;0;2;0;0;0;0;0;B01
201600031459;2;10;0;0;2;0;0;A01
201600031460;0;2;0;8;0;1;1;A01
201600031461;0;2;0;0;2;0;1;B01
201600031461;0;7;0;0;2;0;1;A01
201600031462;0;2;0;0;0;0;0;A01
201600031463;0;33;0;0;2;8;0;B01
201600031463;0;7;0;0;2;3;9;A01
201600031464;0;32;0;0;1;0;0;A01
201600031465;0;7;0;0;9;5;9;A01
201600031465;0;31;0;0;2;1;1;B01
201600031466;0;32;0;0;2;2;1;B01
201600031466;0;7;0;0;9;2;9;A01
201600031467;0;7;0;8;0;1;0;A01
201600031468;0;7;0;0;0;0;0;A01
201600031469;2;33;0;1;0;7;0;A01
201600031469;0;7;0;0;2;0;24;B01
201600031470;2;2;0;0;2;6;0;B01
201600031470;2;7;0;0;2;0;0;A01
201600031471;0;7;0;0;2;4;2;B01
201600031471;0;2;0;0;2;1;2;A01
201600031472;2;31;0;12;0;3;1;A01
201600031473;1;32;0;0;2;7;0;B01
201600031473;1;7;0;0;2;7;0;A01
201600031474;0;2;0;0;9;1;1;A01
201600031474;0;1;0;0;9;7;19;B01
201600031475;2;10;0;0;9;8;15;A01
201600031475;1;2;0;0;2;1;1;B01
201600031476;0;7;0;0;9;8;15;A01
201600031476;0;2;0;0;2;1;17;B01
201600031477;1;7;0;0;2;1;1;B01
201600031477;2;2;0;0;2;1;1;A01
201600031478;2;32;0;4;0;1;1;A01
201600031479;0;1;0;0;2;1;18;A01
201600031479;0;10;0;0;2;7;16;B01
201600031480;0;10;0;0;1;2;1;A01
201600031481;1;2;0;0;1;1;17;A01
201600031482;0;7;0;6;0;1;14;A01
201600031483;0;2;0;0;2;1;15;A01
201600031483;0;7;0;0;9;1;1;B01
201600031484;1;30;0;0;2;1;17;B01
201600031484;1;7;0;0;9;3;15;A01
201600031485;0;2;0;0;2;1;0;A01
201600031485;0;7;0;0;0;4;0;B01
201600031486;0;1;0;0;2;8;1;B01
201600031486;;7;0;0;9;7;17;A01
201600031487;1;30;0;0;2;1;1;B01
201600031487;2;7;0;0;9;1;15;A01
201600031488;0;30;0;0;2;1;1;B01
201600031488;0;7;0;0;9;3;10;A01
201600031489;0;33;0;1;0;1;1;A01
201600031490;0;2;0;12;0;1;1;A01
201600031491;1;7;0;0;2;1;0;B01
201600031491;2;7;0;0;2;7;0;A01
201600031492;0;7;0;0;1;8;21;A01
201600031493;0;31;0;0;0;1;1;A01
201600031494;0;33;0;0;0;0;0;A01
201600031495;0;2;0;14;0;0;0;A01
201600031496;0;7;0;0;2;8;1;B01
201600031496;0;30;0;0;2;1;9;A01
201600031497;0;7;0;0;2;3;1;B01
201600031497;0;7;0;0;2;2;15;A01
201600031498;0;7;0;0;2;4;23;B01
201600031498;0;7;0;0;2;1;2;A01
201600031498;0;7;0;0;2;4;23;C01
201600031499;0;7;0;0;2;8;16;B01
201600031499;;7;0;0;2;1;1;A01
201600031500;0;7;0;0;2;4;20;A01
201600031500;0;30;0;0;2;1;1;B01
201600031501;1;7;0;0;2;1;2;Z01
201600031501;1;7;0;0;2;4;2;B01
201600031502;0;7;0;0;1;0;0;Z01
201600031503;0;2;0;0;2;1;15;A01
201600031503;0;7;0;0;2;3;1;B01
201600031504;0;7;0;0;1;3;15;A01
201600031505;0;7;0;0;2;1;15;A01
201600031505;0;7;0;0;2;2;1;B01
201600031506;0;7;0;0;1;1;1;A01
201600031507;0;7;0;0;2;8;22;A01
201600031507;0;1;0;0;2;1;1;B01
201600031508;0;7;0;0;2;1;2;A01
201600031508;0;7;0;0;2;4;23;B01
201600031508;0;7;0;0;2;4;23;C01
201600031508;0;7;0;0;2;4;23;D01
201600031509;0;7;0;0;2;1;2;A01
201600031509;0;7;0;0;2;4;23;B01
201600031510;1;7;0;0;2;4;2;B01
201600031510;1;7;0;0;2;1;2;A01
201600031511;0;39;1;0;2;2;1;B01
201600031511;0;7;0;0;4;5;0;A01
201600031512;2;7;0;0;2;1;13;A01
201600031512;1;7;0;0;2;1;1;B01
201600031513;1;1;0;0;2;4;16;B01
201600031513;1;7;0;0;2;0;16;A01
201600031514;1;7;0;0;2;1;15;A01
201600031514;0;7;0;0;2;3;0;B01
201600031515;0;7;0;0;1;1;1;A01
201600031516;0;7;0;0;2;4;2;B01
201600031516;0;7;0;0;2;1;2;A01
201600031517;0;7;0;0;2;8;15;A01
201600031517;0;7;0;0;2;1;1;B01
201600031518;0;7;0;0;2;1;15;A01
201600031518;0;7;0;0;2;6;1;B01
201600031519;1;7;0;0;2;4;1;C01
201600031519;1;7;0;0;2;4;2;B01
201600031519;1;7;0;0;2;1;2;A01
201600031520;0;1;0;0;2;0;1;B01
201600031520;0;7;0;8;0;6;1;A01
201600031521;0;7;0;0;2;3;15;A01
201600031521;0;30;0;0;2;1;1;B01
201600031522;0;7;0;0;2;2;15;A01
201600031522;0;7;0;0;2;3;15;B01
201600031523;0;7;0;0;2;5;17;A01
201600031523;0;7;0;0;2;3;15;B01
201600031524;0;10;0;0;1;7;1;A01
201600031525;0;10;0;1;0;1;0;A01
201600031526;0;2;0;0;2;1;0;A01
201600031526;1;7;0;0;2;1;0;B01
201600031527;0;7;0;0;2;5;23;B01
201600031527;0;2;0;0;2;7;2;A01
201600031528;0;2;0;0;2;5;1;B01
201600031528;0;7;0;0;2;3;9;A01
201600031529;0;7;0;0;2;7;15;A01
201600031529;0;7;0;0;2;1;1;B01
201600031530;0;37;5;0;2;3;15;A01
201600031530;0;33;0;0;2;1;1;B01
201600031531;0;7;0;0;2;8;1;A01
201600031531;0;1;0;0;2;1;1;B01
201600031532;0;7;0;0;2;8;15;A01
201600031532;1;32;0;0;2;2;0;B01
201600031533;0;7;0;0;2;3;2;A01
201600031533;0;30;0;0;2;4;1;B01
201600031534;0;7;0;0;1;5;1;A01
201600031535;0;7;0;0;2;2;2;A01
201600031535;0;7;0;0;2;6;23;B01
201600031536;1;7;0;0;1;1;15;A01
201600031537;0;7;0;0;2;0;0;B01
201600031537;0;7;0;0;2;0;0;A01
201600031538;0;7;0;2;0;1;1;A01
201600031539;0;7;0;0;2;2;1;B01
201600031539;2;7;0;0;2;3;15;A01
201600031540;0;7;0;0;2;8;9;A01
201600031540;0;30;0;0;2;1;15;B01
201600031541;0;1;0;0;2;1;1;A01
201600031541;0;7;0;0;0;0;0;B01
201600031542;0;7;0;0;2;1;2;Z01
201600031542;0;30;0;0;2;4;1;B01
201600031543;0;7;0;0;2;3;9;A01
201600031543;0;1;0;0;2;4;16;B01
201600031544;0;7;0;0;2;3;15;A01
201600031544;0;30;0;0;2;6;1;B01