Num_Acc;senc;catv;occutc;obs;obsm;choc;manv;num_veh
201600031545;0;10;0;0;1;2;2;A01
201600031546;0;7;0;0;2;1;2;A01
201600031546;0;7;0;0;2;4;1;B01
201600031547;0;7;0;0;2;6;15;B01
201600031547;0;33;0;0;2;1;17;A01
201600031548;0;1;0;0;2;1;1;B01
201600031548;0;7;0;0;2;3;9;A01
201600031549;0;7;0;1;0;2;1;A01
201600031550;2;7;0;0;2;1;3;A01
201600031550;2;7;0;0;2;4;0;B01
201600031551;;7;0;9;0;1;1;A01
201600031552;0;7;0;0;1;7;1;A01
201600031553;1;7;0;0;1;1;15;A01
201600031554;1;7;0;0;2;6;2;C01
201600031554;1;7;0;0;2;1;2;A01
201600031554;1;30;0;0;2;4;1;B01
201600031555;0;7;0;0;2;2;1;B01
201600031555;0;7;0;0;2;3;1;A01
201600031556;0;7;0;0;2;3;15;A01
201600031556;0;1;0;0;2;7;1;B01
201600031557;;7;0;0;2;2;1;B01
201600031557;;30;0;0;2;1;16;A01
201600031558;2;7;0;0;1;1;15;A01
201600031559;1;7;0;0;2;4;2;B01
201600031559;1;7;0;0;2;1;2;A01
201600031560;0;7;0;0;2;4;2;B01
201600031560;0;7;0;0;2;1;2;A01
201600031561;0;7;0;0;2;3;1;C01
201600031561;0;7;0;0;2;7;1;B01
201600031561;0;7;0;0;2;1;1;A01
201600031562;1;7;0;6;0;1;14;A01
201600031563;0;30;0;0;2;1;1;B01
201600031563;0;7;0;0;2;1;15;A01
201600031564;0;30;0;0;2;1;1;A01
201600031564;0;7;0;0;2;1;1;B01
201600031565;0;33;0;0;1;3;1;A01
201600031566;0;7;0;0;2;2;15;A01
201600031566;0;1;0;0;2;1;1;B01
201600031567;0;7;0;0;2;1;2;A01
201600031567;0;7;0;0;2;4;23;B01
201600031568;2;7;0;0;2;1;1;A01
201600031568;2;7;0;0;2;4;2;B01
201600031569;0;7;0;0;2;2;15;A01
201600031569;0;7;0;0;2;3;1;B01
201600031570;0;10;0;0;2;3;15;B01
201600031570;0;32;0;0;2;1;17;A01
201600031571;0;7;0;0;1;5;0;A01
201600031572;1;7;0;0;2;7;16;A01
201600031572;0;38;20;0;2;3;1;B01
201600031573;1;30;0;0;2;1;2;A01
201600031573;1;7;0;0;2;4;1;B01
201600031574;;2;0;0;2;8;1;B01
201600031574;0;7;0;0;2;7;12;A01
201600031575;0;1;0;0;2;4;2;B01
201600031575;0;7;0;0;2;1;2;A01
201600031576;;1;0;0;2;1;1;A01
201600031576;;10;0;0;2;4;1;B01
201600031577;0;2;0;0;2;1;0;B01
201600031577;0;7;0;0;2;1;1;A01
201600031578;0;7;0;0;2;4;1;B01
201600031578;0;2;0;0;2;1;2;A01
201600031579;0;7;0;0;2;1;1;B01
201600031579;0;7;0;0;2;6;15;A01
201600031580;0;1;0;0;2;2;1;B01
201600031580;0;7;0;0;2;1;15;A01
201600031581;2;7;0;0;2;1;13;A01
201600031581;1;7;0;0;2;1;1;B01
201600031582;0;7;0;0;2;1;2;A01
201600031582;0;7;0;0;1;4;2;B01
201600031583;0;10;0;0;1;1;1;A01
201600031584;2;7;0;0;2;2;2;A01
201600031584;2;21;0;0;2;6;1;B01
201600031585;0;7;0;0;2;2;12;B01
201600031585;0;7;0;0;2;5;23;C01
201600031585;0;7;0;0;2;1;7;A01
201600031586;2;7;0;0;2;3;13;A01
201600031586;2;7;0;0;2;3;1;B01
201600031587;2;33;0;0;2;1;15;B01
201600031587;0;7;0;0;2;3;15;A01
201600031588;1;7;0;0;2;4;0;B01
201600031588;1;7;0;0;2;1;2;A01
201600031589;2;7;0;0;2;2;10;A01
201600031589;2;1;0;0;2;1;10;B01
201600031590;2;7;0;0;2;8;15;A01
201600031590;2;30;0;0;2;1;17;B01
201600031591;2;7;0;0;2;4;2;C01
201600031591;2;7;0;0;2;4;2;B01
201600031591;2;7;0;0;2;1;2;A01
201600031592;2;2;0;0;2;7;1;B01
201600031592;0;7;0;0;2;3;20;A01
201600031593;0;2;0;0;2;7;1;B01
201600031593;0;7;0;0;2;3;9;A01
201600031594;0;7;0;0;2;3;9;A01
201600031594;0;1;0;0;2;3;1;B01
201600031595;1;7;0;0;2;6;0;A01
201600031595;2;7;0;0;9;8;0;B01
201600031596;0;7;0;0;2;3;13;B01
201600031596;0;14;0;0;2;3;1;A01
201600031597;0;7;0;0;1;2;1;A01
201600031598;0;7;0;0;2;1;1;B01
201600031598;0;7;0;0;2;1;15;A01
201600031599;0;7;0;0;2;6;15;A01
201600031599;0;33;0;0;2;1;1;B01
201600031600;0;30;0;0;2;0;13;A01
201600031600;0;7;0;0;2;3;16;B01
201600031601;0;7;0;0;2;3;9;A01
201600031601;0;2;0;0;2;2;1;B01
201600031602;0;7;0;0;1;4;20;A01
201600031603;0;7;0;0;2;4;1;B01
201600031603;0;30;0;0;2;1;2;A01
201600031604;0;7;0;0;2;7;20;A01
201600031604;0;30;0;0;2;8;0;B01
201600031605;0;7;0;0;2;1;1;A01
201600031605;0;7;0;0;2;4;1;B01
201600031606;0;7;0;0;1;0;1;A01
201600031607;0;33;0;0;2;1;1;B01
201600031607;0;7;0;0;2;5;15;A01
201600031608;0;7;0;0;2;2;1;A01
201600031608;0;1;0;0;2;1;1;B01
201600031609;0;7;0;0;2;8;19;B01
201600031609;2;33;0;0;2;1;1;A01
201600031610;0;7;0;0;2;1;1;B01
201600031610;0;7;0;0;2;1;1;A01
201600031611;0;7;0;0;2;2;1;A01
201600031611;0;7;0;0;2;4;2;B01
201600031612;0;7;0;0;2;7;15;B01
201600031612;0;33;0;0;2;3;1;A01
201600031613;0;7;0;0;2;5;1;A01
201600031613;2;7;0;0;2;1;1;B01
201600031614;2;7;0;0;2;8;1;B01
201600031614;2;7;0;0;2;2;9;A01
201600031615;0;7;0;0;2;5;16;A01
201600031615;0;1;0;0;2;8;1;B01
201600031616;1;7;0;0;2;4;2;B01
201600031616;1;7;0;0;2;4;2;D01
201600031616;1;7;0;0;2;4;2;C01
201600031616;1;7;0;0;2;1;2;A01
201600031617;0;7;0;0;2;1;2;A01
201600031617;0;7;0;0;2;4;2;B01
201600031618;1;7;0;0;2;3;0;A01
201600031618;0;1;0;0;2;0;0;B01
201600031619;0;7;0;0;1;1;1;A01
201600031620;0;7;0;0;2;4;23;B01
201600031620;0;7;0;0;2;4;23;C01
201600031620;0;7;0;0;2;1;1;A01
201600031621;0;7;0;0;2;0;0;A01
201600031621;0;1;0;0;2;0;0;B01
201600031622;0;1;0;0;2;7;0;B01
201600031622;0;7;0;0;2;3;9;A01
201600031623;0;7;0;0;2;3;13;B01
201600031623;0;7;0;0;2;3;1;A01
201600031624;0;7;0;0;2;3;9;A01
201600031624;0;1;0;0;2;1;1;B01
201600031625;0;7;0;0;1;3;0;A01
201600031626;1;7;0;0;2;1;2;A01
201600031626;1;7;0;0;2;4;0;B01
201600031627;1;33;0;0;2;8;2;A01
201600031627;1;7;0;0;2;4;1;B01
201600031628;0;1;0;0;2;1;1;B01
201600031628;0;10;0;0;2;2;16;A01
201600031629;0;7;0;0;2;4;1;B01
201600031629;0;7;0;0;2;1;1;A01
201600031629;0;7;0;0;2;4;1;C01
201600031630;2;31;0;0;2;1;2;B01
201600031630;2;7;0;0;2;8;15;A01
201600031631;0;7;0;0;2;0;0;B01
201600031631;0;32;0;0;2;8;2;A01
201600031632;2;7;0;0;2;9;1;B01
201600031632;2;7;0;0;2;4;1;C01
201600031632;2;10;0;0;2;1;2;A01
201600031633;0;10;0;0;2;5;14;A01
201600031633;0;2;0;0;2;8;1;B01
201600031634;0;7;0;0;2;2;15;A01
201600031634;0;30;0;0;2;1;1;B01
201600031635;0;7;0;0;2;3;15;B01
201600031635;0;2;0;0;2;2;17;A01
201600031636;1;7;0;0;2;8;16;B01
201600031636;1;7;0;0;2;2;15;A01
201600031637;0;7;0;0;2;3;0;A01
201600031637;0;2;0;0;2;1;1;B01
201600031638;0;1;0;0;2;1;2;A01
201600031638;;7;0;0;2;4;23;B01
201600031639;0;7;0;0;1;3;1;A01
201600031640;0;7;0;0;1;1;1;A01
201600031641;1;7;0;0;2;7;16;B01
201600031641;1;32;0;0;2;8;17;A01
201600031642;0;7;0;0;1;1;1;A01
201600031643;0;1;0;0;2;0;1;B01
201600031643;0;7;0;0;2;3;9;A01
201600031644;0;7;0;0;2;3;15;A01
201600031644;0;7;0;0;2;1;1;B01
201600031645;0;3;0;0;2;2;2;A01
201600031645;2;7;0;0;2;4;2;B01
201600031646;1;7;0;0;2;3;6;A01
201600031646;2;33;0;0;2;1;1;B01
201600031647;0;7;0;0;2;2;1;B01
201600031647;0;7;0;0;2;1;9;A01
201600031648;0;7;0;0;2;4;23;B01
201600031648;0;1;0;0;2;1;2;A01
201600031649;0;7;0;0;1;2;1;A01
201600031650;2;7;0;0;2;1;2;A01
201600031650;2;7;0;0;2;4;2;C01
201600031650;2;7;0;0;2;4;2;B01
201600031651;0;2;0;0;1;1;1;A01
201600031652;0;7;0;0;1;1;1;A01
201600031653;0;1;0;12;0;0;0;A01
201600031654;0;37;20;0;9;0;1;A01
201600031655;0;1;0;0;2;8;5;B01
201600031655;0;1;0;0;2;1;17;A01
201600031656;2;7;0;0;2;1;1;A01
201600031656;2;7;0;0;2;3;1;B01
201600031657;1;7;0;0;2;1;2;A01
201600031657;1;7;0;0;2;4;2;B01
201600031657;1;7;0;0;2;4;2;C01
201600031658;0;7;0;0;2;3;15;A01
201600031658;0;2;0;0;2;7;1;B01
201600031659;1;7;0;15;0;1;13;A01
201600031660;0;7;0;0;2;4;1;B01
201600031660;0;7;0;0;2;1;1;A01
201600031661;0;7;0;0;2;8;1;B01
201600031661;0;7;0;0;2;3;13;A01
201600031662;0;7;0;0;2;1;1;B01
201600031662;2;7;0;0;2;2;1;C01
201600031662;0;7;0;0;2;1;1;A01
201600031663;0;7;0;0;2;1;15;A01
201600031663;0;7;0;0;2;3;1;B01
201600031664;0;2;0;0;2;1;2;A01
201600031664;0;7;0;0;2;4;2;B01
201600031665;0;37;10;0;0;0;21;A01
201600031666;0;1;0;0;2;1;1;B01
201600031666;0;7;0;0;2;3;15;A01
201600031667;0;7;0;0;2;4;1;B01
201600031667;0;7;0;0;2;1;1;A01
201600031668;0;7;0;0;2;1;2;A01
201600031668;0;7;0;0;2;4;2;B01
201600031668;0;7;0;0;2;4;2;C01
201600031668;0;7;0;0;2;4;2;D01
201600031669;0;7;0;0;2;1;1;B01
201600031669;0;7;0;0;2;2;15;A01
201600031670;0;7;0;0;1;1;1;A01
201600031671;0;7;0;0;2;1;15;A01
201600031671;1;7;0;0;2;1;1;B01
201600031672;0;7;0;0;2;1;2;A01
201600031672;0;7;0;0;2;4;1;B01
201600031673;0;7;0;8;0;2;14;A01
201600031674;0;7;0;0;2;3;1;B01
201600031674;0;7;0;0;2;1;1;A01
201600031675;0;7;0;0;2;1;1;C01
201600031675;;7;0;0;2;1;13;A01
201600031675;0;7;0;0;2;6;1;B01
201600031676;0;7;0;0;1;1;0;A01
201600031677;0;7;0;0;2;1;2;A01
201600031677;2;7;0;0;2;4;2;C01
201600031677;2;7;0;0;2;4;2;B01
201600031678;0;7;0;0;2;6;1;B01
201600031678;;30;0;0;2;1;1;A01
201600031679;2;1;0;0;2;1;1;B01
201600031679;2;7;0;0;2;5;16;A01
201600031680;0;7;0;0;2;1;15;A01
201600031680;0;7;0;0;2;1;1;B01
201600031681;0;3;0;0;2;1;19;B01
201600031681;0;7;0;0;2;2;15;A01
201600031682;0;7;0;0;2;1;1;B01
201600031682;0;7;0;0;2;1;15;A01
201600031683;2;33;0;0;2;1;17;B01
201600031683;1;7;0;0;2;3;1;A01
201600031684;2;7;0;0;2;2;1;B01
201600031684;1;7;0;0;2;3;1;A01
201600031685;1;33;0;0;2;1;1;B01
201600031685;1;7;0;0;2;3;10;A01
201600031686;0;30;0;0;2;1;1;B01
201600031686;0;7;0;0;2;2;15;A01
201600031687;0;7;0;0;2;2;15;A01
201600031687;0;30;0;0;2;1;1;B01
201600031688;1;10;0;0;2;2;1;B01
201600031688;2;7;0;0;2;1;15;A01
201600031689;0;7;0;0;2;1;1;B01
201600031689;0;7;0;0;2;3;15;A01
201600031690;0;7;0;0;1;3;1;A01
201600031691;0;7;0;0;1;0;0;Z01
201600031692;0;2;0;0;2;1;2;B01
201600031692;0;17;0;0;2;8;10;A01
201600031693;0;30;0;0;2;0;1;B01
201600031693;0;7;0;0;2;0;15;A01
201600031694;;7;0;0;2;1;9;A01
201600031694;0;33;0;0;2;8;1;B01
201600031695;0;1;0;0;2;4;1;B01
201600031695;;7;0;0;2;2;2;A01
201600031696;0;7;0;0;2;3;1;B01
201600031696;0;7;0;0;2;1;15;A01
201600031696;0;7;0;0;2;6;1;C01
201600031697;0;30;0;0;1;2;1;A01
201600031698;0;7;0;0;2;4;2;C01
201600031698;0;7;0;0;2;1;1;A01
201600031698;0;7;0;0;2;4;2;B01
201600031699;0;30;0;0;2;1;2;A01
201600031699;0;7;0;0;2;4;1;B01
201600031700;0;2;0;0;2;7;1;B01
201600031700;0;7;0;0;2;0;0;Z01
201600031701;1;7;0;0;1;1;15;A01
201600031702;0;1;0;0;2;1;1;C01
201600031702;0;7;0;0;2;2;15;A01
201600031702;0;1;0;0;2;1;0;B01
201600031703;0;7;0;0;1;8;1;A01
201600031704;0;2;0;0;2;1;1;B01
201600031704;0;7;0;0;2;3;15;A01
201600031705;0;7;0;0;2;1;2;A01
201600031705;0;7;0;0;2;4;1;B01
201600031706;2;7;0;0;2;0;0;B01
201600031706;1;32;0;0;2;0;0;A01
201600031707;0;7;0;0;1;1;0;A01
201600031708;1;7;0;0;2;1;1;B01
201600031708;2;7;0;0;2;2;15;A01
201600031709;0;7;0;0;2;3;1;A01
201600031709;0;2;0;0;2;1;1;B01
201600031710;0;7;0;0;1;4;4;A01
201600031711;;7;0;0;2;4;23;C01
201600031711;0;7;0;0;2;4;23;B01
201600031711;0;7;0;0;2;1;2;A01
201600031712;0;7;0;0;2;6;2;B01
201600031712;0;7;0;0;2;2;2;A01
201600031713;;7;0;0;2;3;1;A01
201600031713;0;1;0;0;2;1;15;B01
201600031714;0;7;0;0;2;1;2;A01
201600031714;0;7;0;0;2;4;2;B01
201600031715;0;7;0;0;2;3;1;A01
201600031715;0;2;0;0;2;1;1;B01
201600031716;0;7;0;0;2;1;15;A01
201600031716;0;30;0;0;2;1;1;B01
201600031717;0;7;0;0;1;1;1;A01
201600031718;0;7;0;0;2;2;16;A01
201600031718;0;1;0;0;2;1;1;B01
201600031719;0;2;0;0;2;8;12;B01
201600031719;0;7;0;0;2;7;11;A01
201600031720;2;7;0;0;2;1;1;A01
201600031720;2;7;0;0;2;4;1;B01
201600031721;0;7;0;0;1;2;15;A01
201600031722;1;7;0;0;2;4;15;B01
201600031722;1;7;0;0;2;3;2;A01
201600031723;0;7;0;0;2;2;1;A01
201600031723;0;7;0;0;2;1;1;B01
201600031724;1;7;0;0;2;3;15;A01
201600031724;0;2;0;0;2;2;1;B01
201600031725;0;7;0;0;2;4;23;B01
201600031725;0;7;0;0;2;1;1;A01
201600031726;0;7;0;0;2;4;2;B01
201600031726;0;30;0;0;2;1;2;A01
201600031727;0;7;0;0;2;1;2;B01
201600031727;0;7;0;0;2;4;16;A01
201600031728;0;7;0;0;1;3;1;A01
201600031729;0;7;0;0;2;2;1;A01
201600031729;0;7;0;0;2;1;16;B01
201600031730;0;1;0;0;2;7;19;B01
201600031730;0;7;0;0;2;1;1;A01
201600031731;0;7;0;0;2;2;1;A01
201600031731;0;1;0;0;2;1;9;B01
201600031732;0;7;0;0;2;1;15;A01
201600031732;0;7;0;0;2;1;1;B01
201600031733;0;7;0;0;2;2;9;A01
201600031733;1;33;0;0;2;1;1;B01
201600031734;0;7;0;0;2;3;2;A01
201600031734;0;7;0;0;2;4;2;B01
201600031734;0;10;0;0;2;4;2;C01
201600031735;0;10;0;0;2;4;1;B01
201600031735;0;2;0;0;2;1;2;A01
201600031736;0;30;0;0;2;1;1;A01
201600031736;0;7;0;0;2;4;1;B01
201600031737;0;10;0;0;2;3;15;B01
201600031737;0;1;0;0;2;1;15;A01
201600031738;0;1;0;0;2;1;15;A01
201600031738;0;7;0;0;2;5;1;B01
201600031739;0;7;0;0;2;1;2;A01
201600031739;0;7;0;0;2;4;1;B01
201600031740;1;7;0;0;2;1;13;A01
201600031740;2;7;0;0;2;1;1;B01
201600031741;0;7;0;0;2;4;1;B01
201600031741;0;7;0;0;2;1;1;A01
201600031742;0;7;0;0;2;3;9;A01
201600031742;0;7;0;0;2;2;3;B01
201600031743;0;7;0;0;2;5;15;B01
201600031743;0;2;0;0;2;1;1;A01
201600031744;0;7;0;0;2;2;2;A01
201600031744;0;7;0;0;2;4;1;B01
201600031745;1;7;0;0;2;1;1;A01
201600031745;1;7;0;0;2;4;2;B01
201600031746;0;7;0;0;2;3;1;B01
201600031746;0;7;0;0;2;2;1;A01
201600031747;0;7;0;0;2;2;1;A01
201600031747;0;7;0;0;2;8;16;B01
201600031748;0;30;0;0;2;1;15;A01
201600031748;0;7;0;0;2;3;1;B01
201600031749;0;7;0;0;1;4;4;A01
201600031750;0;1;0;0;2;1;1;B01
201600031750;0;7;0;0;2;7;16;A01
201600031751;1;32;0;0;2;7;16;B01
201600031751;0;7;0;0;2;5;16;A01
201600031752;0;7;0;0;1;2;16;A01
201600031753;0;7;0;0;2;3;15;A01
201600031753;0;33;0;0;2;1;1;B01
201600031754;1;7;0;0;2;4;23;B01
201600031754;1;7;0;0;2;1;1;A01
201600031755;0;7;0;0;2;8;15;A01
201600031755;0;30;0;0;2;1;1;B01
201600031756;2;7;0;0;2;1;1;B01
201600031756;0;7;0;0;2;6;15;A01
201600031757;0;3;0;0;1;1;1;A01
201600031758;0;7;0;0;2;2;1;A01
201600031758;0;7;0;9;2;3;1;B01
201600031759;2;7;0;0;1;3;20;A01
201600031760;0;7;0;0;2;3;2;A01
201600031760;0;7;0;0;2;4;23;B01
201600031761;0;1;0;0;2;1;1;B01
201600031761;0;7;0;0;2;2;16;A01
201600031762;;7;0;0;2;2;15;A01
201600031762;0;1;0;0;2;3;16;B01
201600031763;0;33;0;0;2;1;1;B01
201600031763;0;7;0;0;2;0;19;A01
201600031764;0;7;0;0;2;8;0;A01
201600031764;0;7;0;0;2;7;23;B01
201600031765;0;7;0;0;2;3;9;A01
201600031765;0;30;0;0;2;1;1;B01
201600031765;0;37;10;0;2;1;1;C01
201600031766;0;30;0;0;2;2;0;B01
201600031766;0;7;0;0;2;4;4;A01
201600031767;0;7;0;0;2;4;1;B01
201600031767;0;7;0;0;2;1;2;A01
201600031768;0;7;0;0;2;4;1;B01
201600031768;0;7;0;0;2;1;2;A01
201600031769;0;7;0;0;2;2;15;A01
201600031769;0;7;0;0;2;1;1;B01
201600031770;0;7;0;0;2;4;2;B01
201600031770;0;7;0;0;2;1;2;A01
201600031771;0;2;0;0;2;1;2;A01
201600031771;0;7;0;0;2;6;1;B01
201600031772;0;7;0;0;2;1;1;A01
201600031772;0;7;0;0;2;4;20;B01
201600031773;0;7;0;0;1;1;1;A01
201600031774;0;7;0;0;2;3;1;A01
201600031774;0;7;0;6;2;1;1;B01
201600031775;1;7;0;0;2;4;2;C01
201600031775;0;7;0;0;2;4;2;B01
201600031775;0;7;0;0;2;1;2;A01
201600031776;1;7;0;0;2;6;11;A01
201600031776;1;7;0;0;2;8;1;B01
201600031777;0;14;0;0;2;4;2;A01
201600031777;0;7;0;0;0;0;0;B01
201600031777;0;7;0;0;2;4;2;C01
201600031778;0;33;0;0;2;1;1;B01
201600031778;0;7;0;0;2;3;15;A01
201600031779;0;7;0;0;2;3;1;B01
201600031779;0;30;0;0;2;7;17;A01
201600031780;0;7;0;0;1;1;15;A01
201600031781;0;7;0;0;2;0;0;A01
201600031781;0;1;0;0;2;1;19;B01
201600031782;0;7;0;0;2;3;15;A01
201600031782;0;7;0;0;2;3;1;B01
201600031783;0;7;0;0;2;3;20;A01
201600031783;0;34;0;0;2;7;1;B01
201600031784;0;10;0;0;2;6;24;B01
201600031784;0;7;0;0;2;1;2;A01
201600031785;0;7;0;0;2;2;10;A01
201600031785;0;7;0;0;2;1;1;B01
201600031786;2;7;0;0;2;1;1;A01
201600031786;2;7;0;0;2;4;1;B01
201600031787;0;7;0;0;1;2;15;A01
201600031788;0;7;0;0;2;3;16;A01
201600031788;0;7;0;0;2;2;1;B01
201600031789;0;7;0;0;2;8;11;A01
201600031789;0;2;0;0;2;7;1;B01
201600031790;0;7;0;0;2;4;1;B01
201600031790;0;7;0;0;2;1;2;A01
201600031791;0;30;0;0;2;1;16;B01
201600031791;0;7;0;0;2;7;15;A01
201600031792;0;7;0;0;2;1;15;A01
201600031792;0;7;0;0;2;4;1;B01
201600031793;0;7;0;0;2;4;1;C01
201600031793;0;7;0;0;2;1;2;A01
201600031793;0;7;0;0;2;4;2;B01
201600031794;0;33;0;0;2;1;1;B01
201600031794;0;7;0;0;2;3;15;A01
201600031795;0;1;0;0;2;8;2;B01
201600031795;0;7;0;0;2;7;2;A01
201600031796;0;7;0;0;1;1;1;A01
201600031797;2;7;0;0;0;4;0;B01
201600031797;2;7;0;0;2;1;1;A01
201600031798;1;1;0;0;2;1;1;B01
201600031798;1;7;0;0;2;3;15;A01
201600031799;1;7;0;0;2;1;1;B01
201600031799;2;30;0;0;2;1;1;A01
201600031800;2;7;0;0;0;0;0;A01
201600031801;2;7;0;0;1;8;1;A01
201600031802;2;7;0;0;2;1;2;A01
201600031802;2;7;0;0;2;4;2;B01
201600031803;1;7;0;0;2;4;2;B01
201600031803;1;7;0;0;2;1;2;A01
201600031803;1;7;0;0;2;4;0;C01
201600031804;1;31;0;0;2;1;1;A01
201600031804;2;7;0;0;2;8;1;B01
201600031805;2;7;0;0;2;3;5;A01
201600031805;1;7;0;0;2;3;1;B01
201600031806;2;7;0;0;2;4;1;B01
201600031806;2;2;0;0;2;1;2;A01
201600031807;0;30;0;0;2;0;1;B01
201600031807;0;7;0;0;2;3;15;A01
201600031808;1;7;0;0;2;1;1;B01
201600031808;2;10;0;0;2;3;0;A01
201600031809;;2;0;0;2;1;1;B01
201600031809;0;7;0;0;2;1;15;A01
201600031810;0;7;0;0;1;6;4;A01
201600031811;;7;0;0;2;1;19;A01
201600031811;0;2;0;0;2;1;1;B01
201600031812;0;7;0;0;2;1;1;B01
201600031812;0;1;0;0;2;8;19;A01
201600031813;0;7;0;0;0;4;2;B01
201600031813;0;7;0;0;2;1;2;A01
201600031813;0;7;0;0;0;4;2;C01
201600031814;2;7;0;0;2;7;15;A01
201600031814;1;31;0;0;2;1;0;B01
201600031815;2;7;0;0;2;8;0;B01
201600031815;2;7;0;0;2;1;0;A01
201600031816;0;10;0;0;2;3;1;A01
201600031816;0;38;10;0;2;3;1;B01
201600031817;1;7;0;0;2;4;2;B01
201600031817;1;37;10;0;2;1;2;A01
201600031818;2;31;0;0;2;1;1;B01
201600031818;1;7;0;0;2;8;15;A01
201600031819;1;7;0;0;2;6;2;B01
201600031819;1;32;0;0;2;1;2;A01
201600031820;0;7;0;0;1;4;4;A01
201600031821;1;7;0;0;2;3;1;B01
201600031821;2;7;0;0;2;1;5;A01
201600031822;0;7;0;0;2;2;15;A01
201600031822;0;31;0;0;2;1;1;B01
201600031823;1;7;0;0;2;8;1;C01
201600031823;1;7;0;0;2;1;15;A01
201600031823;1;32;0;0;2;1;3;B01
201600031824;1;7;0;0;2;4;2;B01
201600031824;1;10;0;0;2;1;2;A01
201600031825;2;7;0;0;2;1;2;A01
201600031825;2;7;0;0;2;0;0;B01
201600031825;2;7;0;0;2;0;0;D01
201600031825;2;7;0;0;2;0;0;C01
201600031826;2;7;0;0;2;3;1;A01
201600031826;2;2;0;0;2;5;1;B01
201600031827;2;33;0;0;2;1;2;A01
201600031827;2;7;0;0;2;4;2;B01
201600031828;0;7;0;0;2;4;2;B01
201600031828;0;7;0;0;2;2;2;A01
201600031828;0;7;0;0;0;0;0;C01
201600031829;1;7;0;0;2;5;2;C01
201600031829;1;7;0;0;2;4;2;B01
201600031829;1;7;0;0;2;4;2;A01
201600031830;2;2;0;0;2;1;2;B01
201600031830;2;7;0;0;2;6;15;A01
201600031831;0;1;0;0;2;1;1;A01
201600031831;0;7;0;0;2;0;0;Z01
201600031832;1;30;0;0;2;7;1;A01
201600031832;1;1;0;0;0;0;0;Z01
201600031833;2;34;0;0;2;1;1;B01
201600031833;1;7;0;0;2;3;15;A01
201600031834;0;7;0;0;1;4;4;A01
201600031835;2;33;0;0;2;4;2;A01
201600031835;2;7;0;0;2;2;2;Z01
201600031835;2;7;0;0;2;4;23;B01
201600031836;1;7;0;0;1;4;4;A01
201600031837;2;33;0;0;2;2;17;B01
201600031837;2;7;0;0;2;0;15;A01
201600031838;0;7;0;0;2;7;0;B01
201600031838;0;7;0;0;2;3;15;A01
201600031839;2;33;0;9;0;1;6;A01
201600031840;2;7;0;0;2;3;1;B01
201600031840;2;7;0;0;2;3;17;A01
201600031841;1;7;0;0;2;3;15;A01
201600031841;2;33;0;0;2;1;1;B01
201600031842;2;1;0;0;2;1;1;B01
201600031842;1;7;0;0;2;2;15;A01
201600031843;0;7;0;0;1;0;0;A01
201600031844;0;7;0;0;1;2;16;A01
201600031845;0;7;0;0;1;2;0;A01
201600031846;0;33;0;0;2;1;0;B01
201600031846;0;7;0;0;2;5;0;A01
201600031847;2;7;0;0;2;1;0;A01
201600031847;2;7;0;0;2;4;0;B01
201600031848;2;7;0;0;2;3;15;A01
201600031848;1;30;0;0;2;1;3;B01
201600031849;2;1;0;0;2;2;1;B01
201600031849;2;7;0;0;2;3;19;A01
201600031850;1;7;0;0;2;3;13;A01
201600031850;2;7;0;0;2;3;1;B01
201600031851;0;7;0;0;2;2;15;A01
201600031851;0;30;0;0;2;1;1;B01
201600031852;0;7;0;0;2;1;9;A01
201600031852;0;7;0;0;2;1;1;B01
201600031853;0;30;0;0;2;1;19;A01
201600031853;0;7;0;0;2;2;1;B01
201600031854;2;1;0;0;2;1;1;B01
201600031854;1;7;0;0;2;2;9;A01
201600031855;1;30;0;0;1;1;1;A01
201600031856;0;7;0;0;2;3;0;A01
201600031856;0;30;0;0;2;7;0;B01
201600031857;2;7;0;0;2;1;2;A01
201600031857;2;7;0;0;2;4;0;B01
201600031858;2;7;0;0;2;3;1;B01
201600031858;1;32;0;0;2;2;13;A01
201600031859;1;7;0;0;2;1;1;B01
201600031859;2;7;0;0;2;1;13;A01
201600031860;1;1;0;0;0;0;0;B01
201600031860;2;7;0;0;2;1;9;A01
201600031861;2;7;0;0;2;1;2;A01
201600031861;2;7;0;0;2;0;2;B01
201600031862;1;7;0;0;2;1;15;A01
201600031862;2;30;0;0;2;1;1;B01
201600031863;2;7;0;0;2;9;13;A01
201600031863;1;7;0;0;2;1;1;B01
201600031864;0;7;0;0;1;1;1;A01
201600031865;1;34;0;0;2;1;2;A01
201600031865;1;7;0;0;2;4;2;B01
201600031866;1;7;0;0;2;1;0;A01
201600031866;1;30;0;0;2;4;2;B01
201600031867;1;7;0;0;2;4;2;B01
201600031867;1;7;0;0;2;4;2;C01
201600031867;1;7;0;0;2;4;2;D01
201600031867;1;7;0;0;2;4;2;A01
201600031868;0;7;0;0;1;1;1;A01
201600031869;1;7;0;0;2;3;0;A01
201600031869;1;30;0;0;2;7;17;B01
201600031870;1;31;0;0;2;1;17;B01
201600031870;1;7;0;0;2;8;15;A01
201600031871;0;7;0;0;1;1;1;A01
201600031872;0;7;0;0;1;3;15;A01
201600031873;0;2;0;0;0;0;0;B01
201600031873;0;7;0;0;2;3;2;A01
201600031874;1;7;0;0;2;6;11;A01
201600031874;1;33;0;0;2;2;1;B01
201600031875;1;7;0;0;2;8;0;A01
201600031875;1;32;0;0;2;1;17;B01
201600031875;2;7;0;0;0;0;0;C01