Num_Acc;senc;catv;occutc;obs;obsm;choc;manv;num_veh
201600031876;1;7;0;0;2;1;2;A01
201600031876;1;1;0;0;2;4;1;B01
201600031877;2;7;0;0;2;3;0;A01
201600031877;1;7;0;0;2;2;1;B01
201600031878;1;7;0;0;2;4;1;B01
201600031878;1;7;0;0;2;1;2;A01
201600031879;2;7;0;0;2;3;1;B01
201600031879;1;7;0;0;2;3;13;A01
201600031880;2;1;0;0;2;1;16;B01
201600031880;1;7;0;0;2;3;15;A01
201600031881;0;7;0;0;2;4;1;B01
201600031881;0;7;0;0;2;1;2;A01
201600031882;2;7;0;0;0;0;0;B01
201600031882;1;30;0;0;2;3;13;A01
201600031883;2;33;0;0;2;1;9;A01
201600031883;2;7;0;0;2;3;1;B01
201600031883;2;7;0;0;2;8;1;D01
201600031883;1;7;0;0;2;1;1;C01
201600031884;1;1;0;0;1;1;1;A01
201600031885;0;7;0;0;2;3;13;A01
201600031885;0;7;0;0;2;3;1;B01
201600031886;2;33;0;0;2;1;1;B01
201600031886;1;7;0;0;2;2;15;A01
201600031887;0;1;0;0;0;0;0;A01
201600031888;1;7;0;0;2;1;13;A01
201600031888;2;7;0;0;2;1;1;B01
201600031889;0;7;0;1;0;1;13;A01
201600031890;2;7;0;0;2;1;2;A01
201600031890;2;7;0;0;2;4;1;B01
201600031890;2;7;0;0;2;4;1;C01
201600031891;1;7;0;13;0;9;21;A01
201600031891;2;7;0;0;2;0;13;B01
201600031892;2;7;0;0;2;4;1;B01
201600031892;2;32;0;0;2;1;2;A01
201600031893;2;2;0;0;2;3;1;B01
201600031893;1;7;0;0;2;1;5;A01
201600031894;2;7;0;0;2;1;2;A01
201600031894;2;7;0;0;2;4;2;B01
201600031895;1;7;0;0;1;1;1;A01
201600031896;2;30;0;0;2;7;0;A01
201600031896;2;30;0;0;2;8;0;B01
201600031897;2;7;0;0;0;4;1;B01
201600031897;2;33;0;0;2;1;2;A01
201600031898;2;34;0;0;0;0;1;A01
201600031899;2;32;0;0;2;1;1;A01
201600031899;2;7;0;0;2;3;16;B01
201600031900;0;1;0;0;2;1;1;A01
201600031900;;7;0;0;2;3;1;B01
201600031901;0;7;0;0;1;1;15;A01
201600031902;1;7;0;0;2;4;2;B01
201600031902;1;30;0;0;2;1;2;A01
201600031903;2;7;0;0;2;4;2;B01
201600031903;2;2;0;0;2;3;2;A01
201600031904;1;7;0;0;1;1;1;A01
201600031905;0;14;0;1;0;1;1;A01
201600031906;1;30;0;0;2;1;1;B01
201600031906;2;7;0;0;2;3;9;A01
201600031907;1;30;0;0;2;2;16;A01
201600031907;2;7;0;0;2;3;1;B01
201600031908;0;7;0;0;1;1;1;A01
201600031909;2;7;0;0;2;4;23;B01
201600031909;2;7;0;0;2;1;2;A01
201600031910;2;7;0;0;1;1;1;A01
201600031911;2;33;0;0;2;1;1;B01
201600031911;1;7;0;0;2;3;15;A01
201600031912;2;7;0;1;2;1;1;A01
201600031912;0;7;0;0;2;1;16;B01
201600031913;0;2;0;0;2;1;1;A01
201600031913;0;7;0;0;2;8;10;B01
201600031914;1;10;0;0;2;1;1;B01
201600031914;1;7;0;0;2;1;15;A01
201600031915;2;7;0;0;1;1;1;A01
201600031916;2;7;0;0;1;1;15;A01
201600031917;1;7;0;0;1;0;15;A01
201600031918;1;7;0;0;2;0;0;B01
201600031918;2;7;0;0;2;0;0;A01
201600031919;2;2;0;0;1;1;1;A01
201600031920;;7;0;0;2;1;2;A01
201600031920;;2;0;0;2;4;1;B01
201600031921;1;2;0;0;0;0;0;A01
201600031922;2;7;0;0;2;2;15;A01
201600031922;1;7;0;0;2;8;1;B01
201600031923;1;7;0;0;2;1;15;A01
201600031923;1;1;0;0;2;1;1;B01
201600031924;2;7;0;0;1;1;0;A01
201600031925;2;7;0;0;2;4;2;B01
201600031925;2;7;0;0;2;1;2;A01
201600031926;1;10;0;0;1;4;4;A01
201600031927;1;7;0;0;2;8;1;B01
201600031927;2;10;0;0;2;1;1;A01
201600031928;1;7;0;0;1;1;6;A01
201600031929;0;7;0;0;2;7;24;B01
201600031929;0;7;0;0;2;6;4;A01
201600031930;2;7;0;0;1;1;2;A01
201600031931;2;7;0;0;0;5;1;B01
201600031931;2;7;0;7;2;1;1;A01
201600031932;0;7;0;0;2;1;19;A01
201600031932;0;7;0;0;2;8;0;B01
201600031933;1;7;0;0;2;1;1;D01
201600031933;2;7;0;0;2;4;2;C01
201600031933;2;7;0;0;2;1;2;A01
201600031933;2;7;0;0;2;9;2;B01
201600031934;2;7;0;0;2;1;6;A01
201600031934;1;10;0;0;2;1;1;B01
201600031935;2;1;0;0;2;7;1;B01
201600031935;2;7;0;0;2;1;16;A01
201600031936;1;7;0;0;1;3;1;A01
201600031937;2;1;0;0;2;4;1;B01
201600031937;2;7;0;0;2;5;16;A01
201600031938;0;7;0;0;1;6;0;A01
201600031939;2;7;0;0;2;1;1;B01
201600031939;1;7;0;0;2;2;15;A01
201600031940;1;10;0;0;2;3;9;A01
201600031940;1;33;0;0;2;1;1;B01
201600031941;2;7;0;0;2;2;15;A01
201600031941;2;7;0;0;2;3;1;B01
201600031942;1;36;0;0;2;1;1;A01
201600031942;1;7;0;0;2;4;15;B01
201600031943;1;33;0;0;2;1;1;A01
201600031943;1;7;0;0;2;8;15;B01
201600031944;0;7;0;0;1;1;20;A01
201600031945;2;7;0;0;0;0;0;A01
201600031945;2;1;0;0;2;8;2;B01
201600031946;1;7;0;0;2;6;11;B01
201600031946;1;33;0;0;2;9;2;A01
201600031947;1;33;0;0;1;2;13;A01
201600031948;0;7;0;0;0;0;0;A01
201600031949;0;2;0;0;1;1;0;A01
201600031950;1;7;0;1;2;1;1;B01
201600031950;2;7;0;0;2;2;15;A01
201600031951;1;2;0;0;2;1;1;B01
201600031951;1;7;0;0;2;1;1;A01
201600031952;2;7;0;0;2;4;23;B01
201600031952;2;3;0;0;2;1;1;A01
201600031953;0;7;0;0;2;1;2;A01
201600031953;0;2;0;0;2;4;2;B01
201600031954;0;30;0;0;2;1;2;C01
201600031954;0;7;0;0;2;4;2;B01
201600031954;0;30;0;0;2;9;2;A01
201600031955;2;33;0;0;2;7;17;B01
201600031955;2;7;0;0;2;8;10;A01
201600031956;0;7;0;0;2;3;15;B01
201600031956;0;30;0;0;2;1;1;A01
201600031957;2;7;0;1;0;2;14;A01
201600031958;2;7;0;0;2;4;2;B01
201600031958;2;33;0;0;2;1;2;A01
201600031959;2;7;0;0;1;3;1;A01
201600031960;1;7;0;0;2;0;1;B01
201600031960;0;2;0;0;2;3;19;A01
201600031961;0;1;0;0;2;6;1;B01
201600031961;0;7;0;0;2;3;9;A01
201600031962;0;7;0;0;2;6;23;C01
201600031962;0;7;0;0;2;2;2;A01
201600031962;0;7;0;0;2;3;5;B01
201600031963;0;7;0;0;2;2;1;A01
201600031963;0;7;0;0;2;3;15;B01
201600031964;1;7;0;0;1;1;1;A01
201600031965;1;7;0;0;2;1;2;A01
201600031965;2;7;0;0;2;1;1;C01
201600031965;1;7;0;0;2;9;1;B01
201600031966;2;7;0;0;2;2;15;A01
201600031966;1;32;0;0;2;2;1;B01
201600031967;2;17;0;0;1;1;1;A01
201600031968;2;7;0;0;2;3;1;B01
201600031968;1;7;0;0;2;3;6;A01
201600031969;1;31;0;0;2;3;17;A01
201600031969;2;7;0;0;0;3;1;B01
201600031970;2;7;0;0;2;3;0;A01
201600031970;1;31;0;0;0;0;10;B01
201600031971;1;34;0;0;2;1;0;A01
201600031971;1;7;0;0;2;5;0;B01
201600031972;0;1;0;0;1;1;1;A01
201600031973;2;7;0;0;2;2;1;B01
201600031973;2;1;0;0;2;1;9;A01
201600031974;1;7;0;0;1;2;15;A01
201600031975;1;7;0;0;2;1;2;A01
201600031975;1;7;0;0;2;4;2;B01
201600031976;1;7;0;0;1;0;0;A01
201600031977;1;7;0;0;2;1;13;A01
201600031977;2;32;0;0;2;3;1;B01
201600031978;1;7;0;0;1;3;1;A01
201600031979;1;7;0;0;1;1;1;A01
201600031980;1;33;0;0;2;1;1;A01
201600031980;2;7;0;0;2;8;15;B01
201600031981;1;7;0;0;1;2;1;A01
201600031982;2;7;0;0;2;1;15;A01
201600031982;1;7;0;0;0;0;1;B01
201600031983;1;7;0;0;2;8;15;A01
201600031983;1;33;0;0;2;1;17;B01
201600031984;2;7;0;0;2;7;15;A01
201600031984;1;2;0;0;2;1;1;B02
201600031985;1;7;0;10;0;2;14;A01
201600031986;2;7;0;8;0;1;1;A01
201600031987;2;7;0;0;2;4;15;B02
201600031987;2;7;0;0;2;1;1;A01
201600031988;0;7;0;0;2;7;19;B02
201600031988;1;33;0;0;2;1;1;A01
201600031989;0;7;0;0;1;1;1;A01
201600031990;0;30;0;0;2;1;1;B01
201600031990;0;7;0;0;2;5;15;A01
201600031991;0;2;0;0;2;7;1;B01
201600031991;1;7;0;0;2;1;9;A01
201600031992;1;7;0;0;2;8;15;A01
201600031992;1;30;0;0;2;1;17;B01
201600031993;0;7;0;0;2;1;1;A01
201600031993;0;7;0;0;2;2;1;B01
201600031994;0;7;0;0;2;1;15;B01
201600031994;0;1;0;0;2;1;1;A01
201600031995;0;30;0;0;2;1;1;A01
201600031995;1;7;0;0;2;1;16;B01
201600031996;1;7;0;14;0;9;0;A01
201600031997;1;7;0;0;2;8;9;A01
201600031997;1;7;0;0;2;2;21;B01
201600031998;1;7;0;0;2;3;15;A01
201600031998;1;32;0;0;2;1;21;B01
201600031999;0;7;0;0;2;1;1;B01
201600031999;0;30;0;0;0;0;0;A01
201600032000;0;7;0;0;2;1;1;A01
201600032000;0;7;0;0;2;7;1;B01
201600032001;0;7;0;0;1;1;16;A01
201600032002;0;7;0;0;2;6;0;A01
201600032002;0;7;0;0;0;0;0;B01
201600032003;0;7;0;0;2;1;9;A01
201600032003;0;33;0;0;2;7;1;B01
201600032004;1;7;0;0;1;3;15;A01
201600032005;1;7;0;0;2;4;2;C01
201600032005;1;7;0;0;2;1;2;A01
201600032005;1;7;0;0;2;4;2;B01
201600032005;1;7;0;0;2;4;2;D01
201600032006;2;2;0;0;2;1;21;B01
201600032006;1;7;0;0;2;3;15;A01
201600032007;2;7;0;0;2;1;1;A01
201600032007;2;7;0;1;1;4;1;B01
201600032008;1;10;0;0;1;2;1;A01
201600032009;0;30;0;0;2;3;13;A01
201600032009;0;7;0;0;2;3;23;B01
201600032010;0;7;0;0;2;6;19;A01
201600032010;0;7;0;0;2;0;1;B01
201600032011;0;7;0;0;1;1;1;A01
201600032012;1;7;0;13;2;9;1;B01
201600032012;0;7;0;0;2;9;1;A01
201600032013;0;7;0;0;1;1;0;A01
201600032014;1;7;0;0;2;4;2;B01
201600032014;1;7;0;0;2;1;2;A01
201600032015;0;33;0;0;2;1;1;B01
201600032015;0;7;0;0;2;2;15;A01
201600032016;0;1;0;0;2;3;9;A01
201600032016;0;7;0;0;2;2;12;B01
201600032017;0;7;0;0;2;3;9;A01
201600032017;0;32;0;0;2;2;1;B01
201600032018;0;30;0;0;2;1;1;A01
201600032018;0;7;0;0;0;6;15;B01
201600032019;1;2;0;0;2;1;18;A01
201600032019;0;7;0;0;2;3;16;B01
201600032020;1;7;0;0;1;1;15;A01
201600032021;2;7;0;0;2;1;2;A01
201600032021;2;7;0;0;2;4;2;B01
201600032022;0;7;0;0;1;1;1;A01
201600032023;0;33;0;15;0;0;0;A01
201600032024;0;33;0;11;0;1;0;A01
201600032025;0;33;0;2;0;1;0;A01
201600032026;1;7;0;0;1;1;1;A01
201600032027;0;33;0;0;2;1;1;A01
201600032027;2;7;0;0;2;2;20;B01
201600032028;0;7;0;0;1;3;15;A01
201600032029;0;7;0;0;0;4;1;C01
201600032029;0;7;0;0;2;1;1;A01
201600032029;0;7;0;0;2;4;1;B01
201600032030;0;7;0;0;1;1;1;A01
201600032031;0;33;0;0;2;1;9;A01
201600032031;0;7;0;0;2;3;9;B01
201600032032;0;7;0;0;2;0;15;A01
201600032032;0;33;0;0;2;1;1;B01
201600032033;1;7;0;0;1;1;16;A01
201600032034;1;7;0;0;1;1;15;A01
201600032035;1;7;0;0;1;1;1;A01
201600032036;0;7;0;0;2;2;10;A01
201600032036;0;7;0;0;0;0;0;B01
201600032037;0;7;0;0;2;0;0;A01
201600032037;0;30;0;0;2;0;0;B01
201600032038;0;30;0;0;2;3;1;A01
201600032038;0;1;0;0;0;0;0;Z01
201600032039;1;7;0;0;1;1;1;A01
201600032040;1;7;0;0;2;3;15;B01
201600032040;1;2;0;0;2;1;17;A01
201600032041;0;30;0;0;2;3;16;A01
201600032041;0;7;0;0;2;5;16;B01
201600032042;1;7;0;0;0;0;0;Z01
201600032042;1;1;0;0;2;3;19;B01
201600032043;0;7;0;0;2;7;0;A01
201600032043;0;1;0;0;0;0;0;B01
201600032044;0;7;0;0;2;3;17;A01
201600032044;0;30;0;0;2;1;1;B01
201600032045;0;7;0;0;1;2;16;A01
201600032046;0;33;0;0;1;1;1;A01
201600032047;0;7;0;0;2;3;15;A01
201600032047;0;7;0;0;2;2;1;B01
201600032048;0;3;0;0;1;3;1;A01
201600032049;1;7;0;0;2;4;2;B01
201600032049;1;7;0;0;2;1;2;A01
201600032050;1;14;0;0;2;7;12;A01
201600032050;1;7;0;0;2;8;1;B01
201600032051;1;7;0;0;2;4;2;C01
201600032051;1;7;0;0;2;1;2;A01
201600032051;1;7;0;0;2;4;2;D01
201600032051;1;7;0;0;2;4;2;B01
201600032052;0;7;0;0;1;4;4;A01
201600032053;;1;0;0;2;7;1;B01
201600032053;1;7;0;0;2;1;16;A01
201600032054;1;7;0;0;2;2;1;B01
201600032054;1;7;0;0;2;0;16;A01
201600032055;0;7;0;0;2;2;15;A01
201600032055;0;7;0;0;2;1;1;B01
201600032056;0;7;0;0;2;4;0;B01
201600032056;0;7;0;0;2;1;0;A01
201600032057;0;7;0;0;2;1;1;B01
201600032057;0;31;0;0;2;3;1;A01
201600032058;1;7;0;0;2;1;2;A01
201600032058;1;7;0;0;2;4;2;B01
201600032059;1;33;0;0;2;1;2;A01
201600032059;1;7;0;0;2;4;2;B01
201600032060;1;7;0;0;2;4;2;B01
201600032060;1;10;0;0;2;1;2;A01
201600032061;1;2;0;0;2;2;0;A01
201600032061;1;7;0;0;2;1;1;B01
201600032062;1;7;0;0;2;7;1;B01
201600032062;1;32;0;0;2;3;9;A01
201600032063;1;7;0;0;1;1;1;A01
201600032064;1;7;0;0;1;1;1;A01
201600032065;1;7;0;0;2;4;2;B01
201600032065;1;7;0;0;2;1;2;A01
201600032066;0;7;0;0;0;6;0;B01
201600032066;0;7;0;0;2;2;0;A01
201600032067;0;7;0;0;2;3;1;B01
201600032067;0;7;0;0;2;2;15;A01
201600032068;0;7;0;0;1;1;0;A01
201600032069;0;30;0;1;0;0;0;A01
201600032070;0;7;0;0;2;1;1;A01
201600032070;0;7;0;0;0;4;1;B01
201600032071;1;7;0;0;0;4;1;D01
201600032071;1;7;0;0;2;1;1;A01
201600032071;1;7;0;0;2;1;1;B01
201600032071;1;7;0;0;2;8;1;C01
201600032072;0;7;0;0;1;3;0;A01
201600032073;1;7;0;0;2;1;1;A01
201600032073;1;7;0;0;0;4;1;B01
201600032074;2;7;0;0;2;1;2;A01
201600032074;1;7;0;0;2;4;2;B01
201600032075;1;1;0;0;0;1;1;A01
201600032076;1;2;0;0;2;1;2;A01
201600032076;1;7;0;0;2;4;2;B01
201600032077;0;7;0;0;2;8;20;B01
201600032077;0;33;0;0;2;2;17;A01
201600032078;0;33;0;0;2;2;17;B01
201600032078;0;7;0;0;2;3;9;A01
201600032079;1;7;0;0;2;3;15;A01
201600032079;1;2;0;0;2;1;17;B01
201600032080;1;7;0;0;2;1;16;A01
201600032080;0;1;0;0;2;3;1;B01
201600032081;0;1;0;0;1;1;1;A01
201600032082;1;7;0;2;0;1;13;A01
201600032083;1;7;0;0;1;0;0;A01
201600032084;1;7;0;0;2;1;2;A01
201600032084;1;7;0;0;2;4;2;B01
201600032085;1;7;0;0;2;4;2;B01
201600032085;1;2;0;0;2;1;2;A01
201600032086;1;2;0;0;1;1;1;A01
201600032087;1;7;0;0;2;3;2;B01
201600032087;1;30;0;0;2;1;2;A01
201600032088;0;2;0;0;2;8;1;B01
201600032088;;7;0;0;2;1;20;A01
201600032089;0;30;0;0;0;0;0;B01
201600032089;0;7;0;0;2;7;17;A01
201600032090;0;7;0;0;1;1;1;A01
201600032091;0;7;0;0;1;1;1;A01
201600032092;0;7;0;0;0;4;1;B01
201600032092;0;7;0;0;2;1;1;A01
201600032093;0;7;0;0;2;8;1;B01
201600032093;0;7;0;0;2;1;1;A01
201600032094;1;30;0;0;2;1;18;A01
201600032094;1;7;0;0;2;7;16;B01
201600032095;0;7;0;0;1;3;1;A01
201600032096;1;33;0;0;2;1;1;B01
201600032096;1;7;0;0;2;8;9;A01
201600032097;0;1;0;0;2;3;1;A01
201600032097;0;7;0;0;2;3;15;Z01
201600032098;1;7;0;0;2;2;9;A01
201600032098;1;2;0;0;2;1;21;B01
201600032099;1;7;0;0;2;8;1;B01
201600032099;1;14;0;0;2;2;12;A01
201600032100;2;7;0;0;2;3;1;B01
201600032100;1;7;0;0;2;1;15;A01
201600032101;1;7;0;0;2;4;2;B01
201600032101;1;2;0;0;2;1;2;A01
201600032102;0;7;0;0;0;0;0;B01
201600032102;0;7;0;0;2;2;1;A01
201600032103;2;7;0;0;2;1;21;B01
201600032103;1;7;0;0;2;7;10;A01
201600032104;0;7;0;0;2;8;3;A01
201600032104;0;32;0;0;2;2;3;B01
201600032105;0;33;0;0;2;2;1;B01
201600032105;0;7;0;0;2;1;15;A01
201600032106;0;1;0;0;1;1;0;A01
201600032107;0;7;0;0;2;3;1;B01
201600032107;0;7;0;0;2;2;1;A01
201600032108;0;1;0;0;2;7;1;A01
201600032108;0;7;0;0;0;0;0;Z01
201600032109;0;7;0;0;1;4;4;A01
201600032110;0;7;0;0;2;1;1;B01
201600032110;0;7;0;0;2;8;0;A01
201600032111;1;7;0;0;2;4;2;C01
201600032111;1;7;0;0;2;1;2;A01
201600032111;1;7;0;0;2;4;2;B01
201600032111;1;7;0;0;2;4;2;D01
201600032112;1;7;0;0;1;1;1;A01
201600032113;1;7;0;0;2;1;2;A01
201600032113;1;7;0;0;2;4;2;B01
201600032114;1;7;0;0;1;1;15;A01
201600032115;2;32;0;0;2;1;21;B01
201600032115;1;7;0;0;2;1;15;A01
201600032116;0;7;0;0;2;4;2;B01
201600032116;0;33;0;0;2;1;2;A01
201600032117;0;33;0;0;2;1;21;B01
201600032117;0;7;0;0;2;7;0;A01
201600032118;1;7;0;0;2;1;2;A01
201600032118;1;7;0;0;2;4;2;B01
201600032119;2;33;0;0;2;1;21;B01
201600032119;1;7;0;0;2;2;15;A01
201600032120;0;7;0;0;2;1;1;B01
201600032120;0;7;0;0;2;1;6;A01
201600032121;0;7;0;0;1;1;1;A01
201600032122;0;7;0;0;2;8;22;B01
201600032122;0;7;0;0;2;0;1;A01
201600032123;0;7;0;0;1;1;17;A01
201600032124;0;7;0;0;1;1;16;A01
201600032125;1;7;0;0;1;1;1;A01
201600032126;0;7;0;0;2;6;1;A01
201600032126;0;32;0;0;9;3;1;B01
201600032127;0;33;0;0;2;1;1;A01
201600032127;0;7;0;0;2;4;1;B01
201600032128;0;7;0;0;2;1;1;B01
201600032128;0;33;0;0;2;1;13;A01
201600032129;1;1;0;0;2;0;9;A01
201600032129;1;7;0;0;2;0;1;B01
201600032130;0;7;0;0;2;2;1;B01
201600032130;0;7;0;0;2;3;16;A01
201600032131;0;7;0;0;1;1;15;A01
201600032132;2;14;0;0;2;1;1;B01
201600032132;1;7;0;0;2;1;13;A01
201600032133;0;7;0;0;2;1;1;A01
201600032133;0;7;0;0;2;4;1;B01
201600032134;0;7;0;0;1;1;1;A01
201600032135;0;7;0;0;2;3;23;A01
201600032135;0;7;0;0;0;0;0;Z01
201600032136;0;7;0;0;1;3;15;A01
201600032137;0;7;0;0;2;4;1;B01
201600032137;0;7;0;0;0;0;0;Z01
201600032138;0;7;0;0;1;3;0;A01
201600032139;0;7;0;0;2;2;1;A01
201600032139;0;7;0;0;2;3;1;B01
201600032140;1;7;0;0;0;9;0;A01
201600032141;0;7;0;0;2;1;0;A01
201600032141;0;7;0;0;2;4;23;B01
201600032142;0;7;0;0;2;4;0;B01
201600032142;0;7;0;0;2;1;1;A01
201600032143;0;30;0;0;2;2;1;A01
201600032143;0;7;0;0;0;0;0;Z01
201600032144;0;7;0;0;1;0;0;Z01
201600032145;0;7;0;0;1;1;1;A01
201600032146;0;7;0;0;2;3;9;A01
201600032146;0;33;0;0;2;2;1;B01
201600032147;1;15;0;0;0;8;14;A01
201600032148;0;33;0;0;2;1;1;A01
201600032148;0;7;0;0;2;2;15;B02
201600032149;1;34;0;5;0;1;0;A01
201600032150;1;7;0;0;9;1;0;C03
201600032150;2;7;0;0;2;3;13;A01
201600032150;1;34;0;0;2;1;1;B02
201600032151;2;10;0;0;2;1;13;A01
201600032151;1;7;0;0;2;2;1;B02
201600032152;0;7;0;0;2;3;9;A01
201600032152;0;7;0;0;2;3;0;C01
201600032152;0;33;0;1;2;1;1;B02
201600032153;1;2;0;0;2;8;13;A01
201600032153;2;7;0;0;2;3;1;B02
201600032154;2;7;0;0;2;3;10;A01
201600032154;2;33;0;0;2;1;1;B01
201600032155;1;7;0;0;2;3;15;A01
201600032155;1;33;0;0;2;1;2;B01
201600032156;0;7;0;0;1;1;1;A01
201600032157;0;7;0;0;0;6;23;A01
201600032157;0;30;0;1;0;1;0;B02
201600032158;2;14;0;0;2;2;19;A01
201600032158;1;7;0;0;2;1;0;B02
201600032159;1;30;0;0;2;1;17;B02
201600032159;2;7;0;0;2;1;1;A01
201600032160;1;33;0;0;2;1;17;A01
201600032160;2;10;0;0;2;1;1;B02
201600032161;2;33;0;0;2;8;1;B02
201600032161;2;33;0;0;2;7;1;A01
201600032162;2;10;0;0;1;1;1;A01
201600032163;2;7;0;0;2;1;1;A01
201600032163;2;17;0;0;0;4;1;B02
201600032164;2;7;0;0;2;1;2;A01
201600032164;2;14;0;0;2;4;1;B02
201600032165;0;33;0;0;2;3;1;B02
201600032165;0;14;0;0;2;3;1;A01
201600032166;2;7;0;0;2;2;17;A01
201600032166;2;17;0;0;2;3;1;C03
201600032166;1;7;0;0;2;3;1;B02
201600032166;2;17;0;0;2;6;1;D04
201600032167;1;17;0;0;2;6;1;B02
201600032167;1;7;0;0;2;7;1;A01
201600032168;2;7;0;0;2;7;19;B02
201600032168;2;15;0;0;2;1;1;A01
201600032169;2;10;0;4;0;1;1;A01
201600032170;2;7;0;0;2;1;1;A01
201600032170;2;33;0;0;2;4;21;B02
201600032171;1;14;0;13;0;1;1;A01
201600032172;2;31;0;0;2;1;2;A01
201600032172;2;7;0;0;0;5;2;B02
201600032173;1;7;0;7;0;1;1;A01
201600032174;1;7;0;3;0;8;1;A01
201600032175;2;7;0;0;2;1;2;A01
201600032175;2;14;0;0;0;4;2;B02
201600032175;2;7;0;0;2;1;2;C03
201600032175;2;7;0;0;2;3;2;D04
201600032175;2;17;0;14;0;1;2;E05
201600032175;2;7;0;14;0;1;2;F06
201600032176;1;7;0;4;2;1;2;A01
201600032176;1;17;0;0;0;6;2;B01
201600032177;2;7;0;3;0;1;1;A01
201600032178;2;7;0;2;0;1;1;A01
201600032179;1;33;0;5;0;1;1;A01
201600032180;1;7;0;11;0;1;0;A01
201600032181;1;33;0;16;0;1;1;A01
201600032182;1;7;0;0;0;1;0;A01
201600032183;1;7;0;0;2;3;1;A01
201600032183;2;7;0;0;2;3;1;B02
201600032184;0;30;0;0;2;1;1;A01
201600032184;0;7;0;0;0;8;1;B02
201600032185;1;7;0;13;0;9;13;A01
201600032186;2;14;0;0;2;2;0;B02
201600032186;2;7;0;0;2;6;9;A01
201600032187;2;7;0;3;0;1;21;A01
201600032188;2;10;0;0;1;7;1;A01
201600032189;1;7;0;0;2;1;1;D04
201600032189;1;7;0;0;2;1;1;C03
201600032189;1;7;0;0;0;4;1;A01
201600032189;1;7;0;0;2;1;1;B02
201600032189;1;7;0;0;2;1;1;E05
201600032190;1;7;0;0;2;2;17;B02
201600032190;1;17;0;0;2;3;1;A01
201600032191;1;17;0;0;1;0;1;B02
201600032191;1;17;0;0;1;2;1;A01
201600032192;2;7;0;3;2;8;1;A01
201600032192;2;7;0;0;0;7;17;B02
201600032193;1;7;0;0;1;3;1;A01
201600032194;1;34;0;0;0;8;1;A01
201600032195;1;7;0;0;2;1;2;A01
201600032195;1;7;0;0;2;4;2;B02
201600032196;1;15;0;0;2;6;1;B02
201600032196;1;7;0;0;2;1;1;A01
201600032197;2;7;0;0;1;4;20;A01
201600032198;2;7;0;0;2;4;1;B02
201600032198;2;7;0;0;2;1;1;A01
201600032198;2;7;0;0;2;4;1;C03
201600032199;1;7;0;4;0;1;1;A01
201600032199;1;7;0;1;0;8;1;B02
201600032199;1;7;0;1;0;1;17;C03
201600032200;1;10;0;0;2;1;2;A01
201600032200;1;10;0;0;2;4;2;B02
201600032201;2;14;0;0;2;4;2;B02
201600032201;2;14;0;0;2;1;2;A01
201600032201;2;14;0;0;2;4;2;C03
201600032202;0;7;0;0;2;8;9;A01
201600032202;1;33;0;0;2;1;1;B02
201600032203;2;10;0;0;0;1;0;B02
201600032203;1;30;0;0;0;0;0;A01
201600032204;1;7;0;13;0;1;1;A01
201600032205;0;33;0;1;2;1;17;B02
201600032205;0;7;0;0;2;3;15;A01
201600032206;2;15;0;2;0;8;14;A01
201600032207;2;7;0;0;2;0;13;A01
201600032207;1;7;0;0;2;3;1;B02
201600032207;1;14;0;0;2;3;1;C03
201600032207;2;7;0;0;2;2;1;D04
201600032208;1;33;0;0;2;8;1;C03
201600032208;2;7;0;0;2;3;13;A01
201600032208;1;15;0;0;2;3;21;B02
201600032208;1;16;0;0;2;3;1;E05
201600032208;1;33;0;0;2;8;1;D04
201600032209;1;7;0;0;2;1;13;A01
201600032209;2;14;0;0;2;1;1;B02
201600032210;2;17;0;0;2;1;17;A01
201600032210;2;21;0;0;0;6;0;B02
201600032211;0;7;0;0;2;8;19;A01
201600032211;1;15;0;0;2;1;1;B02
201600032212;1;7;0;2;0;1;1;A01
201600032213;1;7;0;0;1;0;0;A01
201600032214;1;7;0;0;1;0;0;Z01
201600032215;1;7;0;0;1;1;1;A01
201600032216;1;7;0;0;0;0;0;A01
201600032217;1;7;0;0;2;1;1;A01
201600032217;1;7;0;0;2;4;1;B01
201600032218;2;33;0;1;2;1;17;A01
201600032218;0;7;0;0;2;3;24;C01
201600032218;2;7;0;0;2;3;15;B01
201600032219;0;7;0;15;0;1;1;A01
201600032220;1;1;0;0;2;8;2;B01
201600032220;1;7;0;0;2;8;18;A01
201600032221;2;7;0;0;2;2;13;A01
201600032221;2;7;0;0;2;1;21;B01
201600032222;2;10;0;0;2;2;1;B01
201600032222;1;7;0;0;2;2;13;A01
201600032223;0;7;0;0;2;3;19;A01
201600032223;0;30;0;0;2;2;1;B01
201600032224;0;37;0;0;1;7;7;A01
201600032225;2;99;0;13;2;7;17;Z01
201600032225;2;33;0;0;0;0;0;A01
201600032226;1;7;0;0;2;5;15;A01
201600032226;2;33;0;0;2;1;1;B01
201600032227;1;33;0;16;0;3;1;A01
201600032227;2;7;0;16;0;1;13;B01
201600032228;2;7;0;0;2;3;13;A01
201600032228;1;7;0;3;2;3;0;B01
201600032229;1;7;0;0;1;3;12;A01
201600032230;2;7;0;0;1;8;1;A01
201600032231;2;10;0;0;9;1;1;C01
201600032231;2;7;0;0;2;1;1;A01
201600032231;1;7;0;0;2;1;13;B01
201600032232;1;7;0;6;0;9;0;A01
201600032233;2;30;0;0;2;1;1;B01
201600032233;1;7;0;0;2;5;15;A01