Num_Acc;senc;catv;occutc;obs;obsm;choc;manv;num_veh
201600032234;1;7;0;0;2;0;0;A01
201600032234;1;1;0;0;2;0;0;B01
201600032235;1;37;0;0;1;7;13;A01
201600032236;1;2;0;0;1;0;1;Z01
201600032237;1;7;0;0;2;4;2;A01
201600032238;1;7;0;2;0;9;14;A01
201600032239;1;7;0;0;2;3;15;A01
201600032239;1;2;0;0;2;1;1;B01
201600032240;1;7;0;7;0;1;1;A01
201600032241;1;7;0;0;2;3;15;B01
201600032241;1;7;0;0;2;1;0;A01
201600032242;1;31;0;0;2;1;0;A01
201600032242;1;33;0;0;2;3;10;B01
201600032243;1;7;0;0;2;6;9;B01
201600032243;1;37;0;0;2;3;1;A01
201600032244;1;7;0;0;1;2;16;A01
201600032245;1;7;0;1;0;1;5;A01
201600032246;2;7;0;8;0;3;1;A01
201600032247;1;7;0;0;0;7;15;A01
201600032247;2;7;0;0;2;1;1;B02
201600032248;1;7;0;6;0;9;0;A01
201600032249;2;7;0;8;0;1;0;A01
201600032250;1;10;0;0;2;2;17;A01
201600032250;1;31;0;0;2;4;15;B02
201600032251;1;7;0;0;2;1;13;A01
201600032251;2;7;0;0;2;1;1;B02
201600032252;1;7;0;8;0;8;1;A01
201600032253;2;7;0;3;0;1;1;A01
201600032254;2;7;0;0;2;1;5;A01
201600032254;1;7;0;0;2;1;1;B02
201600032254;1;7;0;0;9;1;17;C03
201600032254;1;17;0;0;2;6;1;D04
201600032255;2;7;0;13;0;9;14;A01
201600032256;2;7;0;0;2;1;1;B02
201600032256;2;7;0;0;2;6;19;A01
201600032257;1;7;0;0;2;1;13;A01
201600032257;2;17;0;0;2;1;1;B02
201600032258;2;34;0;0;2;4;1;B02
201600032258;2;7;0;0;2;3;1;A01
201600032259;0;3;0;0;1;1;1;A01
201600032260;0;7;0;0;0;4;1;B02
201600032260;0;7;0;0;2;1;1;A01
201600032261;2;7;0;0;2;2;1;C03
201600032261;1;7;0;0;2;2;1;A01
201600032261;2;10;0;0;2;3;1;B02
201600032262;2;7;0;0;0;9;1;A01
201600032263;2;33;0;0;2;1;1;A01
201600032263;0;7;0;0;2;2;9;B02
201600032264;1;7;0;6;0;6;1;A01
201600032265;2;7;0;0;2;1;2;A01
201600032265;2;17;0;0;2;4;2;B02
201600032266;0;2;0;0;0;0;0;A01
201600032267;0;7;0;0;2;2;1;B02
201600032267;0;7;0;0;2;1;15;A01
201600032268;0;7;0;2;0;0;17;A01
201600032269;0;7;0;6;0;1;1;A01
201600032270;0;7;0;0;2;3;5;A01
201600032270;0;1;0;0;2;0;16;B02
201600032271;0;7;0;0;2;1;2;A01
201600032271;0;7;0;0;2;4;23;B02
201600032272;1;7;0;0;0;0;17;A01
201600032272;1;33;0;0;0;0;17;B02
201600032273;0;33;0;0;2;3;1;A01
201600032273;0;7;0;0;0;6;15;B02
201600032274;0;7;0;0;1;4;20;A01
201600032275;0;7;0;0;0;2;2;A01
201600032275;0;1;0;0;0;6;2;B02
201600032276;2;7;0;8;0;1;1;A01
201600032277;2;7;0;0;0;0;1;A01
201600032278;1;33;0;0;2;1;1;A01
201600032278;1;7;0;0;2;3;23;B02
201600032279;1;7;0;8;0;1;1;A01
201600032280;0;7;0;0;2;3;13;A01
201600032280;0;31;0;0;2;1;0;B02
201600032281;1;33;0;8;0;1;2;A01
201600032282;2;33;0;13;0;0;1;A01
201600032283;0;36;0;2;0;5;13;A01
201600032284;2;33;0;0;2;1;2;A01
201600032284;2;7;0;0;0;8;15;B02
201600032285;0;30;0;0;2;8;13;A01
201600032285;0;7;0;0;2;0;1;B02
201600032286;2;7;0;13;0;1;1;A01
201600032287;1;2;0;0;2;1;1;A01
201600032287;1;1;0;0;2;6;1;B01
201600032288;1;7;0;0;2;3;0;A01
201600032288;1;2;0;0;2;1;19;B01
201600032289;2;2;0;0;2;1;5;B01
201600032289;1;7;0;0;2;3;1;A01
201600032290;2;1;0;0;2;0;5;A01
201600032290;1;7;0;0;2;1;16;B01
201600032291;1;33;0;0;2;2;21;B01
201600032291;1;7;0;0;2;8;9;A01
201600032292;1;1;0;0;2;7;19;B01
201600032292;1;10;0;0;2;3;1;A01
201600032293;1;38;0;0;2;2;16;A01
201600032293;1;38;0;0;2;0;1;B01
201600032294;1;14;0;0;2;5;15;A01
201600032294;2;7;0;0;2;1;5;B01
201600032295;0;7;0;0;2;3;15;A01
201600032295;2;10;0;0;2;2;1;B01
201600032296;1;1;0;0;2;8;15;A01
201600032296;1;10;0;0;2;1;1;B01
201600032297;1;1;0;0;2;2;1;A01
201600032297;1;7;0;0;2;3;2;B01
201600032298;2;13;0;0;2;4;4;A01
201600032298;2;1;0;0;2;7;0;B01
201600032299;1;37;0;0;1;3;15;A01
201600032300;1;7;0;0;2;0;0;Z01
201600032300;1;1;0;0;2;0;1;A01
201600032301;2;7;0;0;2;1;15;A01
201600032301;2;7;0;0;2;1;1;Z01
201600032302;1;30;0;0;2;1;1;B01
201600032302;1;7;0;0;2;7;1;A01
201600032303;1;7;0;0;1;1;0;A01
201600032304;1;40;0;0;1;1;1;A01
201600032305;1;7;0;0;1;2;1;A01
201600032306;1;7;0;0;2;1;1;A01
201600032306;1;7;0;0;2;8;15;B01
201600032307;1;7;0;0;2;3;19;A01
201600032307;1;30;0;0;2;1;1;B01
201600032308;1;10;0;0;2;0;9;Z01
201600032308;1;30;0;0;2;7;1;A01
201600032309;1;7;0;0;2;6;9;A01
201600032309;1;33;0;0;2;1;1;B01
201600032310;1;7;0;1;1;6;4;A01
201600032311;1;7;0;0;1;2;1;A01
201600032312;1;7;0;0;1;1;1;A01
201600032313;1;7;0;0;1;2;1;A01
201600032314;1;40;0;0;1;3;1;A01
201600032315;1;7;0;0;1;1;1;A01
201600032316;1;7;0;0;1;4;4;A01
201600032317;1;7;0;0;1;1;15;A01
201600032318;1;7;0;0;1;1;1;A01
201600032319;1;7;0;0;2;1;15;B01
201600032319;1;7;0;0;2;3;12;A01
201600032320;1;7;0;0;2;1;1;A01
201600032320;1;20;0;0;2;4;4;B01
201600032321;1;7;0;0;2;3;15;A01
201600032321;1;30;0;0;2;1;1;B01
201600032322;1;1;0;0;2;1;13;A01
201600032322;1;1;0;0;2;1;1;Z01
201600032323;1;7;0;0;2;7;1;B01
201600032323;1;7;0;0;2;1;16;A01
201600032324;1;7;0;0;2;4;2;A01
201600032324;1;7;0;0;2;4;2;B01
201600032324;1;7;0;0;2;4;2;C01
201600032324;1;7;0;0;2;1;2;D01
201600032324;1;7;0;0;2;1;2;E01
201600032325;1;7;0;0;1;1;14;A01
201600032326;1;7;0;0;2;1;1;B01
201600032326;1;7;0;0;2;4;1;C01
201600032326;1;7;0;0;2;1;1;A01
201600032327;1;7;0;0;1;1;15;A01
201600032328;1;7;0;0;1;1;15;A01
201600032329;1;7;0;0;2;8;1;A01
201600032329;1;10;0;0;2;5;17;B01
201600032330;1;1;0;0;1;0;0;Z01
201600032331;1;1;0;0;1;1;1;A01
201600032332;1;1;0;0;1;1;1;A01
201600032333;1;7;0;0;1;1;1;A01
201600032334;1;7;0;0;1;0;0;A01
201600032335;1;7;0;0;2;7;14;A01
201600032335;1;7;0;0;2;3;1;B01
201600032336;1;10;0;0;2;1;1;A01
201600032336;1;7;0;0;2;3;1;B01
201600032337;1;7;0;0;2;1;1;B01
201600032337;1;7;0;0;2;7;1;A01
201600032338;1;7;0;0;2;1;1;B01
201600032338;1;7;0;0;2;7;1;A01
201600032339;1;7;0;0;2;6;15;B01
201600032339;1;7;0;0;2;1;1;A01
201600032340;1;7;0;0;1;3;1;A01
201600032341;1;30;0;0;1;1;1;Z01
201600032342;1;7;0;6;0;1;16;A01
201600032343;1;7;0;0;1;1;10;A01
201600032344;1;1;0;0;2;1;19;B01
201600032344;1;7;0;0;2;3;1;A01
201600032345;1;7;0;0;2;8;1;A01
201600032345;1;7;0;9;2;7;24;B01
201600032346;1;7;0;0;1;1;1;A01
201600032347;1;1;0;1;0;0;0;A01
201600032348;1;1;0;0;2;1;1;A01
201600032348;1;1;0;0;2;1;1;B01
201600032349;1;1;0;0;2;1;19;A01
201600032349;0;7;0;0;2;3;1;B01
201600032350;1;7;0;0;2;3;1;B01
201600032350;1;1;0;0;2;1;1;A01
201600032351;1;7;0;0;1;2;1;A01
201600032352;1;7;0;0;2;2;16;A01
201600032352;1;1;0;0;2;1;1;B01
201600032353;1;7;0;0;2;4;1;B01
201600032353;1;7;0;0;2;1;1;A01
201600032354;1;7;0;8;0;1;1;A01
201600032355;1;7;0;0;2;2;1;A01
201600032355;1;1;0;0;2;0;15;B01
201600032356;1;10;0;0;2;1;1;A01
201600032356;1;7;0;0;2;4;1;B01
201600032357;1;7;0;0;2;1;1;A01
201600032357;1;1;0;0;2;6;1;B01
201600032358;1;32;0;0;2;1;1;A01
201600032358;1;1;0;0;2;4;15;B01
201600032359;1;7;0;0;2;1;1;B01
201600032359;1;7;0;0;2;1;1;A01
201600032360;1;7;0;0;1;4;4;A01
201600032361;1;10;0;0;2;1;15;A01
201600032361;1;1;0;0;2;1;1;B01
201600032362;1;7;0;0;1;1;1;A01
201600032363;2;7;0;0;2;1;1;B01
201600032363;1;30;0;0;2;1;15;A01
201600032364;1;7;0;0;1;1;15;A01
201600032365;1;7;0;0;2;3;1;A01
201600032365;1;1;0;0;2;1;19;B01
201600032366;1;7;0;15;0;1;14;A01
201600032367;1;40;0;0;1;1;0;A01
201600032368;1;7;0;12;2;1;1;A01
201600032369;1;7;0;0;1;3;1;A01
201600032370;1;7;0;0;2;4;1;B01
201600032370;1;7;0;0;2;4;1;C01
201600032370;1;7;0;0;2;1;1;A01
201600032371;1;7;0;0;2;1;18;B01
201600032371;1;14;0;0;2;2;16;A01
201600032372;1;7;0;0;1;0;1;A01
201600032373;1;7;0;0;1;1;1;A01
201600032374;1;30;0;0;2;7;0;B01
201600032374;1;7;0;0;2;1;9;A01
201600032375;1;7;0;0;1;2;0;A01
201600032376;0;40;0;0;2;1;1;B01
201600032376;1;7;0;0;4;7;15;A01
201600032377;1;7;0;0;1;1;1;A01
201600032378;1;1;0;0;2;8;1;B01
201600032378;1;7;0;0;2;5;1;A01
201600032379;1;10;0;0;2;1;1;A01
201600032379;1;7;0;0;2;1;1;B01
201600032380;1;7;0;6;0;1;1;A01
201600032381;1;7;0;0;2;4;1;A01
201600032381;0;7;0;0;2;1;1;Z01
201600032382;1;7;0;0;2;0;16;A01
201600032382;1;1;0;0;2;0;1;B01
201600032383;1;7;0;1;0;0;0;A01
201600032384;1;7;0;0;2;4;1;C01
201600032384;1;7;0;0;2;1;1;A01
201600032384;1;7;0;0;2;4;1;B01
201600032385;1;1;0;0;1;1;1;A01
201600032386;1;2;0;0;2;1;1;A01
201600032386;1;7;0;0;2;4;1;B01
201600032387;1;7;0;15;0;1;0;A01
201600032388;1;7;0;0;0;0;0;Z01
201600032388;1;7;0;3;0;1;1;A01
201600032389;1;7;0;0;1;1;0;A01
201600032390;1;32;0;0;1;1;1;A01
201600032391;1;7;0;0;1;1;1;A01
201600032392;1;7;0;0;1;1;1;A01
201600032393;1;10;0;0;2;8;22;A01
201600032393;1;1;0;1;0;1;1;B01
201600032394;1;33;0;0;0;8;1;A01
201600032395;1;7;0;0;2;1;0;A01
201600032395;1;1;0;0;2;1;19;B01
201600032396;1;1;0;0;2;1;0;B01
201600032396;1;7;0;0;2;2;15;A01
201600032397;1;7;0;0;2;4;2;C01
201600032397;1;3;0;0;2;1;2;A01
201600032397;1;3;0;0;2;4;2;B01
201600032398;1;7;0;0;1;1;1;A01
201600032399;2;7;0;0;2;3;16;A01
201600032399;2;1;0;0;2;1;1;B01
201600032400;1;2;0;12;0;1;1;A01
201600032400;1;7;0;0;0;0;1;Z01
201600032401;1;2;0;0;2;1;1;B01
201600032401;1;7;0;0;2;7;15;A01
201600032402;1;7;0;0;1;0;1;Z01
201600032403;1;7;0;0;1;1;1;A01
201600032404;1;7;0;0;2;4;1;B01
201600032404;1;7;0;0;2;1;1;A01
201600032405;1;7;0;0;2;1;1;B01
201600032405;1;7;0;0;2;2;1;A01
201600032406;1;14;0;0;2;1;1;A01
201600032406;1;7;0;0;2;7;1;B01
201600032407;1;10;0;0;2;5;4;A01
201600032407;1;30;0;0;2;1;1;B01
201600032408;1;30;0;12;0;7;1;A01
201600032409;1;7;0;0;2;1;1;A01
201600032409;1;7;0;0;2;3;1;B01
201600032410;1;1;0;0;2;1;1;A01
201600032410;2;1;0;0;2;1;1;Z01
201600032411;1;2;0;0;2;8;1;A01
201600032411;1;7;0;0;2;7;1;Z01
201600032412;1;7;0;0;0;0;1;B01
201600032412;1;30;0;0;0;8;15;A01
201600032413;1;7;0;0;1;1;15;A01
201600032414;1;1;0;0;2;1;1;A01
201600032414;1;7;0;0;2;1;1;B01
201600032415;1;7;0;0;2;3;15;B01
201600032415;1;32;0;0;2;8;1;A01
201600032416;1;1;0;0;2;1;1;A01
201600032416;1;7;0;0;2;2;1;B01
201600032417;1;7;0;0;2;1;16;A01
201600032417;1;1;0;0;2;6;1;B01
201600032418;1;7;0;0;2;1;1;A01
201600032418;1;30;0;0;2;1;1;B01
201600032419;1;7;0;0;2;1;1;A01
201600032419;1;1;0;0;2;1;1;B01
201600032420;1;7;0;0;2;1;1;B01
201600032420;0;7;0;0;2;7;10;A01
201600032421;1;7;0;0;1;5;0;A01
201600032422;1;7;0;0;1;2;1;A01
201600032423;1;7;0;0;2;1;1;A01
201600032423;0;7;0;0;2;4;1;B01
201600032424;1;7;0;0;2;6;9;A01
201600032424;1;7;0;0;2;1;1;B01
201600032425;1;2;0;0;2;8;1;A01
201600032425;1;10;0;0;2;1;1;B01
201600032426;1;7;0;0;1;7;1;A01
201600032427;1;7;0;0;2;7;22;B01
201600032427;1;1;0;0;2;1;1;A01
201600032428;1;7;0;0;2;1;1;A01
201600032428;0;7;0;0;2;4;1;B01
201600032429;1;30;0;0;2;2;1;A01
201600032429;1;7;0;0;0;0;0;Z01
201600032430;1;7;0;0;2;2;1;A01
201600032430;1;1;0;0;2;1;15;B01
201600032431;1;1;0;0;2;1;1;B01
201600032431;1;1;0;0;2;1;1;A01
201600032432;1;7;0;0;2;7;18;A01
201600032432;1;7;0;0;2;7;1;B01
201600032433;1;7;0;0;2;2;1;A01
201600032433;1;1;0;0;2;8;1;B01
201600032434;1;7;0;0;2;1;15;A01
201600032434;1;1;0;0;2;1;19;B01
201600032435;1;7;0;0;1;1;1;A01
201600032436;1;7;0;0;2;3;15;A01
201600032436;1;2;0;0;2;8;1;B01
201600032437;1;7;0;0;2;4;2;B01
201600032437;1;10;0;0;2;1;2;A01
201600032438;1;10;0;0;2;1;2;A01
201600032438;1;7;0;0;2;4;2;B01
201600032439;1;7;0;0;1;1;1;A01
201600032440;1;7;0;0;2;6;1;B01
201600032440;1;7;0;0;2;5;14;A01
201600032441;1;1;0;0;2;1;19;A01
201600032441;1;7;0;0;2;2;16;B01
201600032442;1;1;0;0;2;1;1;A01
201600032442;1;1;0;0;2;8;19;B01
201600032443;1;7;0;0;2;1;15;B01
201600032443;1;1;0;0;2;8;1;A01
201600032444;1;2;0;0;2;1;1;B01
201600032444;1;7;0;0;2;1;15;A01
201600032445;1;7;0;0;2;8;22;A01
201600032445;1;31;0;0;2;1;1;B01
201600032446;1;7;0;0;1;1;1;A01
201600032447;1;7;0;0;2;4;1;B01
201600032447;1;7;0;0;2;4;1;A01
201600032448;1;1;0;0;1;1;1;A01
201600032449;1;7;0;0;2;1;9;A01
201600032449;1;7;0;0;2;7;1;B01
201600032450;1;30;0;0;1;0;17;Z01
201600032451;1;7;0;0;2;1;1;A01
201600032451;1;7;0;0;2;4;1;B01
201600032452;1;36;0;0;0;0;1;A01
201600032453;1;7;0;0;2;1;1;A01
201600032453;2;30;0;0;2;1;5;B01
201600032454;1;1;0;0;1;0;0;A01
201600032455;1;1;0;0;2;8;1;B01
201600032455;1;7;0;0;2;2;1;A01
201600032456;1;31;0;0;2;4;1;B01
201600032456;1;10;0;0;2;1;1;A01
201600032457;1;30;0;0;2;7;1;B01
201600032457;1;7;0;0;2;2;15;A01
201600032458;1;1;0;0;2;2;1;B01
201600032458;1;1;0;0;2;1;1;A01
201600032459;1;7;0;0;1;1;1;A01
201600032460;1;7;0;0;1;1;1;A01
201600032461;1;7;0;0;2;1;16;A01
201600032461;1;1;0;0;2;1;1;B01
201600032462;1;7;0;0;2;1;1;A01
201600032462;1;7;0;0;2;4;1;B01
201600032463;1;1;0;0;2;1;1;B01
201600032463;1;10;0;0;2;5;15;A01
201600032464;1;7;0;0;2;3;1;A01
201600032464;1;7;0;0;2;1;1;B01
201600032465;1;1;0;0;2;0;1;A01
201600032465;1;1;0;0;2;1;1;B01
201600032466;1;7;0;0;2;2;1;A01
201600032466;1;7;0;0;2;5;0;B01
201600032467;1;7;0;0;2;1;16;A01
201600032467;1;1;0;0;2;4;0;B01
201600032468;1;7;0;0;2;1;1;A01
201600032468;1;1;0;0;2;7;19;B01
201600032469;1;33;0;0;2;7;1;A01
201600032469;1;7;0;0;2;1;15;B01
201600032470;1;7;0;0;2;0;0;A01
201600032470;1;1;0;0;2;0;0;B01
201600032471;1;7;0;0;2;2;1;A01
201600032471;1;33;0;0;2;1;1;B01
201600032472;1;30;0;0;1;2;1;A01
201600032473;1;7;0;0;2;1;2;A01
201600032473;1;7;0;0;2;4;2;B01
201600032474;1;7;0;0;1;1;1;A01
201600032475;1;7;0;0;1;1;1;A01
201600032476;1;15;0;0;2;8;15;A01
201600032476;1;14;0;0;2;1;1;B01
201600032477;1;7;0;0;1;1;1;A01
201600032478;1;1;0;0;2;2;1;B01
201600032478;1;7;0;0;2;3;22;A01
201600032479;1;7;0;0;1;0;1;A01
201600032480;1;7;0;0;2;7;15;A01
201600032480;1;10;0;0;2;8;1;B01
201600032481;1;7;0;0;1;0;15;A01
201600032482;1;40;0;0;1;7;1;A01
201600032483;1;1;0;0;2;7;1;B01
201600032483;1;7;0;0;2;1;16;A01
201600032484;1;1;0;0;1;0;0;Z01
201600032485;1;7;0;0;2;1;1;A01
201600032485;2;10;0;0;2;3;1;B01
201600032485;2;15;0;0;2;1;1;C01
201600032486;1;1;0;0;2;5;15;B01
201600032486;1;7;0;0;2;3;16;A01
201600032487;1;7;0;0;2;1;2;A01
201600032487;1;15;0;0;2;4;2;B01
201600032488;1;7;0;0;2;5;16;A01
201600032488;1;2;0;0;2;1;1;Z01
201600032489;1;1;0;0;1;1;1;A01
201600032490;1;1;0;0;2;1;19;A01
201600032490;1;7;0;0;2;3;1;B01
201600032491;1;7;0;0;2;7;15;B01
201600032491;1;7;0;0;2;1;1;A01
201600032492;1;7;0;1;0;2;1;A01
201600032493;1;1;0;0;2;1;1;A01
201600032493;1;7;0;0;2;1;1;B01
201600032494;1;7;0;0;2;2;1;B01
201600032494;1;1;0;0;2;1;1;A01
201600032495;1;7;0;0;1;1;1;A01
201600032496;1;7;0;0;2;1;1;A01
201600032496;1;1;0;0;2;7;1;B01
201600032497;1;7;0;0;2;1;1;A01
201600032497;1;7;0;0;2;4;1;C01
201600032497;1;7;0;0;2;1;1;B01
201600032498;1;7;0;0;2;1;2;B01
201600032498;1;7;0;0;2;4;1;A01
201600032499;1;7;0;0;2;7;1;B01
201600032499;1;7;0;0;2;1;1;A01
201600032500;1;7;0;0;2;3;11;A01
201600032500;1;7;0;0;2;2;1;B01
201600032501;1;7;0;0;2;3;1;A01
201600032501;1;7;0;0;2;3;1;B01
201600032502;1;2;0;0;2;1;1;A01
201600032502;1;7;0;0;2;4;2;B01
201600032503;1;30;0;0;2;1;15;A01
201600032503;1;7;0;0;2;1;1;B01
201600032504;1;7;0;0;2;1;1;A01
201600032504;1;7;0;0;2;8;1;B01
201600032505;1;7;0;0;2;1;1;A01
201600032505;1;1;0;0;2;8;1;B01
201600032506;1;7;0;0;1;1;1;A01
201600032507;1;7;0;0;0;0;15;A01
201600032507;1;33;0;0;2;7;1;B01
201600032508;1;7;0;0;1;1;1;A01
201600032509;1;7;0;1;2;1;1;A01
201600032510;0;7;0;0;2;1;1;C01
201600032510;0;37;0;0;2;4;1;D01
201600032510;1;10;0;0;2;1;1;B01
201600032510;1;7;0;0;2;1;1;A01
201600032511;1;7;0;0;2;1;1;A01
201600032511;1;1;0;0;2;1;9;B01
201600032512;1;30;0;7;0;1;0;A01
201600032513;1;1;0;0;0;0;0;A01
201600032513;1;7;0;0;2;2;16;B01
201600032514;1;7;0;0;1;3;1;A01
201600032515;0;7;0;0;1;1;1;Z01
201600032516;1;7;0;0;1;1;1;A01
201600032517;1;7;0;0;0;1;15;A01
201600032517;1;7;0;0;2;2;1;B01
201600032518;1;7;0;0;2;4;1;B01
201600032518;0;7;0;0;2;4;1;C01
201600032518;1;10;0;0;2;1;1;A01
201600032519;0;7;0;0;2;3;15;A01
201600032519;0;31;0;0;2;1;1;B01
201600032520;1;7;0;0;2;6;16;A01
201600032520;1;1;0;0;2;7;0;B01
201600032521;1;7;0;2;0;1;1;A01
201600032522;1;7;0;0;1;4;9;Z01
201600032523;1;2;0;0;2;1;1;A01
201600032523;2;2;0;0;2;1;1;B01
201600032524;1;2;0;0;2;1;2;A01
201600032524;1;7;0;0;2;4;23;B01
201600032525;1;30;0;0;2;1;1;A01
201600032525;1;1;0;0;2;1;1;B01
201600032526;1;30;0;0;1;0;0;Z01
201600032527;1;7;0;0;1;1;1;A01
201600032528;1;15;0;0;2;5;19;A01
201600032528;1;30;0;0;2;1;1;B01
201600032529;1;7;0;0;1;2;1;A01
201600032530;1;2;0;14;0;1;2;A01
201600032530;1;30;0;0;2;4;23;B01
201600032531;1;7;0;0;2;8;16;B01
201600032531;1;2;0;0;2;7;14;A01
201600032532;1;1;0;0;1;1;1;A01
201600032533;1;7;0;0;2;7;14;A01
201600032533;1;1;0;0;2;8;1;B01
201600032534;1;7;0;0;2;1;1;B01
201600032534;1;30;0;0;0;1;19;A01
201600032535;1;7;0;1;0;1;1;A01
201600032536;1;10;0;0;2;1;16;B01
201600032536;1;1;0;0;2;8;19;A01
201600032537;1;7;0;0;2;2;15;A01
201600032537;1;7;0;0;2;1;1;B01
201600032538;1;2;0;0;2;1;1;B01
201600032538;1;7;0;0;2;6;9;A01
201600032539;1;7;0;0;2;1;15;A01
201600032539;1;31;0;0;2;1;1;B01
201600032540;1;7;0;0;2;1;2;A01
201600032540;1;7;0;0;2;4;2;C01
201600032540;1;7;0;0;2;4;2;B01
201600032541;1;7;0;0;2;3;15;A01
201600032541;1;33;0;0;2;1;0;B01
201600032542;1;7;0;0;1;1;1;A01
201600032543;1;7;0;0;2;1;1;B01
201600032543;1;7;0;0;2;1;15;A01
201600032544;1;7;0;0;2;3;15;B01
201600032544;1;30;0;0;2;1;1;Z01
201600032545;0;1;0;0;2;7;1;B01
201600032545;1;7;0;0;2;8;24;A01
201600032546;2;7;0;0;2;1;1;B01
201600032546;1;1;0;0;2;1;13;A01
201600032547;1;7;0;0;2;4;2;B01
201600032547;1;7;0;0;2;1;2;A01
201600032548;1;7;0;0;2;0;0;A01
201600032548;1;7;0;0;2;1;1;B01
201600032549;1;2;0;0;2;1;1;B01
201600032549;1;7;0;0;2;7;1;A01
201600032550;0;7;0;0;2;1;1;Z01
201600032550;1;1;0;0;2;8;19;A01
201600032551;1;7;0;1;0;1;1;A01
201600032552;1;7;0;0;2;1;15;A01
201600032552;1;1;0;0;2;1;1;B01
201600032553;1;7;0;11;0;1;1;A01
201600032554;1;10;0;0;2;3;20;A01
201600032554;1;32;0;0;2;1;1;B01
201600032555;1;1;0;0;1;1;1;A01
201600032556;1;33;0;8;0;1;13;Z01
201600032557;1;1;0;0;2;5;1;A01
201600032557;1;7;0;0;2;1;14;Z01
201600032558;1;7;0;0;2;1;15;A01
201600032558;1;1;0;0;2;1;1;B01
201600032559;1;32;0;0;2;1;1;B01
201600032559;1;7;0;0;2;7;1;A01
201600032560;1;7;0;0;2;2;1;B01
201600032560;1;7;0;0;2;6;1;A01
201600032561;1;1;0;0;2;1;1;A01
201600032561;1;1;0;0;2;1;1;B01
201600032562;1;1;0;0;2;1;1;A01
201600032562;1;1;0;0;2;1;1;B01
201600032563;1;7;0;0;2;1;1;A01
201600032563;1;1;0;0;2;1;1;B01
201600032564;1;1;0;0;2;7;18;A01
201600032564;1;1;0;0;2;6;1;B01
201600032565;1;7;0;0;2;1;1;B01
201600032565;1;7;0;0;2;2;1;A01
201600032566;1;32;0;0;2;5;1;B01
201600032566;1;7;0;0;2;0;1;Z01
201600032567;1;1;0;0;2;1;1;A01
201600032567;1;7;0;0;2;1;1;B01
201600032568;1;7;0;0;2;1;15;A01
201600032568;1;1;0;0;2;1;19;B01
201600032569;1;7;0;0;2;0;0;Z01
201600032569;1;1;0;0;2;1;1;B01
201600032570;1;7;0;0;2;2;15;A01
201600032570;1;7;0;0;2;3;1;B01
201600032571;1;40;0;0;1;1;1;A01
201600032572;2;1;0;0;2;8;1;B01
201600032572;1;7;0;0;2;1;15;A01
201600032573;1;7;0;0;2;1;1;A01
201600032573;2;1;0;0;2;7;19;B01
201600032574;1;7;0;0;1;4;4;A01
201600032575;1;14;0;0;4;8;1;A01
201600032575;1;40;0;0;2;1;1;B01
201600032576;1;7;0;0;2;8;1;A01
201600032576;1;7;0;0;2;8;1;B01
201600032577;1;7;0;0;2;1;1;A01
201600032577;1;10;0;0;2;1;1;C01
201600032577;1;7;0;0;2;4;1;B01
201600032577;1;7;0;0;2;1;1;D01
201600032578;1;7;0;0;1;1;1;A01
201600032579;1;7;0;0;2;0;0;A01
201600032579;1;1;0;0;2;8;19;B01
201600032580;1;7;0;0;1;1;1;A01
201600032581;2;7;0;0;2;0;0;B01
201600032581;1;7;0;0;2;3;15;A01
201600032582;1;1;0;0;2;1;1;B01
201600032582;1;1;0;0;2;1;11;A01
201600032583;1;32;0;0;2;1;1;A01
201600032583;1;7;0;0;2;3;1;B01
201600032584;1;33;0;0;1;2;1;A01
201600032585;2;7;0;0;2;1;2;A01
201600032585;2;7;0;0;2;4;2;B01
201600032586;1;33;0;0;2;8;1;B01
201600032586;1;7;0;0;2;7;9;Z01
201600032587;1;7;0;0;2;8;10;A01
201600032587;1;30;0;0;2;1;1;B01
201600032588;1;7;0;0;2;2;15;A01
201600032588;2;30;0;0;2;1;1;B01
201600032589;1;31;0;0;2;1;1;B01
201600032589;1;7;0;0;2;1;0;A01
201600032590;1;1;0;0;2;0;0;A01
201600032590;1;2;0;0;2;0;0;Z01
201600032591;1;7;0;0;1;1;1;A01
201600032592;1;2;0;0;1;1;1;A01
201600032593;1;7;0;0;2;1;15;A01
201600032593;1;1;0;0;2;8;1;B01
201600032594;1;30;0;0;2;3;1;B01
201600032594;1;7;0;0;2;1;1;A01
201600032595;1;7;0;0;1;1;1;A01
201600032596;1;1;0;0;2;4;1;A01
201600032596;1;1;0;0;2;1;1;Z01
201600032597;1;7;0;0;1;2;1;A01
201600032598;1;7;0;0;2;2;15;A01
201600032598;1;7;0;0;2;8;15;Z01
201600032599;1;1;0;0;2;1;1;A01
201600032599;1;7;0;0;2;5;1;B01
201600032600;1;7;0;0;2;8;15;A01
201600032600;0;33;0;0;2;1;1;B01
201600032601;1;37;0;0;2;8;1;A01
201600032601;1;10;0;0;2;4;1;B01
201600032602;1;1;0;0;2;8;19;A01
201600032602;1;1;0;0;2;1;19;B01
201600032603;1;7;0;0;1;1;1;A01
201600032604;2;33;0;0;2;1;1;B01
201600032604;1;7;0;0;2;3;10;A01
201600032605;1;7;0;6;0;1;1;A01
201600032606;1;7;0;0;2;3;19;A01
201600032606;1;7;0;0;2;5;1;B01
201600032607;1;7;0;0;2;1;9;A01
201600032607;1;33;0;0;2;1;1;B01
201600032608;1;10;0;0;2;4;1;A01
201600032608;1;1;0;0;0;0;0;B01
201600032609;1;1;0;0;1;1;1;A01
201600032610;1;7;0;0;2;1;1;A01
201600032610;1;1;0;0;2;8;19;B01