Num_Acc;senc;catv;occutc;obs;obsm;choc;manv;num_veh
201600032991;2;7;0;0;2;1;1;B01
201600032992;1;10;0;0;1;1;20;A01
201600032993;2;7;0;0;2;2;19;B01
201600032993;2;7;0;0;2;3;1;A01
201600032993;1;7;0;0;2;8;1;C01
201600032994;1;7;0;0;2;7;15;A01
201600032994;2;33;0;0;2;1;1;B01
201600032995;2;2;0;0;2;0;0;Z01
201600032995;1;7;0;0;2;3;20;B01
201600032996;0;30;0;12;0;3;13;A01
201600032997;2;33;0;0;2;8;1;B01
201600032997;2;7;0;0;2;3;1;A01
201600032998;2;7;0;0;2;2;1;B01
201600032998;2;1;0;0;2;8;0;A01
201600032999;1;7;0;1;2;7;15;B01
201600032999;2;10;0;0;2;5;8;A01
201600033000;0;37;0;0;2;3;1;B01
201600033000;2;7;0;0;2;1;1;A01
201600033001;1;7;0;15;0;9;1;A01
201600033002;0;10;0;0;2;1;14;A01
201600033002;0;7;0;0;2;1;11;B01
201600033003;0;7;0;0;2;3;1;B01
201600033003;0;31;0;0;2;1;1;A01
201600033004;2;7;0;0;2;6;4;B01
201600033004;2;37;0;0;2;3;15;A01
201600033005;1;33;0;0;2;1;1;B01
201600033005;1;7;0;0;2;3;19;A01
201600033006;1;7;0;0;2;2;15;A01
201600033006;2;33;0;12;2;1;1;B01
201600033007;0;7;0;0;0;2;15;A01
201600033007;0;7;0;0;2;8;1;B01
201600033008;2;7;0;0;2;1;1;Z01
201600033008;2;7;0;0;2;4;0;B01
201600033009;2;1;0;0;0;0;0;A01
201600033010;1;14;0;14;2;3;15;A01
201600033010;1;10;0;14;2;2;17;B01
201600033011;2;2;0;0;2;2;3;B01
201600033011;2;7;0;0;9;3;2;A01
201600033012;0;7;0;0;1;4;4;A01
201600033013;1;2;0;0;1;1;1;A01
201600033014;1;7;0;0;2;3;15;B01
201600033014;1;32;0;0;2;2;15;A01
201600033015;1;33;0;0;2;8;18;A01
201600033015;1;7;0;0;2;2;16;B01
201600033016;2;7;0;0;2;1;1;B01
201600033016;1;33;0;0;2;1;17;A01
201600033017;1;7;0;0;2;2;1;B01
201600033017;2;7;0;0;2;1;9;A01
201600033018;2;7;0;0;2;3;2;B01
201600033018;1;2;0;0;2;9;15;A01
201600033019;2;7;0;16;1;2;21;A01
201600033019;1;7;0;0;2;2;15;B01
201600033020;1;7;0;0;2;3;14;B01
201600033020;2;7;0;0;2;3;14;A01
201600033021;1;7;0;0;1;1;1;Z01
201600033022;2;7;0;0;9;3;16;A01
201600033022;1;1;0;0;2;0;0;C01
201600033022;2;7;0;0;2;0;0;B01
201600033023;1;7;0;0;2;7;10;A01
201600033023;1;7;0;0;2;1;1;B01
201600033024;1;7;0;0;2;1;15;A01
201600033024;2;7;0;8;2;8;1;B01
201600033025;2;7;0;0;2;5;2;C01
201600033025;2;2;0;1;2;1;18;A01
201600033025;2;7;0;0;2;3;22;B01
201600033026;1;7;0;0;2;8;1;B01
201600033026;1;7;0;1;0;1;14;A01
201600033027;1;7;0;0;1;4;4;A01
201600033028;1;31;0;12;0;9;1;A01
201600033029;2;7;0;8;0;1;2;A01
201600033030;1;7;0;0;2;5;15;A01
201600033030;2;33;0;0;2;1;1;B01
201600033031;2;3;0;0;1;1;15;A01
201600033032;2;33;0;0;1;1;1;Z01
201600033033;1;7;0;0;2;8;0;B01
201600033033;2;7;0;0;2;8;2;A01
201600033034;2;7;0;0;2;1;1;B01
201600033034;1;7;0;0;2;2;15;A01
201600033035;2;30;0;0;2;1;1;B01
201600033035;1;7;0;0;2;3;1;A01
201600033036;0;33;0;0;2;1;1;B01
201600033036;0;7;0;0;2;1;15;A01
201600033037;2;7;0;1;0;2;2;A01
201600033038;1;1;0;0;2;1;1;B01
201600033038;2;7;0;0;2;3;1;A01
201600033039;0;7;0;0;2;1;1;A01
201600033039;0;7;0;0;2;7;1;B01
201600033040;1;7;0;14;1;2;1;A01
201600033041;2;7;0;0;2;2;1;B01
201600033041;2;7;0;0;2;3;1;A01
201600033042;0;3;0;1;0;0;0;Z01
201600033043;1;15;0;0;2;7;16;B01
201600033043;1;7;0;0;2;3;1;A01
201600033044;1;7;0;0;2;1;1;B01
201600033044;1;7;0;0;2;2;15;A01
201600033045;2;7;0;0;1;0;0;Z01
201600033046;1;7;0;8;2;2;1;A01
201600033046;1;7;0;8;2;3;15;B01
201600033047;2;10;0;0;1;4;4;A01
201600033048;1;7;0;0;2;0;1;B01
201600033048;1;30;0;0;2;1;5;A01
201600033049;2;7;0;12;9;3;1;A01
201600033049;1;1;0;12;2;7;1;B01
201600033050;1;30;0;0;2;8;19;B01
201600033050;2;37;45;0;2;3;1;A01
201600033051;1;31;0;0;0;0;14;A01
201600033052;2;7;0;0;0;1;15;A01
201600033052;1;34;0;0;0;1;1;B01
201600033053;1;7;0;0;2;6;1;B01
201600033053;2;7;0;0;2;2;15;A01
201600033054;2;2;0;0;2;1;15;A01
201600033054;1;7;0;0;2;3;2;B01
201600033055;1;7;0;0;2;2;2;B01
201600033055;1;7;0;0;2;1;10;A01
201600033056;1;30;0;0;2;1;1;B01
201600033056;2;2;0;0;2;1;1;A01
201600033057;2;33;0;0;2;0;17;A01
201600033057;1;7;0;0;2;1;1;B01
201600033058;2;7;0;0;2;8;15;B01
201600033058;2;31;0;0;2;3;2;A01
201600033059;2;1;0;0;2;1;19;B01
201600033059;1;7;0;0;9;1;1;A01
201600033060;1;7;0;2;0;1;1;A01
201600033061;0;7;0;0;2;0;0;Z01
201600033061;2;31;0;0;2;4;0;A01
201600033062;1;7;0;0;2;1;2;A01
201600033062;1;7;0;0;2;4;23;B01
201600033063;2;7;0;0;1;2;19;A01
201600033064;1;33;0;1;2;2;17;A01
201600033064;1;7;0;0;2;7;1;B01
201600033065;1;7;0;0;1;1;1;A01
201600033066;2;7;0;1;0;3;13;A01
201600033067;1;1;0;0;2;1;1;B01
201600033067;1;7;0;0;2;7;1;A01
201600033068;1;31;0;0;2;1;1;A01
201600033068;2;7;0;0;2;8;19;B01
201600033069;1;7;0;0;1;5;4;A01
201600033070;1;7;0;0;2;1;1;B01
201600033070;1;7;0;0;2;2;1;A01
201600033071;1;10;0;0;1;2;2;Z01
201600033072;1;7;0;0;9;1;1;A01
201600033072;1;1;0;0;0;0;0;B01
201600033073;1;7;0;0;2;1;1;A01
201600033073;1;1;0;0;2;0;0;B01
201600033074;1;7;0;0;2;1;10;B01
201600033074;1;30;0;0;2;7;1;A01
201600033075;2;7;0;0;1;2;19;A01
201600033076;2;7;0;0;2;7;20;B01
201600033076;2;33;0;0;2;8;18;A01
201600033077;2;7;0;0;0;0;0;A01
201600033078;1;7;0;0;1;6;4;A01
201600033079;0;30;0;0;2;3;1;A01
201600033079;0;7;0;0;2;3;15;B01
201600033080;1;7;0;0;2;4;4;A01
201600033080;1;7;0;0;2;1;15;B01
201600033081;2;7;0;11;0;3;1;A01
201600033082;1;7;0;0;2;6;0;A01
201600033082;2;7;0;0;2;8;0;B01
201600033082;1;34;0;0;2;0;0;Z01
201600033083;1;7;0;0;2;1;1;B01
201600033083;2;7;0;0;2;8;1;A01
201600033084;2;7;0;0;1;2;1;A01
201600033085;1;7;0;0;1;3;1;A01
201600033086;1;30;0;1;0;9;15;A01
201600033087;1;7;0;0;2;2;15;A01
201600033087;2;30;0;0;2;1;1;B01
201600033088;2;32;0;0;1;0;15;A01
201600033089;0;7;0;0;2;5;1;B01
201600033089;2;2;0;0;2;1;1;A01
201600033090;2;31;0;0;1;1;1;A01
201600033091;0;7;0;0;1;1;1;A01
201600033092;2;34;0;0;2;1;3;A01
201600033092;0;7;0;0;2;3;15;B01
201600033093;1;7;0;0;2;3;2;A01
201600033093;1;7;0;0;2;4;2;B01
201600033094;1;7;0;0;2;8;15;A01
201600033094;1;2;0;0;2;1;1;B01
201600033095;2;7;0;0;1;1;1;A01
201600033096;2;7;0;0;1;1;1;A01
201600033097;1;31;0;0;1;1;1;A01
201600033098;2;7;0;0;1;8;1;A01
201600033099;2;31;0;0;2;3;1;A01
201600033099;2;7;0;0;2;2;16;B01
201600033100;2;7;0;0;2;1;15;A01
201600033100;1;2;0;0;0;0;0;B01
201600033101;2;7;0;0;0;5;23;B01
201600033101;2;7;0;0;0;4;23;C01
201600033101;2;7;0;0;0;0;0;D01
201600033101;2;7;0;0;0;0;0;A01
201600033102;0;7;0;0;0;1;1;B01
201600033102;0;10;0;0;0;2;15;A01
201600033103;0;7;0;0;2;7;15;A01
201600033103;0;7;0;0;2;1;1;B01
201600033104;2;30;0;0;2;1;19;A01
201600033104;1;7;0;0;2;2;1;B01
201600033105;1;7;0;0;2;0;1;Z01
201600033105;2;30;0;0;2;1;1;A01
201600033106;2;7;0;0;1;1;0;A01
201600033107;2;31;0;0;2;1;1;B01
201600033107;1;7;0;0;2;5;15;A01
201600033108;2;34;0;0;2;7;17;A01
201600033108;2;7;0;0;2;3;15;B01
201600033109;0;30;0;15;0;3;0;Z01
201600033110;1;33;0;0;2;7;17;B01
201600033110;1;7;0;0;2;8;20;A01
201600033111;2;7;0;0;2;1;15;A01
201600033111;1;7;0;0;2;3;1;B01
201600033112;1;7;0;7;0;1;5;A01
201600033113;2;1;0;0;2;4;1;B01
201600033113;2;7;0;0;2;2;1;A01
201600033114;1;7;0;0;1;0;17;Z01
201600033115;1;7;0;0;9;0;1;A01
201600033115;2;1;0;0;2;0;10;B01
201600033116;1;7;0;11;0;2;14;A01
201600033117;0;30;0;0;0;0;0;A01
201600033118;1;37;0;0;1;5;16;A01
201600033119;1;7;0;0;2;1;2;A01
201600033119;1;7;0;0;2;7;2;B01
201600033120;2;7;0;0;2;6;15;B01
201600033120;2;33;0;0;2;1;17;A01
201600033121;2;7;0;0;2;2;15;A01
201600033121;1;7;0;0;2;3;1;B01
201600033122;0;7;0;8;2;2;1;A01
201600033122;0;7;0;0;2;3;0;B01
201600033123;1;7;0;0;1;3;1;A01
201600033124;0;7;0;0;2;1;2;A01
201600033124;1;34;0;0;2;1;2;B01
201600033125;1;7;0;0;2;1;1;B01
201600033125;1;7;0;0;2;1;15;A01
201600033125;1;1;0;0;9;8;1;C01
201600033126;1;1;0;0;2;1;1;A01
201600033126;1;7;0;0;9;5;15;B01
201600033127;2;40;0;0;1;3;1;A01
201600033128;2;2;0;0;2;1;1;A01
201600033128;2;7;0;0;2;1;1;B01
201600033129;1;7;0;0;2;3;13;B01
201600033129;1;7;0;0;2;1;0;A01
201600033130;1;33;0;0;2;1;1;B01
201600033130;1;7;0;0;2;2;15;A01
201600033131;1;7;0;0;2;1;2;B01
201600033131;2;7;0;0;2;1;15;A01
201600033132;2;34;0;0;2;2;0;B01
201600033132;2;34;0;0;2;1;5;A01
201600033133;2;7;0;0;2;3;0;B01
201600033133;1;7;0;0;2;1;1;A01
201600033134;2;7;0;1;1;2;1;Z01
201600033135;2;33;0;0;2;1;1;B01
201600033135;1;7;0;0;2;7;15;A01
201600033136;1;7;0;0;2;3;2;B01
201600033136;2;1;0;0;2;6;0;A01
201600033137;2;7;0;0;2;4;1;B01
201600033137;2;7;0;0;2;1;2;A01
201600033138;1;7;0;0;1;2;1;A01
201600033139;1;7;0;0;1;2;1;A01
201600033140;2;7;0;0;2;3;1;B01
201600033140;2;32;0;0;2;2;1;A01
201600033141;1;34;0;0;2;1;17;B01
201600033141;2;7;0;0;2;1;9;A01
201600033142;1;7;0;0;2;6;15;B01
201600033142;1;33;0;0;2;7;17;A01
201600033143;1;7;0;0;2;1;15;B01
201600033143;1;32;0;0;2;1;1;A01
201600033144;1;7;0;0;9;2;1;B01
201600033144;1;1;0;0;2;1;19;A01
201600033145;1;30;0;15;0;1;14;A01
201600033146;1;7;0;0;1;2;1;A01
201600033147;1;7;0;0;1;1;1;A01
201600033148;2;7;0;0;1;3;2;A01
201600033149;1;7;0;12;2;1;2;A01
201600033149;1;7;0;7;2;4;23;B01
201600033150;1;7;0;0;1;1;1;A01
201600033151;1;7;0;0;1;2;1;A01
201600033152;1;1;0;0;2;6;19;B01
201600033152;1;7;0;0;2;2;17;Z01
201600033153;1;7;0;9;0;8;2;A01
201600033154;2;7;0;0;2;1;1;B01
201600033154;1;7;0;0;2;7;9;A01
201600033155;2;7;0;0;1;1;1;A01
201600033156;1;1;0;0;2;0;2;A01
201600033157;2;7;0;0;1;1;1;A01
201600033158;2;34;0;0;2;1;17;B01
201600033158;2;7;0;0;2;8;15;A01
201600033159;1;7;0;0;2;2;1;B01
201600033159;1;7;0;0;2;6;16;A01
201600033160;2;7;0;0;0;4;23;A01
201600033160;2;1;0;1;0;1;0;B01
201600033161;1;7;0;0;2;1;2;Z01
201600033161;1;1;0;0;2;4;2;A01
201600033162;1;33;0;0;2;1;1;B01
201600033162;1;7;0;0;2;6;15;A01
201600033163;2;7;0;0;2;2;15;A01
201600033163;2;33;0;0;2;3;1;B01
201600033164;1;2;0;0;2;1;1;B01
201600033164;2;7;0;0;2;2;15;A01
201600033165;1;7;0;0;2;2;0;Z01
201600033165;1;7;0;0;2;3;1;A01
201600033166;1;7;0;0;1;2;1;A01
201600033167;1;37;1;14;1;7;16;A01
201600033168;2;33;0;0;2;5;11;B01
201600033168;1;7;0;0;9;3;2;C01
201600033168;2;7;0;0;9;3;15;A01
201600033169;2;7;0;0;2;3;1;A01
201600033169;2;1;0;0;2;1;1;B01
201600033170;1;7;0;0;2;1;16;A01
201600033170;1;7;0;0;2;5;1;B01
201600033171;2;7;0;0;1;6;20;A01
201600033172;2;10;0;0;1;3;15;A01
201600033173;1;7;0;0;2;4;13;A01
201600033173;1;33;0;0;2;1;1;B01
201600033174;2;7;0;0;1;2;1;A01
201600033175;0;1;0;0;2;8;15;Y01
201600033175;1;7;0;0;2;1;9;A01
201600033176;2;33;0;0;2;1;1;B01
201600033176;1;7;0;0;2;6;0;A01
201600033177;1;7;0;0;1;0;4;A01
201600033178;1;7;0;0;2;1;1;A01
201600033178;1;7;0;0;2;2;1;B01
201600033179;1;7;0;0;0;0;0;A01
201600033179;1;30;0;0;2;0;0;B01
201600033180;1;7;0;1;1;1;1;A01
201600033181;2;7;0;0;2;4;23;B01
201600033181;2;7;0;0;2;1;2;A01
201600033182;0;10;0;0;2;6;1;B01
201600033182;1;7;0;0;2;8;12;A01
201600033183;1;31;0;0;2;8;1;A01
201600033183;1;7;0;0;2;7;12;Z01
201600033184;1;7;0;0;1;1;1;A01
201600033185;1;40;45;0;2;1;15;B01
201600033185;1;7;0;0;4;8;1;A01
201600033186;1;7;0;6;2;8;1;B01
201600033186;2;10;0;0;2;1;15;A01
201600033187;2;34;0;0;1;1;0;Z01
201600033188;1;7;0;0;1;2;1;A01
201600033189;1;10;0;0;2;1;2;A01
201600033189;1;10;0;0;2;4;2;B01
201600033189;1;7;0;0;2;4;2;C01
201600033190;1;1;0;0;2;1;1;B01
201600033190;1;7;0;0;2;3;15;A01
201600033191;1;7;0;0;2;1;1;B01
201600033191;1;7;0;0;2;2;15;A01
201600033192;1;33;0;0;2;1;1;B01
201600033192;2;7;0;0;2;3;15;A01
201600033193;2;30;0;0;1;4;2;Z01
201600033194;1;3;0;15;2;5;1;A01
201600033194;1;7;0;0;2;2;9;B01
201600033195;2;10;0;0;2;4;23;B01
201600033195;2;10;0;0;2;1;2;A01
201600033195;2;7;0;0;2;4;23;C01
201600033196;1;40;0;1;1;1;1;A01
201600033197;2;7;0;0;1;1;1;A01
201600033198;1;7;0;0;2;3;10;A01
201600033198;1;33;0;0;2;3;1;B01
201600033199;1;10;0;0;2;6;10;A01
201600033199;1;33;0;0;2;1;2;B01
201600033200;1;7;0;0;2;3;11;A01
201600033200;1;7;0;0;2;2;1;B01
201600033201;2;7;0;0;2;4;2;B01
201600033201;2;7;0;0;2;1;2;A01
201600033202;1;7;0;0;1;2;1;A01
201600033203;2;1;0;0;0;0;0;B01
201600033203;1;7;0;0;0;0;0;A01
201600033204;1;7;0;0;2;3;0;Z01
201600033204;2;7;0;0;2;1;5;B01
201600033205;2;7;0;0;2;6;2;B01
201600033205;1;3;0;0;2;1;1;C01
201600033205;2;7;0;0;2;1;5;A01
201600033206;2;7;0;3;0;9;9;A01
201600033207;1;7;0;0;2;1;1;A01
201600033207;1;7;0;0;2;2;1;B01
201600033208;2;7;0;0;2;4;23;B01
201600033208;2;7;0;14;0;1;2;A01
201600033209;1;7;0;0;2;0;15;Z01
201600033209;2;1;0;0;2;0;1;B01
201600033210;1;7;0;0;2;8;21;B01
201600033210;2;7;0;0;2;3;17;A01
201600033211;1;1;0;0;2;1;5;Z01
201600033211;1;32;0;0;2;1;1;A01
201600033212;2;7;0;0;2;3;1;B01
201600033212;1;7;0;3;2;3;13;A01
201600033213;2;7;0;0;1;3;7;A01
201600033214;1;99;0;0;2;0;0;A01
201600033214;1;7;0;0;2;8;1;B01
201600033214;2;7;0;0;2;3;1;C01
201600033215;1;7;0;0;2;4;7;A01
201600033215;1;7;0;0;2;1;7;B01
201600033216;1;7;0;8;2;1;1;Z01
201600033216;0;7;0;0;2;6;16;B01
201600033217;0;7;0;16;0;1;21;A01
201600033217;0;7;0;0;0;0;15;B01
201600033217;0;7;0;0;0;0;0;C01
201600033218;0;7;0;0;0;3;10;A01
201600033218;0;7;0;0;0;1;17;B01
201600033219;1;37;0;0;2;1;15;A01
201600033219;2;32;0;0;2;1;1;B01
201600033220;1;7;0;0;2;0;0;Z01
201600033220;1;31;0;0;2;7;15;B01
201600033221;1;7;0;0;2;1;13;A01
201600033221;2;10;0;0;2;1;1;B02
201600033222;1;30;0;0;0;0;1;A01
201600033223;1;7;0;0;2;1;13;A01
201600033223;2;15;0;0;2;1;1;B02
201600033224;1;7;0;0;2;3;13;A01
201600033224;2;15;0;0;2;3;1;B02
201600033224;1;7;0;0;2;8;1;C03
201600033225;0;7;0;0;2;7;1;B02
201600033225;0;7;0;0;2;2;1;C03
201600033225;0;7;0;0;2;1;16;A01
201600033226;2;7;0;3;2;3;17;A01
201600033226;2;7;0;3;2;2;1;B02
201600033227;2;7;0;0;2;1;1;B02
201600033227;1;7;0;0;2;1;17;A01
201600033227;1;14;0;0;2;6;1;C03
201600033228;1;7;0;0;1;2;1;A01
201600033229;0;7;0;0;1;1;1;A01
201600033230;1;7;0;3;0;1;13;A01
201600033231;1;7;0;0;2;2;1;A01
201600033231;1;1;0;0;2;4;1;B02
201600033232;1;7;0;6;2;2;2;B02
201600033232;1;7;0;0;2;5;2;A01
201600033232;1;7;0;0;2;3;0;C01
201600033233;1;7;0;3;2;2;21;A01
201600033233;2;7;0;0;2;1;1;B02
201600033234;2;7;0;0;2;2;17;A01
201600033234;2;7;0;0;2;6;1;B02
201600033235;2;7;0;8;0;9;1;A01
201600033236;1;33;0;0;2;1;17;A01
201600033236;1;10;0;0;2;8;15;B02
201600033237;2;7;0;0;2;3;6;A01
201600033237;1;1;0;0;2;1;1;B02
201600033238;2;33;0;0;2;7;19;A01
201600033238;1;7;0;0;2;3;1;B02
201600033239;1;30;0;6;0;3;1;A01
201600033240;1;7;0;2;0;0;1;A01
201600033241;2;31;0;4;0;0;1;A01
201600033242;1;7;0;0;6;1;1;A01
201600033243;1;38;1;0;9;2;1;A01
201600033243;1;1;0;0;0;6;13;B02
201600033244;2;38;1;0;1;1;15;A01
201600033245;1;7;0;0;2;1;15;A01
201600033245;;7;0;0;2;1;1;B01
201600033246;1;7;0;0;2;1;18;A01
201600033246;2;7;0;0;2;1;15;B01
201600033246;1;7;0;0;2;5;2;C01
201600033247;1;7;0;0;1;3;4;A01
201600033248;2;7;0;15;2;1;17;A01
201600033248;2;7;0;0;2;3;15;B01
201600033249;1;7;0;0;2;2;1;A01
201600033249;0;1;0;0;2;8;0;B01
201600033250;1;33;0;13;0;1;18;A01
201600033251;2;7;0;0;2;1;13;A01
201600033251;1;7;0;0;2;1;1;B02
201600033252;1;7;0;0;0;9;1;A01
201600033253;1;7;0;0;1;2;0;A01
201600033254;1;7;0;0;1;0;0;Z01
201600033255;1;7;0;0;1;2;16;A01
201600033256;1;7;0;0;1;0;0;Z01
201600033257;1;7;0;0;2;1;1;B01
201600033257;1;7;0;0;2;2;1;A01
201600033258;1;10;0;0;2;8;10;A01
201600033258;1;7;0;0;2;1;1;B01
201600033259;1;7;0;0;1;2;1;A01
201600033260;1;7;0;0;2;1;5;A01
201600033260;2;7;0;0;2;2;1;B01
201600033261;0;7;0;0;1;6;4;A01
201600033262;2;7;0;0;2;2;13;A01
201600033262;;7;0;0;2;3;1;B01
201600033263;0;30;0;12;0;7;1;A01
201600033264;1;7;0;0;2;3;13;A01
201600033264;2;10;0;0;2;3;1;B02
201600033265;0;7;0;0;1;7;1;A01
201600033266;2;7;0;0;0;0;1;A01
201600033267;2;7;0;0;0;2;14;A01
201600033268;1;36;0;8;0;3;14;A01
201600033269;0;7;0;8;0;1;13;A01
201600033270;1;10;0;0;2;0;1;A01
201600033270;2;33;0;0;2;8;1;B02
201600033270;2;33;0;0;2;3;1;C03
201600033271;2;7;0;0;2;3;15;A01
201600033271;1;34;0;0;2;1;1;B02
201600033272;2;7;0;13;0;2;0;A01
201600033273;1;32;0;0;0;8;1;A01
201600033274;2;7;0;0;2;1;13;A01
201600033274;1;7;0;0;2;3;0;B02
201600033274;1;7;0;0;2;1;2;C03
201600033275;2;7;0;0;2;8;1;A01
201600033276;2;30;0;0;2;7;15;A01
201600033276;1;7;0;0;2;2;1;B02
201600033277;1;33;0;0;0;7;1;A01
201600033278;1;7;0;0;2;7;13;A01
201600033278;2;7;0;0;2;1;1;B02
201600033279;1;33;0;2;0;1;1;A01
201600033280;1;7;0;13;0;2;21;A01
201600033281;0;7;0;0;2;1;13;A01
201600033281;0;14;0;0;2;3;1;B02
201600033282;0;33;0;0;2;1;1;A01
201600033282;0;7;0;0;0;2;15;B02
201600033283;0;10;0;2;0;1;1;A01
201600033284;0;7;0;2;0;1;13;A01
201600033285;0;7;0;0;2;1;1;A01
201600033285;0;1;0;0;0;8;1;B02
201600033286;2;7;0;0;2;1;1;A01
201600033286;1;14;0;0;2;7;15;B02
201600033287;0;7;0;0;2;6;1;B02
201600033287;0;7;0;0;2;3;1;A01
201600033288;1;7;0;12;0;1;1;A01
201600033289;2;33;0;13;0;1;1;A01
201600033290;2;10;0;0;2;8;1;B02
201600033290;1;10;0;0;2;8;1;A01
201600033291;1;7;0;16;0;1;1;A01
201600033292;2;30;0;0;2;1;1;B02
201600033292;1;7;0;0;0;0;1;C03
201600033292;1;7;0;0;2;1;17;A01
201600033293;1;7;0;2;0;1;1;A01
201600033294;2;7;0;0;1;1;1;A01
201600033295;1;7;0;0;1;1;1;A01
201600033296;1;7;0;8;1;1;0;A01
201600033297;1;7;0;0;1;1;0;A01
201600033298;1;7;0;0;2;1;16;A01
201600033298;1;7;0;0;2;1;1;B01
201600033299;2;7;0;0;2;8;19;A01
201600033299;1;30;0;0;2;1;1;B01
201600033300;1;7;0;0;2;1;15;A01
201600033300;1;7;0;0;2;3;1;B01
201600033301;2;7;0;0;1;1;1;A01
201600033302;2;7;0;0;2;3;0;A01
201600033302;1;10;0;0;2;3;1;B01
201600033303;2;7;0;0;1;1;0;A01
201600033304;2;7;0;0;2;1;13;A01
201600033304;1;10;0;0;2;3;1;B01
201600033304;1;7;0;0;2;8;21;C01
201600033305;1;7;0;0;0;6;15;A01
201600033305;1;33;0;0;0;0;0;B01
201600033306;2;38;1;0;2;6;1;B01
201600033306;2;1;0;0;2;1;5;A01
201600033307;2;7;0;0;2;3;15;A01
201600033307;2;33;0;0;2;1;1;B01
201600033308;1;7;0;0;1;0;0;A01
201600033309;1;7;0;0;2;1;13;A01
201600033309;2;15;0;0;2;3;1;B01
201600033310;2;7;0;0;2;6;10;A01
201600033310;2;33;0;0;2;1;1;B01
201600033311;2;7;0;0;2;2;15;A01
201600033311;1;1;0;0;2;1;1;B01
201600033312;1;7;0;0;2;8;15;A01
201600033312;1;33;0;0;2;1;17;B01
201600033313;2;33;0;0;2;1;17;A01
201600033313;2;7;0;0;2;3;9;B01
201600033314;2;30;0;0;2;1;5;A01
201600033314;1;7;0;0;9;1;1;B01
201600033315;1;33;0;0;2;1;13;A01
201600033315;2;7;0;0;2;1;0;B01
201600033316;1;7;0;0;2;1;15;A01
201600033316;2;31;0;0;2;1;1;B01
201600033317;1;3;0;0;1;1;15;A01
201600033318;1;7;0;2;0;7;0;A01
201600033319;1;7;0;0;2;1;5;A01
201600033319;2;7;0;0;2;1;0;B01
201600033319;1;7;0;0;2;8;2;C01
201600033320;1;7;0;0;1;1;1;A01
201600033321;1;7;0;0;2;1;1;B01
201600033321;1;1;0;0;2;8;15;A01
201600033322;1;7;0;0;1;1;1;A01
201600033323;1;30;0;0;2;1;19;A01
201600033323;1;7;0;0;2;8;1;B01
201600033324;1;7;0;0;2;2;15;A01
201600033324;2;1;0;0;2;1;1;B01
201600033325;1;30;0;0;2;9;17;A01
201600033325;2;7;0;0;2;8;14;B01
201600033325;1;7;0;0;2;8;14;C01
201600033326;1;7;0;1;2;1;13;A01
201600033326;2;7;0;0;2;1;1;B01
201600033327;0;33;0;12;0;1;14;A01
201600033328;1;30;0;0;2;6;15;B01
201600033328;1;32;0;0;2;6;15;Z01
201600033329;0;1;0;0;1;0;0;A01
201600033330;1;7;0;0;2;1;1;A01
201600033330;1;7;0;0;2;8;1;B01
201600033331;1;7;0;13;0;9;14;A01
201600033332;1;7;0;0;2;1;1;A01
201600033332;1;7;0;0;2;8;1;B01
201600033333;0;33;0;0;2;1;1;B01
201600033333;0;7;0;0;2;6;15;A01
201600033334;0;7;0;0;1;4;4;A01
201600033335;1;7;0;0;2;1;13;A01
201600033335;2;7;0;0;2;1;1;B01
201600033336;1;7;0;0;2;1;1;B01
201600033336;1;7;0;0;2;8;15;A01
201600033337;1;7;0;13;0;1;1;A01
201600033338;1;7;0;0;2;8;15;A01
201600033338;1;7;0;0;2;1;1;B01
201600033339;1;7;0;0;2;3;13;A01
201600033339;2;7;0;0;2;3;13;B01
201600033340;1;7;0;0;2;3;13;A01
201600033340;2;7;0;0;2;3;16;B01
201600033341;0;10;0;0;2;1;15;A01
201600033341;0;7;0;1;2;9;1;B01
201600033342;0;7;0;0;2;1;1;B01
201600033342;0;7;0;0;2;5;1;A01
201600033343;0;1;0;0;2;3;1;B01
201600033343;0;7;0;0;2;2;0;Z01
201600033344;0;7;0;0;2;1;17;A01
201600033344;0;33;0;0;2;1;1;B01
201600033345;0;7;0;1;0;1;16;A01
201600033346;0;7;0;0;1;2;1;A01
201600033347;1;7;0;0;2;1;13;A01
201600033347;1;7;0;0;2;1;1;B01
201600033348;0;7;0;0;2;3;15;A01
201600033348;0;7;0;0;2;3;1;B01
201600033349;0;32;0;0;2;8;1;B01
201600033349;0;7;0;0;2;2;0;Z01
201600033350;0;31;0;0;2;5;15;A01
201600033350;0;33;0;0;2;1;1;B01
201600033351;1;7;0;0;2;3;5;A01
201600033351;2;7;0;0;2;3;1;B02
201600033351;2;7;0;0;2;1;1;C03
201600033352;1;3;0;7;2;7;1;A01
201600033352;1;7;0;0;2;1;1;B02
201600033353;2;7;0;0;2;8;1;A01
201600033353;0;2;0;0;2;1;19;B01
201600033354;1;7;0;13;0;0;0;A01
201600033355;1;7;0;0;1;1;0;A01
201600033356;1;7;0;0;1;3;1;A01
201600033357;1;30;0;0;2;1;1;B01
201600033357;0;7;0;0;2;2;9;A01
201600033358;0;7;0;0;1;1;15;A01
201600033359;1;7;0;0;1;2;0;A01
201600033360;0;7;0;0;1;6;4;A01
201600033361;1;7;0;0;1;1;1;A01
201600033362;0;34;0;0;2;1;1;B01
201600033362;0;7;0;0;2;8;9;A01
201600033363;1;7;0;0;2;1;1;B01
201600033363;0;7;0;15;2;1;19;A01
201600033364;2;7;0;0;2;2;15;A01