Num_Acc;senc;catv;occutc;obs;obsm;choc;manv;num_veh
201600033364;1;7;0;0;2;1;1;B01
201600033365;2;15;0;0;2;1;1;B01
201600033365;0;7;0;0;2;8;19;A01
201600033366;2;33;0;0;2;1;1;A01
201600033366;2;7;0;0;2;3;15;B02
201600033367;1;7;0;0;2;3;13;A01
201600033367;2;14;0;0;2;3;1;B02
201600033368;2;7;0;0;1;2;1;A01
201600033369;1;1;0;0;2;4;1;A01
201600033369;1;7;0;0;0;0;0;B02
201600033370;1;7;0;10;0;1;1;A01
201600033371;0;2;0;0;0;1;21;A01
201600033372;1;7;0;3;0;3;1;A01
201600033373;1;7;0;0;1;2;21;A01
201600033374;1;7;0;9;0;1;17;A01
201600033374;2;7;0;0;2;1;1;B01
201600033375;1;7;0;0;0;1;0;A01
201600033375;0;1;0;0;2;1;0;B01
201600033376;1;7;0;0;0;1;15;A01
201600033376;2;33;0;0;0;1;1;B01
201600033377;1;7;0;0;2;2;15;A01
201600033377;1;2;0;0;2;1;1;B01
201600033378;1;7;0;0;0;0;0;A01
201600033379;1;7;0;0;1;1;1;A01
201600033380;1;7;0;0;1;0;0;A01
201600033381;1;7;0;2;0;7;2;A01
201600033382;1;33;0;0;2;1;18;A01
201600033382;1;7;0;0;2;7;16;B01
201600033383;1;7;0;0;1;1;1;A01
201600033384;2;40;140;0;0;8;1;B01
201600033384;2;7;0;0;4;1;1;A01
201600033385;1;33;0;0;2;1;1;B01
201600033385;1;7;0;0;2;7;15;A01
201600033386;0;38;54;0;1;2;1;A01
201600033387;0;7;0;3;0;0;0;A01
201600033388;0;7;0;13;1;1;1;A01
201600033389;1;33;0;0;2;1;17;A01
201600033389;0;33;0;0;2;1;15;B01
201600033390;1;1;0;0;2;0;1;B01
201600033390;1;7;0;0;2;0;1;Z01
201600033391;1;2;0;0;1;1;1;A01
201600033392;0;2;0;12;0;1;1;A01
201600033393;1;7;0;0;1;1;16;A01
201600033394;0;37;35;0;1;2;9;A01
201600033395;0;7;0;6;0;1;1;A01
201600033396;0;7;0;0;1;1;1;A01
201600033397;1;7;0;0;1;1;1;A01
201600033398;0;7;0;0;1;2;1;A01
201600033399;0;7;0;0;9;3;1;B01
201600033399;0;7;0;0;1;1;1;A01
201600033400;0;7;0;0;1;1;1;A01
201600033401;0;7;0;0;2;0;0;B01
201600033401;0;7;0;0;2;3;9;A01
201600033402;1;7;0;0;2;4;2;B01
201600033402;1;7;0;0;2;1;2;A01
201600033402;1;7;0;0;0;4;2;C01
201600033403;0;7;0;0;2;2;1;A01
201600033403;1;2;0;0;0;8;0;B01
201600033404;0;7;0;0;2;1;2;A01
201600033404;0;7;0;0;0;4;2;B01
201600033405;0;7;0;0;0;4;2;B01
201600033405;0;7;0;0;2;1;2;A01
201600033406;0;10;0;0;1;1;16;A01
201600033407;0;33;0;0;0;0;0;A01
201600033408;0;7;0;0;2;1;1;B01
201600033408;0;7;0;0;2;2;1;A01
201600033409;0;7;0;0;1;1;1;Z01
201600033410;0;7;0;0;1;3;1;A01
201600033411;0;7;0;0;2;2;16;A01
201600033411;0;1;0;0;0;8;1;B01
201600033412;1;7;0;0;1;2;1;A01
201600033413;1;7;0;0;1;1;1;A01
201600033414;1;10;0;0;1;1;2;A01
201600033415;1;7;0;0;1;0;0;A01
201600033416;1;33;0;0;2;1;17;A01
201600033416;2;7;0;0;2;2;15;B01
201600033417;1;15;0;0;2;1;2;A01
201600033417;1;1;0;0;2;6;0;B01
201600033418;1;7;0;0;1;0;1;A01
201600033419;0;7;0;0;1;2;2;A01
201600033420;2;7;0;0;2;3;15;A01
201600033420;1;2;0;0;2;1;1;B01
201600033421;1;7;0;0;2;2;19;A01
201600033421;1;7;0;0;2;3;1;B01
201600033422;1;10;0;0;1;7;2;A01
201600033423;1;7;0;1;0;1;1;C01
201600033423;1;7;0;1;2;1;1;B01
201600033423;1;7;0;0;2;1;2;A01
201600033424;1;7;0;0;2;4;1;A01
201600033424;1;33;0;0;2;1;1;B01
201600033425;1;7;0;0;1;2;1;A01
201600033426;1;7;0;0;1;0;0;A01
201600033427;1;14;0;0;2;1;16;A01
201600033427;1;1;0;0;2;8;2;B01
201600033428;1;7;0;0;1;0;0;A01
201600033429;1;3;0;0;1;0;0;A01
201600033430;1;7;0;3;0;0;0;C01
201600033430;1;7;0;3;0;1;0;B01
201600033430;1;7;0;0;2;0;0;D01
201600033430;1;7;0;0;2;5;0;A01
201600033431;1;30;0;0;2;1;1;B01
201600033431;1;31;0;0;2;1;13;A01
201600033432;1;7;0;0;2;1;1;A01
201600033432;2;33;0;0;2;2;15;B01
201600033433;1;7;0;0;2;1;1;A01
201600033433;1;1;0;0;2;4;2;B01
201600033434;2;7;0;0;1;1;1;A01
201600033435;2;7;0;0;2;3;1;B01
201600033435;1;7;0;0;2;1;17;A01
201600033436;1;7;0;0;2;1;1;A01
201600033436;1;7;0;0;2;3;13;B01
201600033437;1;13;0;3;2;3;12;A01
201600033437;1;7;0;0;2;3;12;B01
201600033438;1;7;0;0;1;8;1;A01
201600033439;1;7;0;2;0;1;2;A01
201600033440;0;7;0;0;1;2;1;A01
201600033441;2;7;0;0;2;1;19;A01
201600033441;1;32;0;0;2;1;1;B01
201600033442;0;7;0;0;1;2;0;A01
201600033443;0;7;0;0;1;2;1;A01
201600033444;0;2;0;0;2;2;0;B01
201600033444;0;7;0;0;2;3;0;A01
201600033445;0;7;0;0;1;8;1;A01
201600033446;0;7;0;0;2;3;1;B01
201600033446;0;3;0;0;2;1;19;A01
201600033447;0;7;0;0;2;1;1;B01
201600033447;0;7;0;0;2;1;5;A01
201600033448;0;7;0;0;2;6;15;A01
201600033448;0;30;0;0;2;1;2;B01
201600033449;2;7;0;8;0;2;1;C01
201600033449;1;7;0;0;2;1;1;B01
201600033449;2;7;0;8;2;3;1;A01
201600033450;1;7;0;0;0;0;0;A01
201600033450;2;33;0;0;2;8;1;B01
201600033451;2;7;0;0;2;3;15;A01
201600033451;1;33;0;0;2;8;1;B01
201600033452;1;7;0;0;1;3;1;A01
201600033453;2;7;0;0;1;2;1;A01
201600033454;0;33;0;0;2;1;0;B01
201600033454;1;7;0;0;2;3;1;A01
201600033455;2;33;0;0;2;4;2;B01
201600033455;2;7;0;0;2;1;1;A01
201600033456;2;7;0;0;1;1;1;A01
201600033457;0;30;0;0;2;1;17;B01
201600033457;1;7;0;0;2;3;15;A01
201600033458;0;7;0;0;2;0;0;A01
201600033458;0;31;0;0;2;0;0;B01
201600033459;1;38;0;0;2;0;7;A01
201600033459;0;1;0;0;0;1;0;B01
201600033460;1;7;0;0;2;3;1;B01
201600033460;2;7;0;0;2;3;1;A01
201600033460;0;7;0;1;0;0;0;C01
201600033461;1;1;0;0;0;0;0;B01
201600033461;1;7;0;0;9;3;15;A01
201600033462;2;7;0;0;1;0;0;A01
201600033463;1;30;0;0;1;1;13;A01
201600033464;1;7;0;0;1;1;1;A01
201600033465;2;10;0;0;1;4;4;A01
201600033466;2;7;0;0;0;0;0;B01
201600033466;2;33;0;14;0;0;0;A01
201600033467;2;2;0;0;2;1;0;A01
201600033467;1;7;0;0;2;1;15;Z01
201600033468;1;7;0;0;1;1;1;A01
201600033469;2;7;0;0;1;1;1;A01
201600033470;2;7;0;0;1;3;2;A01
201600033471;1;7;0;0;1;1;2;A01
201600033472;1;1;0;0;2;1;2;B01
201600033472;1;7;0;0;2;8;16;A01
201600033473;1;7;0;0;2;4;2;B01
201600033473;1;7;0;0;2;1;2;A01
201600033474;1;7;0;0;1;1;1;A01
201600033475;1;7;0;0;2;1;9;A01
201600033475;2;1;0;0;2;5;2;B01
201600033476;2;7;0;0;1;1;2;A01
201600033477;2;7;0;0;2;3;15;A01
201600033477;2;33;0;0;2;1;17;B01
201600033478;0;33;0;0;2;7;0;B01
201600033478;0;7;0;0;2;8;0;A01
201600033479;1;7;0;0;1;1;2;A01
201600033480;1;7;0;0;1;2;2;A01
201600033481;1;7;0;0;2;8;10;A01
201600033481;2;33;0;0;2;1;1;B01
201600033482;2;30;0;0;2;1;2;B01
201600033482;1;7;0;0;2;2;17;A01
201600033483;1;32;0;0;2;7;17;B01
201600033483;1;7;0;0;2;8;10;A01
201600033484;2;7;0;0;1;2;0;A01
201600033485;2;7;0;0;1;1;1;A01
201600033486;2;7;0;14;0;3;2;B01
201600033486;1;7;0;3;0;2;2;A01
201600033487;1;7;0;0;1;2;15;A01
201600033488;2;7;0;0;2;3;19;A01
201600033488;1;7;0;0;2;3;1;B01
201600033489;1;7;0;0;2;1;5;A01
201600033489;2;7;0;0;2;1;1;B01
201600033490;1;7;0;0;1;0;0;A01
201600033491;0;7;0;0;1;3;0;Z01
201600033492;0;7;0;12;0;2;1;A01
201600033493;1;7;0;0;1;1;1;A01
201600033494;0;7;0;0;2;1;1;B01
201600033494;0;7;0;0;2;5;0;A01
201600033495;0;7;0;0;1;1;1;A01
201600033496;0;7;0;0;1;3;1;A01
201600033497;0;7;0;0;1;3;0;A01
201600033498;1;7;0;0;2;3;1;B01
201600033498;1;7;0;0;2;0;0;A01
201600033499;1;2;0;0;2;1;2;A01
201600033499;1;31;0;0;2;0;1;B01
201600033500;2;34;0;0;1;6;1;B01
201600033500;1;7;0;0;2;3;15;A01
201600033501;0;10;0;0;2;6;0;B01
201600033501;0;31;0;0;2;2;0;A01
201600033502;0;7;0;0;1;1;16;A01
201600033503;1;33;0;0;2;1;1;B01
201600033503;2;7;0;0;2;5;15;A01
201600033504;0;33;0;0;2;1;1;B01
201600033504;0;7;0;0;0;3;15;A01
201600033505;1;7;0;8;0;0;0;A01
201600033506;1;33;0;0;0;0;1;B01
201600033506;0;7;0;0;2;8;19;A01
201600033507;0;7;0;0;2;1;9;A01
201600033507;0;1;0;0;0;0;0;B01
201600033508;1;32;0;0;2;1;13;A01
201600033508;2;7;0;0;2;3;1;B01
201600033509;1;1;0;0;1;1;1;A01
201600033510;2;10;0;0;1;3;1;A01
201600033511;2;7;0;11;0;1;1;A01
201600033512;0;7;0;0;2;2;15;A01
201600033512;0;30;0;0;2;1;1;B01
201600033512;0;7;0;0;2;3;23;C01
201600033513;1;7;0;6;0;1;15;A01
201600033514;1;10;0;2;0;3;19;A01
201600033515;1;7;0;2;0;7;14;A01
201600033516;1;33;0;0;2;1;0;B01
201600033516;2;10;0;0;2;2;5;A01
201600033517;2;30;0;0;0;0;1;A01
201600033518;1;7;0;0;2;3;20;A01
201600033518;1;30;0;0;2;1;0;B01
201600033519;1;7;0;2;2;2;1;B01
201600033519;1;7;0;0;2;3;10;A01
201600033520;1;2;0;0;0;2;1;A01
201600033521;2;7;0;0;2;0;0;B01
201600033521;2;7;0;0;2;0;0;A01
201600033522;2;7;0;0;2;8;1;B01
201600033522;2;2;0;0;2;1;17;A01
201600033523;1;7;0;13;2;6;2;B01
201600033523;1;7;0;13;2;2;2;A01
201600033524;2;7;0;0;1;1;0;A01
201600033525;2;7;0;13;0;1;0;A01
201600033526;2;7;0;0;2;1;13;A01
201600033526;1;7;0;0;2;1;1;B01
201600033527;2;7;0;0;0;0;0;A01
201600033528;1;7;0;0;2;4;2;C01
201600033528;1;10;0;0;2;4;2;B01
201600033528;1;7;0;0;2;1;2;A01
201600033529;2;7;0;0;1;8;2;A01
201600033530;1;7;0;0;1;0;1;A01
201600033531;1;7;0;0;1;1;0;A01
201600033532;2;13;0;0;1;8;15;A01
201600033533;2;10;0;13;0;3;0;A01
201600033534;2;7;0;2;0;1;0;A01
201600033535;2;7;0;0;2;1;1;B01
201600033535;2;7;0;0;2;2;15;A01
201600033536;1;7;0;0;2;1;2;A01
201600033536;1;7;0;0;2;4;2;C01
201600033536;1;7;0;0;2;4;2;D01
201600033536;1;7;0;0;2;4;2;B01
201600033537;1;7;0;0;1;0;0;A01
201600033538;2;33;0;0;2;1;1;B01
201600033538;1;7;0;0;2;2;10;A01
201600033539;1;7;0;0;1;4;4;A01
201600033540;2;7;0;0;2;3;15;A01
201600033540;1;33;0;0;2;1;1;B01
201600033541;1;33;0;0;0;0;17;A01
201600033542;2;7;0;0;2;4;1;B01
201600033542;2;7;0;0;2;4;1;C01
201600033542;2;7;0;0;2;1;1;A01
201600033543;1;2;0;0;2;1;2;A01
201600033543;1;10;0;0;9;4;2;B01
201600033544;2;30;0;0;2;1;0;A01
201600033544;2;30;0;0;2;1;20;B01
201600033545;1;7;0;0;1;4;4;Z01
201600033546;1;7;0;0;2;8;0;B01
201600033546;1;7;0;0;2;2;17;A01
201600033547;1;7;0;0;2;1;1;B01
201600033547;2;1;0;0;2;8;15;A01
201600033548;1;7;0;0;1;3;9;A01
201600033549;1;7;0;0;1;2;1;A01
201600033550;2;30;0;0;2;1;1;B01
201600033550;1;7;0;0;2;2;15;A01
201600033551;2;30;0;0;2;1;1;B01
201600033551;1;7;0;0;2;2;15;A01
201600033552;2;33;0;0;0;0;0;A01
201600033553;0;10;0;0;1;2;1;A01
201600033554;1;7;0;0;0;0;2;C01
201600033554;2;7;0;0;2;1;1;B01
201600033554;1;7;0;0;2;1;13;A01
201600033555;2;7;0;0;2;1;2;A01
201600033555;2;10;0;0;2;4;23;B01
201600033556;1;7;0;0;2;5;14;A01
201600033556;1;7;0;0;2;3;1;B01
201600033557;1;7;0;0;1;2;1;A01
201600033558;2;7;0;13;0;9;1;A01
201600033559;2;2;0;0;0;2;1;A01
201600033560;1;7;0;0;2;6;15;A01
201600033560;0;2;0;0;0;0;0;B01
201600033561;2;7;0;0;2;1;1;B01
201600033561;1;7;0;8;2;1;13;A01
201600033562;2;7;0;0;1;6;0;A01
201600033563;1;7;0;0;2;8;0;A01
201600033563;1;7;0;0;2;4;2;C01
201600033563;1;7;0;0;2;6;0;B01
201600033564;0;1;0;0;2;1;0;B01
201600033564;0;7;0;0;2;2;1;A01
201600033565;2;7;0;0;2;4;1;B01
201600033565;0;2;0;0;2;1;2;A01
201600033566;2;7;0;0;9;0;4;A01
201600033566;2;2;0;0;2;0;0;B01
201600033567;1;7;0;0;2;0;0;A01
201600033567;1;13;0;0;2;2;2;B01
201600033568;2;7;0;0;1;2;15;A01
201600033569;1;2;0;0;2;1;1;B01
201600033569;2;7;0;0;2;2;15;A01
201600033570;2;7;0;0;2;8;0;B01
201600033570;2;2;0;0;2;1;19;A01
201600033571;1;7;0;13;0;0;14;C01
201600033571;1;7;0;0;2;1;1;B01
201600033571;1;7;0;14;0;2;1;D01
201600033571;1;7;0;0;9;1;1;E01
201600033571;2;7;0;0;2;1;13;A01
201600033572;2;1;0;0;2;0;0;B01
201600033572;2;7;0;0;9;8;1;A01
201600033573;1;7;0;0;1;0;0;A01
201600033574;1;7;0;0;2;1;16;A01
201600033574;1;1;0;0;2;8;19;B01
201600033575;2;7;0;0;1;3;1;A01
201600033576;1;7;0;13;0;1;1;A01
201600033577;1;31;0;0;1;1;0;A01
201600033578;2;7;0;0;2;7;16;A01
201600033578;2;1;0;0;2;1;1;B01
201600033579;1;3;0;0;1;1;0;A01
201600033580;2;7;0;0;2;1;1;B01
201600033580;2;15;0;0;0;8;4;A01
201600033581;2;13;0;5;2;7;0;B01
201600033581;1;7;0;0;2;2;0;A01
201600033582;0;2;0;0;2;0;0;B01
201600033582;0;7;0;0;2;3;16;A01
201600033583;0;7;0;0;1;0;1;A01
201600033584;0;7;0;0;1;1;1;A01
201600033585;2;7;0;0;1;1;1;A01
201600033586;2;7;0;0;0;9;1;A01
201600033587;0;7;0;0;2;4;1;B01
201600033587;0;7;0;0;2;1;1;A01
201600033588;0;30;0;0;2;8;1;B01
201600033588;2;7;0;0;2;7;17;A01
201600033589;0;7;0;0;1;1;0;A01
201600033590;1;30;0;0;2;1;1;B01
201600033590;2;7;0;0;2;2;15;A01
201600033591;1;7;0;0;1;1;15;A01
201600033592;2;33;0;1;2;1;17;B01
201600033592;2;7;0;0;2;0;15;A01
201600033593;0;7;0;0;2;1;2;A01
201600033593;0;7;0;0;2;4;15;B01
201600033594;2;7;0;0;0;9;0;A01
201600033595;1;7;0;0;1;1;1;A01
201600033596;0;30;0;0;2;1;1;A01
201600033596;0;7;0;0;2;4;23;B01
201600033597;2;7;0;0;1;2;1;A01
201600033598;1;30;0;0;2;1;1;A01
201600033598;1;7;0;0;2;3;15;B01
201600033599;0;7;0;0;2;1;1;A01
201600033599;0;99;0;0;2;1;1;B01
201600033599;0;99;0;0;2;1;1;C01
201600033600;0;33;0;0;1;1;1;A01
201600033601;2;1;0;14;0;1;1;A01
201600033602;2;7;0;0;2;3;15;B01
201600033602;2;33;0;0;2;7;17;A01
201600033603;2;7;0;0;2;1;5;A01
201600033603;1;33;0;0;2;1;1;B01
201600033604;1;7;0;0;0;1;1;A01
201600033605;1;7;0;0;2;3;15;A01
201600033605;2;30;0;0;2;1;1;B01
201600033606;2;7;0;0;1;1;1;A01
201600033607;1;7;0;0;2;4;1;B01
201600033607;1;7;0;0;2;1;1;A01
201600033608;1;30;0;0;0;0;0;B01
201600033608;2;7;0;0;2;3;15;A01
201600033609;0;7;0;0;2;4;1;B01
201600033609;0;7;0;7;2;2;17;A01
201600033610;1;7;0;0;2;2;1;A01
201600033610;1;7;0;0;2;3;1;B01
201600033611;0;7;0;0;0;0;0;B01
201600033611;0;31;0;0;2;1;19;A01
201600033612;0;10;0;8;0;1;0;A01
201600033613;0;3;0;1;0;1;14;A01
201600033614;0;34;0;8;0;1;1;A01
201600033615;0;10;0;0;2;1;1;A01
201600033615;0;7;0;0;2;4;23;B01
201600033615;0;7;0;0;2;4;23;C01
201600033616;2;7;0;4;2;2;1;A01
201600033616;2;7;0;0;2;6;1;B01
201600033617;0;31;0;16;0;0;0;A01
201600033618;2;7;0;0;2;3;13;A01
201600033618;1;7;0;0;2;3;1;B01
201600033619;0;33;0;14;0;1;13;A01
201600033620;1;34;0;0;2;1;1;B01
201600033620;2;7;0;0;2;3;15;A01
201600033621;0;7;0;0;1;1;0;A01
201600033622;2;30;0;0;1;1;16;A01
201600033623;1;7;0;0;1;1;1;A01
201600033624;1;7;0;14;0;0;0;C01
201600033624;1;7;0;14;0;0;1;B01
201600033624;1;14;0;3;2;1;14;A01
201600033625;0;7;0;0;1;1;1;A01
201600033626;0;1;0;4;0;1;1;A01
201600033627;2;7;0;0;2;6;1;B01
201600033627;2;15;0;0;2;2;12;A01
201600033628;2;1;0;0;2;3;19;B01
201600033628;2;2;0;0;2;1;1;A01
201600033629;1;10;0;0;1;0;0;A01
201600033630;0;33;0;0;1;0;0;A01
201600033631;2;1;0;0;1;1;1;A01
201600033632;0;7;0;0;0;9;1;A01
201600033633;1;1;0;0;2;1;1;B01
201600033633;2;7;0;0;2;3;15;A01
201600033634;2;7;0;0;1;1;1;A01
201600033635;2;31;0;0;0;3;1;A01
201600033636;2;7;0;0;2;4;23;B01
201600033636;2;10;0;0;2;1;1;A01
201600033637;0;7;0;0;2;4;23;B01
201600033637;0;7;0;0;2;1;1;A01
201600033637;0;7;0;0;2;4;23;C01
201600033638;2;7;0;0;1;1;1;Z01
201600033639;2;1;0;0;2;3;0;A01
201600033639;2;38;0;0;2;5;1;B01
201600033640;2;31;0;16;0;7;1;A01
201600033641;2;7;0;0;1;1;1;A01
201600033642;2;7;0;0;0;1;1;A01
201600033643;1;33;0;13;0;1;1;A01
201600033644;1;7;0;13;0;9;1;A01
201600033645;2;7;0;0;1;3;1;A01
201600033646;0;7;0;8;0;9;1;A01
201600033647;0;30;0;14;0;1;1;A01
201600033648;0;17;0;0;1;1;1;A01
201600033649;2;7;0;0;1;2;1;A01
201600033650;2;7;0;0;0;3;1;A01
201600033651;2;7;0;6;0;1;0;A01
201600033652;0;32;0;16;0;8;1;A01
201600033653;0;7;0;0;1;1;15;A01
201600033654;0;7;0;0;0;0;0;A01
201600033655;1;7;0;0;2;4;1;B01
201600033655;1;37;0;0;2;1;1;A01
201600033656;1;30;0;0;0;0;1;A01
201600033657;0;7;0;0;1;1;1;A01
201600033658;0;31;0;0;4;1;19;Z01
201600033658;0;40;0;0;2;1;1;B01
201600033659;0;34;0;11;0;1;1;A01
201600033660;0;7;0;0;1;7;1;A01
201600033661;2;1;0;15;1;1;0;A01
201600033662;0;31;0;14;1;1;17;A01
201600033662;0;7;0;0;2;8;23;B01
201600033663;2;7;0;0;2;1;13;A01
201600033663;1;7;0;0;2;1;1;B01
201600033664;1;2;0;0;0;0;0;A01
201600033665;0;7;0;0;2;1;2;A01
201600033665;0;7;0;0;2;4;2;B01
201600033666;0;7;0;0;2;2;1;B01
201600033666;0;7;0;0;2;2;15;A01
201600033667;0;1;0;0;2;3;0;B01
201600033667;2;7;0;0;2;5;0;A01
201600033668;1;14;0;0;2;1;5;A01
201600033668;2;7;0;0;2;1;0;C01
201600033668;2;7;0;0;2;1;13;B01
201600033669;1;7;0;1;0;1;0;A01
201600033670;1;7;0;0;1;1;0;A01
201600033671;1;7;0;0;2;2;1;A01
201600033671;2;30;0;0;2;1;1;B01
201600033672;0;33;0;0;0;0;0;A01
201600033673;2;7;0;0;1;4;4;A01
201600033674;1;7;0;0;2;1;1;B01
201600033674;2;30;0;0;2;1;13;A01
201600033675;1;7;0;0;2;1;13;A01
201600033675;0;7;0;0;2;1;1;B01
201600033676;1;1;0;0;0;0;0;A01
201600033677;0;7;0;0;2;8;1;B01
201600033677;0;30;0;0;2;1;5;A01
201600033678;1;7;0;0;2;4;1;B01
201600033678;1;7;0;0;2;1;2;A01
201600033679;0;32;0;0;2;1;1;A01
201600033679;0;7;0;0;2;3;1;B01
201600033680;1;7;0;0;2;1;2;A01
201600033680;1;7;0;0;2;4;1;B01
201600033681;0;7;0;0;1;7;0;A01
201600033682;1;7;0;0;0;0;0;B01
201600033682;1;30;0;0;2;7;17;A01
201600033683;2;30;0;0;0;0;0;A01
201600033684;2;7;0;0;1;1;1;A01
201600033685;2;7;0;0;2;8;1;A01
201600033685;1;32;0;0;2;1;1;B01
201600033686;0;33;0;0;0;0;1;A01
201600033687;0;7;0;0;1;1;1;A01
201600033688;0;10;0;0;2;7;1;B01
201600033688;0;30;0;0;2;1;5;A01
201600033689;1;33;0;16;0;1;13;A01
201600033690;1;33;0;16;0;1;1;A01
201600033691;1;32;0;0;2;0;0;A01
201600033691;2;7;0;0;2;2;0;B01
201600033692;0;1;0;0;2;1;15;B01
201600033692;0;7;0;0;2;2;1;A01
201600033693;1;30;0;16;0;0;15;A01
201600033694;0;7;0;0;1;1;1;A01
201600033695;2;7;0;0;1;1;1;Z01
201600033696;1;33;0;14;0;1;1;A01
201600033697;0;7;0;0;2;1;1;A01
201600033697;0;7;0;0;2;4;15;B01
201600033698;2;33;0;0;2;1;1;B01
201600033698;2;7;0;0;2;3;16;A01
201600033699;1;7;0;0;2;2;1;A01
201600033699;2;33;0;0;2;1;1;B01
201600033700;0;7;0;2;0;0;0;A01
201600033701;0;7;0;0;1;1;1;A01
201600033702;0;7;0;0;2;1;1;A01
201600033702;0;30;0;0;2;4;1;B01
201600033702;0;7;0;0;2;5;1;C01
201600033703;0;7;0;0;2;1;0;Z01
201600033703;0;30;0;0;2;5;0;A01
201600033704;0;30;0;0;2;2;1;A01
201600033704;0;7;0;0;2;3;1;B01
201600033705;0;7;0;0;2;1;1;B01
201600033705;0;7;0;0;2;1;13;A01
201600033705;0;7;0;1;1;1;14;C01
201600033706;0;7;0;8;0;1;13;A01
201600033707;0;33;0;8;0;0;0;A01
201600033708;2;31;0;0;2;0;1;Z01
201600033708;1;37;0;0;2;1;1;A01
201600033709;0;7;0;6;2;1;1;A01
201600033709;0;7;0;8;2;5;1;B01
201600033710;1;7;0;0;1;2;1;A01
201600033711;0;7;0;8;0;1;13;A01
201600033712;2;7;0;0;6;9;1;A01
201600033713;0;7;0;0;2;2;1;A01
201600033713;0;7;0;0;2;8;1;B01
201600033714;2;30;0;0;2;3;1;A01
201600033714;2;7;0;0;2;1;1;B01
201600033715;0;7;0;0;2;1;1;B01
201600033715;0;10;0;1;2;1;13;A01
201600033716;0;7;0;0;2;1;15;Z01
201600033716;0;7;0;0;2;8;1;A01
201600033717;0;7;0;0;1;1;1;A01
201600033718;2;7;0;0;2;3;1;B01
201600033718;2;7;0;0;2;3;15;A01
201600033719;1;7;0;0;2;1;1;A01
201600033719;1;7;0;0;2;7;1;B01
201600033720;2;7;0;0;2;3;1;B01
201600033720;1;33;0;14;2;1;17;A01
201600033721;0;30;0;0;2;3;15;B01
201600033721;1;7;0;0;2;2;1;A01
201600033722;2;7;0;0;2;3;15;B01
201600033722;2;7;0;0;2;2;12;A01
201600033723;2;33;0;0;1;1;1;A01
201600033724;1;7;0;0;1;1;1;A01
201600033725;2;30;0;11;0;1;1;A01
201600033726;1;30;0;16;0;0;0;A01
201600033727;0;7;0;12;0;1;16;A01
201600033728;1;7;0;4;0;1;1;A01
201600033729;2;3;0;0;2;2;15;A01
201600033729;1;7;0;0;2;1;1;B01
201600033730;1;7;0;0;2;3;15;A01
201600033730;1;32;0;0;2;7;15;B01
201600033731;0;7;0;2;0;3;16;A01
201600033732;0;7;0;0;1;1;1;A01
201600033733;0;33;0;15;0;1;14;A01
201600033734;0;7;0;0;1;1;1;Z01
201600033735;0;7;0;0;1;1;16;A01
201600033736;0;7;0;0;2;1;13;A01
201600033736;0;10;0;4;0;1;1;B01
201600033737;1;7;0;0;2;1;1;A01
201600033737;0;7;0;0;2;3;15;B01
201600033738;1;7;0;0;2;8;15;A01
201600033738;1;33;0;0;2;1;1;B01
201600033739;1;7;0;4;0;1;14;A01
201600033740;0;10;0;0;2;1;2;A01
201600033740;0;30;0;0;2;4;2;B01
201600033740;0;7;0;0;0;0;0;C01
201600033741;0;7;0;0;1;1;1;A01
201600033742;1;30;0;16;0;0;1;A01
201600033743;0;7;0;0;1;3;1;A01
201600033744;2;31;0;0;2;1;17;B01
201600033744;2;7;0;0;2;8;15;A01
201600033745;0;7;0;0;1;1;20;A01
201600033746;1;33;0;14;0;1;1;A01
201600033747;0;33;0;11;0;1;1;A01
201600033748;2;7;0;0;2;3;1;B01
201600033748;1;7;0;0;2;1;5;A01
201600033749;1;1;0;0;2;4;1;B01
201600033749;1;7;0;0;2;1;1;A01
201600033750;1;7;0;0;2;7;1;A01
201600033750;2;33;0;0;0;3;1;B01
201600033751;0;7;0;0;2;2;1;A01
201600033751;0;20;0;0;2;1;1;B01
201600033752;1;7;0;0;1;1;1;A01
201600033753;0;30;0;0;2;1;0;A01
201600033753;0;7;0;0;2;6;16;B01
201600033754;2;2;0;0;2;1;1;A01
201600033754;2;7;0;0;2;6;23;B01
201600033755;0;10;0;0;1;1;1;A01
201600033756;2;7;0;16;0;9;21;A01
201600033757;2;7;0;0;2;3;15;B01
201600033757;2;33;0;0;2;1;17;A01
201600033758;1;30;0;0;2;1;1;B01
201600033758;2;7;0;0;2;2;15;A01
201600033759;1;7;0;0;1;1;1;A01
201600033760;2;30;0;0;0;1;0;A01
201600033761;0;7;0;6;0;8;1;A01
201600033762;1;7;0;0;1;4;4;A01
201600033763;0;7;0;0;2;1;1;A01
201600033763;0;33;0;0;2;8;1;B01
201600033764;1;3;0;0;2;4;11;A01
201600033764;1;33;0;0;2;0;17;B01
201600033765;0;7;0;15;0;1;1;A01
201600033766;0;7;0;0;2;1;15;B01
201600033766;0;7;0;0;2;1;1;A01
201600033767;0;30;0;0;0;8;12;A01
201600033768;1;7;0;0;2;7;12;A01
201600033768;1;33;0;0;2;8;1;B01
201600033769;0;33;0;0;0;8;0;A01
201600033770;1;7;0;4;0;1;1;A01
201600033771;0;7;0;0;1;4;4;A01
201600033772;0;30;0;0;0;0;1;A01
201600033773;1;7;0;0;2;2;16;A01
201600033773;1;7;0;0;2;3;1;B01
201600033774;2;37;0;0;0;0;24;B01
201600033774;2;30;0;11;0;1;1;A01