Num_Acc;senc;catv;occutc;obs;obsm;choc;manv;num_veh
201600033775;1;7;0;3;0;1;21;A01
201600033776;2;32;0;0;2;1;17;B01
201600033776;2;7;0;0;2;3;15;A01
201600033777;2;2;0;0;2;2;1;B01
201600033777;2;7;0;0;2;8;9;A01
201600033778;1;7;0;0;1;1;0;A01
201600033779;1;7;0;1;0;1;14;A01
201600033780;0;7;0;0;2;1;13;A01
201600033780;0;17;0;0;0;0;0;B01
201600033781;1;33;0;0;2;1;1;B01
201600033781;2;1;0;0;2;1;15;A01
201600033782;0;7;0;0;2;3;13;A01
201600033782;0;7;0;0;2;3;1;B01
201600033783;0;7;0;0;0;0;0;Z01
201600033783;1;32;0;0;2;1;17;A01
201600033784;0;2;0;0;2;1;1;B01
201600033784;0;7;0;0;2;2;10;A01
201600033785;0;30;0;16;0;8;21;B01
201600033785;0;30;0;16;0;7;1;A01
201600033786;0;33;0;0;2;8;0;A01
201600033786;0;7;0;0;2;2;16;B01
201600033787;0;7;0;0;1;2;15;A01
201600033788;0;7;0;8;0;1;0;A01
201600033789;0;7;0;0;2;3;19;Z01
201600033789;0;7;0;0;2;2;1;A01
201600033790;1;7;0;4;0;9;0;A01
201600033791;0;7;0;0;1;2;1;A01
201600033792;0;7;0;0;1;2;16;A01
201600033793;0;33;0;0;2;7;1;B01
201600033793;0;7;0;0;2;7;16;A01
201600033794;2;7;0;0;2;1;16;B01
201600033794;2;7;0;0;2;1;15;C01
201600033794;1;7;0;0;2;1;1;A01
201600033795;1;7;0;0;9;3;1;B01
201600033795;2;7;0;2;0;3;13;A01
201600033796;0;7;0;0;2;1;13;A01
201600033796;0;7;0;0;2;1;1;B01
201600033797;1;14;0;0;2;2;1;A01
201600033797;0;7;0;0;2;8;1;B01
201600033798;0;7;0;0;2;3;9;A01
201600033798;0;33;0;0;2;1;1;B01
201600033799;0;2;0;0;2;1;1;A01
201600033799;0;7;0;0;2;2;19;Z01
201600033800;2;7;0;0;1;3;0;Z01
201600033801;0;7;0;0;2;7;15;A01
201600033801;0;7;0;0;2;1;1;B01
201600033802;1;10;0;0;1;3;1;A01
201600033803;0;34;0;0;2;3;1;B01
201600033803;0;7;0;0;2;3;15;A01
201600033804;2;7;0;0;2;1;13;A01
201600033804;1;7;0;0;2;1;1;B01
201600033805;0;7;0;6;0;1;0;A01
201600033806;0;7;0;0;2;1;1;A01
201600033806;0;7;0;0;2;9;1;B01
201600033806;0;7;0;0;2;4;1;C01
201600033807;2;7;0;0;1;1;1;A01
201600033808;0;7;0;0;2;0;13;A01
201600033808;0;7;0;0;2;3;1;B01
201600033809;0;7;0;0;1;3;1;A01
201600033810;2;7;0;0;2;1;1;B01
201600033810;1;7;0;0;2;7;15;A01
201600033811;0;7;0;0;2;6;9;A01
201600033811;0;13;0;0;2;2;1;B01
201600033812;0;7;0;0;1;0;0;Z01
201600033813;0;7;0;6;0;9;0;A01
201600033814;0;99;0;0;2;7;1;A01
201600033814;0;7;0;0;2;3;15;B01
201600033815;1;7;0;0;1;1;16;A01
201600033816;0;10;0;0;1;3;1;A01
201600033817;0;7;0;0;2;3;14;A01
201600033817;0;1;0;0;2;1;1;B01
201600033818;0;1;0;0;2;1;19;A01
201600033818;0;10;0;0;2;1;1;B01
201600033819;1;7;0;5;2;6;1;A01
201600033819;1;7;0;0;0;0;0;Z01
201600033820;1;7;0;0;2;2;2;C01
201600033820;1;7;0;0;2;3;15;A01
201600033820;2;7;0;0;2;3;1;B01
201600033821;0;7;0;0;1;1;1;A01
201600033822;1;7;0;0;2;1;23;A01
201600033822;1;7;0;0;2;2;1;B01
201600033823;1;7;0;0;2;2;0;A01
201600033823;0;7;0;0;2;3;0;B01
201600033824;0;7;0;0;2;0;0;Z01
201600033824;0;33;0;0;2;6;1;B01
201600033825;0;7;0;0;1;1;1;A01
201600033826;0;7;0;2;0;1;1;A01
201600033827;0;7;0;0;1;4;4;A01
201600033828;0;7;0;0;2;8;1;B01
201600033828;0;10;0;0;2;0;1;A01
201600033829;0;7;0;0;1;1;15;A01
201600033830;0;7;0;0;2;3;0;A01
201600033830;0;7;0;0;2;2;15;B01
201600033831;0;14;0;0;2;2;0;B01
201600033831;0;7;0;0;2;1;0;A01
201600033832;0;7;0;0;1;1;1;A01
201600033833;2;30;0;0;2;1;1;B01
201600033833;0;7;0;0;2;3;19;A01
201600033834;0;7;0;0;1;0;1;Z01
201600033835;1;99;0;0;0;0;0;B01
201600033835;1;7;0;0;2;1;1;A01
201600033836;0;7;0;8;0;1;0;A01
201600033837;0;7;0;1;0;0;0;A01
201600033838;0;7;0;0;1;0;0;A01
201600033839;1;7;0;0;2;3;2;A01
201600033839;1;7;0;0;2;5;15;B01
201600033840;0;7;0;0;2;0;19;A01
201600033840;2;2;0;0;2;1;1;B01
201600033841;0;30;0;8;0;8;0;A01
201600033842;0;2;0;0;2;1;0;A01
201600033842;0;7;0;0;2;7;1;B01
201600033843;0;7;0;0;2;3;15;B01
201600033843;0;7;0;0;2;3;1;C01
201600033843;0;7;0;0;2;1;1;A01
201600033844;0;7;0;0;2;0;9;Z01
201600033844;0;2;0;0;2;7;1;A01
201600033845;0;7;0;0;2;8;9;A01
201600033845;0;7;0;0;2;2;1;B01
201600033846;0;10;0;0;1;1;1;A01
201600033847;0;7;0;0;2;1;16;A01
201600033847;0;7;0;0;2;1;15;B01
201600033848;2;7;0;2;2;1;17;A01
201600033848;1;33;0;0;2;1;1;B01
201600033849;2;7;0;0;2;5;23;B01
201600033849;2;7;0;0;2;4;23;C01
201600033849;2;10;0;0;2;3;21;A01
201600033850;0;7;0;0;0;0;0;Z01
201600033850;0;2;0;0;2;0;1;B01
201600033851;0;7;0;0;2;5;1;A01
201600033851;0;2;0;0;2;1;1;B01
201600033852;0;10;0;0;2;3;9;A01
201600033852;0;2;0;0;2;1;0;B01
201600033853;0;33;0;0;2;8;1;B01
201600033853;0;7;0;0;2;3;15;A01
201600033854;0;33;0;0;2;1;1;B01
201600033854;0;7;0;0;2;3;15;A01
201600033855;0;7;0;0;1;3;1;A01
201600033856;0;7;0;0;2;4;1;B01
201600033856;0;30;0;0;2;1;1;A01
201600033857;0;7;0;0;1;1;1;A01
201600033858;0;10;0;0;1;0;20;A01
201600033859;1;7;0;3;2;1;0;A01
201600033859;1;10;0;0;2;1;2;B01
201600033860;0;10;0;0;1;1;1;A01
201600033861;1;7;0;0;2;3;0;B01
201600033861;2;31;0;0;2;1;1;A01
201600033862;2;7;0;14;1;1;1;A01
201600033863;1;10;0;0;2;7;15;B01
201600033863;2;33;0;0;2;1;5;A01
201600033864;0;7;0;0;0;0;0;B01
201600033864;0;7;0;0;1;2;1;A01
201600033865;0;32;0;0;2;1;0;B01
201600033865;0;7;0;0;2;7;0;A01
201600033866;2;7;0;0;2;6;1;B01
201600033866;2;30;0;0;2;2;17;A01
201600033867;0;7;0;0;1;1;1;A01
201600033868;2;10;0;0;1;1;1;A01
201600033869;0;7;0;0;1;1;1;A01
201600033870;0;1;0;0;1;1;17;A01
201600033871;0;7;0;0;1;0;0;Z01
201600033872;0;31;0;0;2;3;1;B01
201600033872;0;7;0;0;0;0;0;A01
201600033873;1;3;0;0;2;6;1;A01
201600033873;0;7;0;0;2;0;9;Z01
201600033874;2;7;0;0;2;6;1;B01
201600033874;1;7;0;0;2;3;1;A01
201600033875;0;7;0;0;1;6;15;A01
201600033876;0;7;0;0;2;4;1;B01
201600033876;0;7;0;0;2;1;2;A01
201600033877;0;7;0;0;2;4;1;B01
201600033877;0;7;0;0;2;3;9;A01
201600033878;1;7;0;0;2;8;1;B01
201600033878;2;7;0;0;2;3;1;A01
201600033879;1;10;0;0;2;2;1;A01
201600033879;0;10;0;0;2;3;1;B01
201600033880;2;33;0;0;0;0;1;A01
201600033881;0;7;0;0;2;1;1;C01
201600033881;0;7;0;0;2;1;1;B01
201600033881;0;7;0;0;2;1;1;A01
201600033882;2;7;0;0;2;4;2;B01
201600033882;2;7;0;0;2;1;2;A01
201600033883;0;2;0;0;2;1;1;B01
201600033883;0;7;0;0;2;6;13;A01
201600033884;0;7;0;0;2;4;1;A01
201600033884;0;33;0;0;2;1;1;C01
201600033884;0;7;0;0;2;9;1;B01
201600033885;0;10;0;0;1;5;4;A01
201600033886;2;1;0;0;2;4;1;B01
201600033886;2;7;0;0;2;1;0;A01
201600033887;1;7;0;0;2;0;1;A02
201600033887;1;7;0;0;2;3;1;A01
201600033888;0;7;0;0;2;2;1;B01
201600033888;0;7;0;0;2;1;1;A01
201600033889;0;7;0;0;1;0;0;A01
201600033890;0;7;0;0;1;0;0;Z01
201600033891;0;1;0;0;0;0;0;B01
201600033891;0;1;0;0;2;1;1;A01
201600033892;0;7;0;0;1;3;1;A01
201600033893;0;7;0;0;1;0;0;Z01
201600033894;1;7;0;0;2;1;2;A01
201600033894;1;7;0;0;2;4;2;B01
201600033895;0;7;0;0;9;1;1;A01
201600033896;0;7;0;0;1;3;1;A01
201600033897;0;7;0;2;0;9;13;A01
201600033898;1;7;0;8;0;1;1;A01
201600033899;0;7;0;0;2;9;1;B01
201600033899;0;7;0;0;2;1;1;A01
201600033899;0;7;0;0;2;4;1;C01
201600033900;0;7;0;0;1;3;1;A01
201600033901;0;7;0;0;2;3;1;C01
201600033901;0;7;0;0;2;1;1;B01
201600033901;0;7;0;0;2;3;9;A01
201600033902;0;7;0;0;2;4;1;B01
201600033902;0;7;0;0;2;3;1;A01
201600033903;0;7;0;0;2;4;2;B01
201600033903;0;7;0;0;2;1;2;A01
201600033904;0;7;0;0;2;3;1;B01
201600033904;1;34;0;0;2;2;1;A01
201600033905;0;7;0;9;1;1;14;Z01
201600033906;0;7;0;0;2;0;0;Z01
201600033906;0;32;0;0;2;1;1;B01
201600033907;0;7;0;0;1;3;1;A01
201600033908;0;7;0;0;1;1;15;Z01
201600033909;0;31;0;0;2;1;13;A01
201600033909;0;7;0;0;2;2;1;B01
201600033910;0;7;0;0;2;0;0;Z01
201600033910;0;1;0;0;2;8;9;A01
201600033911;0;7;0;0;2;2;10;A01
201600033911;0;33;0;0;2;1;1;B01
201600033912;0;7;0;0;2;1;2;A01
201600033912;0;7;0;0;2;4;2;B01
201600033913;0;33;0;2;0;1;1;A01
201600033914;0;7;0;0;1;1;0;Z01
201600033915;2;7;0;0;1;2;0;A01
201600033916;0;31;0;1;0;1;1;A01
201600033916;0;14;0;0;0;0;0;B01
201600033917;0;7;0;0;0;1;1;B01
201600033917;0;7;0;14;0;9;0;A01
201600033918;2;7;0;0;2;1;1;A01
201600033918;0;7;0;0;2;8;1;B01
201600033919;1;7;0;0;2;1;1;B01
201600033919;2;32;0;0;2;0;0;A01
201600033920;0;7;0;0;1;1;1;B01
201600033920;0;7;0;0;2;1;1;A01
201600033921;1;14;0;0;1;0;0;Z01
201600033922;0;3;0;0;1;2;1;A01
201600033923;0;7;0;0;1;8;1;A01
201600033924;0;7;0;0;2;7;23;B01
201600033924;0;2;0;0;2;1;1;A01
201600033925;0;1;0;0;2;4;12;B01
201600033925;0;7;0;0;2;2;1;A01
201600033926;2;7;0;0;2;3;1;A01
201600033926;1;7;0;0;2;6;1;C01
201600033926;1;33;0;0;2;1;1;B01
201600033927;1;7;0;14;0;1;1;A01
201600033927;1;7;0;0;2;4;23;B01
201600033928;0;33;0;0;2;8;1;B01
201600033928;0;7;0;0;2;1;15;A01
201600033929;0;7;0;0;1;1;1;A01
201600033930;0;7;0;2;0;3;14;A01
201600033931;0;7;0;0;1;1;14;A01
201600033932;0;7;0;0;2;1;1;B01
201600033932;0;7;0;12;2;7;13;A01
201600033933;0;7;0;0;1;1;0;A01
201600033934;2;7;0;12;0;7;21;A01
201600033935;0;7;0;0;1;4;2;B01
201600033935;0;37;0;0;2;3;1;A01
201600033936;1;33;0;0;2;1;2;A01
201600033936;1;7;0;0;2;6;11;B01
201600033937;0;7;0;0;1;0;0;Z01
201600033938;0;7;0;0;2;2;1;A01
201600033938;0;7;0;0;2;3;1;B01
201600033939;0;7;0;1;0;1;14;A01
201600033940;0;7;0;0;2;1;0;Z01
201600033940;0;33;0;12;2;4;2;B01
201600033941;0;7;0;0;1;1;1;A01
201600033942;1;7;0;0;2;1;1;A01
201600033942;0;7;0;0;2;8;1;B01
201600033943;0;7;0;0;1;1;1;A01
201600033944;1;7;0;1;2;3;11;A01
201600033944;1;14;0;0;0;0;0;C01
201600033945;0;10;0;0;1;4;2;B01
201600033945;0;15;0;0;2;1;2;A01
201600033946;2;33;0;4;0;3;1;A01
201600033947;0;14;0;0;2;3;1;B01
201600033947;0;7;0;0;2;7;16;A01
201600033948;0;7;0;0;1;3;1;A01
201600033949;0;7;0;8;0;1;15;A01
201600033950;0;7;0;0;1;0;0;Z01
201600033951;2;7;0;0;1;1;16;A01
201600033952;0;7;0;0;2;7;1;A01
201600033952;0;7;0;0;2;1;1;B01
201600033953;1;33;0;0;1;1;1;A01
201600033954;0;7;0;0;2;3;1;A01
201600033954;0;31;0;0;2;2;1;B01
201600033955;0;7;0;0;2;0;1;A01
201600033955;0;1;0;0;2;0;0;B01
201600033956;0;7;0;0;1;1;1;A01
201600033957;2;15;0;0;1;3;1;A01
201600033958;2;7;0;0;2;1;13;A01
201600033958;1;7;0;0;2;1;1;B01
201600033959;0;7;0;1;2;3;1;B01
201600033959;0;7;0;0;2;8;13;A01
201600033960;0;7;0;0;2;1;1;A01
201600033960;0;2;0;0;2;1;15;B01
201600033961;0;7;0;0;1;1;15;A01
201600033962;1;7;0;0;1;1;1;A01
201600033963;0;33;0;0;1;3;1;A01
201600033964;0;2;0;0;1;1;1;A01
201600033965;0;7;0;0;2;3;1;B01
201600033965;0;15;0;8;2;1;13;A01
201600033966;0;7;0;1;0;2;1;A01
201600033967;2;7;0;0;1;2;15;A01
201600033968;1;7;0;4;0;3;1;A01
201600033969;0;7;0;0;2;5;23;B01
201600033969;0;7;0;0;0;0;0;Z01
201600033970;0;7;0;0;1;1;0;A01
201600033971;2;7;0;0;2;6;0;B01
201600033971;2;7;0;0;2;2;0;A01
201600033972;0;34;0;1;0;3;1;A01
201600033973;0;31;0;14;2;4;2;B01
201600033973;0;7;0;0;2;6;23;C01
201600033973;0;7;0;0;2;1;2;A01
201600033974;1;7;0;0;0;1;1;A01
201600033975;0;10;0;0;2;3;1;B01
201600033975;0;7;0;0;2;3;13;A01
201600033976;0;10;0;0;2;2;0;A01
201600033976;0;33;0;0;2;8;0;B01
201600033977;0;33;0;0;2;0;0;B01
201600033977;0;7;0;0;2;8;0;A01
201600033978;2;32;0;0;0;7;15;A01
201600033979;0;7;0;0;1;3;1;A01
201600033980;0;7;0;13;0;0;0;A01
201600033981;0;7;0;0;2;2;9;A01
201600033981;0;7;0;0;2;1;15;B01
201600033982;0;7;0;0;2;3;1;B01
201600033982;0;7;0;0;2;7;1;A01
201600033983;0;7;0;2;0;1;21;A01
201600033984;0;7;0;0;2;1;15;A01
201600033984;0;33;0;0;2;9;0;B01
201600033985;2;7;0;0;2;7;1;B01
201600033985;0;7;0;0;2;1;0;A01
201600033986;2;32;0;0;2;1;1;A01
201600033986;0;7;0;0;2;3;15;B01
201600033987;0;34;0;0;0;0;0;A01
201600033988;1;7;0;0;2;4;2;B01
201600033988;1;7;0;0;2;1;2;A01
201600033989;1;7;0;8;0;2;18;A01
201600033990;0;7;0;0;1;1;1;A01
201600033991;0;1;0;0;2;1;1;B01
201600033991;0;7;0;0;2;6;1;A01
201600033992;0;7;0;0;2;4;2;B01
201600033992;0;7;0;0;2;1;2;A01
201600033993;0;7;0;0;1;3;1;A01
201600033994;1;7;0;0;2;9;1;C01
201600033994;1;7;0;0;2;1;1;B01
201600033994;1;7;0;0;2;1;11;A01
201600033994;1;7;0;0;2;1;1;D01
201600033995;0;7;0;0;1;4;4;A01
201600033996;0;7;0;0;2;1;0;A01
201600033996;0;7;0;0;2;3;1;B01
201600033997;0;7;0;0;1;1;1;A01
201600033998;0;33;0;0;2;1;0;B01
201600033998;0;7;0;0;2;2;15;A01
201600033999;0;7;0;11;0;0;0;A01
201600034000;0;7;0;0;1;1;1;A01
201600034001;0;7;0;0;1;2;1;A01
201600034002;0;7;0;0;1;2;15;A01
201600034003;0;7;0;0;2;8;15;A01
201600034003;0;32;0;0;2;1;1;B01
201600034004;1;7;0;0;2;1;1;A01
201600034004;1;13;0;0;2;4;1;B01
201600034005;0;7;0;6;0;7;0;A01
201600034006;0;7;0;0;1;0;0;Z01
201600034007;0;7;0;14;0;1;0;A01
201600034008;0;7;0;0;1;0;0;A01
201600034009;0;7;0;0;2;8;10;A01
201600034009;0;7;0;0;2;1;1;B01
201600034010;2;31;0;0;2;1;1;B01
201600034010;0;7;0;0;2;7;19;A01
201600034011;0;7;0;0;2;2;0;B01
201600034011;0;7;0;0;0;3;0;A01
201600034012;1;7;0;0;2;2;15;A01
201600034012;2;33;0;0;2;1;1;B01
201600034013;0;7;0;0;2;1;1;A01
201600034013;0;7;0;0;2;3;1;B01
201600034014;0;7;0;0;2;4;2;A01
201600034014;0;7;0;0;2;1;2;Z01
201600034015;1;7;0;0;2;6;1;A01
201600034015;1;14;0;0;2;3;12;B01
201600034016;0;33;0;0;2;7;1;B01
201600034016;0;14;0;0;2;8;1;A01
201600034017;0;7;0;0;1;1;15;A01
201600034018;0;7;0;0;2;1;5;A01
201600034018;0;7;0;0;2;9;2;B01
201600034018;0;7;0;0;2;1;2;C01
201600034019;0;33;0;0;0;0;2;A01
201600034020;0;7;0;0;2;4;2;B01
201600034020;0;7;0;0;2;1;2;A01
201600034020;0;7;0;0;2;4;2;C01
201600034021;2;15;0;4;0;8;13;A01
201600034022;1;7;0;0;2;8;1;B01
201600034022;1;15;0;0;2;2;12;A01
201600034023;1;7;0;0;2;4;2;B01
201600034023;1;7;0;0;2;1;2;A01
201600034024;0;7;0;0;2;2;15;B01
201600034024;0;7;0;0;2;1;0;A01
201600034025;1;7;0;1;0;3;17;A01
201600034026;1;7;0;0;1;1;1;A01
201600034027;2;7;0;13;0;9;13;A01
201600034028;2;7;0;0;2;1;1;B01
201600034028;1;7;0;0;2;1;13;A01
201600034029;0;7;0;0;2;1;0;A01
201600034029;0;7;0;0;2;3;0;B01
201600034030;0;7;0;0;1;1;0;A01
201600034031;1;7;0;2;0;8;16;A01
201600034032;0;30;0;0;2;1;1;B01
201600034032;0;7;0;0;2;3;13;A01
201600034033;0;7;0;0;1;0;0;A01
201600034034;1;7;0;0;2;2;15;A01
201600034034;0;30;0;0;2;5;1;B01
201600034035;0;7;0;0;2;4;1;B01
201600034035;0;37;0;0;2;1;1;A01
201600034036;0;7;0;0;0;0;0;A01
201600034037;0;7;0;0;2;3;0;A01
201600034037;0;7;0;0;2;7;0;B01
201600034038;0;7;0;0;1;2;17;A01
201600034039;0;37;0;0;2;1;1;B01
201600034039;0;7;0;0;2;8;1;A01
201600034040;0;10;0;1;0;2;1;B01
201600034040;0;7;0;0;2;8;22;A01
201600034041;0;7;0;0;2;1;1;B01
201600034041;0;30;0;0;2;7;1;A01
201600034042;2;7;0;0;1;1;1;A01
201600034043;0;7;0;0;1;1;0;A01
201600034044;2;7;0;0;0;0;0;A01
201600034045;1;7;0;0;2;4;1;B01
201600034045;1;7;0;0;2;1;9;A01
201600034046;0;7;0;0;2;1;1;B01
201600034046;0;7;0;0;2;2;1;A01
201600034047;2;7;0;0;1;2;0;A01
201600034048;0;7;0;0;2;5;0;A01
201600034048;0;30;0;0;2;0;0;B01
201600034049;1;7;0;0;2;8;1;B01
201600034049;1;17;0;4;2;1;11;A01
201600034050;0;2;0;0;2;1;1;B01
201600034050;0;7;0;0;2;3;15;A01
201600034051;0;7;0;8;0;6;1;A01
201600034052;2;7;0;11;0;8;2;A01
201600034053;1;7;0;0;9;1;2;A01
201600034053;1;1;0;0;0;0;1;B01
201600034054;1;7;0;0;0;0;0;A01
201600034054;1;1;0;0;0;0;0;B01
201600034055;2;7;0;0;0;3;22;A01
201600034055;1;1;0;1;0;0;0;B01
201600034056;1;34;0;0;2;7;17;A01
201600034056;1;7;0;0;2;3;11;B01
201600034057;1;7;0;0;1;1;1;A01
201600034058;1;7;0;0;1;0;1;A01
201600034059;1;7;0;0;1;0;0;A01
201600034060;1;7;0;0;1;0;0;A01
201600034061;1;37;1;0;1;2;2;A01
201600034062;1;37;1;0;1;5;2;C01
201600034063;1;7;0;0;1;1;1;A01
201600034064;2;33;0;0;2;7;1;A01
201600034064;2;1;0;0;0;0;15;B01
201600034065;1;7;0;0;2;3;13;A01
201600034065;2;7;0;0;2;3;0;B01
201600034066;1;7;0;15;2;2;19;A01
201600034066;2;7;0;0;2;3;0;B01
201600034067;1;7;0;0;1;2;1;A01
201600034068;1;33;0;14;0;1;1;A01
201600034069;0;99;0;0;2;1;13;A01
201600034069;2;99;0;0;2;1;2;B01
201600034070;1;7;0;1;0;9;14;A01
201600034070;1;7;0;0;2;6;24;C01
201600034071;1;7;0;0;2;1;1;B01
201600034071;1;7;0;0;2;8;15;A01
201600034072;1;7;0;0;1;1;1;A01
201600034073;2;7;0;0;2;1;2;A01
201600034073;2;7;0;0;2;4;2;B01
201600034073;2;7;0;0;2;4;2;C01
201600034073;2;7;0;0;2;4;2;D01
201600034074;2;7;0;1;0;1;5;A01
201600034074;2;7;0;0;2;0;0;B01
201600034075;1;7;0;16;0;0;19;A01
201600034076;1;7;0;0;2;8;1;A01
201600034076;1;10;0;0;2;2;9;B01
201600034077;1;7;0;8;0;1;17;A01
201600034078;1;33;0;15;0;0;0;A01
201600034079;2;7;0;0;1;1;1;A01
201600034080;1;7;0;1;2;8;1;A01
201600034080;1;7;0;0;2;0;17;Z01
201600034081;2;7;0;0;2;2;5;A01
201600034081;1;2;0;0;2;1;1;B01
201600034082;1;7;0;0;2;2;1;A01
201600034082;1;7;0;15;0;0;0;B01
201600034083;2;7;0;0;2;2;1;A01
201600034083;2;21;0;0;2;3;15;B01
201600034084;1;31;0;0;2;3;1;A01
201600034084;2;7;0;0;2;3;17;B01
201600034085;2;10;0;0;2;4;23;A01
201600034085;2;7;0;0;2;1;2;B01
201600034086;1;7;0;0;2;1;1;A01
201600034086;1;7;0;0;0;4;23;B01
201600034087;1;10;0;0;2;1;17;A01
201600034087;2;7;0;0;2;1;1;B01
201600034088;2;33;0;0;6;1;0;A01
201600034088;2;7;0;0;2;3;2;B01
201600034088;2;7;0;0;2;2;2;C01
201600034089;1;13;0;0;1;2;1;A01
201600034090;2;1;0;0;2;0;1;B01
201600034090;2;7;0;0;2;2;1;A01
201600034091;1;7;0;0;2;2;1;A01
201600034091;1;1;0;0;2;4;1;B01
201600034092;1;7;0;0;2;7;5;A01
201600034092;2;7;0;0;2;1;21;B01
201600034093;1;7;0;0;2;2;1;B01
201600034093;2;7;0;0;2;3;19;A01
201600034094;2;7;0;0;2;1;1;B01
201600034094;1;7;0;0;2;8;19;A01
201600034095;2;7;0;0;2;3;9;A01
201600034095;2;1;0;0;2;5;1;B01
201600034096;2;7;0;8;0;1;13;A01
201600034097;1;7;0;0;2;6;10;A01
201600034097;1;33;0;0;2;1;17;B01
201600034098;1;7;0;2;0;7;13;A01
201600034099;1;7;0;0;2;5;17;A01
201600034099;1;1;0;0;2;8;13;B01
201600034100;2;7;0;0;2;2;1;B01
201600034100;0;7;0;0;2;3;19;A01
201600034101;2;7;0;2;0;3;13;A01
201600034102;2;7;0;0;2;1;2;A01
201600034102;2;7;0;0;1;4;23;B01
201600034103;2;31;0;7;0;1;1;A01
201600034104;2;10;0;0;2;8;10;A01
201600034104;1;2;0;0;2;1;1;B01
201600034105;1;7;0;2;0;1;15;A01
201600034106;2;7;0;0;2;3;13;A01
201600034106;2;7;0;0;2;7;17;B01
201600034107;2;7;0;0;2;7;15;A01
201600034107;1;7;0;0;2;2;1;B01
201600034108;1;7;0;0;1;1;9;A01
201600034109;2;7;0;0;2;3;9;A01
201600034109;2;7;0;0;2;7;1;B01
201600034110;2;7;0;0;2;2;13;A01
201600034110;1;7;0;0;2;3;1;B01
201600034111;1;7;0;0;2;3;13;A01
201600034111;2;7;0;0;2;6;1;B01
201600034112;1;33;0;0;2;1;2;A01
201600034112;1;7;0;0;2;6;23;B01
201600034112;2;33;0;0;2;1;1;C01
201600034113;1;7;0;0;1;3;1;A01
201600034114;1;31;0;0;2;1;2;A01
201600034114;1;7;0;0;0;4;23;B01
201600034115;2;33;0;2;0;1;14;A01
201600034116;2;7;0;0;1;1;15;A01
201600034117;1;7;0;2;0;9;1;A01
201600034118;1;7;0;2;0;8;1;A01
201600034119;1;34;0;0;2;5;1;A01
201600034119;2;15;0;0;2;1;1;B01
201600034120;2;17;0;3;0;3;13;A01
201600034121;2;7;0;0;2;1;13;A01
201600034121;1;7;0;0;2;3;1;B01
201600034122;0;7;0;1;0;1;1;A01
201600034123;1;31;0;0;0;8;16;A01
201600034124;1;7;0;0;2;1;2;A01
201600034124;1;7;0;0;2;4;0;B01
201600034125;1;7;0;0;2;1;1;A01
201600034125;2;7;0;0;0;0;0;B01
201600034126;2;7;0;0;1;0;1;A01
201600034127;2;7;0;0;2;3;2;A01
201600034127;2;7;0;0;2;2;15;B01
201600034127;1;34;0;0;2;8;1;C01
201600034128;2;7;0;2;0;1;6;A01
201600034129;1;7;0;3;0;1;1;A01
201600034130;2;30;0;0;1;1;17;A01
201600034131;1;7;0;2;0;1;1;A01
201600034132;1;7;0;16;1;2;9;A01
201600034133;1;7;0;0;1;7;1;A01
201600034134;2;7;0;0;1;2;2;A01
201600034135;1;7;0;2;0;2;2;A01
201600034136;1;33;0;0;0;8;23;B01
201600034136;1;7;0;0;0;3;23;C01
201600034136;2;7;0;4;2;1;6;Z01
201600034137;1;10;0;0;2;6;2;A01
201600034137;1;7;0;0;2;4;2;B01
201600034137;1;10;0;0;2;1;2;C01
201600034138;1;7;0;0;2;3;15;A01
201600034138;1;34;0;0;2;2;17;B01
201600034139;2;7;0;0;9;2;23;A01
201600034139;2;1;0;0;0;0;0;B01
201600034140;2;10;0;0;2;3;15;B01
201600034140;2;7;0;0;2;2;15;C01
201600034140;2;33;0;0;2;1;21;A01
201600034141;1;31;0;2;0;1;1;A01
201600034142;2;7;0;0;0;0;0;A01
201600034142;1;7;0;0;0;0;0;B01
201600034143;1;7;0;0;2;4;15;A01
201600034143;1;1;0;0;2;1;1;B01
201600034144;1;7;0;0;2;1;10;A01
201600034144;2;2;0;0;2;1;1;B01
201600034145;1;7;0;0;2;1;1;A01
201600034145;1;7;0;0;2;4;23;B01
201600034145;1;7;0;0;2;4;23;C01
201600034146;1;7;0;0;1;1;1;A01
201600034147;1;30;0;0;0;0;1;A01
201600034148;1;7;0;0;9;4;2;A01
201600034148;1;1;0;0;2;4;2;B01
201600034149;2;7;0;0;2;7;13;A01
201600034149;1;1;0;0;2;1;1;B01
201600034150;1;7;0;14;0;4;23;A01
201600034150;1;7;0;14;0;4;23;B01
201600034150;1;7;0;14;0;1;2;C01
201600034151;1;7;0;12;0;8;2;A01
201600034151;1;7;0;2;0;1;17;B01
201600034152;2;7;0;0;2;6;2;A01
201600034152;2;7;0;0;2;1;17;B01
201600034152;2;7;0;0;2;9;17;C01
201600034153;1;33;0;6;0;2;1;A01
201600034154;1;7;0;0;2;8;15;A01
201600034154;1;33;0;0;2;7;17;B01
201600034155;1;2;0;0;1;1;17;A01
201600034156;2;7;0;0;2;3;15;A01
201600034156;2;34;0;0;2;1;17;B01
201600034157;2;7;0;2;0;9;14;A01
201600034158;1;7;0;0;2;1;13;A01
201600034158;2;7;0;0;2;3;1;B01
201600034159;0;7;0;0;1;3;1;A01
201600034160;1;7;0;9;0;1;1;A01
201600034161;1;13;0;0;1;4;4;A01
201600034162;1;7;0;0;1;1;2;A01
201600034163;1;7;0;0;1;1;2;A01
201600034164;2;7;0;0;2;5;15;A01
201600034164;2;7;0;0;2;1;1;B01