Num_Acc;senc;catv;occutc;obs;obsm;choc;manv;num_veh
201600034164;1;35;0;0;2;1;1;C01
201600034165;1;7;0;0;1;3;2;A01
201600034166;2;10;0;0;2;2;1;A01
201600034166;1;30;0;0;0;7;15;B01
201600034167;1;7;0;0;1;4;4;A01
201600034168;2;7;0;0;1;1;1;A01
201600034169;2;7;0;0;2;8;1;A01
201600034169;1;7;0;0;2;3;1;B01
201600034170;1;7;0;0;0;2;2;A01
201600034170;1;7;0;0;0;3;16;B01
201600034171;1;1;0;0;1;2;9;A01
201600034172;2;7;0;0;2;2;2;A01
201600034172;2;7;0;0;2;3;13;B01
201600034173;1;33;0;0;2;8;0;B01
201600034173;1;10;0;0;2;0;0;Z01
201600034174;1;10;0;0;2;1;0;A01
201600034174;2;10;0;0;2;1;0;B01
201600034175;2;7;0;0;2;1;0;A01
201600034175;1;7;0;0;2;1;0;B01
201600034175;1;7;0;13;0;0;0;C01
201600034176;1;7;0;0;1;1;1;A01
201600034177;2;7;0;0;2;1;1;B01
201600034177;1;7;0;0;2;1;13;A01
201600034178;1;10;0;0;2;3;13;A01
201600034178;2;14;0;0;2;8;2;B01
201600034178;2;14;0;0;9;1;2;C01
201600034179;2;7;0;0;2;9;2;A01
201600034179;1;7;0;0;2;4;2;B01
201600034179;1;10;0;0;2;6;2;C01
201600034179;1;10;0;0;2;5;1;D01
201600034180;1;7;0;0;1;2;0;A01
201600034181;2;2;0;0;2;3;19;A01
201600034181;2;10;0;0;0;0;0;B01
201600034182;2;7;0;0;1;0;0;A01
201600034183;1;7;0;8;0;1;19;A01
201600034184;1;13;0;0;1;2;1;A01
201600034185;2;7;0;0;2;5;13;A01
201600034185;1;7;0;0;2;2;1;B01
201600034186;2;7;0;0;0;3;15;B01
201600034186;2;33;0;16;2;1;2;A01
201600034187;1;7;0;0;1;1;1;A01
201600034188;1;7;0;0;1;1;1;A01
201600034189;2;7;0;0;0;0;0;A01
201600034190;1;7;0;0;2;3;13;A01
201600034190;2;15;0;0;2;3;0;B01
201600034191;1;7;0;0;1;1;0;A01
201600034192;1;7;0;0;2;0;0;A01
201600034192;1;7;0;0;0;0;0;B01
201600034193;2;7;0;0;0;3;13;A01
201600034193;1;14;0;0;0;3;1;B01
201600034193;1;7;0;0;0;0;1;C01
201600034194;1;7;0;0;2;1;1;A01
201600034194;2;7;0;0;0;0;0;B01
201600034195;1;10;0;0;0;2;12;A01
201600034195;1;7;0;0;0;8;16;B01
201600034196;1;3;0;0;0;0;0;A01
201600034196;1;7;0;0;2;3;9;B01
201600034197;2;33;0;0;0;7;1;A01
201600034198;0;7;0;0;1;3;2;A01
201600034199;2;7;0;0;1;1;0;Z01
201600034200;0;7;0;0;1;2;1;A01
201600034201;2;7;0;0;2;2;1;A01
201600034201;2;7;0;0;2;0;0;B01
201600034202;1;7;0;0;2;6;15;A01
201600034202;1;7;0;0;2;3;1;B01
201600034203;2;7;0;1;1;1;5;A01
201600034204;1;7;0;0;2;2;15;A01
201600034204;2;33;0;0;2;1;1;B01
201600034205;1;7;0;0;2;3;15;A01
201600034205;2;1;0;0;2;1;1;B01
201600034206;1;1;0;0;2;7;0;B01
201600034206;2;99;0;0;2;0;0;Z01
201600034207;1;7;0;0;2;3;15;A01
201600034207;2;33;0;0;2;1;1;B01
201600034208;2;7;0;0;2;1;9;A01
201600034208;2;1;0;0;2;4;1;B01
201600034209;1;7;0;0;1;1;1;A01
201600034210;0;7;0;0;1;1;1;A01
201600034211;2;38;1;0;0;0;0;A01
201600034211;1;1;0;0;0;0;0;B01
201600034212;1;7;0;0;0;0;0;A01
201600034212;0;7;0;0;0;0;0;B01
201600034213;1;3;0;0;2;8;1;A01
201600034213;2;37;1;0;2;1;15;B01
201600034214;0;7;0;0;1;1;2;A01
201600034215;2;7;0;0;2;7;5;A01
201600034215;1;7;0;0;2;1;2;B01
201600034216;1;7;0;0;2;1;15;A01
201600034216;0;1;0;0;2;8;1;B01
201600034217;0;7;0;0;1;6;4;A01
201600034218;2;7;0;0;1;2;1;A01
201600034219;1;7;0;0;1;0;0;A01
201600034220;2;7;0;8;0;1;5;A01
201600034221;1;7;0;0;2;1;13;A01
201600034221;2;7;0;0;2;3;21;B01
201600034222;1;1;0;0;0;1;1;A01
201600034223;1;7;0;0;1;2;1;A01
201600034224;1;7;0;0;1;3;1;A01
201600034225;1;7;0;0;1;1;16;Z01
201600034226;1;7;0;0;1;2;1;A01
201600034227;1;7;0;0;0;0;0;A01
201600034227;2;7;0;0;0;0;0;B01
201600034228;0;7;0;0;2;7;0;B01
201600034228;1;7;0;0;2;2;19;A01
201600034229;1;30;0;0;2;1;1;B01
201600034229;1;7;0;0;2;7;1;A01
201600034230;1;14;0;0;2;5;2;A01
201600034230;1;1;0;0;2;8;2;B01
201600034231;1;7;0;8;1;2;14;A01
201600034232;1;2;0;9;0;1;2;A01
201600034233;1;7;0;0;1;1;1;A01
201600034234;1;7;0;0;2;1;2;A01
201600034234;1;7;0;0;2;4;0;B01
201600034235;1;7;0;0;2;0;1;A01
201600034235;1;30;0;0;2;3;10;B01
201600034236;1;7;0;0;1;2;1;A01
201600034237;1;10;0;0;1;2;1;A01
201600034238;2;7;0;0;2;1;1;B01
201600034238;1;7;0;0;2;1;19;A01
201600034239;0;7;0;0;2;3;0;A01
201600034240;1;10;0;0;2;2;2;A01
201600034240;1;7;0;0;0;6;0;B01
201600034241;1;7;0;16;0;9;14;A01
201600034242;2;7;0;0;1;2;1;A01
201600034243;1;7;0;0;1;2;16;A01
201600034244;1;3;0;0;2;1;2;A01
201600034244;1;3;0;0;2;4;2;B01
201600034244;1;3;0;0;2;4;2;C01
201600034245;2;7;0;0;2;1;15;A01
201600034245;1;7;0;0;2;1;1;B01
201600034246;1;7;0;0;2;3;9;A01
201600034246;2;1;0;0;2;8;5;B01
201600034247;1;7;0;0;1;3;1;A01
201600034248;2;3;0;0;2;1;2;A01
201600034248;2;7;0;0;2;4;2;B01
201600034249;1;7;0;0;1;1;16;A01
201600034250;1;7;0;0;2;1;2;A01
201600034250;1;7;0;0;2;0;2;B01
201600034250;1;7;0;0;2;0;0;C01
201600034250;2;10;0;0;2;0;0;D01
201600034251;1;7;0;0;2;3;13;A01
201600034251;2;33;0;0;2;0;0;B01
201600034252;1;7;0;0;2;3;13;A01
201600034252;2;33;0;0;2;8;1;B01
201600034253;1;7;0;0;1;3;1;A01
201600034254;1;7;0;0;1;2;1;A01
201600034255;1;7;0;0;0;7;15;A01
201600034255;2;99;0;0;0;0;0;B01
201600034256;1;7;0;0;0;9;14;A01
201600034257;1;7;0;2;0;1;1;A01
201600034258;1;7;0;0;2;1;13;A01
201600034258;2;7;0;0;2;1;1;B01
201600034259;1;7;0;0;2;2;17;A01
201600034259;1;3;0;0;2;6;0;B01
201600034260;2;7;0;0;1;1;0;A01
201600034261;1;7;0;0;0;0;0;A01
201600034262;1;32;0;0;0;0;1;A01
201600034262;1;10;0;0;0;0;1;B01
201600034263;1;7;0;15;2;1;1;A01
201600034263;2;7;0;0;2;6;10;B01
201600034264;2;33;0;0;2;1;2;A01
201600034264;2;14;0;0;0;6;1;B01
201600034265;1;99;0;0;2;1;2;A01
201600034265;1;30;0;0;0;4;2;B01
201600034266;1;7;0;0;2;7;15;A01
201600034266;2;33;0;0;2;1;1;B01
201600034267;1;7;0;0;2;2;2;A01
201600034267;1;1;0;0;0;4;2;B01
201600034268;1;7;0;0;2;3;1;A01
201600034268;1;7;0;0;2;3;16;B01
201600034269;1;7;0;3;0;1;5;A01
201600034269;2;10;0;3;0;8;5;B01
201600034270;1;7;0;0;1;3;15;A01
201600034271;1;7;0;0;2;7;5;A01
201600034271;2;7;0;0;2;1;1;B01
201600034272;2;7;0;2;0;1;13;A01
201600034273;2;7;0;1;0;1;2;A01
201600034274;2;7;0;0;2;8;1;B01
201600034274;1;7;0;0;2;1;1;A01
201600034275;1;7;0;0;2;3;13;A01
201600034275;2;7;0;0;2;6;1;B01
201600034275;2;7;0;0;2;1;1;C01
201600034276;2;7;0;8;0;1;1;A01
201600034277;1;7;0;13;0;9;19;A01
201600034278;2;30;0;2;0;2;15;A01
201600034279;1;33;0;0;1;1;17;A01
201600034280;0;33;0;9;0;1;2;A01
201600034281;1;7;0;0;1;3;9;A01
201600034282;1;7;0;0;1;1;19;A01
201600034283;1;7;0;0;4;8;23;A01
201600034283;1;39;1;0;4;3;0;B01
201600034284;1;7;0;0;2;1;13;A01
201600034284;2;32;0;0;2;1;1;B01
201600034285;1;7;0;6;0;1;13;A01
201600034286;1;7;0;0;2;2;1;A01
201600034286;1;7;0;0;2;3;0;B01
201600034286;1;7;0;0;2;6;24;C01
201600034287;1;1;0;0;0;0;0;A01
201600034288;1;7;0;0;2;1;1;A01
201600034288;2;7;0;0;2;2;1;B01
201600034289;1;2;0;0;2;1;1;A01
201600034289;2;7;0;0;2;2;15;B01
201600034290;1;7;0;0;2;1;2;A01
201600034290;1;7;0;0;2;4;2;B01
201600034291;1;30;0;0;0;7;1;A01
201600034292;2;7;0;0;2;1;13;A01
201600034292;1;7;0;0;2;3;0;B01
201600034293;2;7;0;0;2;1;15;A01
201600034293;1;33;0;0;2;8;12;B01
201600034294;0;7;0;2;0;1;1;A01
201600034295;2;7;0;0;1;1;1;A01
201600034296;1;7;0;0;2;3;10;A01
201600034296;1;7;0;0;2;9;2;B01
201600034297;0;7;0;0;2;3;9;A01
201600034297;2;7;0;0;2;1;1;B01
201600034298;0;7;0;0;2;2;1;B01
201600034298;0;30;0;0;2;1;15;A01
201600034299;1;34;0;15;0;1;1;A01
201600034300;0;33;0;15;0;1;17;A01
201600034301;2;31;0;0;1;1;1;A01
201600034302;2;33;0;0;0;1;1;A01
201600034303;1;10;0;2;0;1;1;A01
201600034304;2;7;0;0;2;1;1;A01
201600034304;2;7;0;0;2;4;1;B01
201600034304;2;7;0;0;2;1;2;C01
201600034305;1;30;0;0;0;0;1;A01
201600034306;2;7;0;13;0;0;1;A01
201600034307;2;37;1;1;1;3;0;A01
201600034307;1;10;0;0;2;6;1;B01
201600034307;1;7;0;9;2;8;1;C01
201600034307;1;7;0;0;2;4;24;D01
201600034308;1;10;0;0;2;5;2;A01
201600034308;2;10;0;0;2;3;1;B01
201600034309;2;7;0;0;2;3;13;A01
201600034309;1;7;0;0;2;8;1;B01
201600034310;1;30;0;0;0;8;1;A01
201600034311;0;7;0;0;2;2;1;A01
201600034311;0;1;0;0;2;1;1;B01
201600034312;0;7;0;0;2;8;15;A01
201600034312;0;33;0;0;2;8;1;B01
201600034313;2;30;0;0;2;1;1;B01
201600034313;1;37;1;0;2;1;1;C01
201600034313;0;7;0;0;2;3;19;A01
201600034314;1;7;0;2;0;1;21;A01
201600034315;2;7;0;0;2;3;1;A01
201600034315;0;1;0;0;2;6;19;B01
201600034316;0;33;0;12;0;0;9;A01
201600034317;2;7;0;0;2;3;9;A01
201600034317;2;2;0;0;2;7;1;B01
201600034318;1;7;0;0;2;2;6;A01
201600034318;1;7;0;0;2;2;1;B01
201600034319;1;32;0;11;0;1;1;A01
201600034320;2;7;0;0;1;7;1;A01
201600034321;1;7;0;0;2;0;15;A01
201600034321;1;7;0;3;2;1;21;B01
201600034321;2;33;0;0;2;0;1;C01
201600034322;1;7;0;0;1;1;1;A01
201600034323;2;33;0;0;2;1;17;A01
201600034323;1;7;0;0;2;3;1;B01
201600034323;2;7;0;0;2;3;1;C01
201600034324;0;7;0;0;1;3;16;A01
201600034325;2;7;0;0;2;1;13;A01
201600034325;1;14;0;0;2;3;1;B01
201600034326;1;37;1;0;2;3;15;A01
201600034326;2;7;0;0;2;8;1;B01
201600034327;1;7;0;7;0;9;17;A01
201600034328;0;7;0;0;2;1;1;B01
201600034328;0;7;0;0;2;1;13;A01
201600034329;1;30;0;0;1;1;1;A01
201600034330;2;7;0;0;2;1;1;A01
201600034330;2;7;0;0;2;4;2;B01
201600034331;2;7;0;0;2;5;15;A01
201600034331;1;7;0;0;2;2;1;B01
201600034332;2;7;0;0;1;2;1;A01
201600034333;1;7;0;0;2;1;1;B01
201600034333;2;7;0;0;2;1;15;A01
201600034334;1;2;0;0;2;2;17;A01
201600034334;2;7;0;0;2;3;15;B01
201600034335;2;7;0;0;2;1;13;A01
201600034335;1;7;0;0;2;7;1;B01
201600034336;1;10;0;0;1;3;1;A01
201600034337;0;7;0;0;1;3;15;A01
201600034338;1;7;0;0;1;2;19;A01
201600034339;2;7;0;0;2;1;13;A01
201600034339;1;7;0;0;2;1;2;B01
201600034340;2;7;0;0;2;1;13;A01
201600034340;1;7;0;0;2;1;1;B01
201600034341;1;7;0;0;2;1;9;A01
201600034341;1;1;0;0;2;1;16;B01
201600034342;1;33;0;12;0;1;17;A01
201600034343;0;7;0;0;1;3;1;A01
201600034344;1;10;0;0;2;1;2;A01
201600034344;1;10;0;0;2;8;15;B01
201600034345;0;7;0;0;2;8;15;A01
201600034345;1;34;0;0;0;0;0;B01
201600034346;1;7;0;0;0;4;12;A01
201600034346;1;33;0;4;2;1;17;B01
201600034347;1;7;0;0;2;2;2;A01
201600034347;1;30;0;0;2;5;2;B01
201600034348;1;10;0;0;2;3;13;A01
201600034348;2;10;0;0;2;1;2;B01
201600034349;2;7;0;0;2;6;1;B01
201600034349;2;7;0;0;2;2;13;A01
201600034350;2;1;0;0;0;0;0;A01
201600034350;1;7;0;0;0;0;0;B01
201600034351;1;7;0;0;2;2;2;A01
201600034351;1;2;0;0;0;6;24;B01
201600034352;2;33;0;1;0;1;21;A01
201600034352;0;3;0;0;2;0;13;C01
201600034353;1;7;0;0;2;1;1;A01
201600034353;2;15;0;0;2;3;1;B01
201600034354;1;7;0;0;1;3;1;A01
201600034355;2;10;0;0;2;1;12;A01
201600034355;2;15;0;0;2;6;1;B01
201600034356;1;7;0;0;1;3;1;A01
201600034357;1;31;0;0;0;0;0;B01
201600034357;1;7;0;0;0;0;1;A01
201600034358;1;7;0;0;2;3;15;A01
201600034358;1;34;0;0;2;1;1;B01
201600034359;1;7;0;0;0;8;10;A01
201600034359;1;7;0;0;0;2;2;B01
201600034359;1;7;0;0;0;2;2;C01
201600034360;0;37;3;0;0;0;1;A01
201600034361;1;7;0;0;2;1;0;A01
201600034361;1;7;0;0;0;4;0;B01
201600034362;2;33;0;7;0;1;1;A01
201600034363;1;7;0;0;2;1;17;A01
201600034363;1;7;0;0;0;4;11;B01
201600034364;2;7;0;0;2;2;1;A01
201600034364;1;10;0;0;2;1;1;B01
201600034365;0;7;0;0;1;2;1;A01
201600034366;2;7;0;0;2;7;15;A01
201600034366;1;31;0;0;2;2;1;B01
201600034367;2;10;0;0;2;4;2;A01
201600034367;2;15;0;0;2;1;2;B01
201600034368;1;7;0;1;0;0;5;A01
201600034368;2;17;0;0;2;3;2;B01
201600034368;1;13;0;0;0;6;23;C01
201600034368;1;10;0;0;0;6;2;D01
201600034369;1;99;0;0;1;2;0;A01
201600034370;1;10;0;0;1;2;2;A01
201600034371;1;7;0;0;0;0;1;A01
201600034372;1;7;0;2;0;9;13;A01
201600034373;2;7;0;0;2;9;13;A01
201600034373;1;7;0;0;2;3;1;B01
201600034374;1;7;0;0;1;2;1;A01
201600034375;2;7;0;0;1;1;15;A01
201600034376;2;7;0;0;2;1;1;A01
201600034376;2;7;0;0;2;4;2;B01
201600034376;0;30;0;0;2;4;2;C01
201600034377;1;7;0;0;2;5;15;A01
201600034377;2;33;0;0;2;1;1;B01
201600034378;2;7;0;0;2;1;17;A01
201600034378;1;31;0;0;2;1;1;B01
201600034379;2;31;0;0;0;0;1;A01
201600034380;1;7;0;0;2;3;15;A01
201600034380;1;2;0;0;2;0;0;B01
201600034381;1;7;0;0;2;1;20;A01
201600034381;1;33;0;0;2;7;1;B01
201600034382;0;7;0;2;0;1;14;A01
201600034383;2;7;0;6;0;1;1;A01
201600034384;2;7;0;0;2;1;5;A01
201600034384;1;7;0;0;2;3;1;B01
201600034384;1;7;0;0;2;8;1;C01
201600034384;1;7;0;0;2;1;1;D01
201600034385;1;7;0;0;2;6;9;A01
201600034385;1;7;0;16;0;0;0;B01
201600034386;1;7;0;0;1;1;0;A01
201600034387;2;7;0;0;2;1;13;A01
201600034387;1;7;0;0;2;1;1;B01
201600034388;2;7;0;0;2;3;13;A01
201600034388;2;7;0;0;0;2;1;B01
201600034389;1;31;0;0;0;0;0;A01
201600034390;2;7;0;0;2;3;15;A01
201600034390;1;7;0;0;2;1;1;B01
201600034391;1;2;0;11;0;0;0;A01
201600034392;1;7;0;0;2;2;1;B01
201600034392;1;10;0;0;2;3;15;A01
201600034393;2;2;0;0;2;8;1;A01
201600034393;1;2;0;0;2;8;1;B01
201600034394;2;7;0;0;2;3;15;A01
201600034394;1;31;0;0;2;1;1;B01
201600034395;2;7;0;0;0;1;13;A01
201600034395;1;7;0;0;2;1;1;B01
201600034396;1;33;0;0;0;8;1;A01
201600034397;1;7;0;0;2;2;13;A01
201600034397;2;7;0;0;2;2;1;B01
201600034397;1;7;0;0;2;8;1;C01
201600034398;0;7;0;0;1;0;0;A01
201600034399;2;36;0;16;0;1;13;A01
201600034400;2;7;0;0;2;1;1;B01
201600034400;1;7;0;0;2;1;9;A01
201600034401;1;7;0;12;0;0;0;A01
201600034401;1;1;0;0;0;0;0;B01
201600034402;1;7;0;0;2;1;5;A01
201600034402;2;7;0;0;2;9;1;B01
201600034402;2;7;0;0;2;1;1;C01
201600034403;1;7;0;1;2;1;13;A01
201600034404;0;7;0;0;2;4;1;A01
201600034404;0;7;0;0;2;6;1;B01
201600034404;0;7;0;0;2;0;0;C01
201600034405;1;7;0;0;2;3;15;A01
201600034405;2;33;0;0;0;6;1;B01
201600034406;1;7;0;0;0;0;0;A01
201600034406;1;33;0;0;0;0;0;B01
201600034407;1;7;0;0;2;6;1;A01
201600034407;2;1;0;0;2;2;16;B01
201600034408;0;7;0;0;0;0;0;B01
201600034408;0;33;0;0;0;0;0;A01
201600034409;1;37;1;0;1;7;17;A01
201600034410;0;7;0;6;0;1;16;A01
201600034411;1;7;0;0;2;1;16;A01
201600034411;2;7;0;0;2;3;15;B01
201600034412;2;33;0;0;2;1;0;A01
201600034412;2;7;0;0;2;6;15;B01
201600034413;2;7;0;0;2;6;2;B01
201600034413;2;7;0;0;2;2;17;A01
201600034414;2;33;0;0;2;1;1;A01
201600034414;1;7;0;0;2;8;15;B01
201600034415;2;15;0;1;0;6;24;A01
201600034415;2;7;0;1;0;1;1;B01
201600034416;0;33;0;0;1;1;0;A01
201600034417;1;7;0;16;2;3;17;A01
201600034417;1;10;0;0;2;4;11;B01
201600034418;1;33;0;0;0;0;1;B01
201600034418;1;7;0;0;2;3;9;A01
201600034419;1;7;0;0;1;1;1;A01
201600034420;1;7;0;0;2;1;2;A01
201600034420;1;7;0;0;2;6;2;B01
201600034420;1;7;0;0;2;4;1;C01
201600034421;1;7;0;13;2;1;17;A01
201600034421;1;7;0;0;2;6;1;B01
201600034422;2;33;0;0;2;1;1;A01
201600034422;1;7;0;0;0;0;0;B01
201600034423;2;21;0;0;2;2;1;A01
201600034423;0;7;0;0;2;3;1;B01
201600034424;1;7;0;1;1;1;0;A01
201600034425;0;7;0;0;2;4;2;B01
201600034425;0;7;0;0;2;1;2;A01
201600034426;1;7;0;0;2;1;19;A01
201600034426;1;7;0;0;2;3;2;B01
201600034427;1;37;0;0;1;2;1;A01
201600034428;2;31;0;0;0;8;1;A01
201600034429;1;7;0;0;2;3;1;B01
201600034429;1;30;0;0;2;1;13;A01
201600034430;1;7;0;0;2;8;9;A01
201600034430;1;33;0;0;2;8;2;B01
201600034431;1;99;0;0;2;1;0;B01
201600034431;2;7;0;0;2;7;11;A01
201600034432;1;7;0;0;1;1;2;A01
201600034433;0;7;0;2;0;1;1;A01
201600034434;1;7;0;0;1;1;2;A01
201600034435;2;33;0;0;2;1;1;B01
201600034435;0;7;0;0;2;5;1;A01
201600034436;2;7;0;0;2;3;1;B01
201600034436;1;30;0;0;2;1;15;A01
201600034437;0;7;0;0;1;8;0;A01
201600034438;0;7;0;0;1;3;1;A01
201600034439;1;7;0;0;0;0;15;B01
201600034439;2;2;0;0;2;0;1;A01
201600034440;1;7;0;0;1;2;15;A01
201600034441;1;7;0;1;0;2;0;B01
201600034441;1;7;0;0;0;1;14;A01
201600034442;0;7;0;0;2;2;1;B01
201600034442;1;7;0;12;2;2;13;A01
201600034443;1;10;0;0;2;1;2;A01
201600034443;0;7;0;0;2;4;2;B01
201600034444;2;7;0;1;0;1;15;A01
201600034445;1;7;0;0;1;1;11;A01
201600034446;1;7;0;0;2;6;2;A01
201600034446;1;7;0;0;2;3;1;B01
201600034447;0;1;0;0;0;0;0;A01
201600034448;2;7;0;1;0;2;2;A01
201600034449;1;10;0;0;2;3;16;A01
201600034449;0;33;0;0;2;1;2;B01
201600034450;2;7;0;0;2;3;1;D01
201600034450;2;7;0;0;2;1;1;E01
201600034450;2;7;0;0;2;1;1;C01
201600034450;1;33;0;0;2;1;1;B01
201600034450;1;7;0;0;2;1;13;A01
201600034451;2;7;0;2;2;1;0;A01
201600034452;0;13;0;0;1;0;0;A01
201600034453;1;7;0;0;2;3;9;A01
201600034453;1;7;0;0;2;0;0;B01
201600034454;1;7;0;0;2;2;2;A01
201600034454;1;7;0;0;2;3;2;B01
201600034455;2;3;0;0;2;2;1;B01
201600034455;2;7;0;0;2;3;1;A01
201600034456;1;7;0;0;1;3;2;A01
201600034457;2;7;0;0;2;9;1;A01
201600034458;2;7;0;0;1;3;1;A01
201600034459;1;33;0;12;2;8;2;B01
201600034459;1;7;0;0;2;0;17;A01
201600034460;1;7;0;0;2;1;1;A01
201600034460;1;7;0;0;2;4;23;B01
201600034460;1;7;0;0;2;4;23;C01
201600034461;2;7;0;9;0;1;1;A01
201600034462;1;7;0;0;2;1;2;A01
201600034462;1;7;0;0;2;3;2;B01
201600034463;1;7;0;0;1;1;1;A01
201600034464;2;7;0;0;2;1;1;B01
201600034464;1;7;0;15;2;1;13;A01
201600034465;1;13;0;2;0;2;1;A01
201600034466;1;34;0;14;2;1;1;B01
201600034466;1;7;0;16;2;3;15;A01
201600034467;2;7;0;0;1;2;1;A01
201600034468;0;7;0;0;2;0;0;A01
201600034468;0;33;0;0;2;8;0;B01
201600034469;0;30;0;0;2;1;2;A01
201600034469;0;33;0;0;2;1;2;B01
201600034470;1;30;0;0;2;1;2;B01
201600034470;1;7;0;0;2;4;2;A01
201600034471;1;7;0;0;1;4;15;A01
201600034471;1;7;0;0;2;1;1;B01
201600034472;1;10;0;0;1;7;17;A01
201600034473;0;33;0;12;0;0;1;A01
201600034474;2;7;0;0;2;3;9;A01
201600034474;1;7;0;0;2;2;2;B01
201600034475;2;30;0;3;0;1;19;A01
201600034476;0;99;0;2;0;0;0;A01
201600034477;0;1;0;1;2;1;21;B01
201600034477;0;7;0;0;2;4;10;A01
201600034478;0;37;0;0;1;1;0;A01
201600034479;0;7;0;9;0;1;1;A01
201600034480;1;10;0;0;2;2;1;B01
201600034480;0;10;0;0;2;8;1;A01
201600034481;0;14;0;0;1;7;2;A01
201600034482;2;33;0;15;0;1;13;N01
201600034483;1;7;0;0;2;3;9;A01
201600034483;0;1;0;0;2;1;0;B01
201600034484;1;7;0;0;2;4;1;C01
201600034484;1;7;0;0;2;1;1;A01
201600034484;1;7;0;0;2;4;1;B01
201600034485;0;10;0;0;2;3;13;A01
201600034485;0;7;0;0;2;3;1;B01
201600034486;1;33;0;0;1;0;0;A01
201600034487;0;7;0;0;1;1;15;A01
201600034488;2;7;0;0;1;2;1;A01
201600034489;1;7;0;0;1;0;0;A01
201600034490;2;17;0;0;1;1;1;A01
201600034491;2;7;0;0;0;0;0;B01
201600034491;1;7;0;0;0;0;0;A01
201600034492;1;7;0;0;2;3;15;A01
201600034492;2;7;0;0;2;3;1;B01
201600034493;0;7;0;0;1;1;15;A01
201600034494;0;7;0;0;1;8;1;A01
201600034495;1;7;0;0;1;7;9;A01
201600034496;1;13;0;0;1;2;0;A01
201600034497;0;7;0;0;1;1;1;A01
201600034498;1;7;0;0;1;1;1;A01
201600034499;2;33;0;0;2;1;1;B01
201600034499;2;7;0;0;0;5;14;A01
201600034500;1;7;0;0;2;2;11;A01
201600034500;0;7;0;0;0;0;17;B01
201600034501;1;7;0;0;1;4;4;A01
201600034502;0;7;0;0;1;1;11;A01
201600034503;1;7;0;0;1;1;1;A01
201600034504;0;1;0;0;2;8;19;B01
201600034504;1;7;0;0;9;7;1;A01
201600034505;1;7;0;0;2;1;1;B01
201600034505;0;7;0;0;2;1;13;A01
201600034506;1;7;0;0;2;2;15;A01
201600034506;1;31;0;0;2;1;1;B01
201600034507;1;7;0;0;1;3;15;A01
201600034507;2;7;0;0;1;3;1;B01
201600034508;1;7;0;1;2;3;0;A01
201600034508;2;7;0;0;0;2;0;B01
201600034508;0;7;0;1;0;0;0;C01
201600034509;1;13;0;0;9;5;24;A01
201600034509;1;1;0;1;0;1;2;B01
201600034510;1;7;0;0;2;4;2;A01
201600034510;1;7;0;0;1;1;0;B01
201600034511;2;33;0;0;2;6;1;B01
201600034511;2;7;0;0;2;1;15;A01
201600034512;1;1;0;0;2;8;19;B01
201600034512;1;7;0;0;9;1;1;A01
201600034513;1;7;0;0;2;6;1;B01
201600034513;1;7;0;0;2;2;1;A01
201600034514;1;7;0;0;2;1;11;A01
201600034514;1;31;0;0;2;4;1;B01
201600034515;2;7;0;0;2;1;1;A01
201600034515;1;7;0;0;2;7;1;B01
201600034516;1;33;0;0;0;0;0;B01
201600034516;1;10;0;0;2;8;1;A01
201600034517;1;13;0;0;2;1;1;A01
201600034517;1;7;0;0;0;4;23;B01
201600034518;1;33;0;0;0;9;0;A01
201600034519;0;7;0;0;1;0;0;A01
201600034520;1;7;0;0;2;8;1;A01
201600034520;2;34;0;0;2;8;1;B01
201600034521;1;7;0;0;1;1;19;A01
201600034522;1;3;0;0;2;4;19;A01
201600034522;2;7;0;0;2;1;1;B01
201600034523;1;33;0;12;0;1;13;A01
201600034524;1;1;0;0;2;8;1;B01
201600034524;1;7;0;0;2;2;16;A01
201600034525;1;14;0;0;1;3;1;A01
201600034526;2;7;0;0;2;3;16;A01
201600034526;2;30;0;0;2;5;16;B01
201600034527;1;30;0;0;0;1;1;A01
201600034528;1;7;0;0;2;5;1;B01
201600034528;1;7;0;0;2;1;1;A01
201600034529;1;7;0;15;0;2;1;A01
201600034530;2;7;0;0;1;3;16;A01
201600034531;2;7;0;0;0;5;15;A01
201600034531;1;7;0;0;2;2;1;B01
201600034532;1;7;0;0;0;0;15;A01
201600034532;2;33;0;0;2;0;1;B01
201600034533;1;7;0;0;2;1;9;B01
201600034533;2;33;0;0;2;7;3;A01
201600034534;1;10;0;0;1;2;12;A01
201600034535;2;10;0;0;2;3;15;B01
201600034535;1;99;0;0;2;1;1;A01
201600034536;2;7;0;0;1;1;1;A01
201600034537;2;33;0;0;2;1;1;B01
201600034537;1;14;0;0;0;7;15;A01
201600034538;2;30;0;0;1;0;1;Z01
201600034539;1;34;0;0;1;1;1;A01
201600034540;1;7;0;0;2;6;15;B01
201600034540;2;1;0;0;2;1;1;A01
201600034541;2;7;0;0;1;3;17;A01
201600034542;1;7;0;0;0;9;15;A01
201600034543;1;7;0;0;2;5;10;A01
201600034543;2;33;0;0;2;1;1;B01
201600034544;1;7;0;15;0;9;1;A01
201600034545;2;7;0;0;2;4;23;A01
201600034545;2;33;0;0;2;4;23;B01
201600034546;2;7;0;0;0;9;1;A01
201600034547;0;7;0;0;2;1;1;B01
201600034547;0;7;0;0;2;1;13;A01
201600034548;1;7;0;15;0;1;17;A01
201600034548;1;7;0;0;0;0;13;B01
201600034549;1;7;0;0;2;1;8;B01