Num_Acc;senc;catv;occutc;obs;obsm;choc;manv;num_veh
201600034929;1;1;0;0;2;1;1;B01
201600034930;0;7;0;0;0;0;0;A01
201600034930;0;1;0;0;0;5;0;B01
201600034931;0;7;0;0;9;3;0;A01
201600034931;0;33;0;0;0;0;0;B01
201600034932;0;7;0;0;2;2;0;A01
201600034932;0;2;0;0;0;8;0;B01
201600034933;0;7;0;13;0;9;0;A01
201600034934;0;7;0;0;2;0;1;A01
201600034934;0;2;0;0;2;1;1;B01
201600034935;0;7;0;0;2;0;0;A01
201600034935;0;7;0;0;0;0;0;B01
201600034935;0;7;0;0;0;0;0;C01
201600034935;0;7;0;0;2;0;0;D01
201600034935;0;7;0;0;2;0;0;E01
201600034936;0;7;0;0;2;3;0;A01
201600034936;0;7;0;0;0;3;0;B01
201600034937;0;7;0;0;1;0;0;A01
201600034938;0;1;0;0;2;0;7;A01
201600034938;0;7;0;0;2;8;0;B01
201600034939;0;7;0;2;1;1;0;A01
201600034940;0;7;0;0;1;0;0;A01
201600034941;0;7;0;0;2;9;16;A01
201600034941;0;7;0;0;2;2;19;B01
201600034942;0;7;0;9;0;3;0;A01
201600034943;0;7;0;14;0;6;15;A01
201600034943;0;33;0;0;2;8;0;B01
201600034944;2;33;0;0;2;1;13;A01
201600034944;1;7;0;0;2;1;1;B01
201600034945;2;7;0;1;0;1;1;A01
201600034946;1;7;0;0;2;1;0;A01
201600034946;2;7;0;0;2;1;0;B01
201600034947;0;7;0;0;9;0;0;A01
201600034947;0;2;0;0;2;3;0;B01
201600034948;0;7;0;0;0;2;0;A01
201600034948;0;33;0;0;0;0;0;B01
201600034949;0;7;0;0;2;4;0;A01
201600034949;0;7;0;0;2;4;0;B01
201600034949;0;7;0;0;0;0;0;C01
201600034950;0;7;0;0;2;3;0;A01
201600034950;0;7;0;0;2;0;0;B01
201600034951;0;7;0;0;2;6;0;B01
201600034951;0;7;0;0;2;1;0;A01
201600034952;0;7;0;0;1;1;19;A01
201600034953;0;7;0;0;1;0;0;A01
201600034954;1;15;0;0;2;7;0;A01
201600034954;1;7;0;0;0;0;0;B01
201600034955;0;33;0;0;1;0;0;A01
201600034956;0;7;0;0;0;0;0;A01
201600034956;0;7;0;0;0;0;0;B01
201600034957;0;7;0;0;1;0;0;A01
201600034958;0;7;0;0;2;0;0;A01
201600034958;0;7;0;0;2;0;0;B01
201600034958;0;7;0;0;0;0;0;C01
201600034959;0;33;0;14;0;1;0;A01
201600034959;0;7;0;0;2;3;0;B01
201600034960;0;7;0;0;2;1;0;A01
201600034960;0;7;0;0;2;3;0;B01
201600034961;1;33;0;15;0;0;0;A01
201600034962;0;10;0;0;2;5;0;A01
201600034962;0;10;0;0;2;1;0;B01
201600034963;0;7;0;14;9;1;0;B01
201600034963;0;1;0;14;0;0;0;A01
201600034964;0;33;0;0;2;0;0;B01
201600034964;0;7;0;0;2;2;0;A01
201600034965;0;10;0;0;2;0;0;A01
201600034965;0;7;0;0;2;0;0;B01
201600034966;0;10;0;0;1;2;0;A01
201600034967;0;1;0;0;0;0;0;B01
201600034967;0;7;0;0;0;0;0;A01
201600034968;0;7;0;0;2;2;16;A01
201600034968;0;33;0;0;2;3;0;B01
201600034969;0;7;0;0;2;7;15;A01
201600034969;0;7;0;0;2;1;0;B01
201600034970;1;7;0;0;2;4;0;B01
201600034970;1;15;0;0;2;1;0;A01
201600034970;1;7;0;0;2;0;0;D01
201600034970;1;7;0;0;2;1;0;C01
201600034971;0;7;0;0;1;3;0;A01
201600034972;0;1;0;0;0;1;0;B01
201600034972;0;31;0;0;2;0;0;A01
201600034973;0;7;0;0;0;7;0;A01
201600034974;2;7;0;0;2;0;0;A01
201600034974;2;7;0;0;9;0;0;B01
201600034975;2;1;0;0;2;0;0;B01
201600034975;2;7;0;0;9;7;14;A01
201600034976;0;7;0;0;1;3;0;A01
201600034977;0;7;0;0;2;6;0;B01
201600034977;0;33;0;0;2;1;0;A01
201600034978;0;30;0;0;2;0;0;A01
201600034978;0;7;0;0;2;5;0;B01
201600034979;0;7;0;9;1;0;0;A01
201600034980;0;7;0;0;2;2;19;A01
201600034980;0;7;0;0;2;1;0;B01
201600034981;1;7;0;0;1;7;0;A01
201600034982;0;7;0;0;1;0;0;A01
201600034983;0;7;0;0;1;0;0;A01
201600034984;0;37;4;0;2;2;0;A01
201600034984;0;7;0;0;2;3;0;B01
201600034985;0;7;0;1;0;1;0;A01
201600034986;0;7;0;9;0;1;0;A01
201600034987;0;10;0;0;2;0;0;A01
201600034987;0;1;0;0;2;1;0;B01
201600034988;0;7;0;0;2;3;0;B01
201600034988;0;7;0;0;2;3;0;A01
201600034989;0;7;0;0;1;0;0;A01
201600034990;0;7;0;0;2;1;0;A01
201600034990;0;7;0;0;2;4;0;B01
201600034991;0;7;0;0;2;8;0;B01
201600034991;0;7;0;0;2;3;0;A01
201600034992;0;7;0;0;1;8;0;A01
201600034993;0;2;0;0;2;0;0;A01
201600034993;0;7;0;0;2;6;0;B01
201600034994;0;7;0;0;2;1;0;B01
201600034994;0;7;0;0;2;8;0;A01
201600034995;2;30;0;0;2;1;1;B01
201600034995;0;37;1;0;2;8;1;A01
201600034996;0;7;0;0;0;0;0;A01
201600034997;0;7;0;0;2;5;0;A01
201600034997;0;37;0;0;2;3;0;B01
201600034998;1;7;0;0;2;7;0;B01
201600034998;1;7;0;0;2;8;0;A01
201600034999;0;7;0;0;2;6;0;A01
201600034999;0;7;0;0;2;1;0;B01
201600035000;0;7;0;0;1;0;0;A01
201600035001;1;7;0;0;2;8;0;A01
201600035001;0;33;0;0;2;0;0;B01
201600035002;0;1;0;0;2;0;0;B01
201600035002;0;7;0;0;9;1;0;A01
201600035003;2;7;0;3;0;0;0;A01
201600035004;1;1;0;0;2;0;0;B01
201600035004;0;7;0;0;2;0;0;A01
201600035005;0;7;0;0;2;4;0;B01
201600035005;0;2;0;0;2;1;0;A01
201600035006;0;7;0;2;0;1;0;A01
201600035007;0;1;0;1;0;0;0;A01
201600035007;0;14;0;0;9;5;0;B01
201600035008;1;7;0;0;2;1;0;A01
201600035008;1;7;0;0;9;4;0;B01
201600035009;0;7;0;1;0;1;0;A01
201600035010;0;7;0;6;0;1;0;A01
201600035011;0;7;0;0;2;1;0;A01
201600035011;0;30;0;0;2;0;0;B01
201600035012;0;37;2;0;1;0;0;A01
201600035013;0;7;0;0;1;1;0;A01
201600035014;0;7;0;0;1;0;0;A01
201600035015;1;7;0;0;2;1;19;A01
201600035015;1;7;0;0;1;3;13;B01
201600035016;1;7;0;0;1;3;17;A01
201600035017;2;7;0;0;2;2;19;A01
201600035017;1;33;0;0;2;1;1;B01
201600035018;2;7;0;0;2;1;11;B01
201600035018;1;14;0;0;2;3;1;C01
201600035018;0;7;0;0;2;3;19;A01
201600035019;1;13;0;0;9;1;1;A01
201600035019;0;1;0;0;0;0;0;B01
201600035020;2;30;0;0;2;7;19;A01
201600035020;1;7;0;0;2;1;1;B01
201600035021;2;7;0;0;1;2;0;A01
201600035022;0;7;0;0;0;3;9;A01
201600035022;1;1;0;0;0;4;1;B01
201600035023;2;7;0;0;1;3;1;A01
201600035024;1;7;0;0;2;8;1;B01
201600035024;0;7;0;0;2;1;1;A01
201600035025;1;7;0;0;2;1;1;B01
201600035025;2;7;0;0;2;2;1;A01
201600035026;1;7;0;0;2;3;13;A01
201600035026;2;7;0;0;2;2;21;B01
201600035027;2;7;0;0;2;1;13;A01
201600035027;2;7;0;0;2;1;21;C01
201600035027;1;10;0;0;2;1;21;B01
201600035028;2;7;0;2;0;2;14;A01
201600035029;1;7;0;0;1;3;1;A01
201600035030;2;7;0;3;2;1;1;B01
201600035030;1;7;0;3;2;1;13;A01
201600035030;2;7;0;13;0;8;21;C01
201600035031;2;10;0;0;2;1;13;A01
201600035031;1;7;0;0;2;1;1;B01
201600035032;2;33;0;13;0;7;14;A01
201600035033;1;33;0;0;2;1;13;A01
201600035033;0;7;0;0;2;1;1;B01
201600035034;1;30;0;12;0;7;14;A01
201600035035;2;7;0;0;2;1;13;A01
201600035035;1;7;0;0;2;1;1;B01
201600035036;2;33;0;0;0;1;1;A01
201600035037;1;7;0;13;0;1;1;A01
201600035038;1;33;0;0;0;1;1;A01
201600035039;2;33;0;0;0;2;1;A01
201600035040;1;7;0;0;2;7;15;A01
201600035040;2;33;0;0;2;1;1;B01
201600035041;1;7;0;2;0;1;1;A01
201600035042;2;33;0;0;2;8;1;B01
201600035042;1;2;0;0;2;1;1;A01
201600035043;1;2;0;0;2;2;17;A01
201600035043;1;7;0;0;2;8;15;B01
201600035044;1;2;0;0;2;1;17;B01
201600035044;1;7;0;0;2;3;10;A01
201600035045;2;7;0;2;0;1;1;A01
201600035046;2;7;0;0;1;1;1;A01
201600035047;1;7;0;0;1;1;13;A01
201600035048;2;7;0;0;1;4;4;A01
201600035049;1;3;0;0;1;4;4;A01
201600035050;1;31;0;0;2;6;9;A01
201600035050;1;7;0;0;2;1;1;B01
201600035051;2;15;0;0;0;0;2;A01
201600035052;2;33;0;0;2;1;19;A01
201600035052;2;7;0;0;2;8;1;B01
201600035053;1;7;0;0;2;1;19;A01
201600035053;2;1;0;0;2;8;1;B01
201600035054;1;7;0;0;1;1;1;A01
201600035055;1;7;0;0;2;1;17;A01
201600035055;2;10;0;0;2;1;1;B01
201600035055;2;14;0;0;9;3;0;C01
201600035056;2;7;0;0;2;1;17;A01
201600035056;1;15;0;0;2;2;1;B01
201600035057;1;7;0;1;0;1;1;A01
201600035057;2;15;0;0;2;1;0;B01
201600035058;0;2;0;0;0;8;1;A01
201600035058;0;7;0;0;0;0;9;Z01
201600035059;0;10;0;0;2;4;20;A01
201600035059;0;1;0;0;0;1;1;B01
201600035060;0;7;0;8;0;1;13;A01
201600035061;0;7;0;0;1;3;1;A01
201600035062;0;1;0;0;2;1;1;B01
201600035062;0;10;0;0;2;3;9;A01
201600035063;0;7;0;2;0;9;1;A01
201600035064;0;7;0;2;0;9;21;A01
201600035065;2;10;0;13;0;1;1;B01
201600035065;2;7;0;1;0;2;1;A01
201600035066;0;33;0;0;2;7;1;A01
201600035066;0;7;0;0;2;1;15;Z01
201600035067;0;30;0;0;2;1;5;A01
201600035067;0;10;0;0;2;3;1;B01
201600035068;0;7;0;0;1;8;1;A01
201600035069;0;10;0;0;1;3;1;A01
201600035070;1;10;0;0;2;7;13;A01
201600035070;0;10;0;0;2;1;1;B01
201600035071;0;7;0;0;2;2;15;A01
201600035071;0;2;0;0;2;1;1;B01
201600035072;0;30;0;0;2;1;17;A01
201600035072;0;7;0;0;2;6;15;B01
201600035073;0;7;0;0;1;3;1;A01
201600035074;0;33;0;6;2;1;2;A01
201600035074;0;10;0;0;2;7;15;B01
201600035075;0;7;0;0;1;2;1;A01
201600035076;0;7;0;0;2;5;15;A01
201600035076;0;32;0;0;2;1;1;B01
201600035077;0;7;0;8;2;3;1;B01
201600035077;0;7;0;0;2;1;19;A01
201600035078;0;7;0;0;2;3;15;A01
201600035078;0;2;0;0;2;1;1;B01
201600035079;0;7;0;0;2;3;19;A01
201600035079;0;33;0;0;2;1;1;B01
201600035080;0;7;0;0;2;1;13;A01
201600035080;0;7;0;0;2;1;1;B01
201600035081;0;1;0;0;1;0;0;A01
201600035082;0;10;0;0;2;1;15;A01
201600035082;0;10;0;0;2;1;1;B01
201600035083;0;10;0;0;1;3;1;A01
201600035084;0;7;0;0;2;2;15;A01
201600035084;0;31;0;0;2;1;1;B01
201600035085;0;7;0;0;2;2;15;A01
201600035085;0;31;0;0;2;1;1;B01
201600035086;0;7;0;0;2;2;1;B01
201600035086;0;2;0;0;2;1;9;A01
201600035087;0;33;0;0;2;0;1;B01
201600035087;0;15;0;0;2;3;15;A01
201600035088;1;7;0;9;1;3;13;A01
201600035089;0;7;0;0;1;1;16;A01
201600035090;0;7;0;0;2;3;19;A01
201600035090;0;31;0;0;2;1;1;B01
201600035091;2;7;0;4;0;9;0;A01
201600035092;0;7;0;0;2;3;15;A01
201600035092;0;33;0;1;2;2;17;B01
201600035093;0;30;0;0;2;1;13;A01
201600035093;0;7;0;0;2;3;1;B01
201600035093;0;7;0;0;2;1;1;C01
201600035094;0;30;0;0;2;1;13;A01
201600035094;0;7;0;0;2;3;1;B01
201600035095;0;7;0;0;1;2;1;A01
201600035096;0;7;0;0;1;3;1;A01
201600035097;0;1;0;0;2;8;13;A01
201600035097;0;7;0;0;2;7;1;B01
201600035098;0;7;0;0;2;7;17;A01
201600035098;0;1;0;0;2;8;1;B01
201600035099;0;14;0;0;2;2;1;B01
201600035099;0;7;0;13;2;1;19;A01
201600035100;0;7;0;0;1;1;1;A01
201600035101;0;7;0;0;2;1;1;B01
201600035101;0;30;0;0;2;8;19;A01
201600035102;2;7;0;0;2;1;2;C01
201600035102;2;7;0;0;2;1;2;A01
201600035102;2;7;0;0;5;4;2;B01
201600035103;1;7;0;0;2;3;15;A01
201600035103;1;2;0;0;2;1;1;B01
201600035104;0;7;0;0;1;2;1;A01
201600035105;0;7;0;0;2;2;1;A01
201600035105;0;1;0;0;2;8;19;B01
201600035106;0;7;0;0;1;2;1;A01
201600035107;0;33;0;0;2;7;0;A01
201600035107;0;7;0;0;2;3;9;B01
201600035108;1;33;0;0;2;7;0;B01
201600035108;2;7;0;0;2;7;0;A01
201600035109;1;33;0;0;2;1;1;B01
201600035109;2;7;0;0;2;3;9;A01
201600035110;0;10;0;0;1;0;4;A01
201600035111;1;33;0;0;2;1;1;B01
201600035111;1;7;0;0;2;3;10;A01
201600035112;2;7;0;0;2;1;1;A01
201600035112;2;33;0;0;2;4;1;B01
201600035113;1;7;0;0;1;2;9;A01
201600035114;1;7;0;0;1;1;1;A01
201600035115;2;7;0;0;2;1;2;A01
201600035115;0;7;0;0;2;4;2;B01
201600035116;2;32;0;0;2;3;1;B01
201600035116;1;7;0;0;2;3;15;A01
201600035117;0;7;0;0;1;6;4;A01
201600035118;1;33;0;0;2;8;12;B01
201600035118;1;7;0;0;0;8;16;A01
201600035119;0;7;0;6;1;2;16;A01
201600035120;2;1;0;0;2;1;1;B01
201600035120;1;7;0;0;2;2;15;A01
201600035121;2;33;0;0;2;3;0;A01
201600035121;1;7;0;0;2;3;0;B01
201600035122;1;33;0;0;2;3;2;A01
201600035122;1;7;0;0;2;6;23;B01
201600035123;0;1;0;0;0;0;0;B01
201600035123;0;7;0;0;2;1;2;A01
201600035124;1;7;0;0;1;1;1;A01
201600035125;0;7;0;0;2;8;1;C01
201600035125;0;7;0;0;2;8;1;B01
201600035125;0;33;0;0;2;8;13;A01
201600035126;0;7;0;0;1;1;1;A01
201600035127;1;7;0;0;1;2;0;A01
201600035128;1;7;0;0;2;7;15;A01
201600035128;2;31;0;0;2;1;1;B01
201600035129;2;7;0;0;1;7;1;A01
201600035130;1;33;0;0;1;0;21;A01
201600035131;2;7;0;0;2;6;23;B01
201600035131;2;2;0;14;0;1;2;A01
201600035132;2;32;0;0;1;1;1;A01
201600035133;0;10;0;13;2;1;21;A01
201600035133;0;7;0;0;2;1;1;B01
201600035134;2;7;0;0;2;1;0;A01
201600035134;1;7;0;0;2;1;0;B01
201600035135;1;33;0;0;2;1;1;A01
201600035135;1;7;0;0;2;2;1;B01
201600035136;0;2;0;0;2;1;1;B01
201600035136;1;7;0;0;2;5;15;A01
201600035137;1;10;0;0;0;0;0;B01
201600035137;1;33;0;0;0;1;2;A01
201600035138;1;7;0;0;2;3;9;B01
201600035138;1;30;0;0;2;7;1;A01
201600035139;1;7;0;0;1;0;0;A01
201600035140;2;7;0;0;1;2;1;A01
201600035141;1;7;0;0;2;2;15;A01
201600035141;1;33;0;0;2;8;1;B01
201600035142;2;30;0;0;2;1;1;B01
201600035142;0;7;0;0;2;3;15;A01
201600035143;1;7;0;0;1;1;0;A01
201600035144;2;7;0;0;1;2;0;A01
201600035145;1;7;0;0;2;8;15;B01
201600035145;1;33;0;0;2;1;17;A01
201600035146;2;34;0;0;2;1;3;A01
201600035146;0;7;0;0;2;2;19;B01
201600035147;1;33;0;0;2;1;13;A01
201600035147;2;7;0;0;2;1;1;B01
201600035148;1;1;0;0;2;6;19;B01
201600035148;2;34;0;0;9;1;1;A01
201600035149;1;7;0;0;1;1;1;A01
201600035150;1;7;0;0;1;1;1;A01
201600035151;1;7;0;0;2;1;1;B01
201600035151;2;7;0;0;2;7;5;A01
201600035152;1;7;0;2;0;1;0;A01
201600035153;2;7;0;0;1;2;1;A01
201600035154;2;7;0;0;2;3;1;C01
201600035154;1;7;0;0;2;8;15;A01
201600035154;0;7;0;0;2;7;2;B01
201600035155;1;30;0;0;1;1;1;A01
201600035156;1;7;0;0;2;1;9;A01
201600035156;1;7;0;0;2;2;1;B01
201600035156;0;7;0;0;2;4;0;C01
201600035157;1;7;0;6;0;0;0;A01
201600035158;1;32;0;0;2;3;2;A01
201600035158;1;7;0;0;2;5;2;B01
201600035159;1;7;0;0;1;0;0;A01
201600035160;1;1;0;0;1;1;13;A01
201600035161;1;10;0;0;2;3;1;A01
201600035161;1;33;0;0;2;4;1;B01
201600035162;1;7;0;0;1;2;9;A01
201600035163;2;2;0;0;0;0;14;A01
201600035164;2;7;0;0;2;1;5;C01
201600035164;1;7;0;0;2;2;2;A01
201600035164;1;7;0;0;2;6;15;B01
201600035165;2;7;0;13;2;3;1;C01
201600035165;2;7;0;13;2;2;1;B01
201600035165;1;7;0;0;2;2;13;A01
201600035166;1;31;0;0;0;0;0;A01
201600035167;1;2;0;0;2;1;17;B01
201600035167;1;7;0;0;9;8;15;A01
201600035168;2;7;0;0;2;1;13;A01
201600035168;1;7;0;0;2;3;1;B01
201600035169;1;33;0;8;0;0;0;A01
201600035170;2;7;0;0;2;1;2;B01
201600035170;2;7;0;0;2;4;23;A01
201600035171;2;7;0;0;0;4;1;A01
201600035171;2;7;0;0;2;1;1;B01
201600035172;2;7;0;0;2;3;1;B01
201600035172;1;14;0;0;2;3;5;A01
201600035173;1;7;0;0;2;1;5;A01
201600035173;2;7;0;0;2;1;1;B01
201600035174;1;7;0;0;2;1;1;B01
201600035174;2;7;0;0;2;1;13;A01
201600035175;2;33;0;0;2;1;1;B01
201600035175;2;2;0;0;2;8;10;A01
201600035176;1;7;0;0;2;2;1;A01
201600035176;1;2;0;0;2;2;17;B01
201600035177;1;30;0;12;2;6;12;B01
201600035177;1;7;0;0;2;1;16;A01
201600035178;2;7;0;0;2;0;17;A01
201600035178;1;7;0;0;2;3;1;C01
201600035178;1;10;0;0;2;0;0;B01
201600035179;1;7;0;0;2;3;2;A01
201600035179;1;7;0;0;2;5;2;B01
201600035179;2;1;0;15;9;1;1;C01
201600035180;2;7;0;8;0;1;1;A01
201600035181;1;10;0;0;2;6;19;A01
201600035181;2;32;0;0;2;1;1;B01
201600035182;2;2;0;0;1;1;2;A01
201600035183;1;7;0;0;2;1;15;A01
201600035183;2;32;0;0;2;1;1;B01
201600035184;2;7;0;0;2;7;15;A01
201600035184;2;32;0;0;2;1;1;B01
201600035185;2;14;0;0;2;3;1;B01
201600035185;2;7;0;0;2;3;13;A01
201600035186;1;7;0;0;2;1;19;A01
201600035186;1;1;0;0;2;7;19;B01
201600035187;2;7;0;14;0;1;0;A01
201600035188;2;14;0;0;2;7;17;A01
201600035188;2;1;0;0;2;6;1;B01
201600035189;0;7;0;2;0;2;19;A01
201600035190;1;33;0;0;2;7;15;A01
201600035190;1;7;0;0;2;8;1;B01
201600035191;2;7;0;0;2;3;2;C01
201600035191;2;31;0;0;2;1;2;B01
201600035191;1;7;0;0;2;3;15;A01
201600035192;1;7;0;0;1;8;1;A01
201600035193;1;7;0;0;2;1;2;A01
201600035193;1;7;0;0;2;4;2;B01
201600035194;2;31;0;11;0;0;0;A01
201600035195;1;7;0;0;2;2;15;A01
201600035195;2;7;0;0;2;1;1;B01
201600035196;0;7;0;0;1;3;1;A01
201600035197;1;38;0;0;2;4;1;B01
201600035197;1;7;0;0;2;1;1;A01
201600035198;1;7;0;6;5;2;14;A01
201600035199;1;7;0;0;2;8;0;B01
201600035199;2;7;0;8;2;1;13;A01
201600035200;1;7;0;0;0;0;0;A01
201600035200;1;30;0;0;0;4;2;B01
201600035201;1;7;0;0;2;1;1;A01
201600035201;1;7;0;0;2;4;23;B01
201600035202;1;7;0;0;2;3;15;A01
201600035202;1;2;0;0;2;1;1;B01
201600035203;2;33;0;0;2;1;1;B01
201600035203;1;7;0;0;2;2;15;A01
201600035204;1;7;0;0;2;3;20;A01
201600035204;1;7;0;0;2;5;1;B01
201600035205;2;7;0;11;0;2;0;A01
201600035206;2;33;0;0;2;1;2;A01
201600035206;2;7;0;0;2;6;2;B01
201600035207;1;7;0;0;2;4;15;B01
201600035207;1;33;0;0;2;1;17;A01
201600035208;1;7;0;9;2;7;19;A01
201600035208;1;7;0;0;2;1;1;B01
201600035209;1;2;0;1;2;1;17;A01
201600035209;1;7;0;0;2;3;15;B01
201600035209;1;7;0;1;0;0;0;D01
201600035209;2;7;0;0;2;1;1;E01
201600035210;2;7;0;0;9;6;1;A01
201600035210;2;31;0;0;2;2;1;B01
201600035211;1;33;0;0;2;6;2;B01
201600035211;2;7;0;0;2;6;2;A01
201600035212;2;31;0;0;2;1;1;A01
201600035212;1;7;0;0;2;2;15;B01
201600035213;1;33;0;0;2;1;21;B01
201600035213;1;7;0;0;2;6;10;A01
201600035214;1;7;0;0;1;1;1;A01
201600035215;1;7;0;0;2;3;20;A01
201600035215;1;2;0;0;2;1;1;B01
201600035216;0;10;0;0;2;3;23;B01
201600035216;1;31;0;1;0;2;1;A01
201600035217;1;15;0;0;2;1;2;A01
201600035217;2;7;0;0;2;4;2;B01
201600035218;2;33;0;0;2;1;1;B01
201600035218;1;7;0;0;2;6;15;A01
201600035219;1;30;0;0;0;7;15;A01
201600035220;2;7;0;0;2;3;15;B01
201600035220;2;33;0;0;2;1;17;A01
201600035221;0;7;0;0;2;5;16;B01
201600035221;2;1;0;0;2;1;19;A01
201600035222;2;7;0;0;2;8;10;A01
201600035222;2;34;0;0;2;1;1;B01
201600035223;1;1;0;0;1;1;0;A01
201600035224;2;13;0;0;2;7;16;B01
201600035224;2;30;0;0;2;1;2;A01
201600035225;1;30;0;0;2;1;17;A01
201600035225;2;7;0;0;2;3;15;B01
201600035226;1;7;0;6;0;7;1;A01
201600035227;2;37;1;0;2;4;23;C01
201600035227;2;7;0;0;2;1;1;A01
201600035227;2;7;0;0;2;4;23;B01
201600035228;2;7;0;0;2;1;0;A01
201600035228;1;7;0;0;2;0;0;B01
201600035229;2;7;0;0;1;3;2;A01
201600035230;2;30;0;0;1;1;1;A01
201600035231;1;30;0;0;2;1;1;A01
201600035231;2;34;0;0;2;1;1;B01
201600035231;1;7;0;0;2;6;17;C01
201600035231;1;1;0;0;0;0;1;D01
201600035232;1;7;0;0;1;2;1;A01
201600035233;1;7;0;0;2;2;10;A01
201600035233;2;33;0;0;2;1;1;B01
201600035234;1;33;0;0;2;1;1;A01
201600035234;1;7;0;0;2;8;15;B01
201600035235;2;10;0;0;1;4;4;A01
201600035236;1;7;0;0;2;8;1;B01
201600035236;1;7;0;0;2;1;3;A01
201600035237;2;31;0;0;2;2;17;A01
201600035237;2;10;0;0;2;0;0;C01
201600035237;2;10;0;0;2;1;1;B01
201600035238;1;2;0;0;1;0;0;A01
201600035239;1;34;0;0;2;1;21;B01
201600035239;2;7;0;0;2;3;10;A01
201600035240;2;7;0;0;1;1;1;B01
201600035240;2;7;0;0;2;1;2;A01
201600035241;2;10;0;0;0;0;4;C01
201600035241;2;7;0;0;2;1;1;B01
201600035241;1;7;0;0;2;1;13;A01
201600035242;1;30;0;1;0;1;2;A01
201600035242;1;7;0;0;2;5;1;B01
201600035243;1;34;0;0;2;7;1;B01
201600035243;2;7;0;0;2;2;15;A01
201600035244;2;7;0;0;2;4;1;B01
201600035244;1;2;0;0;2;1;1;A01
201600035245;1;32;0;0;2;1;1;A01
201600035245;2;7;0;0;2;1;15;B01
201600035246;2;30;0;0;2;1;1;B01
201600035246;2;30;0;0;9;6;10;A01
201600035247;1;7;0;0;2;2;17;A01
201600035247;1;7;0;0;0;0;0;E01
201600035247;1;7;0;0;0;0;2;D01
201600035247;1;7;0;0;2;8;20;B01
201600035247;1;7;0;0;0;0;2;C01
201600035248;1;7;0;1;0;1;13;A01
201600035248;2;34;0;1;0;4;23;D01
201600035249;1;32;0;0;1;0;0;A01
201600035250;2;7;0;0;1;3;1;A01
201600035251;2;7;0;0;2;3;9;A01
201600035251;2;1;0;0;2;7;0;B01
201600035252;1;7;0;15;0;9;0;A01
201600035253;0;7;0;0;1;0;0;Z01
201600035254;2;7;0;0;1;2;1;A01
201600035255;1;7;0;0;2;1;2;A01
201600035255;1;7;0;0;2;4;23;C01
201600035255;1;7;0;0;2;4;23;B01
201600035256;1;1;0;0;2;8;1;B01
201600035256;1;7;0;0;2;7;14;A01
201600035257;1;30;0;0;2;1;13;A01
201600035257;2;7;0;0;2;8;1;B01
201600035258;1;7;0;0;1;3;1;A01
201600035259;2;34;0;0;2;2;21;B01
201600035259;2;2;0;0;2;8;10;A01
201600035260;1;33;0;0;2;1;1;B01
201600035260;2;7;0;0;2;3;9;A01
201600035261;2;7;0;0;0;4;15;A01
201600035261;1;7;0;0;2;3;13;B01
201600035262;2;7;0;0;2;3;9;A01
201600035262;1;2;0;0;2;7;1;B01
201600035263;1;7;0;0;1;2;1;A01
201600035264;2;34;0;0;2;1;17;B01
201600035264;1;7;0;0;2;3;15;A01
201600035265;2;7;0;0;1;2;16;A01
201600035266;1;7;0;0;1;2;0;A01
201600035267;2;32;0;0;2;0;2;B01
201600035267;1;7;0;0;2;3;15;A01
201600035268;1;7;0;0;9;3;1;A01
201600035268;1;1;0;0;0;0;0;B01
201600035269;1;7;0;0;1;1;16;A01
201600035270;1;7;0;1;2;3;0;B01
201600035270;1;34;0;1;2;1;0;A01
201600035271;0;2;0;0;2;1;0;B01
201600035271;0;7;0;0;2;3;0;A01
201600035272;1;7;0;0;1;0;0;A01
201600035273;1;7;0;0;2;3;15;B01
201600035273;1;33;0;0;2;1;17;A01
201600035274;1;7;0;0;2;1;0;A01
201600035274;1;7;0;0;2;9;2;B01
201600035274;1;7;0;0;2;4;2;C01
201600035275;1;7;0;0;2;1;13;A01
201600035275;2;7;0;0;2;1;1;B01
201600035276;1;7;0;0;1;0;0;A01
201600035277;1;1;0;0;2;1;1;B01
201600035277;2;7;0;0;2;2;19;A01
201600035278;1;7;0;0;2;3;15;B01
201600035278;1;30;0;0;2;1;5;A01
201600035279;1;7;0;0;2;1;1;A01
201600035279;0;1;0;0;0;0;0;B01
201600035280;1;7;0;0;1;2;17;A01
201600035281;1;7;0;0;0;8;0;C01
201600035281;2;33;0;0;2;1;1;B01
201600035281;1;7;0;0;2;3;15;A01
201600035282;1;34;0;0;1;7;1;A01
201600035283;2;7;0;0;1;4;4;A01
201600035284;2;7;0;0;2;6;15;A01
201600035284;1;33;0;0;2;0;0;B01
201600035285;1;30;0;0;2;0;0;B01
201600035285;1;7;0;0;0;0;0;A01
201600035286;1;7;0;0;2;7;1;B01
201600035286;1;7;0;0;2;1;1;A01
201600035287;1;34;0;0;2;1;1;B01
201600035287;1;7;0;0;2;8;15;A01
201600035288;0;7;0;2;0;1;14;A01
201600035289;1;7;0;0;2;3;0;A01
201600035289;1;31;0;0;2;2;1;B01
201600035290;1;7;0;0;2;2;15;A01
201600035290;2;32;0;0;2;1;1;B01
201600035291;0;7;0;0;2;1;1;A01
201600035291;1;7;0;0;2;4;23;C01
201600035291;1;7;0;0;2;4;23;B01
201600035291;1;7;0;0;2;4;23;D01
201600035292;1;7;0;0;1;3;14;Z01
201600035293;1;30;0;0;2;1;1;A01
201600035293;0;33;0;0;0;3;15;B01