Num_Acc;senc;catv;occutc;obs;obsm;choc;manv;num_veh
201600035294;1;7;0;0;1;1;1;A01
201600035295;2;7;0;0;2;5;15;A01
201600035295;1;30;0;0;0;0;0;B01
201600035296;1;36;0;6;0;1;5;A01
201600035297;2;7;0;8;0;8;1;A01
201600035298;0;7;0;0;1;6;15;A01
201600035299;0;7;0;0;2;1;9;A01
201600035299;0;30;0;0;2;1;1;B01
201600035300;1;7;0;0;2;1;1;B01
201600035300;2;7;0;7;2;1;6;A01
201600035301;1;7;0;0;2;1;15;A01
201600035301;1;7;0;0;2;6;1;B01
201600035302;1;33;0;0;1;7;1;A01
201600035303;0;33;0;0;0;0;0;A01
201600035304;2;37;0;0;1;2;1;A01
201600035305;1;7;0;0;1;2;1;A01
201600035306;1;7;0;0;2;0;2;A01
201600035306;1;1;0;0;2;0;2;B01
201600035307;1;2;0;0;1;1;17;A01
201600035308;1;7;0;0;1;1;1;Z01
201600035309;2;7;0;0;2;3;1;B01
201600035309;1;33;0;0;2;1;13;A01
201600035310;1;2;0;14;0;0;1;A01
201600035311;0;7;0;0;2;3;1;B01
201600035311;0;30;0;0;2;1;1;A01
201600035312;1;7;0;0;1;0;0;A01
201600035313;1;1;0;0;2;3;19;A01
201600035313;1;30;0;0;2;1;1;B01
201600035314;1;7;0;2;0;1;1;A01
201600035315;1;37;0;0;1;3;15;A01
201600035316;1;7;0;0;1;2;1;A01
201600035317;1;7;0;1;0;2;14;A01
201600035318;0;7;0;0;2;4;0;B01
201600035319;1;1;0;0;2;1;5;A01
201600035319;1;34;0;0;2;6;1;B01
201600035320;2;7;0;0;1;0;0;A01
201600035321;1;7;0;0;2;5;0;A01
201600035321;2;7;0;0;2;1;19;Z01
201600035322;0;7;0;0;1;1;15;A01
201600035323;0;30;0;1;2;0;0;A01
201600035323;0;13;0;0;2;4;23;B01
201600035324;1;7;0;0;2;6;11;A01
201600035324;1;2;0;0;2;1;1;B01
201600035325;0;7;0;0;1;0;0;Z01
201600035326;1;33;0;0;1;2;0;A01
201600035327;0;7;0;0;2;1;1;B01
201600035327;0;7;0;0;2;2;15;A01
201600035328;1;1;0;0;2;7;1;A01
201600035328;2;10;0;0;2;1;9;B01
201600035329;0;32;0;0;2;1;1;B01
201600035329;0;7;0;0;2;3;15;A01
201600035330;1;7;0;0;2;1;10;A01
201600035330;1;33;0;0;2;1;2;B01
201600035331;1;7;0;0;2;3;9;A01
201600035331;2;31;0;0;2;1;1;B01
201600035332;2;7;0;0;2;4;2;B01
201600035332;2;7;0;0;2;1;2;A01
201600035333;0;7;0;0;1;0;0;Z01
201600035334;1;7;0;0;2;5;4;A01
201600035334;1;30;0;0;2;1;0;B01
201600035335;2;7;0;0;1;6;4;A01
201600035336;1;10;0;0;2;5;15;A01
201600035336;2;31;0;0;2;1;0;B01
201600035337;1;10;0;0;2;1;0;A01
201600035337;1;31;0;0;2;1;0;B01
201600035338;2;7;0;0;2;3;9;A01
201600035338;1;31;0;0;2;1;1;B01
201600035339;1;7;0;0;9;3;1;A01
201600035339;2;1;0;0;2;0;0;B01
201600035340;2;1;0;0;2;0;0;A01
201600035340;2;7;0;0;2;2;0;Z01
201600035341;0;7;0;0;2;1;1;B01
201600035341;0;7;0;0;2;3;15;A01
201600035342;1;7;0;0;2;1;1;B01
201600035342;1;7;0;0;2;7;1;A01
201600035343;1;7;0;0;2;3;2;A01
201600035343;1;31;0;0;2;1;2;B01
201600035344;2;1;0;0;2;1;1;B01
201600035344;1;7;0;0;2;2;15;A01
201600035345;2;33;0;0;2;1;1;B01
201600035345;1;7;0;0;2;6;15;A01
201600035346;1;7;0;0;2;0;0;A01
201600035346;1;30;0;0;2;0;0;B01
201600035347;0;2;0;0;2;0;1;A01
201600035347;0;7;0;0;0;0;0;Z01
201600035348;1;7;0;0;1;0;0;A01
201600035349;1;7;0;0;2;1;1;A01
201600035349;2;7;0;0;2;7;1;B01
201600035350;1;7;0;0;1;3;1;A01
201600035351;1;7;0;0;2;1;19;Z01
201600035351;2;34;0;0;2;8;1;A01
201600035352;1;7;0;0;2;0;19;Z01
201600035352;1;33;0;0;2;8;1;A01
201600035353;1;7;0;0;2;0;2;C01
201600035353;1;7;0;0;2;6;2;D01
201600035353;1;7;0;0;2;1;2;A01
201600035353;1;7;0;0;2;7;2;B01
201600035354;1;7;0;0;2;3;11;A01
201600035354;1;2;0;0;2;1;17;B01
201600035355;1;33;0;0;2;3;17;B01
201600035355;1;7;0;0;2;3;15;A01
201600035356;1;7;0;0;1;2;15;A01
201600035357;2;34;0;0;2;1;2;A01
201600035357;1;7;0;0;2;6;10;B01
201600035358;1;33;0;0;2;2;16;A01
201600035358;1;7;0;0;2;3;1;B01
201600035359;1;7;0;0;2;7;1;B01
201600035359;1;31;0;0;2;8;2;A01
201600035360;1;7;0;0;1;4;4;A01
201600035361;1;7;0;0;1;4;4;Z01
201600035362;0;33;0;0;2;5;0;A01
201600035362;1;7;0;0;2;3;2;B01
201600035363;1;7;0;0;1;1;1;A01
201600035364;1;7;0;0;1;1;1;A01
201600035365;1;33;0;0;2;1;1;A01
201600035366;0;7;0;0;1;0;0;A01
201600035367;1;7;0;0;2;7;15;A01
201600035367;2;10;0;0;2;0;0;B01
201600035368;1;7;0;0;2;6;10;A01
201600035368;1;32;0;0;2;1;1;B01
201600035369;1;1;0;0;2;3;15;B01
201600035369;1;2;0;0;2;5;17;A01
201600035370;1;7;0;0;0;0;0;A01
201600035370;2;2;0;0;2;0;0;B01
201600035371;1;7;0;0;1;1;1;A01
201600035372;1;7;0;0;2;4;2;B01
201600035372;1;30;0;0;2;1;2;A01
201600035373;1;7;0;0;2;2;1;A01
201600035373;1;7;0;0;2;3;1;C01
201600035373;1;7;0;0;2;3;1;B01
201600035374;1;7;0;0;1;2;1;A01
201600035375;1;7;0;0;1;0;0;A01
201600035376;1;1;0;0;2;0;0;B01
201600035376;1;7;0;0;9;2;0;A01
201600035377;1;7;0;0;2;3;15;A01
201600035377;1;32;0;0;2;2;17;B01
201600035378;1;7;0;0;1;0;1;A01
201600035379;1;7;0;0;2;8;1;B01
201600035379;1;7;0;1;2;2;14;A01
201600035380;1;30;0;0;2;1;13;A01
201600035380;2;7;0;0;2;1;1;B01
201600035381;1;7;0;0;2;2;15;A01
201600035381;2;1;0;0;2;1;1;B01
201600035382;1;7;0;0;1;3;15;A01
201600035383;1;7;0;0;2;7;0;B01
201600035383;1;2;0;0;2;3;0;A01
201600035384;1;32;0;0;2;4;2;B01
201600035384;1;7;0;0;2;2;2;A01
201600035385;2;1;0;0;2;1;1;B01
201600035385;2;7;0;0;9;1;1;A01
201600035386;1;7;0;0;0;4;23;B01
201600035386;1;7;0;0;2;1;2;A01
201600035387;2;31;0;0;1;0;0;Z01
201600035388;1;7;0;0;1;1;15;A01
201600035389;0;30;0;0;2;8;19;A01
201600035389;1;7;0;0;2;1;14;B01
201600035390;1;7;0;0;2;7;5;A01
201600035390;2;30;0;0;2;7;0;B01
201600035391;1;7;0;0;2;2;1;A01
201600035391;0;33;0;0;2;6;1;B01
201600035392;2;7;0;0;2;2;15;A01
201600035392;1;30;0;0;2;1;1;B01
201600035393;2;7;0;1;0;2;1;A01
201600035393;1;7;0;0;0;0;0;B01
201600035394;2;7;0;0;2;1;1;A01
201600035394;2;10;0;0;2;4;1;B01
201600035394;2;7;0;0;2;4;1;E01
201600035394;2;7;0;0;2;4;1;D01
201600035394;2;7;0;0;2;4;1;C01
201600035395;2;32;0;0;2;1;0;B01
201600035395;0;7;0;0;2;3;10;A01
201600035396;0;7;0;0;1;2;1;A01
201600035397;1;33;0;0;1;1;1;A01
201600035398;1;7;0;0;2;7;15;A01
201600035398;1;34;0;0;2;1;1;B01
201600035399;1;30;0;0;2;2;17;B01
201600035399;1;7;0;0;2;8;15;A01
201600035400;0;7;0;0;1;2;2;A01
201600035401;1;7;0;13;0;0;1;A01
201600035402;0;7;0;0;2;7;10;Z01
201600035402;0;32;0;0;2;8;1;A01
201600035403;2;33;0;0;2;1;17;B01
201600035403;1;7;0;0;2;2;21;A01
201600035404;1;33;0;0;0;1;0;A01
201600035405;1;7;0;0;2;1;15;A01
201600035405;1;31;0;0;0;0;0;B01
201600035406;2;7;0;0;2;4;1;B01
201600035406;2;7;0;0;2;1;1;A01
201600035407;1;31;0;0;2;0;0;B01
201600035407;1;7;0;0;2;8;19;A01
201600035408;2;7;0;0;2;4;4;A01
201600035408;2;1;0;0;2;1;1;B01
201600035409;2;31;0;0;2;0;0;A01
201600035409;2;99;0;0;2;0;0;Z01
201600035410;2;7;0;0;2;0;0;B01
201600035410;1;7;0;0;2;2;1;A01
201600035411;1;7;0;12;0;3;2;A01
201600035411;1;17;0;12;0;5;2;B01
201600035412;1;10;0;0;2;1;1;A01
201600035412;1;7;0;0;2;4;1;B01
201600035413;1;33;0;0;2;0;0;B01
201600035413;1;1;0;0;9;2;1;A01
201600035414;2;7;0;0;2;1;15;B01
201600035414;1;31;0;0;2;2;17;A01
201600035415;2;7;0;0;1;0;16;A01
201600035416;1;1;0;0;0;0;0;B01
201600035416;1;7;0;0;2;1;1;A01
201600035417;1;34;0;0;2;0;0;B01
201600035417;1;20;0;0;2;3;0;A01
201600035418;0;7;0;0;2;2;15;A01
201600035418;0;7;0;0;2;3;1;B01
201600035419;1;32;0;0;2;1;0;B01
201600035419;1;7;0;0;2;1;0;A01
201600035420;1;33;0;0;1;1;1;A01
201600035421;1;7;0;0;2;6;23;B01
201600035421;1;10;0;0;2;7;23;C01
201600035421;1;2;0;0;2;6;3;A01
201600035422;0;7;0;0;2;3;15;B01
201600035422;2;30;0;0;2;1;1;A01
201600035423;2;7;0;0;2;7;15;A01
201600035423;2;32;0;0;2;1;1;B01
201600035424;2;33;0;0;2;1;1;B01
201600035424;1;33;0;0;2;2;15;A01
201600035425;1;7;0;0;1;3;1;A01
201600035426;2;7;0;0;2;1;1;C01
201600035426;1;7;0;0;2;1;13;A01
201600035426;2;7;0;0;2;8;1;B01
201600035427;1;7;0;0;2;1;8;A01
201600035427;2;7;0;0;2;1;1;B01
201600035428;2;2;0;6;0;1;1;A01
201600035429;1;10;0;0;2;2;1;B01
201600035429;1;7;0;0;2;3;19;A01
201600035430;1;7;0;0;2;3;15;A01
201600035430;2;33;0;0;2;1;1;B01
201600035431;1;7;0;1;0;2;1;A01
201600035432;2;30;0;0;2;1;1;B01
201600035432;1;7;0;0;2;3;15;A01
201600035433;1;7;0;0;2;1;13;A01
201600035433;2;7;0;0;2;1;0;B01
201600035434;1;7;0;0;1;0;0;A01
201600035435;1;37;1;0;1;2;1;A01
201600035436;1;33;0;0;2;1;3;A01
201600035436;1;7;0;16;0;3;3;B01
201600035437;1;7;0;0;2;3;9;B01
201600035437;1;2;0;0;2;1;1;A01
201600035438;1;7;0;0;2;3;2;A01
201600035438;2;34;0;0;2;5;2;B01
201600035439;1;7;0;0;2;1;1;B01
201600035439;2;7;0;0;2;8;15;A01
201600035440;0;32;0;0;1;0;0;A01
201600035441;2;7;0;0;2;3;15;A01
201600035441;2;1;0;0;2;1;17;B01
201600035442;1;31;0;0;2;1;2;A01
201600035442;1;1;0;0;2;4;2;B01
201600035443;2;7;0;0;2;2;16;B01
201600035443;2;7;0;9;2;1;1;A01
201600035444;1;33;0;0;2;7;17;A01
201600035444;2;7;0;0;2;8;15;B01
201600035445;1;30;0;0;1;0;0;Z01
201600035446;1;7;0;0;2;7;18;A01
201600035446;1;31;0;0;2;8;0;B01
201600035447;2;7;0;8;2;1;1;A01
201600035447;0;7;0;0;2;8;15;B01
201600035448;1;7;0;0;0;3;2;B01
201600035448;1;2;0;0;2;9;2;A01
201600035449;0;10;0;0;2;7;15;B01
201600035449;0;33;0;0;2;3;1;A01
201600035450;1;7;0;0;1;1;1;A01
201600035451;2;7;0;0;2;1;1;B01
201600035451;1;30;0;0;2;0;0;A01
201600035452;2;7;0;0;9;7;1;A01
201600035452;2;1;0;0;2;0;0;B01
201600035453;1;7;0;0;2;5;0;A01
201600035453;1;7;0;0;2;0;0;B01
201600035454;1;7;0;0;1;2;13;A01
201600035455;1;7;0;0;2;8;20;A01
201600035455;1;30;0;0;2;1;0;B01
201600035456;1;2;0;0;2;1;18;A01
201600035456;1;7;0;0;2;2;1;B01
201600035457;2;7;0;0;1;1;15;A01
201600035458;0;7;0;0;2;1;2;B01
201600035458;0;7;0;0;0;4;15;C01
201600035458;0;7;0;0;2;1;2;A01
201600035459;1;7;0;0;1;2;1;A01
201600035460;1;37;1;0;1;2;1;A01
201600035461;1;7;0;0;2;3;5;A01
201600035461;2;7;0;0;2;3;5;B01
201600035462;2;33;0;1;2;1;1;B01
201600035462;2;10;0;0;2;8;10;A01
201600035463;2;33;0;0;1;1;1;A01
201600035464;1;7;0;0;2;2;15;A01
201600035464;1;33;0;0;2;1;1;B01
201600035465;1;7;0;15;2;1;1;B01
201600035465;2;7;0;0;2;1;1;A01
201600035466;2;7;0;0;1;8;1;A01
201600035467;1;7;0;2;0;1;1;A01
201600035468;2;30;0;0;2;2;15;A01
201600035468;2;7;0;0;2;1;1;B01
201600035469;1;2;0;0;2;1;15;A01
201600035469;2;7;0;0;2;1;1;B01
201600035470;2;7;0;0;2;1;11;A01
201600035470;1;1;0;0;2;7;15;B01
201600035471;2;10;0;0;2;8;0;C01
201600035471;1;7;0;0;2;1;17;A01
201600035471;2;7;0;0;2;3;23;B01
201600035472;1;7;0;0;2;4;1;B01
201600035472;1;17;0;0;2;2;17;A01
201600035473;2;7;0;0;1;1;15;A01
201600035474;2;33;0;0;2;1;1;B01
201600035474;1;7;0;0;2;2;15;A01
201600035475;1;7;0;0;2;8;1;A01
201600035475;1;7;0;0;2;1;15;B01
201600035476;1;7;0;0;2;2;15;A01
201600035476;0;7;0;0;0;0;0;B01
201600035477;2;10;0;0;2;1;2;A01
201600035477;2;7;0;0;2;5;2;B01
201600035478;1;1;0;0;1;1;13;A01
201600035479;2;33;0;0;2;1;17;A01
201600035479;2;7;0;0;2;3;15;B01
201600035480;2;7;0;0;2;1;1;A01
201600035480;1;7;0;0;2;8;1;B01
201600035481;0;7;0;0;1;1;15;A01
201600035482;1;17;0;0;2;2;12;A01
201600035482;1;7;0;0;2;8;1;B01
201600035482;2;7;0;0;2;1;1;C01
201600035483;1;7;0;0;1;3;16;A01
201600035484;1;7;0;0;1;3;1;Z01
201600035485;1;7;0;0;1;1;1;A01
201600035486;2;37;0;0;2;1;1;A01
201600035486;2;7;0;7;2;3;1;B01
201600035487;1;33;0;0;2;6;1;B01
201600035487;1;10;0;0;2;6;16;A01
201600035488;1;7;0;0;2;0;0;A01
201600035488;1;30;0;0;2;0;0;B01
201600035489;1;10;0;0;1;7;1;A01
201600035490;1;7;0;0;2;1;1;A01
201600035490;1;7;0;0;2;2;1;B01
201600035491;1;7;0;0;2;3;2;A01
201600035491;1;1;0;0;2;5;2;B01
201600035492;0;7;0;0;1;2;0;A01
201600035493;1;33;0;0;2;3;3;A01
201600035493;1;7;0;0;2;7;16;B01
201600035494;1;7;0;1;1;2;1;A01
201600035495;2;31;0;0;2;1;1;B01
201600035495;2;7;0;0;2;3;15;A01
201600035496;2;7;0;0;2;2;12;A01
201600035496;2;33;0;0;2;3;1;B01
201600035497;1;7;0;0;2;4;2;B01
201600035497;1;7;0;0;2;1;2;A01
201600035498;2;7;0;0;1;1;1;A01
201600035499;2;7;0;0;0;0;0;A01
201600035500;2;10;0;0;1;2;1;A01
201600035501;1;7;0;0;2;3;10;A01
201600035501;1;34;0;0;2;1;1;B01
201600035502;2;7;0;0;2;1;14;A01
201600035502;1;7;0;0;2;6;1;B01
201600035503;1;1;0;0;2;1;15;B01
201600035503;1;7;0;0;2;1;9;A01
201600035504;2;7;0;0;2;1;16;A01
201600035504;2;1;0;0;0;0;0;B01
201600035505;2;7;0;0;1;1;15;A01
201600035506;1;7;0;0;2;2;17;A01
201600035506;1;7;0;0;2;8;15;B01
201600035507;2;7;0;0;2;1;17;A01
201600035507;1;7;0;0;2;7;0;B01
201600035508;1;7;0;11;2;1;13;A01
201600035508;2;7;0;0;2;1;1;B01
201600035509;2;7;0;0;1;1;2;A01
201600035510;2;7;0;0;2;1;19;A01
201600035510;1;33;0;0;2;1;1;B01
201600035511;1;99;0;0;2;3;15;B01
201600035511;1;34;0;0;2;1;2;A01
201600035512;1;7;0;0;1;4;4;A01
201600035513;2;7;0;0;2;2;16;A01
201600035513;2;33;0;0;2;8;1;B01
201600035514;2;7;0;0;5;1;2;C01
201600035514;2;7;0;0;2;8;2;A01
201600035514;2;7;0;0;2;7;17;B01
201600035515;1;31;0;0;2;1;0;B01
201600035515;1;7;0;0;2;3;0;A01
201600035516;1;33;0;0;2;1;0;B01
201600035516;1;7;0;0;2;6;15;A01
201600035517;1;7;0;2;0;9;1;A01
201600035518;2;38;0;0;1;2;16;A01
201600035519;1;7;0;0;2;1;13;A01
201600035519;2;15;0;0;2;8;0;B01
201600035520;2;36;0;12;0;2;14;A01
201600035521;2;7;0;0;1;1;1;A01
201600035522;1;7;0;0;2;1;0;A01
201600035522;2;7;0;0;2;1;0;B01
201600035523;2;7;0;0;2;3;2;A01
201600035523;1;7;0;0;2;3;1;B01
201600035524;2;7;0;0;1;1;17;A01
201600035525;2;7;0;0;9;2;1;A01
201600035525;1;1;0;0;2;1;0;B01
201600035526;1;7;0;0;2;3;1;B01
201600035526;1;7;0;0;2;3;1;C01
201600035526;2;7;0;0;2;1;5;A01
201600035526;1;7;0;0;2;1;1;D01
201600035527;2;7;0;0;2;1;1;B01
201600035527;1;7;0;0;2;1;13;A01
201600035528;1;7;0;8;0;1;1;A01
201600035529;1;7;0;0;2;4;1;B01
201600035529;1;7;0;0;2;1;2;A01
201600035530;2;7;0;0;2;1;1;B01
201600035530;1;3;0;0;2;2;19;A01
201600035531;1;31;0;0;1;1;1;A01
201600035532;1;7;0;0;2;1;13;A01
201600035532;1;7;0;0;2;8;1;B01
201600035533;1;7;0;0;2;7;19;A01
201600035533;0;1;0;0;0;0;0;B01
201600035534;1;7;0;0;2;1;13;A01
201600035534;2;7;0;0;2;1;1;B01
201600035535;1;7;0;0;0;0;0;A01
201600035536;1;7;0;0;0;0;0;A01
201600035537;1;30;0;0;1;2;1;A01
201600035538;1;2;0;0;2;1;1;A01
201600035538;1;7;0;0;2;3;15;B01
201600035539;2;7;0;0;2;1;15;A01
201600035539;1;7;0;0;2;1;16;B01
201600035540;1;7;0;0;2;3;0;B01
201600035540;2;7;0;0;2;6;19;A01
201600035541;1;7;0;0;1;0;0;A01
201600035542;1;7;0;0;1;3;1;A01
201600035543;1;7;0;2;0;1;6;A01
201600035544;2;33;0;0;2;1;1;B01
201600035544;1;7;0;0;2;7;15;A01
201600035545;1;7;0;0;2;1;1;A01
201600035545;1;7;0;0;0;4;23;D01
201600035545;1;7;0;0;2;4;1;C01
201600035545;1;10;0;0;2;4;1;B01
201600035546;2;7;0;0;2;3;15;B01
201600035546;2;31;0;0;2;1;17;A01
201600035547;1;33;0;0;0;7;21;A01
201600035548;0;7;0;0;2;1;0;A01
201600035548;0;1;0;0;2;0;0;B01
201600035549;1;7;0;0;1;1;16;A01
201600035550;1;7;0;0;1;3;1;A01
201600035551;2;7;0;0;2;3;15;A01
201600035551;2;7;0;0;2;3;1;B01
201600035552;2;7;0;0;1;1;1;A01
201600035553;1;33;0;0;2;1;2;A01
201600035553;1;7;0;0;2;0;0;B01
201600035554;1;7;0;0;1;0;0;A01
201600035555;1;7;0;0;2;1;0;A01
201600035555;1;2;0;0;2;2;1;B01
201600035556;0;2;0;0;2;1;1;B01
201600035556;1;10;0;0;2;7;15;A01
201600035557;1;7;0;0;1;1;15;A01
201600035558;1;7;0;0;2;3;15;A01
201600035558;2;33;0;0;2;1;1;B01
201600035559;1;7;0;0;1;7;1;A01
201600035560;2;7;0;0;0;1;9;A01
201600035560;1;33;0;0;0;0;0;B01
201600035561;1;1;0;0;2;4;2;B01
201600035561;1;17;0;0;2;1;2;A01
201600035562;2;7;0;0;1;3;0;A01
201600035563;1;7;0;0;1;1;15;A01
201600035564;1;7;0;0;1;1;1;A01
201600035565;2;33;0;0;2;1;1;B01
201600035565;2;7;0;0;2;3;9;A01
201600035566;1;7;0;0;2;1;13;A01
201600035566;2;7;0;0;2;1;1;B01
201600035567;1;7;0;0;1;1;1;A01
201600035568;2;33;0;0;2;1;1;B01
201600035568;1;7;0;0;2;1;15;A01
201600035568;0;7;0;0;9;1;0;C01
201600035569;2;7;0;0;1;2;1;A01
201600035570;1;7;0;0;2;1;2;A01
201600035570;1;30;0;0;0;4;2;B01
201600035571;2;1;0;0;2;1;5;B01
201600035571;1;7;0;0;2;1;1;A01
201600035572;2;7;0;0;1;2;1;A01
201600035573;1;31;0;0;2;1;17;A01
201600035573;1;7;0;0;2;8;15;B01
201600035574;2;31;0;0;2;1;1;B01
201600035574;2;7;0;0;0;5;16;A01
201600035575;0;30;0;0;2;1;1;B01
201600035575;1;7;0;0;2;3;15;A01
201600035576;0;7;0;0;2;3;15;A01
201600035576;0;31;0;0;2;1;1;B01
201600035577;1;30;0;15;0;0;4;A01
201600035578;1;30;0;0;2;7;1;B01
201600035578;1;10;0;0;2;3;9;Z01
201600035579;1;31;0;0;0;0;21;A01
201600035580;1;7;0;0;1;8;1;A01
201600035581;1;31;0;0;9;1;1;A01
201600035582;1;7;0;0;2;7;1;B01
201600035582;1;7;0;0;2;1;14;A01
201600035583;0;7;0;0;2;3;9;A01
201600035583;1;1;0;0;2;7;1;B01
201600035584;2;7;0;0;2;2;15;A01
201600035584;1;33;0;0;2;1;1;B01
201600035585;2;7;0;0;2;2;2;B01
201600035585;1;34;0;0;2;3;19;A01
201600035586;1;30;0;0;0;8;1;A01
201600035587;2;32;0;0;2;7;1;B01
201600035587;2;7;0;0;2;8;15;A01
201600035588;1;2;0;0;0;7;9;A01
201600035589;1;7;0;10;0;1;1;A01
201600035589;1;7;0;14;0;1;1;B01
201600035590;2;1;0;0;2;7;19;B01
201600035590;1;7;0;0;2;3;1;A01
201600035591;1;33;0;0;2;5;1;B01
201600035591;1;33;0;0;2;2;1;A01
201600035592;2;33;0;4;0;8;13;A01
201600035593;1;2;0;0;0;8;9;A01
201600035594;1;7;0;0;1;6;4;A01
201600035595;2;1;0;0;2;1;1;B01
201600035595;2;10;0;0;2;3;9;A01
201600035596;2;7;0;4;2;2;1;A01
201600035596;2;7;0;0;2;6;18;Z01
201600035597;2;7;0;9;0;1;1;A01
201600035598;1;10;0;0;1;0;0;A01
201600035599;1;1;0;0;2;4;1;B01
201600035599;1;7;0;0;2;2;14;A01
201600035600;1;7;0;1;0;1;1;A01
201600035601;1;10;0;0;2;3;1;B01
201600035601;1;7;0;0;2;2;1;A01
201600035602;1;34;0;0;2;2;17;B01
201600035602;1;7;0;1;2;8;15;A01
201600035603;1;7;0;0;1;3;1;A01
201600035604;2;33;0;3;0;1;1;A01
201600035605;2;1;0;0;2;5;1;A01
201600035605;1;7;0;0;0;0;0;Z01
201600035606;1;7;0;0;2;3;13;A01
201600035606;1;7;0;0;2;3;1;B01
201600035607;1;1;0;0;0;0;0;C01
201600035607;1;7;0;0;2;8;22;A01
201600035607;1;1;0;1;0;7;1;B01
201600035608;1;7;0;6;0;8;13;A01
201600035609;2;7;0;0;1;3;1;A01
201600035610;2;7;0;0;1;8;1;A01
201600035611;1;7;0;0;1;0;0;A01
201600035612;1;7;0;2;0;1;0;A01
201600035613;2;7;0;0;2;6;1;B01
201600035613;1;7;0;12;2;1;1;A01
201600035614;1;7;0;0;2;2;1;A01
201600035614;1;1;0;0;0;0;0;B01
201600035615;1;7;0;0;2;3;19;A01
201600035615;2;17;0;0;2;3;1;B01
201600035616;1;7;0;0;1;1;1;A01
201600035617;1;7;0;0;2;8;1;C01
201600035617;1;7;0;0;2;3;17;A01
201600035617;2;7;0;0;2;3;1;B01
201600035618;2;7;0;0;1;3;16;A01
201600035619;1;31;0;0;2;1;1;B01
201600035619;2;7;0;0;2;3;9;A01
201600035620;2;30;0;0;6;1;1;A01
201600035621;2;7;0;0;2;3;15;A01
201600035621;1;32;0;0;2;1;1;B01
201600035622;1;7;0;0;5;1;1;B01
201600035622;1;7;0;0;5;1;1;C01
201600035622;1;7;0;0;5;1;1;A01
201600035623;1;7;0;0;1;3;1;A01
201600035624;1;7;0;0;0;2;1;A01
201600035625;1;7;0;0;0;1;1;A01
201600035626;1;33;0;1;2;1;13;A01
201600035626;2;7;0;0;2;3;23;B01
201600035627;1;7;0;0;0;2;17;A01
201600035628;1;7;0;0;2;5;18;A01
201600035628;1;7;0;0;2;2;1;B01
201600035628;1;7;0;0;2;3;1;C01
201600035629;2;7;0;0;0;2;1;A01
201600035630;1;31;0;0;0;2;1;A01
201600035631;1;7;0;0;0;0;0;A01
201600035631;1;31;0;0;2;7;1;B01
201600035632;1;7;0;0;1;3;16;A01
201600035633;1;7;0;0;2;2;2;A01
201600035633;1;1;0;0;0;0;0;B01
201600035634;2;30;0;0;2;1;2;A01
201600035634;2;30;0;0;2;4;2;B01
201600035635;1;2;0;0;2;7;17;B01
201600035635;1;7;0;0;2;3;1;Z01
201600035636;1;7;0;0;1;1;17;Z01
201600035637;1;17;0;1;2;3;2;A01
201600035637;1;10;0;0;2;2;2;B01
201600035638;2;7;0;0;2;2;2;A01
201600035638;2;7;0;0;2;6;23;B01
201600035639;1;7;0;0;2;1;2;A01
201600035639;1;7;0;0;2;6;23;B01
201600035640;1;7;0;0;2;3;13;A01
201600035640;2;7;0;13;2;7;1;B01
201600035640;2;7;0;0;2;8;0;C01
201600035641;1;7;0;6;0;1;16;A01
201600035642;2;7;0;0;2;1;2;A01
201600035642;2;7;0;0;2;4;23;B01
201600035642;2;7;0;0;2;4;23;C01
201600035642;2;7;0;0;2;4;23;D01
201600035643;1;7;0;0;2;0;16;A01
201600035643;1;1;0;0;2;4;16;B01
201600035644;1;30;0;0;2;1;17;A01
201600035644;1;20;0;0;2;6;1;B01
201600035645;1;7;0;0;1;2;1;A01
201600035646;1;7;0;0;1;2;16;A01
201600035647;1;7;0;0;2;1;2;A01
201600035647;1;7;0;0;2;4;2;B01
201600035647;1;7;0;0;2;4;2;C01
201600035648;2;1;0;0;2;1;1;A01
201600035648;1;99;0;0;2;1;1;B01
201600035649;1;7;0;1;2;2;9;A01
201600035649;1;7;0;0;2;3;1;B01
201600035650;1;7;0;0;0;0;0;B01
201600035650;1;7;0;0;2;2;19;A01
201600035651;1;7;0;1;0;1;1;A01
201600035652;1;1;0;0;2;0;1;B01
201600035652;1;7;0;0;2;0;16;Z01
201600035653;1;2;0;0;2;1;1;A01
201600035653;1;7;0;0;2;7;16;B01
201600035654;1;7;0;0;2;3;5;A01
201600035654;2;17;0;0;2;8;1;B01
201600035655;1;99;0;0;0;3;1;A01
201600035656;2;2;0;0;2;1;9;A01
201600035656;1;7;0;0;2;2;15;B01
201600035657;2;7;0;0;2;3;2;A01
201600035657;2;7;0;0;2;4;23;B01
201600035658;1;10;0;0;1;4;4;A01
201600035659;1;7;0;0;2;5;17;A01
201600035659;1;1;0;0;2;6;1;B01
201600035660;1;7;0;8;2;3;18;A01
201600035660;1;7;0;0;2;2;1;B01
201600035661;1;7;0;0;0;0;17;A01
201600035662;1;2;0;0;2;1;1;A01
201600035662;2;7;0;0;2;3;1;B01
201600035663;1;7;0;0;2;5;1;B01
201600035663;1;31;0;0;2;1;19;A01
201600035664;1;7;0;1;0;1;1;A01
201600035665;2;7;0;8;0;9;1;A01
201600035666;1;31;0;0;1;3;1;Z01
201600035667;1;7;0;0;1;3;15;A01
201600035668;1;10;0;0;2;2;1;B01
201600035668;1;7;0;0;2;8;15;A01
201600035669;1;7;0;0;1;4;4;A01