Num_Acc;senc;catv;occutc;obs;obsm;choc;manv;num_veh
201600035670;1;37;3;0;2;3;9;A01
201600035670;1;10;0;0;2;3;1;C01
201600035670;1;10;0;0;2;5;2;B01
201600035671;1;10;0;0;2;2;15;A01
201600035671;2;30;0;0;2;1;1;B01
201600035672;1;30;0;0;2;2;1;B01
201600035672;1;7;0;0;2;3;9;A01
201600035673;1;37;0;0;1;5;1;A01
201600035674;1;7;0;0;1;2;15;A01
201600035675;1;7;0;0;2;8;24;A01
201600035675;1;1;0;1;0;1;1;B01
201600035676;1;7;0;0;1;0;0;Z01
201600035677;1;7;0;0;2;3;15;A01
201600035677;2;1;0;0;2;1;1;B01
201600035678;1;7;0;1;2;1;1;A01
201600035678;1;2;0;0;2;4;1;B01
201600035679;2;7;0;0;2;1;1;A01
201600035679;2;7;0;0;2;4;23;B01
201600035679;2;7;0;0;2;4;23;C01
201600035679;2;7;0;0;2;4;23;D01
201600035680;2;7;0;0;2;1;1;A01
201600035680;1;7;0;0;2;8;15;B01
201600035681;1;10;0;0;2;5;15;A01
201600035681;1;7;0;0;2;1;1;B01
201600035682;2;7;0;0;2;2;15;A01
201600035682;1;7;0;0;2;2;2;B01
201600035682;1;7;0;0;2;1;23;C01
201600035683;2;7;0;0;2;1;5;A01
201600035683;1;10;0;0;2;1;1;B01
201600035684;1;7;0;0;1;1;1;A01
201600035685;1;7;0;7;0;1;0;A01
201600035686;1;2;0;1;0;1;0;A01
201600035686;1;7;0;0;2;6;24;B01
201600035687;1;7;0;8;0;1;1;A01
201600035688;1;7;0;0;2;1;1;A01
201600035688;1;7;0;0;2;4;2;B01
201600035688;1;7;0;0;2;4;2;C01
201600035689;1;7;0;0;1;2;16;A01
201600035690;1;31;0;1;2;7;12;A01
201600035690;1;7;0;0;0;0;0;B01
201600035691;2;7;0;9;0;7;1;A01
201600035692;1;10;0;0;2;1;1;A01
201600035692;1;7;0;0;2;4;2;B01
201600035692;1;7;0;0;2;4;2;C01
201600035692;1;7;0;0;2;4;1;D01
201600035692;1;7;0;0;2;4;2;E01
201600035693;2;14;0;0;2;1;2;A01
201600035693;2;10;0;0;2;4;2;B01
201600035693;2;10;0;0;2;4;1;C01
201600035694;1;31;0;0;2;2;1;B01
201600035694;2;7;0;0;2;3;9;A01
201600035695;2;7;0;0;2;1;2;A01
201600035695;2;2;0;0;2;4;1;B01
201600035696;0;33;0;6;0;1;1;A01
201600035697;1;30;0;0;2;1;15;A01
201600035697;1;7;0;0;2;3;1;B01
201600035698;1;7;0;0;2;2;1;B01
201600035698;1;7;0;0;2;3;9;A01
201600035699;0;7;0;0;2;8;10;A01
201600035699;0;33;0;0;2;1;1;B01
201600035700;2;31;0;0;2;7;12;A01
201600035700;1;7;0;0;2;8;1;B01
201600035701;2;7;0;0;2;2;19;A01
201600035701;2;1;0;0;2;1;1;B01
201600035702;0;7;0;0;2;3;15;A01
201600035702;0;2;0;0;2;1;15;B01
201600035703;2;7;0;0;2;1;2;A01
201600035703;2;7;0;0;2;4;2;B01
201600035704;1;7;0;0;1;1;1;A01
201600035705;0;7;0;0;2;1;2;A01
201600035705;0;7;0;0;2;4;2;B01
201600035706;2;7;0;0;1;3;1;A01
201600035707;2;7;0;2;0;1;1;A01
201600035708;0;2;0;9;0;1;1;A01
201600035709;2;7;0;0;1;3;1;A01
201600035710;1;7;0;0;2;0;0;A01
201600035710;2;7;0;0;2;0;0;B01
201600035711;1;7;0;6;0;1;1;A01
201600035712;2;7;0;1;2;1;1;A01
201600035712;2;7;0;0;2;4;2;B01
201600035713;2;7;0;0;2;1;1;A01
201600035713;2;7;0;0;2;4;2;B01
201600035714;1;7;0;0;2;1;1;A01
201600035714;1;7;0;0;2;4;2;B01
201600035715;1;10;0;0;2;1;0;A01
201600035715;1;33;0;0;2;4;1;B01
201600035716;1;7;0;0;2;3;0;A01
201600035716;1;14;0;0;2;7;1;B01
201600035717;1;7;0;0;2;1;1;A01
201600035717;1;7;0;0;2;4;2;B01
201600035718;0;7;0;0;2;1;2;A01
201600035718;0;7;0;0;2;4;2;B01
201600035719;0;7;0;1;0;2;1;A01
201600035720;1;7;0;5;0;1;1;A01
201600035721;1;7;0;0;1;2;1;A01
201600035722;2;2;0;0;2;1;2;A01
201600035722;2;7;0;0;2;4;1;B01
201600035723;1;33;0;0;0;8;1;A01
201600035724;2;7;0;0;2;4;15;B01
201600035724;2;31;0;0;2;1;17;A01
201600035725;1;7;0;13;0;9;1;A01
201600035726;0;7;0;0;1;2;1;A01
201600035727;1;7;0;1;2;7;0;A01
201600035727;2;2;0;0;2;1;1;B01
201600035728;1;7;0;0;1;2;1;A01
201600035729;1;7;0;0;2;3;0;B01
201600035729;1;10;0;0;2;2;19;A01
201600035730;1;7;0;3;0;2;1;A01
201600035731;2;7;0;0;2;7;15;A01
201600035731;1;7;0;0;2;1;1;B01
201600035732;0;7;0;0;1;1;1;A01
201600035733;2;7;0;0;2;2;15;A01
201600035733;1;7;0;0;2;1;1;B01
201600035734;2;7;0;0;2;5;15;A01
201600035734;1;32;0;0;2;1;1;B01
201600035735;2;10;0;0;2;1;2;A01
201600035735;2;7;0;0;2;4;2;B01
201600035736;1;7;0;0;2;1;1;B01
201600035736;1;7;0;0;2;1;1;A01
201600035737;2;15;0;0;2;3;1;A01
201600035737;1;7;0;0;2;3;13;B01
201600035738;1;14;0;0;2;3;1;A01
201600035738;1;7;0;0;0;0;0;B01
201600035739;1;7;0;0;2;1;1;A01
201600035739;1;7;0;0;2;4;2;B01
201600035739;1;7;0;0;2;4;2;C01
201600035740;2;7;0;0;2;2;15;A01
201600035740;1;2;0;0;2;1;1;B01
201600035741;2;10;0;0;1;1;1;A01
201600035742;1;7;0;0;2;3;13;A01
201600035742;1;7;0;0;2;8;1;B01
201600035742;1;7;0;0;2;3;1;C01
201600035743;2;10;0;0;2;8;15;A01
201600035743;1;7;0;0;2;2;1;B01
201600035744;1;7;0;9;0;2;1;A01
201600035745;2;30;0;0;2;7;1;B01
201600035745;1;7;0;0;2;3;0;Z01
201600035746;2;7;0;0;2;1;1;A01
201600035746;2;7;0;0;2;4;2;B01
201600035747;2;7;0;0;2;1;5;A01
201600035747;1;7;0;0;2;1;1;B01
201600035748;0;7;0;0;2;3;15;A01
201600035748;0;1;0;0;2;1;1;B01
201600035749;1;7;0;0;2;1;1;A01
201600035749;1;7;0;0;2;4;15;B01
201600035750;2;10;0;0;1;2;1;A01
201600035751;1;2;0;0;2;1;13;A01
201600035751;1;7;0;0;2;5;1;B01
201600035752;2;31;0;16;0;7;1;A01
201600035753;1;33;0;0;2;1;1;A01
201600035753;2;7;0;0;2;2;15;B01
201600035754;1;7;0;3;0;9;0;A01
201600035755;1;33;0;0;2;4;2;A01
201600035755;1;7;0;0;2;4;2;B01
201600035755;1;7;0;0;2;1;1;C01
201600035756;1;33;0;0;2;1;1;A01
201600035756;1;7;0;0;2;4;15;B01
201600035757;1;7;0;0;2;1;1;A01
201600035757;2;7;0;0;2;1;15;B01
201600035758;2;7;0;0;1;2;1;A01
201600035759;0;7;0;0;2;1;13;A01
201600035759;0;7;0;0;2;1;1;B01
201600035760;1;7;0;0;2;1;1;A01
201600035760;2;7;0;0;2;8;0;B01
201600035761;1;7;0;6;0;2;1;A01
201600035762;1;7;0;0;2;1;15;A01
201600035762;2;1;0;0;2;8;1;B01
201600035763;1;10;0;0;1;1;1;A01
201600035764;2;7;0;8;0;1;1;A01
201600035765;2;33;0;0;0;0;21;A01
201600035766;1;30;0;9;0;1;0;A01
201600035767;2;7;0;0;2;1;2;A01
201600035767;2;7;0;0;0;4;0;B01
201600035768;1;7;0;0;2;1;1;A01
201600035768;1;7;0;0;2;4;2;B01
201600035769;2;7;0;0;2;7;13;A01
201600035769;1;7;0;0;2;1;1;B01
201600035770;0;7;0;0;2;8;16;A01
201600035770;0;1;0;0;2;1;1;B01
201600035771;2;7;0;0;2;1;2;A01
201600035771;2;7;0;0;2;4;1;B01
201600035772;1;7;0;0;2;2;12;A01
201600035772;2;33;0;0;2;2;1;B01
201600035773;1;7;0;0;2;2;15;A01
201600035773;2;7;0;0;2;1;1;B01
201600035774;1;2;0;16;0;1;1;A01
201600035775;1;7;0;0;2;1;1;A01
201600035775;0;7;0;0;2;8;0;B01
201600035776;2;7;0;15;2;2;15;A01
201600035776;1;7;0;0;2;1;1;B01
201600035776;2;7;0;0;2;1;1;C01
201600035777;0;7;0;0;1;2;1;A01
201600035778;1;7;0;0;2;3;1;A01
201600035778;2;7;0;0;2;3;1;B01
201600035779;0;7;0;0;1;2;1;Z01
201600035780;1;7;0;0;2;3;1;A01
201600035780;2;30;0;0;2;1;13;B01
201600035781;0;7;0;0;1;2;1;A01
201600035782;1;30;0;0;2;1;1;A01
201600035782;2;7;0;0;2;1;1;B01
201600035783;2;7;0;0;2;1;13;A01
201600035783;1;7;0;0;2;1;1;B01
201600035784;1;7;0;0;1;1;1;A01
201600035785;0;2;0;0;2;1;1;B01
201600035785;0;7;0;0;2;6;15;A01
201600035786;1;7;0;0;2;1;1;A01
201600035786;1;7;0;0;2;4;2;B01
201600035786;1;7;0;0;2;4;2;C01
201600035787;2;7;0;0;1;1;1;A01
201600035788;1;10;0;0;2;1;1;A01
201600035788;1;7;0;0;2;4;2;B01
201600035788;1;7;0;0;2;4;2;C01
201600035789;0;7;0;0;2;2;17;A01
201600035789;0;32;0;0;2;6;1;B01
201600035790;1;7;0;0;2;1;16;A01
201600035790;2;1;0;0;2;1;1;B01
201600035791;2;10;0;0;2;3;11;A01
201600035791;2;7;0;0;2;2;1;B01
201600035792;1;7;0;0;2;5;15;A01
201600035792;2;30;0;0;2;1;1;B01
201600035793;0;7;0;0;2;1;2;A01
201600035793;0;7;0;0;2;4;0;B01
201600035794;1;7;0;0;2;1;1;A01
201600035794;2;7;0;0;2;5;15;B01
201600035795;2;7;0;0;2;2;15;A01
201600035795;0;7;0;0;2;1;1;B01
201600035796;1;30;0;16;0;1;1;A01
201600035797;2;7;0;0;1;1;1;A01
201600035798;1;7;0;16;0;9;1;A01
201600035799;1;10;0;11;0;1;1;A01
201600035800;2;7;0;0;2;1;1;A01
201600035800;2;10;0;0;2;4;0;B01
201600035800;2;7;0;0;2;4;1;C01
201600035801;0;7;0;0;1;3;1;A01
201600035802;1;7;0;0;2;1;1;A01
201600035802;1;7;0;0;2;4;1;B01
201600035802;1;7;0;0;2;4;1;C01
201600035803;0;7;0;0;1;0;0;A01
201600035804;2;7;0;0;1;3;15;A01
201600035805;0;7;0;0;2;3;20;A01
201600035805;0;33;0;0;2;3;0;B01
201600035806;1;2;0;0;2;1;17;A01
201600035806;2;7;0;0;2;1;1;B01
201600035806;1;7;0;0;2;3;2;C01
201600035807;0;7;0;0;2;1;1;A01
201600035807;0;7;0;0;2;4;1;B01
201600035807;0;7;0;0;2;4;1;C01
201600035808;1;7;0;0;2;5;15;A01
201600035808;2;31;0;0;2;1;1;B01
201600035809;0;10;0;0;2;1;1;A01
201600035809;0;7;0;0;0;0;0;B01
201600035810;1;7;0;0;2;7;15;A01
201600035810;2;7;0;0;2;3;1;B01
201600035811;0;1;0;0;2;3;0;A01
201600035811;0;31;0;0;2;1;1;B01
201600035812;1;33;0;0;2;1;2;A01
201600035812;1;7;0;0;2;4;23;B01
201600035813;1;7;0;0;2;1;2;A01
201600035813;1;7;0;0;2;4;2;B01
201600035813;1;7;0;0;2;4;23;C01
201600035814;2;7;0;0;2;5;15;A01
201600035814;1;33;0;0;2;1;1;B01
201600035815;2;7;0;13;0;1;0;A01
201600035816;1;1;0;0;2;1;13;A01
201600035816;2;7;0;0;2;3;1;B01
201600035817;1;33;0;2;0;1;1;A01
201600035818;1;7;0;5;0;1;13;A01
201600035819;1;7;0;0;2;2;9;A01
201600035819;1;37;0;1;2;3;1;B01
201600035820;2;1;0;0;2;1;13;A01
201600035820;1;7;0;0;2;1;1;B01
201600035821;2;33;0;0;2;1;1;A01
201600035821;2;7;0;0;2;4;1;B01
201600035822;1;7;0;0;1;2;1;A01
201600035823;1;7;0;0;2;1;1;A01
201600035823;1;7;0;0;2;4;2;B01
201600035824;2;7;0;0;2;8;15;A01
201600035824;1;2;0;0;2;1;1;B01
201600035825;1;7;0;0;2;1;1;A01
201600035825;1;33;0;0;2;7;1;B01
201600035826;1;7;0;0;2;6;15;A01
201600035826;1;30;0;0;2;1;1;B01
201600035827;1;7;0;0;2;7;15;A01
201600035827;2;7;0;0;2;1;1;B01
201600035828;1;30;0;0;2;1;15;A01
201600035828;1;7;0;0;2;3;1;B01
201600035829;1;7;0;0;2;1;2;A01
201600035829;1;7;0;0;2;4;2;B01
201600035830;2;2;0;0;2;1;1;A01
201600035830;2;7;0;0;2;4;1;B01
201600035831;1;30;0;0;2;1;1;B01
201600035831;1;7;0;0;2;1;9;A01
201600035832;0;7;0;0;2;3;1;A01
201600035832;0;7;0;0;2;3;1;B01
201600035833;1;7;0;11;0;9;1;A01
201600035834;1;7;0;0;1;2;1;A01
201600035835;0;30;0;0;2;1;15;A01
201600035835;0;7;0;0;0;0;0;B01
201600035836;2;7;0;0;2;1;1;B01
201600035836;2;2;0;0;2;1;9;A01
201600035837;2;33;0;0;2;1;1;B01
201600035837;1;7;0;0;2;3;15;A01
201600035838;0;7;0;6;0;1;15;A01
201600035839;2;7;0;0;2;5;14;A01
201600035839;2;37;0;0;2;3;1;B01
201600035840;2;7;0;0;2;4;1;A01
201600035840;2;7;0;0;2;4;1;B01
201600035841;0;7;0;0;2;2;15;A01
201600035841;0;7;0;0;0;0;0;B01
201600035842;1;33;0;14;0;2;0;A01
201600035842;1;7;0;0;2;3;0;B01
201600035843;1;7;0;8;0;1;1;A01
201600035844;0;7;0;0;2;3;16;A01
201600035844;0;33;0;0;2;1;1;B01
201600035845;2;7;0;0;2;7;15;A01
201600035845;1;33;0;0;2;1;1;B01
201600035846;1;7;0;0;2;5;9;A01
201600035846;1;7;0;0;2;1;1;B01
201600035847;2;10;0;0;2;2;15;A01
201600035847;2;7;0;0;2;1;1;B01
201600035848;1;7;0;0;1;1;1;A01
201600035849;2;7;0;0;2;2;1;A01
201600035849;2;2;0;0;2;0;0;B01
201600035850;0;7;0;0;1;1;1;A01
201600035851;1;7;0;0;6;1;1;A01
201600035852;2;7;0;0;2;2;10;A01
201600035852;1;7;0;0;2;1;1;B01
201600035853;2;7;0;0;2;3;15;A01
201600035853;1;7;0;0;2;3;0;B01
201600035854;2;7;0;0;2;1;1;A01
201600035854;2;7;0;0;2;4;0;B01
201600035855;1;7;0;15;0;9;1;A01
201600035856;1;7;0;0;2;1;2;A01
201600035856;1;7;0;0;2;4;2;B01
201600035857;1;7;0;1;0;1;1;A01
201600035858;0;7;0;0;2;1;15;A01
201600035858;0;7;0;0;2;1;1;B01
201600035859;1;7;0;0;1;1;1;A01
201600035860;2;2;0;0;5;1;1;A01
201600035861;1;7;0;0;2;3;9;A01
201600035861;1;33;0;0;2;1;1;B01
201600035862;2;7;0;0;2;1;1;A01
201600035862;2;7;0;0;2;4;1;B01
201600035862;2;7;0;0;2;4;1;C01
201600035862;2;7;0;0;2;4;1;D01
201600035863;2;7;0;0;2;3;15;A01
201600035863;1;7;0;14;0;8;1;B01
201600035863;2;7;0;0;2;0;23;C01
201600035864;1;7;0;0;2;1;2;A01
201600035864;1;7;0;0;2;4;2;B01
201600035865;1;3;0;0;2;1;2;A01
201600035865;1;7;0;0;2;4;2;B01
201600035865;1;10;0;0;2;1;2;C01
201600035866;1;7;0;0;2;2;9;B01
201600035866;1;7;0;0;2;3;9;A01
201600035867;2;2;0;12;0;0;1;B01
201600035867;2;7;0;0;9;0;13;Z01
201600035868;1;7;0;0;2;1;0;A01
201600035868;1;10;0;0;2;4;0;B01
201600035869;0;7;0;0;1;1;1;A01
201600035870;1;7;0;14;0;1;0;A01
201600035870;1;30;0;0;2;4;0;B01
201600035870;1;7;0;0;2;4;0;C01
201600035871;2;7;0;0;2;3;0;A01
201600035871;1;1;0;0;2;1;1;B01
201600035872;2;7;0;0;2;1;2;A01
201600035872;2;7;0;0;2;4;2;B01
201600035873;1;7;0;3;0;1;1;A01
201600035874;2;7;0;13;0;9;1;A01
201600035875;0;7;0;0;1;1;1;A01
201600035876;1;7;0;0;2;6;9;A01
201600035876;1;1;0;0;2;1;9;B01
201600035877;1;31;0;0;2;1;0;B01
201600035877;2;7;0;0;2;5;0;A01
201600035878;1;7;0;0;2;1;15;A01
201600035878;1;2;0;0;2;1;1;B01
201600035879;2;7;0;3;0;1;1;A01
201600035880;1;10;0;0;2;1;0;A01
201600035880;1;7;0;0;2;4;0;B01
201600035880;1;7;0;0;2;4;0;C01
201600035881;1;7;0;0;9;0;13;A01
201600035881;1;7;0;0;9;1;1;B01
201600035881;1;7;0;0;9;2;0;C01
201600035882;2;7;0;0;2;1;2;A01
201600035882;2;7;0;0;2;4;2;B01
201600035882;2;7;0;0;2;4;2;C01
201600035882;2;7;0;0;2;4;2;D01
201600035883;1;7;0;3;0;9;1;A01
201600035884;1;7;0;0;2;7;10;A01
201600035884;1;7;0;0;2;1;1;B01
201600035885;0;7;0;0;1;3;1;A01
201600035886;1;7;0;0;2;1;13;A01
201600035886;2;7;0;0;2;1;1;B01
201600035887;1;7;0;0;2;1;15;A01
201600035887;1;33;0;0;2;1;1;B01
201600035888;2;7;0;0;1;1;1;A01
201600035889;1;30;0;11;0;1;13;A01
201600035890;2;10;0;0;1;2;13;A01
201600035891;2;2;0;0;2;1;1;B01
201600035891;2;7;0;0;2;6;15;A01
201600035892;2;7;0;0;2;1;15;A01
201600035892;1;33;0;0;2;1;21;B01
201600035893;0;7;0;0;2;1;13;A01
201600035893;0;32;0;0;2;1;1;B01
201600035894;2;7;0;0;2;1;1;A01
201600035894;1;7;0;0;2;1;0;B01
201600035895;2;31;0;14;0;8;1;A01
201600035895;1;7;0;0;2;3;0;B01
201600035896;2;7;0;0;2;0;1;B01
201600035896;2;7;0;0;2;0;15;A01
201600035897;1;7;0;0;1;1;9;A01
201600035898;1;7;0;0;1;2;0;A01
201600035899;1;7;0;0;0;0;0;A01
201600035899;2;7;0;0;2;1;1;B01
201600035900;1;33;0;0;2;7;1;B01
201600035900;2;7;0;0;2;1;9;A01
201600035901;2;7;0;6;0;1;15;A01
201600035902;2;7;0;0;2;2;1;B01
201600035902;2;7;0;0;2;1;9;A01
201600035903;2;7;0;0;2;1;1;B01
201600035903;2;7;0;0;2;8;4;A01
201600035904;1;7;0;0;2;7;15;A01
201600035904;2;7;0;0;2;1;1;B01
201600035905;2;7;0;0;2;1;2;A01
201600035905;2;7;0;0;2;4;2;B01
201600035906;2;7;0;0;2;1;1;B01
201600035906;2;7;0;0;2;8;9;A01
201600035907;1;7;0;3;0;1;1;A01
201600035908;0;7;0;1;2;2;17;A01
201600035908;1;7;0;0;2;3;15;B01
201600035909;2;1;0;0;2;1;1;B01
201600035909;1;7;0;0;2;1;9;A01
201600035910;2;7;0;0;2;2;23;C01
201600035910;1;7;0;0;2;2;9;A01
201600035910;2;13;0;0;2;1;1;B01
201600035911;1;7;0;0;2;7;0;D02
201600035911;1;7;0;0;2;4;23;C01
201600035911;1;7;0;3;0;0;1;A01
201600035911;1;7;0;0;2;3;23;E01
201600035911;1;7;0;0;2;1;1;B01
201600035911;1;7;0;0;2;6;23;F01
201600035912;0;7;0;0;1;2;16;A01
201600035913;1;7;0;0;2;8;1;A01
201600035913;2;30;0;0;2;1;1;B01
201600035914;1;2;0;0;2;7;1;B01
201600035914;0;7;0;0;2;1;19;A01
201600035915;2;7;0;0;2;4;23;B01
201600035915;2;7;0;0;2;1;2;A01
201600035916;1;2;0;0;9;7;1;A01
201600035917;0;33;0;0;0;1;16;A01
201600035918;1;7;0;0;2;3;15;A01
201600035918;2;7;0;0;2;1;1;B01
201600035919;2;7;0;0;2;1;1;B01
201600035919;2;7;0;1;2;1;9;A01
201600035919;1;7;0;0;2;6;1;D01
201600035919;1;7;0;0;2;1;1;C01
201600035920;2;7;0;13;0;1;1;A01
201600035921;1;30;0;0;0;8;1;A01
201600035922;2;7;0;0;2;4;1;A01
201600035922;1;7;0;0;2;1;1;B01
201600035923;1;7;0;0;1;1;17;A01
201600035924;0;7;0;13;0;1;0;A01
201600035925;2;7;0;9;0;1;15;A01
201600035926;1;7;0;0;1;2;1;A01
201600035927;1;7;0;1;1;1;0;A01
201600035928;2;2;0;0;9;1;1;A01
201600035929;1;7;0;0;2;2;15;A01
201600035929;2;7;0;0;2;3;1;B01
201600035930;2;7;0;0;2;1;1;B01
201600035930;1;7;0;0;2;1;1;A01
201600035931;2;7;0;0;1;1;1;A01
201600035932;2;7;0;0;1;2;15;A01
201600035933;0;7;0;0;1;1;1;A01
201600035934;2;7;0;0;2;1;15;A01
201600035934;1;7;0;0;2;1;1;B01
201600035935;1;7;0;0;2;4;23;C01
201600035935;1;10;0;0;2;2;2;A01
201600035935;1;7;0;0;2;4;23;B01
201600035936;2;7;0;0;1;2;1;A01
201600035937;1;7;0;0;2;1;2;A01
201600035937;1;7;0;0;2;4;23;B01
201600035938;1;2;0;0;0;0;1;A01
201600035939;2;14;0;0;2;8;15;A01
201600035939;2;33;0;0;2;1;1;B01
201600035940;2;30;0;12;0;7;1;A01
201600035941;2;7;0;0;2;3;1;B01
201600035941;1;7;0;0;2;1;15;A01
201600035942;2;30;0;9;0;1;9;A01
201600035943;1;7;0;0;2;1;1;B01
201600035943;2;7;0;0;2;1;15;A01
201600035944;1;7;0;0;2;5;23;C01
201600035944;1;7;0;0;2;1;2;A01
201600035944;1;7;0;0;2;4;23;B01
201600035945;1;7;0;0;2;2;15;A01
201600035945;2;7;0;0;2;3;1;B01
201600035946;1;7;0;0;1;1;1;A01
201600035947;2;10;0;0;2;1;2;A01
201600035947;2;10;0;0;2;6;23;B01
201600035948;2;7;0;0;2;8;1;B01
201600035948;1;7;0;0;2;1;5;A01
201600035949;2;1;0;0;2;5;1;B01
201600035949;1;10;0;0;2;3;9;A01
201600035950;1;7;0;0;2;8;15;A01
201600035950;1;30;0;0;2;1;1;B01
201600035951;0;7;0;0;2;2;15;A01
201600035951;2;7;0;0;2;1;1;B01
201600035952;1;7;0;0;2;7;1;A01
201600035952;0;10;0;0;2;3;1;B01
201600035953;0;7;0;0;2;3;13;A01
201600035953;0;17;0;0;2;3;1;B01
201600035954;2;7;0;0;2;1;2;A01
201600035954;2;7;0;0;2;4;2;B01
201600035955;1;2;0;0;2;1;1;B01
201600035955;2;7;0;0;2;2;15;A01
201600035956;1;7;0;0;0;0;0;A01
201600035957;2;7;0;0;1;2;1;A01
201600035958;1;30;0;0;1;1;1;A01
201600035959;2;7;0;0;2;8;1;B01
201600035959;1;7;0;0;2;1;1;A01
201600035960;1;33;0;0;0;0;0;B01
201600035960;1;7;0;0;2;5;9;A01
201600035961;2;7;0;0;2;1;13;A01
201600035961;1;7;0;0;2;1;1;B01
201600035962;2;7;0;13;0;7;1;A01
201600035963;1;7;0;9;0;1;13;A01
201600035963;2;7;0;9;0;1;1;B01
201600035964;2;7;0;0;2;2;15;A01
201600035964;1;7;0;0;2;1;1;B01
201600035965;2;7;0;0;2;1;1;B01
201600035965;1;7;0;0;2;7;15;A01
201600035966;1;7;0;0;2;2;1;B01
201600035966;1;7;0;0;2;8;9;A01
201600035967;2;7;0;0;2;3;10;A01
201600035967;1;7;0;1;2;2;1;B01
201600035968;0;30;0;0;2;7;1;B01
201600035968;0;7;0;0;2;6;4;A01
201600035969;1;7;0;0;2;2;15;A01
201600035969;2;33;0;0;2;1;1;B01
201600035970;2;7;0;0;2;4;2;C01
201600035970;2;10;0;0;2;1;2;A01
201600035970;2;10;0;0;2;4;2;B01
201600035971;2;7;0;0;2;1;2;A01
201600035971;2;7;0;0;2;4;2;B01
201600035972;2;10;0;0;2;2;2;A01
201600035972;2;7;0;0;2;6;0;B01
201600035973;1;7;0;0;2;3;1;A01
201600035973;1;34;0;0;2;2;15;B01
201600035974;2;7;0;0;1;1;0;Z01
201600035975;2;7;0;0;2;2;1;B01
201600035975;2;7;0;0;2;3;15;A01
201600035976;1;7;0;0;1;2;1;A01
201600035977;2;7;0;0;2;1;2;A01
201600035977;2;7;0;0;2;4;23;B01
201600035978;1;33;0;0;2;1;1;B01
201600035978;2;7;0;0;2;5;15;A01
201600035979;1;33;0;0;2;1;2;A01
201600035979;2;7;0;0;2;4;15;B01
201600035980;2;33;0;12;0;8;21;A01
201600035981;1;7;0;2;0;0;0;A01
201600035982;1;7;0;15;0;0;0;A01
201600035983;2;37;5;0;1;5;1;A01
201600035984;1;7;0;0;1;1;1;A01
201600035985;1;7;0;0;2;3;9;B01
201600035985;2;7;0;0;2;1;9;A01
201600035986;2;7;0;0;2;1;15;A01
201600035986;1;30;0;0;2;1;1;B01
201600035987;2;7;0;0;2;1;2;A01
201600035987;2;7;0;0;2;4;2;B01
201600035988;1;33;0;0;0;8;1;A01
201600035989;1;7;0;0;2;1;2;Z01
201600035989;1;7;0;0;2;4;2;C01
201600035989;1;7;0;0;2;4;2;B01
201600035990;0;10;0;0;1;3;1;A01
201600035991;0;30;0;0;2;2;1;B01
201600035991;0;7;0;0;2;1;9;A01
201600035992;1;33;0;0;2;1;17;B01
201600035992;1;7;0;0;2;6;15;A01
201600035993;1;20;0;0;0;0;1;A01
201600035994;2;30;0;0;0;7;1;A01
201600035995;2;33;0;0;0;3;1;A01
201600035996;1;7;0;0;2;1;16;A01
201600035996;1;1;0;0;2;1;19;B01
201600035997;2;7;0;0;2;8;1;B01
201600035997;1;7;0;0;2;3;1;A01
201600035998;1;7;0;0;1;0;0;A01
201600035999;0;7;0;0;1;4;4;A01
201600036000;2;7;0;0;2;2;14;A01
201600036000;2;34;0;0;2;3;1;B01
201600036001;1;7;0;0;2;3;2;A01
201600036001;2;7;0;0;2;4;2;B01
201600036002;2;30;0;0;2;7;15;A01
201600036002;2;7;0;0;2;1;1;B01
201600036003;2;10;0;0;2;1;1;A01
201600036003;2;31;0;0;2;6;1;B01
201600036004;2;2;0;0;2;8;13;A01
201600036004;1;7;0;0;2;8;1;B01
201600036005;1;7;0;0;2;6;16;B01
201600036005;2;30;0;0;2;1;1;A01
201600036006;1;7;0;13;0;9;1;A01
201600036007;2;30;0;0;0;8;0;A01
201600036008;2;7;0;0;2;3;10;A01
201600036008;1;32;0;0;2;1;1;B01
201600036009;2;7;0;2;0;9;17;A01
201600036010;2;30;0;0;2;1;1;A01
201600036010;2;7;0;0;2;3;9;B01
201600036011;2;7;0;0;2;6;20;A01
201600036011;2;30;0;0;2;1;1;B01
201600036012;1;7;0;0;2;1;2;A01
201600036012;1;7;0;0;2;4;2;B01
201600036013;2;7;0;12;0;1;16;A01
201600036014;1;7;0;9;0;1;13;A01
201600036015;1;7;0;0;2;1;15;A01
201600036015;2;10;0;0;2;1;1;B01
201600036016;2;7;0;0;2;1;1;A01
201600036016;0;7;0;0;2;3;15;B01
201600036017;0;7;0;0;2;4;23;B01
201600036017;0;7;0;0;2;1;2;A01
201600036018;2;30;0;0;0;7;0;A01
201600036019;2;7;0;0;2;4;2;B01
201600036019;1;7;0;0;2;1;2;A01
201600036020;1;7;0;0;2;8;1;B01
201600036020;1;7;0;0;2;1;9;A01
201600036021;1;7;0;0;1;2;1;A01
201600036022;1;7;0;0;0;6;9;A01
201600036022;2;31;0;0;2;1;1;B01
201600036023;0;33;0;13;0;1;1;A01
201600036024;2;7;0;0;2;2;5;A01
201600036024;1;7;0;0;2;3;0;B01
201600036025;1;7;0;0;1;1;15;A01
201600036026;2;7;0;0;1;1;15;A01
201600036027;1;7;0;0;2;7;15;A01
201600036027;2;30;0;0;2;1;1;B01
201600036028;2;2;0;1;0;2;1;A01
201600036029;1;1;0;9;0;1;14;A01
201600036030;2;7;0;0;2;1;2;A01
201600036030;2;7;0;0;2;4;23;B01