Num_Acc;senc;catv;occutc;obs;obsm;choc;manv;num_veh
201600036791;0;99;0;0;2;1;1;A01
201600036791;0;7;0;0;2;3;15;B01
201600036792;1;7;0;0;2;3;1;B01
201600036792;1;14;0;0;2;2;12;A01
201600036793;0;2;0;0;2;2;1;A01
201600036793;0;37;2;0;2;3;1;B01
201600036794;1;7;0;0;2;1;1;B01
201600036794;1;7;0;0;2;2;16;A01
201600036795;2;7;0;0;2;2;14;A01
201600036795;2;7;0;0;2;9;1;B01
201600036796;0;7;0;11;0;3;14;A01
201600036797;1;7;0;0;2;1;9;A01
201600036797;1;7;0;0;2;4;1;B01
201600036798;2;7;0;3;0;8;13;A01
201600036799;0;1;0;0;0;0;0;A01
201600036800;2;7;0;0;1;2;1;A01
201600036801;0;2;0;0;2;1;1;A01
201600036801;0;7;0;0;2;4;2;B01
201600036802;0;7;0;0;1;1;1;A01
201600036803;0;7;0;0;1;3;1;A01
201600036804;2;7;0;0;1;1;6;A01
201600036805;1;7;0;0;1;1;16;A01
201600036806;1;7;0;0;2;4;1;A01
201600036806;1;7;0;0;2;4;2;B01
201600036806;1;7;0;0;2;1;2;C01
201600036807;1;7;0;0;1;8;1;A01
201600036808;0;7;0;0;2;1;1;A01
201600036808;0;31;0;0;2;7;17;B01
201600036809;0;7;0;0;1;1;1;A01
201600036810;1;7;0;0;1;1;1;A01
201600036811;1;31;0;0;2;0;0;B01
201600036811;1;7;0;0;2;0;0;A01
201600036812;0;7;0;0;1;3;1;A01
201600036813;0;7;0;0;1;8;1;A01
201600036814;0;7;0;0;1;2;16;A01
201600036815;0;7;0;0;1;1;1;A01
201600036816;1;3;0;0;2;3;9;A01
201600036816;1;2;0;0;2;1;1;B01
201600036817;2;7;0;0;2;1;1;B01
201600036817;1;38;1;0;2;1;5;A01
201600036818;0;2;0;1;0;1;1;A01
201600036818;0;37;1;0;2;6;23;B01
201600036819;0;2;0;0;2;1;17;A01
201600036819;0;7;0;0;2;3;15;B01
201600036820;0;7;0;0;2;3;13;A01
201600036820;0;7;0;0;2;3;1;B01
201600036821;0;33;0;0;2;1;1;B01
201600036821;0;7;0;0;2;1;5;A01
201600036822;2;7;0;0;1;2;1;A01
201600036823;1;7;0;0;1;1;1;A01
201600036824;0;7;0;8;1;1;21;A01
201600036825;0;7;0;0;2;3;13;A01
201600036825;0;10;0;0;2;3;1;B01
201600036826;2;7;0;1;1;2;1;A01
201600036827;1;7;0;0;2;3;15;A01
201600036827;1;1;0;0;2;9;1;B01
201600036828;1;30;0;0;2;1;1;A01
201600036828;1;7;0;16;2;3;15;B01
201600036829;1;7;0;0;2;4;2;B01
201600036829;1;15;0;0;2;1;1;A01
201600036829;1;7;0;0;2;4;2;C01
201600036830;2;2;0;0;2;1;1;B01
201600036830;1;7;0;0;2;5;15;A01
201600036831;1;7;0;0;1;7;1;B01
201600036832;1;7;0;1;2;1;1;A01
201600036832;1;7;0;0;2;4;23;B01
201600036833;1;7;0;0;1;2;1;A01
201600036834;0;13;0;0;1;2;1;A01
201600036835;0;7;0;15;0;2;1;A01
201600036836;1;7;0;0;2;6;11;B01
201600036836;1;14;0;0;2;2;12;A01
201600036837;1;13;0;0;2;1;2;B01
201600036837;1;7;0;8;2;4;1;A01
201600036838;0;7;0;0;2;4;1;A01
201600036838;0;7;0;0;2;1;1;B01
201600036839;0;7;0;0;1;1;13;A01
201600036839;0;31;0;0;0;0;21;B01
201600036840;1;7;0;0;1;3;1;A01
201600036841;0;7;0;0;2;0;0;B01
201600036841;0;7;0;0;2;0;1;Z01
201600036842;1;7;0;0;2;4;1;A01
201600036842;1;7;0;0;2;1;2;B01
201600036843;1;7;0;0;2;6;1;B01
201600036843;1;15;0;0;2;2;12;A01
201600036844;2;14;0;0;2;2;12;A01
201600036844;2;7;0;0;2;6;1;B01
201600036845;1;7;0;0;2;0;0;B01
201600036845;1;14;0;0;2;0;0;A01
201600036846;1;7;0;0;2;6;15;A01
201600036846;0;2;0;0;2;1;17;B01
201600036847;0;30;0;0;1;1;1;Z01
201600036848;1;7;0;0;2;2;1;A01
201600036848;1;7;0;0;2;6;4;B01
201600036849;2;33;0;0;1;8;1;A01
201600036850;1;33;0;0;2;2;17;A01
201600036850;1;7;0;0;2;8;15;B01
201600036851;2;34;0;8;0;1;1;A01
201600036852;1;7;0;0;1;1;16;A01
201600036853;1;7;0;0;2;1;13;A01
201600036853;2;14;0;0;2;3;23;B01
201600036854;1;7;0;0;2;4;2;C01
201600036854;1;7;0;0;2;1;1;A01
201600036854;1;7;0;0;2;1;2;B01
201600036854;1;7;0;0;2;1;2;Z01
201600036855;1;7;0;0;2;3;1;A01
201600036855;1;32;0;0;2;7;15;B01
201600036856;2;7;0;0;2;4;0;A01
201600036856;2;7;0;0;2;1;0;B01
201600036857;2;7;0;0;1;2;1;A01
201600036858;1;7;0;0;1;2;1;A01
201600036859;1;7;0;1;2;6;2;B01
201600036859;1;33;0;16;0;1;1;A01
201600036859;2;7;0;0;2;1;15;C01
201600036860;1;7;0;0;2;1;2;B01
201600036860;1;7;0;0;2;4;1;A01
201600036861;0;32;0;0;2;1;1;A01
201600036862;1;7;0;14;2;2;1;A01
201600036862;1;7;0;14;2;3;2;B01
201600036863;1;7;0;0;2;7;3;A01
201600036863;1;7;0;0;2;6;1;C01
201600036863;2;7;0;0;2;8;1;B01
201600036864;2;10;0;0;2;1;0;B01
201600036864;1;7;0;0;2;3;1;A01
201600036865;1;7;0;0;2;8;1;B01
201600036865;1;7;0;0;2;1;1;A01
201600036866;1;7;0;0;2;3;15;B01
201600036866;1;31;0;0;2;3;17;A01
201600036867;2;33;0;0;2;1;1;B01
201600036867;1;7;0;0;2;7;15;A01
201600036868;1;33;0;0;2;4;1;A01
201600036868;1;7;0;0;2;1;2;B01
201600036869;1;7;0;0;2;1;1;A01
201600036869;1;7;0;0;2;3;19;B01
201600036870;1;7;0;0;1;0;1;A01
201600036871;0;7;0;0;1;1;16;A01
201600036872;1;1;0;0;2;0;1;B01
201600036872;1;7;0;0;2;0;1;A01
201600036873;1;32;0;0;2;1;17;B01
201600036873;1;7;0;0;2;8;15;A01
201600036874;0;7;0;0;1;1;1;A01
201600036875;0;7;0;12;2;3;6;A01
201600036875;2;7;0;0;2;3;1;B01
201600036876;0;7;0;0;1;1;1;A01
201600036877;1;7;0;0;2;1;1;B01
201600036877;1;7;0;0;2;8;16;A01
201600036878;2;7;0;0;1;4;4;A01
201600036879;0;7;0;0;1;1;1;A01
201600036880;1;10;0;0;1;4;4;A01
201600036881;1;10;0;0;2;1;1;A01
201600036881;1;7;0;0;2;4;2;B01
201600036882;1;7;0;0;1;2;1;A01
201600036883;1;7;0;0;2;1;23;A01
201600036883;0;1;0;0;2;0;0;B01
201600036884;0;7;0;0;2;7;1;B01
201600036884;0;7;0;0;2;1;15;A01
201600036885;1;37;2;0;1;2;2;A01
201600036886;1;7;0;12;1;3;4;Z01
201600036887;1;7;0;0;2;3;2;D01
201600036887;1;34;0;0;2;8;0;A01
201600036887;1;7;0;0;2;3;2;C01
201600036887;1;7;0;0;2;8;2;B01
201600036888;0;7;0;0;2;1;1;B01
201600036888;0;7;0;8;2;1;2;A01
201600036889;0;7;0;0;1;2;1;A01
201600036890;0;7;0;12;2;5;1;A01
201600036890;0;7;0;0;2;2;15;B01
201600036891;2;7;0;0;1;3;19;A01
201600036892;1;7;0;0;2;8;9;A01
201600036892;1;32;0;0;2;1;2;B01
201600036893;1;1;0;0;2;1;19;B01
201600036893;1;7;0;0;2;2;19;A01
201600036894;2;7;0;0;1;3;15;A01
201600036895;2;7;0;0;2;7;1;B01
201600036895;2;7;0;0;2;1;1;A01
201600036896;2;13;0;1;1;2;14;Z01
201600036897;0;7;0;0;2;1;1;B01
201600036897;0;7;0;0;2;3;1;A01
201600036898;1;7;0;0;2;4;2;B01
201600036898;1;7;0;0;2;1;1;A01
201600036898;1;7;0;0;2;4;2;C01
201600036899;1;7;0;1;1;8;14;A01
201600036900;1;7;0;0;2;1;1;A01
201600036900;0;7;0;0;2;4;2;B01
201600036901;1;7;0;0;1;1;1;A01
201600036902;1;1;0;0;2;1;1;B01
201600036902;2;33;0;0;2;1;1;A01
201600036903;1;7;0;12;0;7;1;A01
201600036904;1;7;0;0;1;3;19;A01
201600036905;1;7;0;0;1;1;1;A01
201600036906;0;7;0;0;2;3;15;B01
201600036906;0;7;0;0;2;1;1;A01
201600036907;2;7;0;0;2;3;15;A01
201600036907;2;2;0;0;2;7;1;B01
201600036908;2;7;0;0;2;1;1;A01
201600036908;2;7;0;0;2;4;2;B01
201600036909;1;7;0;0;2;4;24;B01
201600036909;1;7;0;1;0;1;1;A01
201600036910;1;7;0;1;0;2;21;A01
201600036911;2;7;0;0;2;2;15;A01
201600036911;1;1;0;0;2;1;1;B01
201600036912;0;7;0;0;2;0;0;B01
201600036912;0;33;0;0;2;0;0;A01
201600036913;1;7;0;0;2;3;9;A01
201600036913;1;7;0;0;2;2;1;B01
201600036914;0;7;0;12;1;1;14;A01
201600036915;2;30;0;0;2;6;1;B01
201600036915;1;7;0;0;2;1;15;A01
201600036916;0;7;0;0;2;4;0;B01
201600036916;0;7;0;0;2;1;0;A01
201600036917;0;7;0;0;1;1;15;A01
201600036918;0;7;0;0;2;1;2;B01
201600036918;0;7;0;0;2;4;1;A01
201600036919;2;7;0;1;0;2;13;A01
201600036920;2;7;0;0;2;1;1;A01
201600036920;2;7;0;0;2;4;2;B01
201600036921;2;7;0;0;1;1;1;A01
201600036922;2;7;0;0;1;0;0;A01
201600036923;0;7;0;8;2;1;1;A01
201600036923;0;7;0;0;2;4;2;B01
201600036924;2;7;0;0;1;2;15;A01
201600036925;2;7;0;0;2;4;1;A01
201600036925;2;7;0;0;2;1;2;B01
201600036926;1;30;0;0;2;1;2;B01
201600036926;1;7;0;0;2;4;1;A01
201600036927;1;7;0;0;2;8;1;C01
201600036927;1;7;0;0;2;1;2;B01
201600036927;1;7;0;0;2;4;1;A01
201600036928;1;7;0;0;2;4;21;B01
201600036928;1;7;0;0;2;1;1;A01
201600036929;1;7;0;0;2;1;1;A01
201600036929;1;7;0;0;2;3;15;B01
201600036930;1;10;0;0;2;1;1;A01
201600036930;1;7;0;0;2;4;2;B01
201600036931;1;1;0;0;2;4;2;B01
201600036931;1;7;0;0;2;2;1;A01
201600036932;1;7;0;3;0;2;1;A01
201600036933;1;31;0;0;2;4;2;B01
201600036933;1;31;0;0;2;1;1;A01
201600036934;1;1;0;0;1;1;1;A01
201600036935;2;33;0;0;2;1;21;A01
201600036935;2;7;0;0;2;2;15;B01
201600036936;2;7;0;0;1;3;1;A01
201600036937;2;7;0;0;2;4;23;B01
201600036937;2;7;0;0;2;4;23;C01
201600036937;2;7;0;0;2;1;1;A01
201600036938;1;7;0;0;2;1;2;C01
201600036938;1;7;0;0;2;1;2;B01
201600036938;1;7;0;0;2;1;1;A01
201600036939;1;7;0;0;2;2;1;B01
201600036939;1;7;0;0;2;1;15;A01
201600036940;2;7;0;0;2;1;11;A01
201600036940;2;7;0;0;2;4;2;B01
201600036941;2;7;0;3;0;1;0;A01
201600036942;1;7;0;0;2;1;1;Z01
201600036942;1;34;0;0;2;4;2;B01
201600036943;1;7;0;0;2;1;1;A01
201600036943;1;7;0;0;2;4;2;B01
201600036944;2;7;0;0;2;1;1;A01
201600036944;2;7;0;0;2;4;2;C01
201600036944;2;7;0;0;2;4;2;B01
201600036945;1;7;0;0;2;3;23;B01
201600036945;1;33;0;0;2;1;3;A01
201600036946;0;30;0;0;2;3;9;B01
201600036946;0;2;0;0;2;2;1;A01
201600036947;2;7;0;7;0;1;14;A01
201600036948;2;7;0;0;1;2;1;A01
201600036949;2;33;0;0;1;1;16;A01
201600036950;1;7;0;0;1;2;1;A01
201600036951;2;1;0;0;1;1;1;A01
201600036952;1;33;0;0;2;1;1;A01
201600036952;2;7;0;0;2;1;0;B01
201600036953;1;10;0;0;2;1;0;B01
201600036953;1;10;0;0;2;4;1;A01
201600036954;1;7;0;0;0;9;1;A01
201600036955;1;7;0;0;2;2;19;A01
201600036955;1;32;0;0;1;1;19;Z01
201600036956;1;31;0;0;2;2;16;A01
201600036956;1;7;0;0;2;3;0;B01
201600036957;1;7;0;0;2;4;23;B01
201600036957;1;7;0;0;2;1;2;C01
201600036957;1;7;0;0;2;4;15;A01
201600036958;1;99;0;0;2;1;1;B01
201600036958;1;7;0;0;2;3;15;A01
201600036959;2;7;0;0;2;1;1;A01
201600036959;2;7;0;0;2;4;2;B01
201600036960;2;7;0;0;2;4;2;B01
201600036960;2;7;0;0;2;1;1;A01
201600036961;1;7;0;0;2;3;17;A01
201600036961;0;2;0;0;2;1;1;B01
201600036962;0;7;0;0;2;4;1;C01
201600036962;0;33;0;0;2;1;3;B01
201600036962;0;7;0;0;2;5;11;A01
201600036963;1;7;0;0;2;1;1;A01
201600036963;1;7;0;0;2;4;2;B01
201600036964;2;7;0;0;2;4;2;B01
201600036964;2;7;0;0;2;1;1;A01
201600036965;1;1;0;0;2;1;1;B01
201600036965;1;7;0;0;2;7;1;A01
201600036966;2;7;0;0;2;4;2;B01
201600036966;2;7;0;0;2;1;1;A01
201600036967;2;3;0;0;1;8;1;A01
201600036968;2;7;0;0;1;7;1;A01
201600036969;2;7;0;0;2;1;1;A01
201600036969;2;2;0;0;2;4;2;B01
201600036970;2;7;0;0;1;1;1;A01
201600036971;2;7;0;0;1;2;1;A01
201600036972;2;7;0;0;1;2;1;A01
201600036973;2;7;0;0;1;1;0;Z01
201600036974;0;2;0;0;2;7;9;A01
201600036974;0;7;0;0;2;1;5;B01
201600036975;2;10;0;0;2;1;2;B01
201600036975;2;17;0;0;2;4;23;A01
201600036976;2;30;0;0;1;1;1;A01
201600036977;1;7;0;0;2;4;1;A01
201600036977;1;7;0;0;2;1;2;Z01
201600036978;2;34;0;0;2;7;1;A01
201600036978;2;17;0;0;2;1;1;B01
201600036979;2;7;0;0;2;1;15;A01
201600036979;1;37;1;0;2;8;1;B01
201600036980;2;7;0;0;2;1;1;A01
201600036980;2;7;0;0;2;4;2;C01
201600036980;2;7;0;0;2;4;2;B01
201600036981;2;7;0;0;1;3;1;A01
201600036982;2;33;0;0;2;1;1;B01
201600036982;2;7;0;0;2;8;15;A01
201600036983;1;7;0;0;1;2;1;A01
201600036984;1;7;0;0;2;1;2;B01
201600036984;1;7;0;4;2;4;1;A01
201600036985;2;1;0;0;2;4;2;B01
201600036985;2;7;0;0;2;2;1;A01
201600036986;1;7;0;0;2;2;1;B01
201600036986;1;7;0;0;2;3;20;A01
201600036987;2;7;0;0;1;1;1;A01
201600036988;1;7;0;0;2;1;1;B01
201600036988;1;7;0;0;2;1;19;A01
201600036989;1;7;0;0;2;4;1;B01
201600036989;1;7;0;0;2;1;1;Z01
201600036990;1;7;0;0;2;3;9;A01
201600036990;1;33;0;0;2;7;1;B01
201600036991;1;7;0;0;2;5;1;A01
201600036991;0;7;0;0;2;1;1;B01
201600036992;2;7;0;0;2;5;0;B01
201600036992;2;7;0;0;2;1;0;A01
201600036993;1;30;0;0;2;1;1;A01
201600036993;0;10;0;0;2;1;0;B01
201600036994;1;7;0;0;2;1;1;A01
201600036994;0;7;0;0;2;6;2;C01
201600036994;1;7;0;0;2;6;2;B01
201600036995;1;7;0;0;2;2;0;A01
201600036995;1;30;0;0;2;6;0;B01
201600036996;1;7;0;0;2;4;0;B01
201600036996;1;1;0;0;2;1;1;A01
201600036997;2;7;0;12;2;2;15;A01
201600036997;2;7;0;7;2;6;1;B01
201600036998;1;7;0;0;1;0;0;Z01
201600036999;1;33;0;0;2;1;1;B01
201600036999;1;7;0;0;2;6;9;A01
201600037000;0;7;0;0;1;2;1;A01
201600037001;1;7;0;0;2;3;1;A01
201600037001;1;7;0;0;2;8;15;B01
201600037002;1;7;0;0;2;1;0;A01
201600037002;1;30;0;0;2;1;1;B01
201600037003;1;7;0;0;2;7;10;A01
201600037003;1;33;0;0;2;1;5;B01
201600037004;0;7;0;0;1;1;15;A01
201600037005;1;7;0;0;2;1;2;C01
201600037005;1;7;0;0;2;4;2;B01
201600037005;1;3;0;0;2;1;1;A01
201600037006;0;1;0;0;2;1;1;B01
201600037006;1;7;0;0;2;1;15;A01
201600037007;1;7;0;0;2;1;13;A01
201600037007;2;38;1;0;2;1;1;B01
201600037008;1;33;0;0;2;1;1;B01
201600037008;1;7;0;0;2;3;1;A01
201600037009;0;7;0;0;2;3;9;B01
201600037009;0;2;0;0;2;7;9;A01
201600037010;0;7;0;12;0;1;5;A01
201600037011;0;7;0;0;2;4;1;A01
201600037011;0;7;0;0;2;1;2;B01
201600037011;0;7;0;0;2;4;2;C01
201600037012;0;1;0;0;2;2;1;B01
201600037012;0;14;0;0;2;3;1;A01
201600037013;1;7;0;0;2;1;1;A01
201600037013;1;7;0;0;2;4;2;B01
201600037014;1;7;0;0;1;1;1;A01
201600037015;1;7;0;0;1;2;15;A01
201600037016;1;7;0;0;2;1;1;B01
201600037016;1;7;0;9;2;7;1;A01
201600037017;1;7;0;0;2;3;1;B01
201600037017;1;7;0;0;2;2;1;A01
201600037018;1;7;0;12;2;3;2;B01
201600037018;1;7;0;12;2;2;9;A01
201600037019;1;7;0;0;2;1;23;B01
201600037019;0;7;0;0;2;1;13;A01
201600037020;0;7;0;4;0;1;1;A01
201600037021;1;7;0;7;2;3;10;A01
201600037021;1;7;0;0;2;2;1;B01
201600037022;0;7;0;1;0;2;1;A01
201600037023;1;7;0;0;2;3;2;B01
201600037023;2;7;0;9;2;2;1;A01
201600037024;1;10;0;0;2;1;1;A01
201600037024;1;7;0;0;2;4;2;B01
201600037024;1;7;0;0;2;1;2;C01
201600037025;2;7;0;0;2;2;1;B01
201600037025;1;7;0;0;2;7;15;A01
201600037026;1;7;0;11;0;1;15;A01
201600037027;1;30;0;0;2;8;13;B01
201600037027;1;31;0;0;2;7;16;A01
201600037028;1;7;0;0;1;1;1;A01
201600037029;1;33;0;0;2;1;17;B01
201600037029;1;7;0;0;2;3;10;A01
201600037030;0;7;0;0;2;2;1;A01
201600037030;0;7;0;0;2;8;1;B01
201600037031;1;7;0;0;1;1;15;A01
201600037032;0;1;0;0;2;7;1;A01
201600037032;0;7;0;0;2;1;16;B01
201600037033;0;7;0;0;1;1;1;A01
201600037034;0;7;0;11;0;1;1;A01
201600037035;1;1;0;0;1;3;1;A01
201600037036;0;7;0;0;2;9;1;A01
201600037036;0;7;0;0;2;3;13;B01
201600037037;0;7;0;0;2;8;15;B01
201600037037;0;37;4;0;2;2;7;A01
201600037038;2;7;0;0;1;8;1;A01
201600037039;1;7;0;0;2;4;2;B01
201600037039;1;7;0;0;2;1;1;A01
201600037040;1;33;0;0;2;1;19;B01
201600037040;1;7;0;0;2;8;1;A01
201600037041;2;7;0;0;2;1;1;B01
201600037041;1;33;0;0;2;8;15;A01
201600037042;0;7;0;0;2;3;15;A01
201600037042;0;33;0;0;2;2;17;B01
201600037043;2;7;0;0;2;5;2;C01
201600037043;2;7;0;0;2;1;1;A01
201600037043;2;7;0;0;2;4;2;B01
201600037044;1;7;0;0;2;8;1;A01
201600037044;2;1;0;0;2;3;13;B01
201600037045;1;33;0;0;2;1;1;A01
201600037045;1;10;0;0;2;5;2;B01
201600037046;1;32;0;8;2;8;1;A01
201600037046;1;7;0;8;2;6;15;B01
201600037047;1;7;0;0;2;1;1;A01
201600037047;1;1;0;0;2;4;2;B01
201600037048;1;7;0;0;1;2;1;A01
201600037049;1;2;0;11;0;1;1;A01
201600037050;1;7;0;1;0;4;24;A01
201600037051;2;7;0;0;1;7;11;A01
201600037052;1;7;0;0;2;4;2;B01
201600037052;1;30;0;0;2;1;1;A01
201600037053;1;7;0;0;2;1;1;B01
201600037053;2;7;0;0;2;1;15;A01
201600037054;1;7;0;0;1;1;1;A01
201600037055;1;7;0;0;1;5;4;A01
201600037056;1;7;0;0;2;9;1;C01
201600037056;1;7;0;1;2;4;1;D01
201600037056;1;7;0;0;2;1;1;A01
201600037056;1;7;0;0;2;9;1;B01
201600037057;1;7;0;0;2;4;1;A01
201600037057;1;7;0;0;2;1;2;B01
201600037058;1;7;0;0;2;4;15;A01
201600037058;1;7;0;0;2;1;2;B01
201600037059;0;7;0;0;2;1;1;A01
201600037059;0;7;0;0;2;4;2;B01
201600037060;0;2;0;0;2;4;2;B01
201600037060;1;10;0;0;2;1;1;A01
201600037061;1;17;0;0;0;0;1;A01
201600037062;1;33;0;0;2;2;1;A01
201600037062;1;7;0;0;2;3;15;B01
201600037063;2;7;0;0;2;5;15;B01
201600037063;1;32;0;0;2;1;1;A01
201600037064;2;7;0;0;2;2;1;A01
201600037064;1;7;0;0;2;6;15;B01
201600037065;0;7;0;0;2;4;2;B01
201600037065;0;7;0;0;2;1;1;A01
201600037066;2;7;0;0;2;1;19;A01
201600037066;1;7;0;9;2;8;1;B01
201600037067;2;7;0;0;1;1;19;A01
201600037068;1;30;0;0;1;1;1;A01
201600037068;2;7;0;0;2;3;1;B01
201600037069;0;7;0;0;2;1;9;Z01
201600037069;0;7;0;0;2;7;1;B01
201600037070;1;1;0;0;2;3;0;A01
201600037070;1;7;0;0;2;3;1;B01
201600037071;1;7;0;0;2;2;1;B01
201600037071;1;7;0;0;2;8;1;A01
201600037072;1;3;0;4;0;6;0;A01
201600037073;2;7;0;0;2;0;0;C01
201600037073;2;7;0;0;2;0;0;B01
201600037073;1;7;0;0;2;0;0;A01
201600037074;0;7;0;0;2;0;15;A01
201600037074;0;33;0;0;2;0;1;B01
201600037074;0;7;0;0;2;1;1;C01
201600037075;0;7;0;0;2;1;1;B01
201600037075;0;7;0;0;2;8;1;A01
201600037076;1;7;0;0;2;0;2;B01
201600037076;0;7;0;0;2;6;1;A01
201600037076;0;7;0;0;2;3;2;C01
201600037077;0;7;0;0;1;1;0;A01
201600037078;1;7;0;0;2;1;1;C01
201600037078;2;7;0;0;2;3;20;A01
201600037078;2;33;0;0;2;1;1;B01
201600037079;0;7;0;0;1;3;15;A01
201600037080;2;7;0;0;1;3;15;A01
201600037081;1;7;0;0;2;1;0;A01
201600037081;1;7;0;0;2;1;0;B01
201600037082;1;7;0;14;0;1;13;A01
201600037083;0;7;0;0;1;2;1;A01
201600037084;2;7;0;0;1;2;1;A01
201600037085;0;37;1;0;2;2;15;A01
201600037085;0;7;0;0;2;1;16;B01
201600037086;2;37;1;0;1;1;1;A01
201600037087;1;37;1;0;1;7;1;A01
201600037088;1;7;0;0;2;3;1;B01
201600037088;1;7;0;0;2;3;16;Z01
201600037089;0;7;0;0;2;2;1;A01
201600037089;0;33;0;0;2;2;5;B01
201600037090;1;7;0;0;1;1;1;A01
201600037091;2;7;0;0;2;1;2;B01
201600037091;2;7;0;0;2;1;1;C01
201600037091;2;7;0;0;2;4;1;A01
201600037092;1;7;0;0;2;1;1;B01
201600037092;2;7;0;0;2;2;15;A01
201600037093;2;7;0;0;2;2;19;B01
201600037093;1;7;0;0;2;3;19;A01
201600037094;2;7;0;0;2;7;13;A01
201600037094;2;33;0;0;2;2;17;B01
201600037095;2;7;0;0;1;2;1;A01
201600037096;2;30;0;0;2;1;1;B01
201600037096;2;7;0;0;2;4;1;A01
201600037097;2;7;0;0;2;3;1;B01
201600037097;1;7;0;0;2;1;1;A01
201600037098;1;1;0;0;0;0;0;B01
201600037098;1;2;0;0;2;7;1;A01
201600037099;2;7;0;0;1;1;1;A01
201600037100;1;7;0;0;2;3;15;A01
201600037100;1;33;0;0;2;1;17;B01
201600037101;1;7;0;0;2;3;1;A01
201600037101;2;33;0;0;2;2;1;B01
201600037102;1;7;0;0;2;3;15;A01
201600037102;1;30;0;0;2;2;17;B01
201600037103;1;7;0;0;1;1;1;A01
201600037104;1;7;0;6;2;7;1;B01
201600037104;1;7;0;0;2;1;19;A01
201600037105;0;32;0;0;2;1;1;A01
201600037105;0;7;0;0;2;7;16;B01
201600037106;2;33;0;0;2;1;1;B01
201600037106;2;7;0;0;2;8;15;A01
201600037107;1;7;0;0;2;2;19;A01
201600037107;1;30;0;0;2;2;1;B01
201600037108;1;7;0;15;2;8;15;B01
201600037108;1;7;0;15;2;1;17;A01
201600037109;1;7;0;0;2;3;1;B01
201600037109;1;30;0;0;2;5;1;A01
201600037110;1;7;0;0;2;3;20;A01
201600037110;1;7;0;0;2;2;21;B01
201600037111;2;7;0;0;1;1;15;A01
201600037112;0;7;0;0;2;1;1;A01
201600037112;0;7;0;0;2;3;16;B01
201600037113;0;7;0;0;2;2;1;B01
201600037113;0;7;0;0;2;3;9;A01
201600037114;2;7;0;0;2;1;1;C01
201600037114;2;33;0;0;2;1;23;B01
201600037114;2;7;0;0;2;4;23;A01
201600037115;0;7;0;0;2;2;1;B01
201600037115;0;7;0;0;2;1;1;A01
201600037116;1;30;0;0;0;1;1;A01
201600037117;2;7;0;0;2;6;15;A01
201600037117;2;34;0;0;2;2;17;B01
201600037118;2;7;0;9;0;1;14;A01
201600037119;0;7;0;0;2;8;15;A01
201600037119;0;31;0;6;2;7;15;B01
201600037120;0;34;0;0;2;2;1;A01
201600037120;0;7;0;0;2;2;1;B01
201600037121;0;30;0;0;2;2;1;B01
201600037121;0;7;0;0;2;3;15;A01
201600037122;0;33;0;0;1;0;0;A01
201600037123;2;2;0;0;2;1;17;A01
201600037123;2;7;0;0;2;8;15;B01
201600037124;0;7;0;1;2;1;20;B01
201600037124;0;30;0;0;2;1;13;A01
201600037125;0;33;0;12;0;1;14;A01
201600037126;0;33;0;0;2;1;2;B01
201600037126;0;7;0;0;2;4;1;A01
201600037127;0;34;0;0;2;2;1;A01
201600037127;1;33;0;0;2;8;1;B01
201600037128;1;7;0;6;0;1;1;A01
201600037129;2;7;0;0;1;3;15;A01
201600037130;1;7;0;0;2;2;1;B01
201600037130;1;30;0;0;2;1;19;A01
201600037131;1;7;0;0;2;6;1;A01
201600037131;1;7;0;0;2;2;2;B01
201600037132;1;37;1;0;1;1;1;A01
201600037133;1;7;0;13;0;1;1;A01
201600037134;1;33;0;0;1;1;1;A01
201600037135;0;7;0;0;1;1;1;A01
201600037136;1;7;0;0;2;4;2;B01
201600037136;2;7;0;0;2;1;2;A01
201600037137;2;7;0;0;2;4;1;B01
201600037137;0;7;0;0;2;4;2;C01
201600037137;2;7;0;0;2;1;2;A01
201600037138;1;1;0;0;2;1;0;B01
201600037138;1;7;0;0;2;2;1;A01
201600037139;2;7;0;0;1;1;1;A01
201600037140;2;7;0;0;2;3;1;D01
201600037140;2;7;0;0;2;2;15;A01
201600037140;1;33;0;1;2;1;1;B01
201600037141;1;31;0;0;2;1;1;B01
201600037141;2;7;0;0;2;2;15;A01
201600037142;2;2;0;0;2;3;11;A01
201600037142;2;7;0;0;2;2;9;B01
201600037143;0;7;0;0;1;1;1;A01
201600037144;2;7;0;0;2;7;0;A01
201600037144;2;33;0;0;2;8;1;B01
201600037145;0;33;0;0;2;1;1;B01
201600037145;0;7;0;0;2;2;15;A01
201600037146;1;33;0;0;2;1;1;B01
201600037146;2;7;0;0;2;3;15;A01
201600037147;1;10;0;0;2;1;1;A01
201600037147;1;31;0;0;2;4;1;B01
201600037147;1;32;0;0;2;4;1;C01
201600037148;0;7;0;0;2;3;20;A01
201600037148;0;7;0;0;2;7;1;B01
201600037149;0;38;1;0;1;2;1;A01
201600037150;0;13;0;0;2;3;1;A01
201600037150;0;7;0;0;2;4;0;B01
201600037151;1;7;0;0;2;7;12;A01
201600037151;1;30;0;0;2;1;1;B01
201600037152;0;7;0;0;2;1;1;B01
201600037152;0;7;0;0;2;1;0;A01
201600037153;0;7;0;0;2;3;15;A01
201600037153;0;33;0;0;2;1;1;B01
201600037154;0;10;0;0;2;2;0;A01
201600037154;0;33;0;0;2;1;1;B01
201600037155;0;7;0;0;1;2;1;A01
201600037156;0;7;0;0;1;3;1;A01
201600037157;0;7;0;0;1;2;1;A01