Num_Acc;senc;catv;occutc;obs;obsm;choc;manv;num_veh
201600037158;0;7;0;0;2;8;9;A01
201600037158;0;7;0;0;2;1;1;B01
201600037159;1;7;0;0;2;8;10;A01
201600037159;2;30;0;0;2;1;13;B01
201600037160;0;32;0;0;2;1;0;A01
201600037160;0;7;0;0;2;6;23;B01
201600037161;0;7;0;0;2;4;2;B01
201600037161;0;7;0;0;2;1;1;A01
201600037162;0;32;0;0;2;1;1;B01
201600037162;0;7;0;0;2;8;1;A01
201600037163;0;7;0;0;1;2;1;A01
201600037164;0;7;0;0;1;3;0;A01
201600037165;1;7;0;0;2;8;15;A01
201600037165;1;33;0;0;2;1;0;B01
201600037166;1;33;0;0;2;1;3;A01
201600037166;1;7;0;0;2;6;1;B01
201600037167;0;31;0;0;2;7;1;B01
201600037167;0;7;0;0;2;1;15;A01
201600037168;2;1;0;0;2;7;15;A01
201600037168;1;32;0;0;2;1;21;B01
201600037169;0;10;0;0;1;4;4;A01
201600037170;2;7;0;0;1;3;1;A01
201600037171;1;7;0;0;2;1;1;B01
201600037171;1;30;0;0;2;8;15;A01
201600037172;0;7;0;0;1;1;9;A01
201600037173;0;7;0;0;1;2;15;A01
201600037174;0;7;0;0;1;1;17;A01
201600037175;1;7;0;8;1;1;14;A01
201600037176;0;7;0;0;1;4;4;A01
201600037177;0;7;0;0;1;1;1;A01
201600037178;1;7;0;0;2;3;10;A01
201600037178;1;33;0;0;2;7;1;B01
201600037179;1;10;0;0;1;1;15;A01
201600037180;0;7;0;0;1;7;4;A01
201600037181;0;31;0;0;0;1;21;A01
201600037182;0;7;0;0;2;3;2;A01
201600037182;0;7;0;0;2;2;2;B01
201600037183;0;7;0;0;2;7;15;A01
201600037183;0;33;0;0;2;1;1;B01
201600037184;0;7;0;0;1;3;16;A01
201600037185;0;33;0;0;0;8;1;A01
201600037186;0;7;0;0;2;4;2;A01
201600037186;0;7;0;0;2;1;2;B01
201600037187;0;7;0;0;2;7;15;B01
201600037187;0;33;0;0;2;7;1;A01
201600037188;0;7;0;0;1;7;4;A01
201600037189;0;7;0;0;1;1;1;A01
201600037190;0;32;0;0;2;7;2;B01
201600037190;0;7;0;0;2;3;11;A01
201600037191;0;7;0;0;2;7;15;A01
201600037191;0;30;0;0;2;1;1;B01
201600037192;0;7;0;0;2;1;2;A01
201600037192;0;7;0;0;2;1;2;B01
201600037193;0;31;0;0;2;1;1;A01
201600037193;0;7;0;0;2;0;15;B01
201600037194;0;7;0;0;1;2;2;A01
201600037195;0;33;0;0;2;7;3;B01
201600037195;0;7;0;0;2;8;11;Z01
201600037196;0;2;0;0;2;1;1;A01
201600037196;0;7;0;0;2;2;1;B01
201600037197;0;7;0;0;2;2;1;A01
201600037197;0;31;0;0;2;5;1;B01
201600037198;0;7;0;0;2;4;2;A01
201600037198;0;1;0;0;2;4;2;B01
201600037199;0;2;0;0;2;8;2;A01
201600037199;0;1;0;0;2;0;0;B01
201600037200;0;33;0;0;0;0;0;A01
201600037201;0;7;0;0;1;3;5;A01
201600037202;0;32;0;1;0;1;2;A01
201600037203;0;7;0;0;2;6;15;B01
201600037203;0;2;0;0;2;7;3;A01
201600037204;0;14;0;0;2;1;2;A01
201600037204;0;7;0;0;2;4;2;B01
201600037205;0;2;0;0;0;7;0;A01
201600037206;0;7;0;1;2;7;0;A01
201600037207;0;7;0;0;2;4;2;B01
201600037207;0;10;0;0;2;1;2;A01
201600037208;0;7;0;0;2;4;1;B01
201600037208;0;7;0;0;2;9;1;A01
201600037209;0;30;0;0;2;1;2;B01
201600037209;0;7;0;0;2;3;15;A01
201600037210;0;7;0;0;1;3;15;A01
201600037211;0;10;0;0;1;1;1;A01
201600037212;0;7;0;14;0;0;12;A01
201600037212;0;33;0;14;0;0;21;B01
201600037213;0;33;0;0;1;1;1;A01
201600037214;0;99;0;0;2;4;4;A01
201600037214;0;31;0;0;2;3;1;B01
201600037215;0;7;0;0;2;1;15;A01
201600037215;0;2;0;0;2;8;1;B01
201600037216;0;10;0;0;2;3;5;A01
201600037216;0;33;0;0;2;8;1;B01
201600037217;0;32;0;0;1;1;3;A01
201600037218;0;33;0;0;1;8;21;A01
201600037219;0;7;0;0;2;1;1;A01
201600037219;0;7;0;0;2;4;1;B01
201600037220;0;7;0;0;1;2;2;A01
201600037221;0;10;0;0;2;7;1;A01
201600037221;0;7;0;0;2;1;1;B01
201600037222;0;7;0;0;2;7;2;A01
201600037222;0;33;0;0;2;1;2;B01
201600037223;0;7;0;0;1;7;1;A01
201600037224;0;7;0;0;2;1;1;A01
201600037224;0;34;0;0;2;8;1;B01
201600037225;0;7;0;0;9;7;1;A01
201600037225;0;1;0;0;2;3;19;B01
201600037226;0;7;0;0;2;5;11;A01
201600037226;0;33;0;0;2;3;2;B01
201600037227;0;7;0;0;1;1;15;A01
201600037228;0;7;0;0;2;4;2;C01
201600037228;0;7;0;0;2;1;2;A01
201600037228;0;7;0;0;2;3;2;B01
201600037229;0;10;0;0;2;2;11;A01
201600037229;0;33;0;0;2;1;3;B01
201600037230;0;31;0;0;2;3;1;B01
201600037230;0;7;0;0;2;7;1;A01
201600037231;0;30;0;0;2;1;2;B01
201600037231;0;7;0;0;2;4;2;A01
201600037232;0;7;0;0;1;1;1;A01
201600037233;0;34;0;0;2;8;15;B01
201600037233;0;7;0;0;2;1;1;A01
201600037234;0;34;0;0;2;1;1;A01
201600037234;0;7;0;0;2;5;1;B01
201600037235;0;7;0;0;1;4;4;A01
201600037236;0;7;0;0;1;2;16;A01
201600037237;0;33;0;16;0;8;21;A01
201600037238;0;2;0;0;2;1;5;A01
201600037238;0;7;0;0;2;5;1;B01
201600037239;0;7;0;0;2;3;11;A01
201600037239;0;30;0;0;2;2;2;B01
201600037240;0;10;0;0;2;7;1;B01
201600037240;0;33;0;0;1;1;3;A01
201600037241;0;7;0;0;2;2;17;A01
201600037241;0;7;0;0;2;6;23;B01
201600037242;0;7;0;0;2;1;1;B01
201600037242;0;1;0;0;2;7;15;A01
201600037243;0;7;0;0;2;1;2;A01
201600037243;0;7;0;0;2;4;2;B01
201600037244;0;7;0;0;2;0;13;Z01
201600037244;0;33;0;0;2;7;1;A01
201600037245;0;7;0;0;2;1;1;A01
201600037245;0;7;0;0;2;5;1;B01
201600037246;0;10;0;0;2;1;2;A01
201600037246;0;7;0;0;2;4;2;B01
201600037247;0;10;0;0;0;0;11;A01
201600037247;0;32;0;0;0;0;2;B01
201600037248;0;2;0;0;2;1;1;B01
201600037248;0;7;0;0;2;7;15;A01
201600037249;0;7;0;0;0;9;0;A01
201600037250;0;7;0;0;1;7;1;A01
201600037251;0;33;0;0;2;4;0;B01
201600037251;0;7;0;0;2;3;0;A01
201600037252;0;7;0;0;2;5;15;A01
201600037252;0;33;0;0;2;1;1;B01
201600037253;0;7;0;0;1;3;0;A01
201600037254;0;10;0;0;1;3;15;A01
201600037255;0;7;0;0;1;2;1;A01
201600037256;0;31;0;0;0;7;1;A01
201600037257;0;1;0;0;2;2;0;B01
201600037257;0;7;0;0;9;2;0;Z01
201600037258;0;1;0;0;2;1;2;A01
201600037259;0;7;0;0;2;4;2;C01
201600037259;0;7;0;0;2;1;2;B01
201600037259;0;7;0;0;2;1;2;A01
201600037260;0;34;0;0;9;1;1;A01
201600037261;0;7;0;0;2;5;15;A01
201600037261;0;2;0;0;2;1;2;B01
201600037262;0;31;0;0;1;1;1;A01
201600037263;0;7;0;0;2;5;1;B01
201600037263;0;7;0;0;2;1;1;A01
201600037264;0;10;0;0;2;4;2;B01
201600037264;0;33;0;0;2;1;2;A01
201600037265;0;7;0;1;0;1;1;A01
201600037266;0;2;0;1;0;1;1;A01
201600037267;0;7;0;0;2;4;4;A01
201600037267;0;7;0;0;2;1;1;B01
201600037268;0;31;0;0;2;7;3;B01
201600037268;0;7;0;0;2;8;11;A01
201600037269;0;7;0;0;2;1;2;A01
201600037269;0;1;0;0;2;4;2;B01
201600037270;0;7;0;0;1;1;1;A01
201600037271;0;33;0;0;1;1;1;A01
201600037272;0;10;0;0;1;1;15;A01
201600037273;0;7;0;0;2;1;15;B01
201600037273;0;7;0;0;2;1;5;A01
201600037274;0;30;0;0;2;1;2;B01
201600037274;0;10;0;0;2;4;4;A01
201600037275;0;2;0;0;2;1;0;A01
201600037275;0;31;0;0;2;8;0;B01
201600037276;0;30;0;0;1;1;0;A01
201600037277;0;99;0;0;2;1;5;Z01
201600037277;0;34;0;0;9;1;2;B01
201600037278;0;30;0;0;2;1;17;A01
201600037278;0;7;0;0;2;8;15;B01
201600037279;0;7;0;0;2;6;24;C01
201600037279;0;7;0;1;0;7;1;A01
201600037280;0;7;0;0;2;4;9;B01
201600037280;0;2;0;0;2;1;21;A01
201600037281;0;1;0;0;2;1;19;A01
201600037281;0;33;0;0;2;8;1;B01
201600037282;0;1;0;0;2;8;15;B01
201600037282;0;31;0;0;2;8;1;A01
201600037283;0;7;0;0;1;3;1;A01
201600037284;0;7;0;0;2;3;15;Z01
201600037284;0;30;0;0;2;8;1;B01
201600037285;0;7;0;0;2;4;23;B01
201600037285;0;14;0;1;0;1;1;A01
201600037286;0;7;0;0;1;1;1;A01
201600037287;0;7;0;0;2;3;15;A01
201600037287;0;1;0;0;2;1;1;B01
201600037288;0;7;0;0;2;3;11;A01
201600037288;0;33;0;0;2;1;3;B01
201600037289;0;7;0;0;1;1;17;A01
201600037290;0;7;0;0;2;3;1;A01
201600037291;0;33;0;0;2;4;2;A01
201600037291;0;33;0;0;2;4;11;B01
201600037292;0;7;0;0;2;8;1;B01
201600037292;0;10;0;0;2;7;0;A01
201600037293;0;1;0;0;2;8;2;B01
201600037293;0;7;0;0;2;1;15;A01
201600037294;0;37;1;0;1;2;9;A01
201600037295;0;32;0;0;2;1;2;A01
201600037295;0;7;0;0;2;4;2;B01
201600037296;0;30;0;0;2;1;1;B01
201600037296;0;7;0;0;2;3;15;A01
201600037297;0;99;0;0;9;1;0;Z01
201600037297;0;1;0;0;9;4;2;B01
201600037298;0;7;0;0;1;1;1;A01
201600037299;0;32;0;0;0;0;21;B01
201600037299;0;7;0;0;0;0;11;A01
201600037300;0;33;0;0;2;4;15;B01
201600037300;0;7;0;0;2;1;15;A01
201600037301;0;7;0;0;1;1;1;A01
201600037302;0;7;0;0;2;4;2;B01
201600037302;0;7;0;0;2;1;2;A01
201600037303;0;32;0;0;2;2;1;A01
201600037303;0;7;0;0;2;3;1;B01
201600037304;0;33;0;0;1;1;1;A01
201600037305;0;7;0;0;1;4;4;A01
201600037306;0;7;0;0;1;7;1;A01
201600037307;0;7;0;0;2;4;2;C01
201600037307;0;7;0;0;2;4;2;B01
201600037307;0;7;0;0;2;1;2;A01
201600037308;0;7;0;0;2;4;1;B01
201600037308;0;7;0;0;2;1;2;A01
201600037309;0;7;0;0;1;8;19;A01
201600037310;0;7;0;0;2;1;1;C01
201600037310;0;31;0;0;2;7;1;B01
201600037310;0;7;0;0;0;0;15;A01
201600037311;0;7;0;0;1;1;1;A01
201600037312;0;10;0;0;1;2;16;A01
201600037313;0;7;0;0;2;3;1;B01
201600037313;0;7;0;0;2;1;3;A01
201600037313;0;7;0;0;2;3;3;C01
201600037314;0;2;0;0;2;7;1;B01
201600037314;0;7;0;0;2;3;2;A01
201600037315;0;7;0;0;1;1;1;A01
201600037316;0;7;0;0;2;6;0;B01
201600037316;0;7;0;0;2;1;1;A01
201600037317;0;7;0;0;2;3;2;A01
201600037317;0;7;0;0;2;1;2;B01
201600037318;0;7;0;0;2;9;9;A01
201600037318;0;7;0;0;2;7;1;B01
201600037319;0;32;0;16;0;7;1;A01
201600037320;0;37;0;0;2;2;2;A01
201600037320;0;7;0;0;2;3;9;B01
201600037321;0;2;0;0;2;1;2;A01
201600037321;0;7;0;0;2;4;2;B01
201600037322;0;7;0;0;1;0;0;A01
201600037323;0;7;0;0;2;6;1;B01
201600037323;0;13;0;0;2;2;12;A01
201600037324;0;2;0;0;2;1;1;A01
201600037324;0;7;0;0;2;2;15;B01
201600037325;0;7;0;0;2;8;1;B01
201600037325;0;7;0;0;2;1;1;A01
201600037326;0;7;0;0;2;3;15;A01
201600037326;0;30;0;0;2;7;1;B01
201600037327;0;33;0;0;1;7;1;A01
201600037328;0;7;0;0;2;4;2;A01
201600037328;0;7;0;0;2;0;2;Z01
201600037328;0;7;0;0;2;9;2;B01
201600037329;0;7;0;0;1;7;2;A01
201600037330;0;7;0;0;2;8;1;A01
201600037330;0;2;0;0;2;1;15;B01
201600037331;0;7;0;0;2;8;1;A01
201600037331;0;1;0;0;2;1;16;B01
201600037332;0;7;0;0;2;3;1;B01
201600037332;0;2;0;0;2;1;0;A01
201600037333;0;7;0;0;2;3;1;B01
201600037333;0;7;0;0;2;6;4;A01
201600037334;0;34;0;0;1;2;1;A01
201600037335;0;37;1;0;1;8;1;A01
201600037336;0;1;0;0;2;1;1;B01
201600037336;0;7;0;0;9;1;15;A01
201600037337;0;2;0;0;2;1;5;B01
201600037337;0;7;0;0;2;3;15;A01
201600037338;0;33;0;12;0;0;1;B01
201600037338;0;7;0;0;0;0;1;A01
201600037339;0;7;0;0;1;3;1;A01
201600037340;0;7;0;0;2;2;1;B01
201600037340;0;7;0;0;2;3;24;A01
201600037341;0;7;0;0;2;1;1;A01
201600037341;0;7;0;0;2;7;15;B01
201600037342;0;34;0;0;2;8;1;B01
201600037342;0;7;0;0;2;3;15;A01
201600037343;0;32;0;0;2;3;13;A01
201600037343;0;7;0;0;2;6;1;B01
201600037344;0;30;0;0;1;1;1;A01
201600037345;0;7;0;8;2;7;1;A01
201600037345;0;7;0;0;2;8;13;Z01
201600037346;0;7;0;0;1;2;1;A01
201600037347;0;32;0;0;2;1;1;A01
201600037347;0;7;0;0;2;3;1;B01
201600037348;0;10;0;0;1;1;1;A01
201600037349;0;14;0;0;2;7;14;A01
201600037349;0;7;0;0;2;8;1;B01
201600037350;0;7;0;0;1;1;16;A01
201600037351;0;7;0;0;1;2;1;A01
201600037352;0;7;0;1;0;1;0;A01
201600037353;0;7;0;0;2;4;2;B01
201600037353;0;7;0;0;2;1;2;A01
201600037354;0;7;0;0;2;1;13;A01
201600037354;0;7;0;0;2;1;1;B01
201600037355;2;7;0;0;2;2;15;A01
201600037355;1;30;0;0;2;1;1;B01
201600037356;2;7;0;0;1;1;1;A01
201600037357;2;7;0;0;2;5;15;A01
201600037357;1;30;0;0;2;1;1;B01
201600037358;1;30;0;0;2;1;17;B01
201600037358;2;7;0;0;2;3;9;A01
201600037359;1;7;0;0;2;5;1;A01
201600037359;1;31;0;0;2;3;2;B01
201600037360;2;7;0;0;2;6;1;A01
201600037360;2;31;0;0;2;1;1;B01
201600037361;1;7;0;0;1;3;1;A01
201600037362;0;30;0;1;0;0;19;A01
201600037363;2;7;0;0;1;1;1;A01
201600037364;2;7;0;0;1;1;1;A01
201600037365;2;31;0;0;1;2;1;A01
201600037366;1;37;1;0;2;8;13;B01
201600037366;1;34;0;0;2;7;17;A01
201600037367;1;7;0;0;2;7;10;A01
201600037367;1;33;0;0;2;3;1;B01
201600037368;1;7;0;0;1;1;1;A01
201600037369;0;7;0;6;0;1;2;A01
201600037370;2;99;0;0;1;1;1;A01
201600037371;0;2;0;0;2;1;1;B01
201600037371;0;7;0;0;2;1;9;A01
201600037372;0;33;0;0;2;7;9;B01
201600037372;0;7;0;0;2;1;5;A01
201600037373;0;30;0;0;2;3;2;A01
201600037374;0;99;0;1;0;1;2;A01
201600037374;0;7;0;0;2;4;24;B01
201600037375;0;7;0;0;2;3;0;B01
201600037375;0;30;0;0;2;3;2;A01
201600037376;0;7;0;0;2;1;1;B01
201600037376;0;7;0;0;2;8;1;A01
201600037377;0;7;0;0;2;8;1;B01
201600037377;0;34;0;0;2;1;15;A01
201600037378;1;7;0;0;1;1;1;A01
201600037379;2;7;0;0;1;6;1;A01
201600037380;2;7;0;0;2;4;1;B01
201600037380;2;37;30;0;2;1;1;A01
201600037381;2;7;0;0;2;4;1;B01
201600037381;2;37;30;0;2;1;1;A01
201600037382;2;33;0;9;0;0;1;A01
201600037383;0;7;0;0;0;0;15;A01
201600037383;0;30;0;0;0;7;1;B01
201600037384;1;32;0;16;0;7;1;A01
201600037385;1;7;0;0;2;6;15;A01
201600037385;1;33;0;0;2;1;17;B01
201600037386;2;7;0;0;2;2;15;A01
201600037386;1;31;0;0;2;8;1;B02
201600037387;0;7;0;0;2;1;2;A01
201600037387;0;7;0;0;2;3;2;B01
201600037388;1;7;0;0;2;7;1;B01
201600037388;1;7;0;0;2;1;1;A01
201600037389;2;7;0;0;2;1;15;B01
201600037389;1;7;0;8;2;1;1;A01
201600037390;1;7;0;0;1;2;1;A01
201600037391;2;7;0;0;1;3;9;A01
201600037392;2;7;0;0;2;1;9;A01
201600037392;1;34;0;0;2;7;1;B01
201600037393;2;7;0;0;2;1;1;A01
201600037393;1;30;0;1;0;1;2;B01
201600037394;0;7;0;0;1;1;1;A01
201600037395;2;31;0;0;2;1;17;A01
201600037395;1;7;0;0;2;3;15;B01
201600037396;1;1;0;0;2;1;21;B01
201600037396;0;7;0;0;2;8;22;A01
201600037397;0;32;0;0;2;7;1;A01
201600037397;0;7;0;0;2;1;9;B01
201600037398;0;7;0;0;2;3;15;A01
201600037398;0;34;0;0;2;0;15;B01
201600037399;0;7;0;0;2;5;16;A01
201600037399;0;32;0;0;2;1;1;B01
201600037400;1;7;0;0;2;8;16;A01
201600037400;1;32;0;0;2;1;1;B01
201600037401;0;7;0;0;1;7;1;A01
201600037402;0;31;0;0;0;1;17;A01
201600037403;0;32;0;0;1;0;1;A01
201600037404;0;1;0;0;2;1;1;B01
201600037404;0;7;0;0;2;8;24;A01
201600037405;0;31;0;0;2;8;1;B01
201600037405;0;7;0;0;2;3;15;A01
201600037406;0;33;0;0;2;7;1;B01
201600037406;0;7;0;0;2;3;17;A01
201600037407;0;33;0;0;2;1;1;A01
201600037407;0;7;0;0;2;4;1;B01
201600037408;0;7;0;0;2;3;10;B01
201600037408;0;32;0;0;2;7;17;A01
201600037409;0;7;0;0;1;1;15;A01
201600037410;0;7;0;11;0;3;1;A01
201600037411;0;7;0;0;1;1;16;A01
201600037412;0;7;0;0;1;3;1;A01
201600037413;0;7;0;8;0;3;15;A01
201600037414;0;7;0;0;1;3;15;A01
201600037415;0;7;0;0;2;2;1;A01
201600037415;0;7;0;0;2;3;1;B01
201600037416;0;32;0;0;2;1;1;A01
201600037416;0;7;0;0;2;3;15;B01
201600037417;0;32;0;0;2;7;1;A01
201600037417;0;7;0;0;2;3;1;B01
201600037418;0;38;2;0;2;5;16;A01
201600037418;0;37;2;0;2;6;23;B01
201600037419;0;32;0;0;0;0;1;A01
201600037420;0;30;0;0;0;8;1;A01
201600037421;0;7;0;0;2;8;15;A01
201600037421;0;31;0;0;2;3;1;B01
201600037422;0;34;0;0;2;8;15;B01
201600037422;0;30;0;0;2;1;1;Z01
201600037423;0;7;0;0;2;3;19;A01
201600037424;0;7;0;0;2;4;1;B01
201600037424;0;32;0;0;2;1;1;A01
201600037425;0;30;0;0;0;0;1;A01
201600037426;0;7;0;0;1;1;15;A01
201600037427;0;7;0;0;2;1;1;A01
201600037427;0;7;0;0;2;8;1;B01
201600037428;0;31;0;0;1;1;1;A01
201600037429;0;7;0;1;2;2;13;A01
201600037429;0;7;0;0;2;3;2;B01
201600037430;0;1;0;0;1;1;1;A01
201600037431;0;33;0;0;0;1;1;A01
201600037432;0;33;0;0;2;1;1;A01
201600037432;0;34;0;0;2;6;1;B01
201600037433;0;7;0;0;1;4;20;A01
201600037434;0;7;0;0;2;4;24;B01
201600037434;0;1;0;0;2;1;1;A01
201600037435;0;7;0;0;1;3;1;A01
201600037436;0;7;0;0;2;3;11;B01
201600037436;0;30;0;0;2;3;17;A01
201600037437;0;32;0;0;2;2;17;A01
201600037437;0;7;0;0;2;1;24;C01
201600037437;0;7;0;0;2;3;17;B01
201600037438;0;7;0;0;1;1;16;A01
201600037439;0;7;0;11;0;1;0;A01
201600037440;0;7;0;6;0;1;10;A01
201600037441;0;7;0;0;1;6;1;A01
201600037442;0;7;0;0;2;2;1;A01
201600037442;0;31;0;1;2;1;1;B01
201600037443;0;33;0;0;0;0;1;A01
201600037444;0;30;0;0;2;1;3;A01
201600037444;0;7;0;0;2;6;23;B01
201600037445;0;31;0;0;1;1;1;Z01
201600037446;0;30;0;0;2;7;17;A01
201600037446;0;7;0;0;2;8;15;B01
201600037447;0;7;0;0;0;0;10;A01
201600037447;0;7;0;0;2;4;1;B01
201600037447;0;7;0;0;2;4;1;C01
201600037447;0;7;0;0;2;1;1;D01
201600037448;0;7;0;0;2;1;13;A01
201600037448;0;32;0;0;2;1;1;B01
201600037449;0;32;0;0;2;2;1;A01
201600037450;0;7;0;0;2;1;1;A01
201600037450;0;7;0;0;2;4;1;B01
201600037451;0;7;0;0;2;2;13;A01
201600037451;0;7;0;0;2;3;1;B01
201600037452;0;33;0;0;2;2;1;A01
201600037452;0;7;0;0;2;6;13;B01
201600037453;0;7;0;0;1;1;1;A01
201600037454;0;30;0;0;2;5;15;A01
201600037454;0;7;0;0;2;2;1;B01
201600037455;0;30;0;0;0;0;13;A01
201600037456;0;7;0;8;0;1;1;A01
201600037457;0;7;0;0;1;1;1;A01
201600037458;0;7;0;0;2;4;15;A01
201600037458;0;33;0;0;2;1;2;B01
201600037459;0;7;0;0;2;1;15;A01
201600037459;0;31;0;0;2;1;1;B01
201600037460;0;7;0;0;2;3;9;A01
201600037460;0;34;0;0;2;1;1;B01
201600037461;0;7;0;0;2;1;14;A01
201600037462;0;7;0;0;2;4;10;A01
201600037462;0;7;0;0;2;9;1;B01
201600037462;0;7;0;0;2;1;1;C01
201600037463;0;7;0;0;2;1;15;A01
201600037464;0;7;0;0;2;1;15;A01
201600037464;0;34;0;0;2;8;18;B01
201600037465;0;7;0;0;2;1;1;B01
201600037465;0;34;0;0;2;7;1;A01
201600037466;0;7;0;0;1;8;0;A01
201600037467;0;2;0;0;2;1;1;A01
201600037467;0;7;0;0;2;6;1;B01
201600037468;0;32;0;0;2;1;3;A01
201600037468;0;7;0;0;2;3;15;B01
201600037469;0;31;0;0;2;1;1;B01
201600037469;0;7;0;0;2;1;2;A01
201600037470;0;30;0;0;2;1;1;A01
201600037470;0;7;0;0;2;6;1;B01
201600037471;0;7;0;0;1;1;1;A01
201600037472;0;7;0;0;2;7;16;A01
201600037472;0;33;0;0;2;8;1;B01
201600037473;0;7;0;0;2;6;11;B01
201600037473;0;7;0;0;2;2;1;A01
201600037474;0;33;0;0;2;1;1;B01
201600037474;0;7;0;0;2;1;15;A01
201600037475;0;7;0;0;0;9;1;A01
201600037476;0;32;0;0;2;7;1;B01
201600037476;0;7;0;0;2;2;1;A01
201600037477;0;32;0;0;2;0;1;B01
201600037477;0;7;0;0;2;1;13;A01
201600037478;0;7;0;12;0;0;0;A01
201600037479;0;30;0;0;0;0;1;A01
201600037480;0;37;1;0;1;5;1;A01
201600037481;0;7;0;0;2;4;4;A01
201600037481;0;34;0;0;2;2;23;B01
201600037482;0;7;0;0;2;4;1;C01
201600037482;0;7;0;0;2;1;1;A01
201600037482;0;7;0;0;2;4;1;B01
201600037483;0;7;0;0;2;2;10;A01
201600037483;0;33;0;0;2;1;1;B01
201600037484;0;7;0;0;2;1;1;B01
201600037484;0;7;0;0;2;7;15;A01
201600037485;0;7;0;0;1;1;1;A01
201600037486;0;33;0;6;0;2;0;A01
201600037487;0;7;0;0;2;2;1;B01
201600037487;0;30;0;0;2;3;18;A01
201600037488;0;30;0;0;1;1;0;A01
201600037489;0;30;0;0;2;1;22;B01
201600037489;0;7;0;0;0;7;22;A01
201600037490;0;10;0;0;2;2;12;A01
201600037490;0;7;0;0;0;6;0;B01
201600037491;0;7;0;0;1;4;20;A01
201600037492;0;7;0;0;2;1;1;A01
201600037492;0;7;0;0;2;4;23;C01
201600037492;0;7;0;0;2;4;23;B01
201600037493;0;7;0;0;2;3;1;B01
201600037493;0;7;0;0;2;1;1;A01
201600037494;0;7;0;0;9;1;0;A01
201600037494;0;30;0;0;0;4;0;B01
201600037495;0;7;0;0;2;4;1;A01
201600037495;0;7;0;0;2;3;0;B01
201600037496;0;1;0;0;2;0;0;B01
201600037496;0;7;0;0;2;8;0;A01
201600037497;0;7;0;0;9;6;0;A01
201600037497;0;30;0;0;2;1;17;B01
201600037498;0;7;0;0;9;3;1;A01
201600037498;0;33;0;0;2;3;1;B01
201600037499;0;7;0;0;9;3;0;A01
201600037499;0;30;0;0;2;1;1;B01
201600037500;0;7;0;0;2;0;0;A01
201600037501;0;30;0;0;2;7;17;A01
201600037501;0;7;0;0;9;3;0;B01
201600037502;0;33;0;0;0;1;3;A01
201600037503;0;32;0;0;0;8;0;A01
201600037504;0;7;0;0;1;2;1;A01
201600037505;0;30;0;0;2;1;1;A01
201600037505;0;7;0;0;9;3;15;B01
201600037506;0;7;0;0;9;2;24;A01
201600037506;0;1;0;0;0;0;0;B01
201600037507;0;30;0;0;2;2;1;B01
201600037507;0;7;0;0;9;8;15;A01
201600037508;0;33;0;0;2;0;1;A01
201600037508;0;7;0;0;9;4;24;B01
201600037509;0;7;0;0;0;4;1;A01
201600037509;0;7;0;0;2;1;1;B01
201600037510;0;7;0;0;2;3;1;B01
201600037510;0;7;0;0;2;1;15;A01
201600037511;0;7;0;0;2;1;2;A01
201600037511;0;7;0;0;2;4;23;B01
201600037512;0;7;0;0;9;6;24;A01
201600037512;0;30;0;0;2;1;14;B01
201600037513;0;7;0;0;1;1;0;A01
201600037514;0;30;0;0;2;1;1;A01
201600037514;0;7;0;0;9;3;15;B01
201600037515;0;7;0;1;0;2;0;A01
201600037515;0;7;0;0;2;6;24;B01
201600037516;0;7;0;0;1;6;20;A01
201600037517;0;2;0;0;2;1;1;A01
201600037517;0;7;0;0;2;2;1;B01
201600037518;0;31;0;0;2;8;1;A01
201600037519;0;7;0;0;2;1;2;A01
201600037519;0;7;0;0;2;4;1;B01
201600037520;0;30;0;1;1;1;0;A01
201600037521;0;7;0;0;2;2;1;B01
201600037521;0;7;0;0;2;3;20;A01
201600037522;0;7;0;0;9;4;2;B01
201600037522;0;2;0;0;2;1;2;A01
201600037523;2;7;0;0;1;3;1;A01
201600037524;0;33;0;0;0;0;21;A01
201600037525;1;2;0;0;0;7;17;A01
201600037526;1;2;0;0;2;1;1;A01
201600037526;1;7;0;0;2;3;1;B01
201600037527;0;33;0;0;2;1;1;B01
201600037527;0;7;0;0;9;2;15;A01
201600037528;0;7;0;0;9;6;11;A01
201600037528;0;33;0;0;2;2;1;B01
201600037529;0;7;0;0;9;3;1;A01
201600037529;0;32;0;0;2;2;15;B01
201600037530;1;7;0;0;2;3;15;A01
201600037530;1;33;0;0;2;1;17;B01
201600037531;0;1;0;0;2;1;9;A01
201600037531;1;1;0;0;2;3;1;B01
201600037532;2;1;0;0;2;6;16;B01
201600037532;2;15;0;0;2;5;1;A01
201600037533;0;7;0;0;9;3;20;A01
201600037533;0;34;0;0;2;1;1;B01
201600037534;0;7;0;0;9;3;15;A01
201600037534;0;30;0;0;2;1;1;B01
201600037535;0;7;0;0;9;8;20;B01
201600037535;0;33;0;0;2;1;1;A01
201600037536;0;7;0;1;0;1;2;A01
201600037537;2;7;0;0;2;8;10;B01
201600037537;1;37;0;0;2;2;1;A01
201600037538;0;33;0;0;2;8;16;B01
201600037538;0;7;0;0;9;7;16;A01
201600037539;0;7;0;0;2;4;1;B01
201600037539;0;7;0;0;2;4;1;C01
201600037539;0;7;0;0;2;1;1;A01
201600037540;0;7;0;0;2;2;2;B01
201600037540;0;7;0;0;2;3;20;A01
201600037541;0;7;0;15;0;1;1;A01