Num_Acc;senc;catv;occutc;obs;obsm;choc;manv;num_veh
201600038307;0;7;0;0;2;2;1;A01
201600038308;0;32;0;0;2;1;1;B01
201600038308;0;7;0;0;2;2;15;A01
201600038309;0;7;0;0;2;5;15;A01
201600038309;0;7;0;0;2;2;1;B01
201600038310;0;7;0;0;2;4;2;B01
201600038310;0;7;0;0;2;1;2;A01
201600038311;0;30;0;0;2;3;1;A01
201600038311;0;14;0;0;2;5;15;Z01
201600038312;0;7;0;0;1;3;18;A01
201600038313;0;7;0;0;2;1;9;A01
201600038314;0;7;0;0;2;3;1;A01
201600038315;0;7;0;0;2;3;15;A01
201600038315;0;7;0;0;2;3;1;B01
201600038316;0;10;0;0;2;8;15;A01
201600038316;0;10;0;0;2;1;1;B01
201600038317;0;7;0;0;2;6;23;B01
201600038317;0;32;0;0;2;1;2;A01
201600038318;0;7;0;0;2;3;2;B01
201600038318;0;14;0;0;2;3;2;A01
201600038319;0;32;0;0;2;2;1;A01
201600038319;0;7;0;0;2;1;9;B01
201600038320;0;7;0;0;1;1;17;Z01
201600038321;0;33;0;4;2;3;21;A01
201600038321;0;7;0;0;2;2;21;B01
201600038322;0;32;0;0;2;7;15;A01
201600038322;0;7;0;0;2;1;1;B01
201600038323;;7;0;;;;23;C02
201600038323;0;7;0;1;2;6;1;B01
201600038323;0;7;0;1;2;2;17;A01
201600038324;0;7;0;0;2;7;9;B01
201600038324;0;10;0;0;2;2;1;A01
201600038325;0;7;0;1;0;1;14;A01
201600038326;0;7;0;0;1;1;1;A01
201600038327;0;7;0;0;2;0;0;B01
201600038327;0;10;0;0;2;0;0;A01
201600038328;0;7;0;0;1;1;17;A01
201600038329;0;7;0;0;2;3;15;A01
201600038329;0;32;0;0;2;1;1;B01
201600038330;0;14;0;1;1;2;14;A01
201600038331;0;10;0;0;2;1;2;Z01
201600038331;0;7;0;0;2;4;23;A01
201600038332;0;7;0;4;2;0;0;A01
201600038332;0;10;0;0;2;4;1;B01
201600038333;0;7;0;0;2;3;9;B01
201600038333;0;33;0;0;2;1;1;A01
201600038334;0;7;0;0;1;2;16;A01
201600038335;0;7;0;0;1;2;16;A01
201600038336;0;7;0;0;2;1;1;A01
201600038336;0;7;0;0;2;5;1;B01
201600038337;0;7;0;0;2;3;16;B01
201600038337;0;30;0;0;2;1;1;A01
201600038338;2;32;0;0;2;2;17;B01
201600038338;2;7;0;0;2;3;15;A01
201600038339;1;34;0;0;2;1;1;A01
201600038339;1;7;0;0;2;8;1;B01
201600038340;0;33;0;9;1;1;1;A01
201600038341;0;1;0;0;2;1;11;B01
201600038341;0;7;0;0;2;1;1;A01
201600038342;1;7;0;0;1;1;1;A01
201600038343;1;7;0;0;1;1;1;A01
201600038344;1;30;0;1;0;1;1;A01
201600038345;0;33;0;0;1;1;1;A01
201600038346;0;7;0;0;2;3;15;A01
201600038346;0;37;2;0;2;2;1;B01
201600038347;0;7;0;0;2;1;1;B01
201600038347;0;31;0;0;2;1;1;A01
201600038348;0;7;0;0;1;1;1;A01
201600038349;0;7;0;0;2;2;14;A01
201600038349;0;2;0;0;0;1;1;B01
201600038350;0;7;0;0;2;3;1;B01
201600038350;0;7;0;0;2;1;1;A01
201600038351;0;2;0;0;0;1;1;A01
201600038352;0;7;0;0;1;1;1;A01
201600038353;0;7;0;9;0;0;0;A01
201600038354;0;10;0;0;1;4;10;Z01
201600038355;1;32;0;0;2;2;1;B01
201600038355;1;7;0;0;2;3;2;A01
201600038356;0;2;0;0;2;1;17;A01
201600038356;0;7;0;0;2;8;15;B01
201600038357;0;7;0;0;2;2;1;A01
201600038357;0;1;0;0;2;0;1;B01
201600038357;0;7;0;0;2;6;1;C01
201600038358;0;31;0;0;0;7;1;A01
201600038359;0;31;0;0;2;7;1;B01
201600038359;0;7;0;0;2;3;15;A01
201600038360;0;7;0;0;2;6;1;B01
201600038360;0;31;0;0;2;1;1;A01
201600038361;0;7;0;0;1;1;1;A01
201600038362;0;7;0;0;2;1;1;A01
201600038362;0;31;0;0;2;4;1;B01
201600038363;0;7;0;0;2;1;13;A01
201600038363;0;33;0;0;2;1;1;B01
201600038364;0;7;0;0;2;3;19;A01
201600038364;0;34;0;0;2;7;21;B01
201600038365;0;33;0;0;2;1;0;B01
201600038365;0;10;0;0;2;8;15;A01
201600038366;0;10;0;0;1;3;15;A01
201600038367;1;7;0;0;2;2;2;A01
201600038367;1;31;0;0;2;4;20;B01
201600038368;0;7;0;0;2;3;9;A01
201600038368;0;34;0;0;2;1;2;B01
201600038369;0;31;0;0;2;1;2;B01
201600038369;0;7;0;0;2;1;13;A01
201600038370;0;7;0;0;1;3;4;A01
201600038371;0;33;0;0;0;1;1;B01
201600038371;0;7;0;0;0;1;15;A01
201600038372;0;31;0;0;5;1;0;A01
201600038373;0;7;0;0;1;1;0;A01
201600038374;0;10;0;0;2;1;1;A01
201600038374;0;30;0;0;2;4;1;B01
201600038374;0;7;0;0;2;4;0;C01
201600038375;0;34;0;0;2;8;2;B01
201600038375;0;7;0;0;2;8;15;A01
201600038376;0;33;0;0;0;3;0;A01
201600038377;0;1;0;0;0;1;0;A01
201600038378;0;33;0;0;2;1;0;A01
201600038378;0;7;0;0;2;1;0;B01
201600038379;0;7;0;1;1;6;4;A01
201600038380;0;7;0;0;2;0;24;A01
201600038380;0;1;0;1;0;0;1;B01
201600038381;0;1;0;0;2;1;2;B01
201600038381;0;7;0;0;9;8;22;A01
201600038382;0;2;0;0;1;1;17;A01
201600038383;0;7;0;0;1;2;0;A01
201600038384;0;2;0;0;2;2;15;A01
201600038384;1;7;0;0;2;3;2;B01
201600038385;1;7;0;0;1;3;15;A01
201600038386;0;7;0;0;1;6;2;A01
201600038387;0;7;0;0;2;8;2;B01
201600038387;0;7;0;9;2;1;2;A01
201600038388;1;7;0;0;2;2;15;A01
201600038388;1;34;0;0;2;1;2;B01
201600038389;2;7;0;1;2;3;9;A01
201600038389;1;34;0;0;2;1;2;B01
201600038390;0;10;0;0;1;2;0;A01
201600038391;0;32;0;0;2;1;2;A01
201600038391;0;32;0;0;2;4;16;B01
201600038392;0;7;0;0;2;2;2;B01
201600038392;0;7;0;0;2;3;15;A01
201600038393;0;7;0;0;1;1;2;A01
201600038394;2;14;0;0;2;3;2;A01
201600038394;1;33;0;0;2;5;16;B01
201600038395;1;7;0;0;1;2;2;A01
201600038396;1;7;0;0;2;1;1;A01
201600038396;1;33;0;0;2;8;1;B01
201600038397;1;7;0;0;1;5;2;A01
201600038398;1;7;0;0;2;1;0;B01
201600038398;2;31;0;0;2;1;1;A01
201600038399;1;7;0;0;1;1;17;A01
201600038400;1;7;0;0;2;3;17;B01
201600038400;1;2;0;0;2;7;9;A01
201600038401;0;7;0;0;0;0;9;A01
201600038401;1;31;0;0;0;0;21;B01
201600038402;2;7;0;0;2;4;2;B01
201600038402;2;37;1;0;2;1;2;A01
201600038403;1;32;0;0;0;0;2;A01
201600038404;1;7;0;1;0;2;2;A01
201600038405;0;1;0;0;0;0;2;A01
201600038406;0;37;10;0;2;1;1;A01
201600038406;0;7;0;15;0;2;1;B01
201600038407;0;33;0;0;1;1;0;A01
201600038408;1;1;0;0;2;8;17;B01
201600038408;1;37;1;0;2;5;11;A01
201600038409;1;33;0;0;2;1;1;B01
201600038409;2;7;0;0;2;8;10;A01
201600038410;1;1;0;0;2;1;2;A01
201600038410;1;7;0;0;2;6;0;B01
201600038411;2;7;0;0;1;1;1;A01
201600038412;1;2;0;14;0;2;1;A01
201600038413;2;7;0;0;2;7;12;A01
201600038413;2;31;0;0;2;8;1;B01
201600038414;1;10;0;0;1;2;2;A01
201600038415;1;7;0;0;1;1;15;A01
201600038416;2;31;0;0;2;8;1;A01
201600038416;2;7;0;0;2;2;1;B01
201600038417;1;32;0;14;0;8;1;A01
201600038418;0;1;0;0;2;0;2;A01
201600038418;1;1;0;0;2;0;2;B01
201600038419;2;34;0;0;2;1;2;A01
201600038419;1;37;1;0;2;5;2;B01
201600038420;2;2;0;0;0;0;0;A01
201600038421;2;2;0;0;0;0;2;A01
201600038422;1;10;0;0;2;1;2;A01
201600038422;1;32;0;0;2;4;2;B01
201600038423;2;32;0;0;2;3;2;A01
201600038423;2;7;0;0;2;2;2;B01
201600038424;0;30;0;0;2;1;0;A01
201600038424;0;7;0;0;2;1;0;B01
201600038425;0;7;0;0;2;1;0;A01
201600038425;0;33;0;0;2;2;0;B01
201600038426;0;7;0;0;2;4;17;B01
201600038426;0;7;0;0;2;4;0;A01
201600038427;1;33;0;0;2;1;2;C01
201600038427;2;7;0;0;2;6;2;B01
201600038427;2;2;0;0;2;8;17;A01
201600038428;2;7;0;0;2;4;20;A01
201600038428;1;2;0;0;2;2;2;B01
201600038429;0;7;0;0;1;1;0;A01
201600038430;1;7;0;0;1;2;2;A01
201600038431;0;7;0;0;2;3;0;B01
201600038431;0;33;0;0;2;8;1;A01
201600038432;0;2;0;0;2;8;2;B01
201600038432;0;7;0;0;2;2;9;A01
201600038433;1;7;0;0;2;1;1;B01
201600038433;1;7;0;0;2;8;10;A01
201600038434;1;33;0;7;0;1;2;A01
201600038435;0;30;0;16;0;8;1;A01
201600038436;0;30;0;0;2;1;1;A01
201600038436;0;7;0;0;2;2;1;B01
201600038437;0;7;0;0;2;1;14;B01
201600038437;0;7;0;9;2;9;1;A01
201600038438;0;7;0;0;1;3;15;A01
201600038439;0;7;0;0;9;2;1;A01
201600038439;0;1;0;0;2;1;13;B01
201600038440;0;7;0;0;2;4;1;B01
201600038440;0;10;0;0;2;1;1;A01
201600038441;0;7;0;0;2;6;1;B01
201600038441;0;7;0;0;2;1;1;A01
201600038442;0;7;0;0;2;1;1;B01
201600038442;0;7;0;0;2;8;1;A01
201600038443;0;7;0;11;0;1;16;A01
201600038444;0;7;0;0;1;4;4;A01
201600038445;0;32;0;0;2;1;1;A01
201600038445;0;33;0;0;2;4;23;B01
201600038446;0;30;0;0;1;1;1;A01
201600038447;0;7;0;0;2;3;1;C01
201600038447;0;7;0;0;2;2;22;A01
201600038447;0;33;0;1;0;1;1;B01
201600038448;0;32;0;0;2;1;2;A01
201600038448;0;32;0;0;2;7;2;B01
201600038449;0;10;0;0;2;4;24;C01
201600038449;0;2;0;0;2;2;1;A01
201600038449;0;7;0;0;2;3;15;B01
201600038450;0;7;0;0;2;8;0;B01
201600038450;0;2;0;0;2;1;1;A01
201600038451;0;7;0;0;1;1;0;A01
201600038452;0;7;0;0;2;1;1;B01
201600038452;0;7;0;0;2;2;1;A01
201600038453;0;7;0;0;1;1;1;A01
201600038454;0;7;0;0;2;1;1;A01
201600038454;0;7;0;0;2;4;1;B01
201600038455;0;2;0;0;2;1;0;B01
201600038455;0;13;0;0;2;5;0;A01
201600038456;0;7;0;0;2;3;1;A01
201600038456;0;34;0;0;2;2;1;B01
201600038457;0;32;0;0;1;1;1;A01
201600038458;0;30;0;0;1;1;17;A01
201600038459;0;30;0;0;2;1;1;B01
201600038459;0;7;0;0;2;2;1;A01
201600038460;0;7;0;14;0;1;0;A01
201600038461;0;1;0;0;0;7;0;A01
201600038462;0;13;0;0;1;8;1;A01
201600038463;0;30;0;1;0;1;1;A01
201600038463;0;7;0;0;2;4;0;B01
201600038464;0;7;0;0;2;2;1;A01
201600038464;0;34;0;0;2;8;1;B01
201600038465;0;30;0;0;0;2;1;A01
201600038466;0;7;0;0;2;3;9;A01
201600038466;0;32;0;0;2;1;1;B01
201600038467;0;7;0;0;2;8;16;A01
201600038467;0;33;0;0;2;1;1;B01
201600038468;0;33;0;0;2;1;15;A01
201600038468;0;7;0;0;2;8;15;B01
201600038469;0;7;0;0;2;7;1;B01
201600038469;0;7;0;0;2;1;1;A01
201600038470;0;7;0;0;2;6;1;B01
201600038470;0;7;0;0;2;5;1;A01
201600038471;0;30;0;0;2;1;1;B01
201600038471;0;99;0;0;2;1;1;A01
201600038472;0;7;0;0;1;1;15;A01
201600038473;0;7;0;0;2;1;1;A01
201600038473;0;7;0;0;2;7;1;B01
201600038474;0;32;0;0;2;3;2;B01
201600038474;0;7;0;0;2;2;2;A01
201600038475;0;7;0;0;2;1;1;A01
201600038475;0;33;0;0;2;8;1;B01
201600038476;0;7;0;0;1;4;4;A01
201600038477;0;1;0;0;1;1;1;A01
201600038478;0;7;0;0;2;4;23;B01
201600038478;0;7;0;0;2;1;1;A01
201600038479;0;30;0;0;2;1;2;A01
201600038479;0;7;0;0;2;5;1;B01
201600038480;0;7;0;14;2;1;1;A01
201600038480;0;7;0;0;2;4;1;C01
201600038480;0;2;0;0;2;4;1;B01
201600038481;0;10;0;0;2;2;1;B01
201600038481;0;7;0;0;2;3;1;A01
201600038482;0;1;0;0;0;7;1;B01
201600038482;0;7;0;0;0;5;2;A01
201600038483;0;32;0;0;0;1;3;A01
201600038484;0;7;0;0;1;1;1;A01
201600038485;0;32;0;0;0;8;1;B01
201600038485;0;7;0;0;0;7;0;A01
201600038486;0;7;0;0;2;3;10;A01
201600038486;0;30;0;0;2;1;1;B01
201600038487;0;7;0;0;0;0;0;A01
201600038488;0;1;0;0;1;1;0;A01
201600038489;0;33;0;0;0;7;0;A01
201600038489;0;32;0;0;0;3;0;B01
201600038490;0;7;0;0;0;0;0;A01
201600038490;0;7;0;0;0;0;0;B01
201600038491;0;7;0;0;0;0;0;A01
201600038491;0;32;0;0;0;4;0;B01
201600038492;0;1;0;0;1;1;1;A01
201600038493;0;30;0;0;0;0;0;A01
201600038494;0;34;0;0;0;0;0;B01
201600038494;0;7;0;0;0;1;0;A01
201600038495;0;2;0;0;2;1;1;B01
201600038495;0;7;0;0;2;2;10;A01
201600038496;0;32;0;0;0;0;0;B01
201600038496;0;1;0;0;0;7;0;A01
201600038497;0;32;0;0;1;1;1;A01
201600038498;0;7;0;0;2;1;1;A01
201600038498;0;7;0;0;2;4;1;B01
201600038499;0;30;0;0;1;1;1;A01
201600038500;0;30;0;0;1;1;1;A01
201600038501;0;10;0;0;1;8;1;A01
201600038502;0;30;0;0;2;1;1;B01
201600038502;0;7;0;0;2;5;1;A01
201600038503;0;30;0;0;2;7;1;B01
201600038503;0;7;0;0;2;3;15;A01
201600038504;0;30;0;0;1;1;1;A01
201600038505;0;7;0;0;1;3;15;A01
201600038506;0;7;0;0;1;7;1;A01
201600038507;0;7;0;0;2;7;16;A01
201600038507;0;2;0;0;2;1;1;B01
201600038508;0;34;0;0;2;1;1;B01
201600038508;0;7;0;0;2;7;1;A01
201600038509;0;32;0;0;2;1;1;B01
201600038509;0;7;0;0;2;3;0;A01
201600038510;0;34;0;0;1;1;1;A01
201600038511;0;32;0;0;2;8;2;B01
201600038511;0;7;0;0;2;7;1;A01
201600038512;0;7;0;0;1;8;23;B01
201600038512;0;7;0;0;1;1;15;A01
201600038513;0;7;0;0;1;4;4;A01
201600038514;0;7;0;0;1;4;4;A01
201600038515;0;7;0;0;1;2;16;A01
201600038516;0;7;0;0;2;1;1;B01
201600038516;0;7;0;0;2;4;1;A01
201600038517;0;7;0;15;0;1;1;A01
201600038518;0;33;0;0;2;1;1;B01
201600038518;0;7;0;0;2;2;1;A01
201600038519;0;10;0;0;1;8;15;A01
201600038520;0;7;0;0;1;7;1;A01
201600038521;0;7;0;0;2;8;1;A01
201600038521;0;7;0;0;2;8;1;B01
201600038522;0;2;0;0;2;1;1;A01
201600038522;0;7;0;0;2;5;23;B01
201600038523;0;7;0;0;1;4;4;A01
201600038524;0;7;0;0;1;4;15;A01
201600038525;0;7;0;0;2;3;1;B01
201600038525;0;7;0;0;2;7;1;A01
201600038526;0;7;0;0;2;0;1;A01
201600038526;0;30;0;0;2;0;1;B01
201600038527;0;7;0;0;1;1;1;A01
201600038528;0;7;0;14;0;1;15;A01
201600038529;0;7;0;1;0;9;1;A01
201600038530;0;7;0;0;0;6;1;B01
201600038530;2;7;0;0;2;1;1;A01
201600038531;0;7;0;0;2;1;17;B01
201600038531;0;7;0;0;2;8;1;A01
201600038532;0;1;0;0;2;1;1;B01
201600038532;0;7;0;0;2;1;15;A01
201600038533;1;33;0;0;2;1;17;A01
201600038533;0;7;0;0;2;1;9;B01
201600038534;1;33;0;0;0;8;0;A01
201600038534;2;32;0;0;0;0;0;Z01
201600038535;1;14;0;0;1;4;4;Z01
201600038536;1;30;0;0;1;1;1;Z01
201600038537;0;7;0;0;2;5;1;A01
201600038537;2;33;0;0;2;1;1;B01
201600038538;0;31;0;8;0;1;1;A01
201600038539;2;7;0;0;2;8;1;A01
201600038539;2;33;0;0;2;1;1;B01
201600038540;1;30;0;0;0;7;16;A01
201600038541;0;33;0;12;0;1;1;A01
201600038542;1;33;0;0;2;1;5;A01
201600038542;2;7;0;0;2;1;1;B01
201600038543;0;7;0;0;1;2;1;A01
201600038544;2;7;0;6;0;1;16;A01
201600038545;0;7;0;0;2;3;5;A01
201600038545;0;7;0;0;2;3;23;B01
201600038546;0;7;0;0;2;3;15;A01
201600038546;0;33;0;0;0;0;0;B01
201600038547;0;2;0;0;0;1;0;A01
201600038548;2;7;0;0;2;1;15;A01
201600038548;1;33;0;0;2;1;1;B01
201600038549;0;7;0;0;1;1;9;A01
201600038550;1;7;0;0;2;1;15;A01
201600038550;2;33;0;0;2;0;1;B01
201600038551;2;34;0;0;0;8;1;A01
201600038552;0;32;0;0;0;8;1;A01
201600038553;0;7;0;0;1;1;16;A01
201600038554;2;7;0;0;2;2;1;A01
201600038555;1;7;0;0;2;1;15;A01
201600038555;2;30;0;0;2;1;1;B01
201600038556;0;7;0;0;1;1;1;A01
201600038557;0;2;0;0;0;0;1;A01
201600038557;0;31;0;0;0;0;0;B01
201600038558;0;33;0;0;2;1;1;B01
201600038558;0;7;0;0;2;2;1;A01
201600038559;0;37;1;0;2;5;13;A01
201600038559;0;34;0;0;0;1;1;B01
201600038560;0;37;1;0;0;0;1;A01
201600038561;2;10;0;0;2;1;13;A01
201600038561;2;31;0;0;2;1;1;B01
201600038562;0;34;0;0;2;0;1;B01
201600038562;2;7;0;0;2;6;0;A01
201600038563;0;7;0;0;2;1;1;A01
201600038563;0;1;0;0;2;2;1;B01
201600038564;2;33;0;0;2;0;1;A01
201600038564;1;7;0;0;2;1;1;B01
201600038565;2;7;0;9;0;1;1;A01
201600038566;0;7;0;0;2;2;10;A01
201600038566;2;33;0;0;2;1;1;B01
201600038567;1;34;0;6;0;7;1;A01
201600038568;1;7;0;0;2;8;20;A01
201600038568;1;33;0;0;2;1;1;B01
201600038569;2;7;0;0;1;1;1;A01
201600038570;2;30;0;0;0;7;1;A01
201600038571;2;7;0;0;2;3;1;A01
201600038571;1;7;0;0;2;3;1;B01
201600038572;0;7;0;0;2;1;1;A01
201600038572;0;7;0;0;2;4;1;B01
201600038573;1;7;0;0;2;3;1;A01
201600038573;1;30;0;0;2;1;1;B01
201600038574;0;3;0;8;0;1;1;A01
201600038575;0;10;0;0;2;2;15;A01
201600038575;0;33;0;0;2;1;16;B01
201600038576;0;7;0;0;2;0;1;A01
201600038576;0;1;0;0;2;0;1;B01
201600038577;1;7;0;1;0;2;1;A01
201600038578;0;2;0;0;2;0;1;A01
201600038579;0;37;1;0;1;2;1;A01
201600038580;2;30;0;0;2;7;17;A01
201600038580;2;7;0;0;2;3;10;B01
201600038581;0;7;0;0;0;0;0;A01
201600038582;0;34;0;0;2;7;1;B01
201600038582;0;7;0;0;2;1;9;A01
201600038583;1;33;0;0;1;1;1;A01
201600038584;0;31;0;0;0;7;1;A01
201600038585;2;7;0;0;1;1;0;A01
201600038586;0;7;0;0;1;8;1;A01
201600038587;2;7;0;0;1;3;1;A01
201600038588;2;7;0;0;1;1;1;A01
201600038589;1;7;0;0;1;3;1;A01
201600038590;0;10;0;0;1;8;13;A01
201600038591;0;34;0;0;2;1;1;A01
201600038591;0;7;0;0;2;1;1;B01
201600038592;0;7;0;0;2;2;9;B01
201600038592;0;31;0;0;2;1;17;A01
201600038593;0;7;0;0;2;5;1;A01
201600038593;0;7;0;0;2;1;1;B01
201600038594;2;32;0;0;1;1;1;A01
201600038595;0;7;0;0;1;1;1;A01
201600038596;2;2;0;0;2;2;1;A01
201600038596;2;7;0;0;2;8;9;B01
201600038597;0;7;0;0;1;1;1;A01
201600038598;1;7;0;0;2;4;1;B01
201600038598;1;7;0;0;2;1;1;A01
201600038598;0;7;0;0;2;3;9;C01
201600038599;0;7;0;0;2;5;17;B01
201600038599;0;32;0;0;2;1;1;A01
201600038600;0;1;0;1;0;0;18;A01
201600038600;0;7;0;0;2;5;23;B01
201600038601;0;7;0;0;2;3;1;B01
201600038601;0;7;0;0;2;3;10;A01
201600038602;0;7;0;0;2;6;22;A01
201600038602;0;1;0;0;2;1;1;B01
201600038603;0;32;0;0;1;1;1;A01
201600038604;0;32;0;0;2;1;2;B01
201600038604;0;7;0;0;2;1;15;A01
201600038605;0;14;0;0;1;5;1;A01
201600038606;0;7;0;0;1;1;1;A01
201600038607;0;7;0;0;1;1;15;Z01
201600038608;0;33;0;0;2;1;2;A01
201600038608;0;7;0;0;2;7;20;B01
201600038609;0;30;0;1;0;8;0;A01
201600038609;0;7;0;0;2;8;24;B01
201600038610;0;30;0;0;0;7;1;A01
201600038611;0;7;0;0;2;7;9;A01
201600038611;0;33;0;0;2;3;1;B01
201600038612;0;7;0;0;0;1;10;A01
201600038612;0;32;0;12;0;3;21;B01
201600038613;2;7;0;0;2;8;9;A01
201600038613;2;33;0;0;2;8;1;B01
201600038614;0;7;0;0;1;1;15;Z01
201600038615;0;2;0;0;2;3;17;B01
201600038615;0;7;0;0;2;8;10;A01
201600038616;0;7;0;0;1;1;1;A01
201600038617;0;7;0;0;1;1;1;A01
201600038618;0;7;0;0;1;1;15;A01
201600038619;0;2;0;0;1;0;0;Z01
201600038620;0;7;0;0;2;1;1;A01
201600038620;0;7;0;0;2;1;23;C01
201600038620;0;7;0;14;2;1;1;B01
201600038621;0;30;0;0;0;0;9;B01
201600038621;0;30;0;0;0;0;16;A01
201600038622;0;30;0;0;1;1;1;A01
201600038623;0;34;0;0;2;1;1;A01
201600038623;0;7;0;0;2;8;15;B01
201600038624;0;7;0;0;2;0;0;A01
201600038624;0;30;0;0;2;0;0;B01
201600038625;0;2;0;0;0;0;2;A01
201600038626;2;7;0;0;2;6;15;B01
201600038626;2;37;1;0;2;1;1;A01
201600038627;0;7;0;0;2;9;1;C01
201600038627;0;7;0;0;2;9;1;B01
201600038627;0;7;0;0;2;4;1;A01
201600038627;0;7;0;0;2;1;1;D01
201600038628;0;7;0;0;1;2;1;A01
201600038629;2;33;0;0;1;9;1;A01
201600038630;0;7;0;0;2;3;15;B01
201600038630;0;31;0;0;2;1;17;A01
201600038631;0;33;0;0;1;1;18;A01
201600038632;0;7;0;0;2;8;19;A01
201600038632;0;33;0;0;2;1;2;B01
201600038633;0;7;0;0;1;0;1;Z01
201600038634;0;7;0;0;2;1;0;A01
201600038634;0;7;0;0;2;3;2;B01
201600038635;0;7;0;0;1;1;16;A01
201600038636;0;2;0;0;1;8;0;A01
201600038637;0;10;0;0;1;0;1;A01
201600038638;0;10;0;0;1;8;1;A01
201600038639;0;7;0;0;9;8;22;A01
201600038639;0;1;0;1;0;8;1;B01
201600038640;0;7;0;0;2;3;1;A01
201600038640;0;32;0;0;2;8;17;B01
201600038641;0;2;0;0;2;1;1;A01
201600038641;0;1;0;0;2;1;1;B01
201600038642;0;7;0;0;1;2;0;A01
201600038643;0;10;0;0;1;2;1;A01
201600038644;2;7;0;0;2;2;12;A01
201600038644;2;33;0;9;2;9;1;B01
201600038645;0;10;0;0;1;5;4;A01
201600038646;1;7;0;0;2;2;15;A01
201600038646;2;34;0;0;2;1;1;B01
201600038647;0;7;0;8;0;0;1;A01
201600038648;0;7;0;0;1;1;1;A01
201600038649;0;7;0;0;2;1;1;B01
201600038649;0;7;0;9;2;1;1;A01
201600038650;0;7;0;0;0;4;15;C01
201600038650;0;7;0;0;2;1;15;A01
201600038650;0;37;2;0;2;8;16;B01
201600038651;0;7;0;0;1;1;1;A01
201600038652;0;33;0;0;2;8;1;A01
201600038652;0;7;0;0;2;0;15;B01
201600038653;0;7;0;0;2;2;1;A01
201600038653;0;1;0;0;2;0;1;B01
201600038654;0;2;0;1;0;1;1;A01
201600038654;0;7;0;0;2;7;22;B01
201600038655;0;15;0;0;2;7;16;A01
201600038655;0;7;0;0;2;8;16;B01
201600038656;0;10;0;0;2;1;9;A01
201600038656;0;7;0;0;2;7;1;B01
201600038657;2;31;0;0;2;2;1;B01
201600038657;0;7;0;0;2;3;9;A01
201600038658;0;7;0;0;2;7;16;A01
201600038658;0;31;0;15;2;1;1;B01
201600038659;0;33;0;0;1;2;1;A01
201600038660;0;7;0;0;2;6;23;A01
201600038660;0;7;0;1;2;1;21;B01
201600038660;0;7;0;0;2;1;2;C01
201600038661;0;31;0;1;0;1;1;B01
201600038661;0;7;0;0;2;3;24;A01
201600038662;1;10;0;0;2;1;1;A01
201600038662;1;7;0;0;2;6;23;B01
201600038663;2;7;0;0;2;3;15;B01
201600038663;1;31;0;0;2;2;17;A01
201600038664;0;7;0;0;2;2;15;B01
201600038664;0;33;0;0;2;2;17;A01
201600038665;0;7;0;0;1;2;1;A01
201600038666;0;33;0;0;2;1;1;B01
201600038666;1;7;0;0;2;6;10;A01
201600038667;1;30;0;0;2;8;7;B01
201600038667;1;10;0;0;2;2;16;A01
201600038668;0;30;0;0;2;2;17;A01
201600038668;0;10;0;0;2;6;21;B01
201600038668;0;7;0;0;2;1;1;C01
201600038669;0;31;0;0;0;0;1;A01
201600038670;0;10;0;0;1;1;0;A01
201600038671;0;33;0;0;2;8;1;A01
201600038671;0;7;0;0;2;1;15;B01
201600038672;1;30;0;4;0;0;1;A01
201600038673;0;40;0;0;2;8;1;B01
201600038673;0;7;0;8;4;1;1;A01
201600038674;0;7;0;0;2;0;1;A01
201600038674;0;10;0;0;2;0;1;B01
201600038675;0;33;0;0;1;1;16;A01
201600038676;0;7;0;11;2;9;6;A01
201600038677;0;7;0;0;0;0;23;B01
201600038677;0;7;0;0;1;1;2;Z01
201600038678;0;32;0;0;0;0;0;A01
201600038679;0;7;0;0;2;3;10;A01
201600038679;0;31;0;0;2;1;1;B01
201600038680;0;10;0;0;2;6;4;A01
201600038680;0;33;0;0;2;1;1;B01
201600038681;0;2;0;0;0;0;2;B01
201600038681;0;7;0;0;0;0;15;A01
201600038682;0;7;0;1;0;1;0;A01
201600038683;0;7;0;0;2;1;15;A01
201600038683;0;1;0;0;2;0;1;B01
201600038684;2;1;0;0;2;0;5;B01
201600038684;1;7;0;0;2;2;1;A01
201600038685;1;7;0;0;2;1;2;A01
201600038685;1;31;0;0;2;4;23;B01
201600038686;0;7;0;0;1;4;4;A01
201600038687;0;30;0;0;1;0;1;Z01
201600038688;0;7;0;0;2;3;1;B01
201600038688;0;33;0;0;2;3;1;A01
201600038689;1;7;0;0;1;1;1;A01
201600038690;0;99;0;0;2;1;10;Z01
201600038690;0;31;0;0;2;7;1;B01
201600038691;0;31;0;0;2;1;7;A01
201600038691;0;37;10;0;2;0;1;B01
201600038692;0;33;0;0;2;1;15;B01
201600038692;0;7;0;0;2;6;15;A01
201600038693;0;7;0;0;1;2;1;A01
201600038694;0;33;0;0;2;1;1;A01
201600038694;0;7;0;0;2;4;11;B01
201600038695;0;33;0;0;2;1;0;A01
201600038695;0;7;0;0;2;5;1;B01
201600038696;0;33;0;0;1;7;17;A01
201600038697;0;7;0;0;2;8;24;A01
201600038697;0;7;0;1;0;7;1;B01
201600038698;0;7;0;0;1;1;0;A01
201600038699;0;7;0;0;2;3;1;B01
201600038699;0;7;0;0;2;8;15;A01
201600038700;0;30;0;0;0;7;16;A01
201600038701;0;7;0;0;1;1;15;A01