Num_Acc;senc;catv;occutc;obs;obsm;choc;manv;num_veh
201600038702;0;2;0;1;0;1;1;A01
201600038703;0;34;0;0;2;1;1;A01
201600038703;0;7;0;0;2;4;1;B01
201600038704;0;7;0;0;1;5;1;A01
201600038705;0;7;0;0;2;1;15;A01
201600038705;0;30;0;0;0;0;1;B01
201600038706;0;1;0;0;2;8;1;B01
201600038706;0;10;0;0;2;7;17;A01
201600038707;0;7;0;0;2;8;15;A01
201600038707;0;31;0;0;2;5;15;B01
201600038708;0;10;0;0;1;1;1;Z01
201600038709;0;7;0;0;2;7;1;A01
201600038709;0;1;0;0;2;8;9;B01
201600038710;0;1;0;1;0;1;17;B01
201600038710;0;7;0;0;2;3;24;A01
201600038711;0;30;0;0;2;9;1;B01
201600038711;0;7;0;0;2;0;16;Z01
201600038712;0;33;0;0;2;1;17;A01
201600038712;0;7;0;0;2;1;1;B01
201600038713;0;32;0;0;2;1;17;B01
201600038713;0;7;0;0;2;1;15;A01
201600038714;0;30;0;0;2;1;17;A01
201600038714;0;7;0;0;2;3;15;B01
201600038715;0;7;0;0;2;6;15;A01
201600038715;0;7;0;0;2;3;1;B01
201600038716;0;31;0;0;2;1;1;A01
201600038716;0;3;0;0;2;3;15;B01
201600038717;0;7;0;0;1;1;15;A01
201600038718;1;7;0;0;1;6;4;A01
201600038719;2;7;0;0;2;4;2;B01
201600038719;2;7;0;0;2;1;2;A01
201600038720;0;30;0;0;0;0;1;A01
201600038721;0;7;0;0;1;1;15;A01
201600038722;0;1;0;0;2;1;1;B01
201600038722;0;7;0;0;2;2;1;A01
201600038723;1;7;0;0;1;3;1;A01
201600038724;2;10;0;0;2;3;11;Z01
201600038724;2;31;0;0;2;1;1;B01
201600038725;0;7;0;0;1;0;16;Z01
201600038726;0;10;0;0;2;7;16;A01
201600038726;0;2;0;0;2;3;1;B01
201600038727;0;31;0;0;2;1;1;B01
201600038727;0;7;0;0;2;3;15;A01
201600038728;0;2;0;0;2;0;1;B01
201600038728;0;7;0;0;2;0;1;Z01
201600038729;0;2;0;1;0;8;1;A01
201600038729;0;10;0;0;2;8;22;B01
201600038730;2;33;0;0;2;1;1;B01
201600038730;2;7;0;0;2;2;12;A01
201600038731;0;31;0;0;2;1;5;A01
201600038731;0;7;0;0;2;2;19;B01
201600038732;1;7;0;0;2;3;12;A01
201600038732;1;7;0;0;2;9;7;B01
201600038733;0;7;0;0;2;3;15;A01
201600038733;0;33;0;0;2;1;1;B01
201600038734;0;32;0;0;2;4;20;B01
201600038734;0;10;0;0;2;1;1;A01
201600038735;0;1;0;0;2;8;1;B01
201600038735;0;7;0;0;9;2;22;A01
201600038736;0;31;0;0;2;1;0;B01
201600038736;0;10;0;0;2;3;13;A01
201600038737;0;7;0;0;2;2;15;A01
201600038737;0;31;0;0;2;1;1;B01
201600038738;0;7;0;0;2;2;15;A01
201600038738;0;31;0;0;2;1;1;B01
201600038739;0;7;0;0;2;1;16;A01
201600038739;0;1;0;0;2;1;23;B01
201600038740;0;30;0;0;0;0;1;A01
201600038741;0;1;0;0;1;1;1;A01
201600038742;0;7;0;0;2;2;15;A01
201600038742;0;30;0;0;2;1;18;B01
201600038743;0;7;0;1;0;9;0;A01
201600038744;0;2;0;0;2;1;1;A01
201600038744;0;7;0;0;2;3;1;B01
201600038745;0;10;0;0;2;2;15;A01
201600038745;0;32;0;0;2;1;2;B01
201600038746;2;7;0;0;2;3;11;A01
201600038746;2;32;0;0;2;7;1;B01
201600038747;0;33;0;0;2;2;1;A01
201600038747;0;2;0;0;2;7;1;B01
201600038748;0;7;0;0;2;2;16;B01
201600038748;0;30;0;0;2;8;1;A01
201600038749;0;7;0;14;2;7;1;A01
201600038750;0;30;0;0;1;1;1;A01
201600038751;0;2;0;0;2;1;2;A01
201600038751;0;7;0;0;2;5;1;B01
201600038752;0;7;0;0;1;3;1;A01
201600038753;1;32;0;0;2;4;18;A01
201600038753;1;10;0;0;2;2;16;B01
201600038754;0;7;0;0;2;0;15;A01
201600038754;0;33;0;0;2;0;1;B01
201600038755;0;7;0;0;2;7;15;A01
201600038755;0;33;0;0;2;8;1;B01
201600038756;0;7;0;0;2;3;1;B01
201600038756;0;7;0;0;2;2;1;A01
201600038757;0;2;0;0;1;8;17;A01
201600038758;0;30;0;0;1;1;2;A01
201600038759;0;33;0;0;2;0;1;B01
201600038759;0;7;0;0;0;0;10;A01
201600038760;0;7;0;0;2;1;15;A01
201600038760;0;7;0;0;2;1;1;B01
201600038761;0;7;0;0;1;0;0;Z01
201600038762;0;7;0;0;2;3;2;A01
201600038762;0;30;0;0;2;6;2;B01
201600038763;0;7;0;0;2;7;16;A01
201600038763;1;32;0;0;2;1;0;B01
201600038764;0;30;0;0;2;1;2;B01
201600038764;0;7;0;0;2;4;1;A01
201600038765;0;33;0;12;1;2;2;A01
201600038766;0;33;0;0;2;1;17;B01
201600038766;0;7;0;0;2;3;15;A01
201600038767;0;7;0;0;1;2;2;A01
201600038768;0;7;0;0;2;1;2;A01
201600038768;0;7;0;0;2;4;20;B01
201600038769;0;32;0;0;1;0;1;A01
201600038770;0;34;0;0;2;2;2;B01
201600038770;0;10;0;0;2;8;17;A01
201600038771;2;7;0;2;0;5;1;A01
201600038772;2;7;0;0;1;6;4;A01
201600038773;0;10;0;0;2;1;1;A01
201600038773;0;7;0;0;2;4;23;B01
201600038774;0;33;0;0;1;1;0;A01
201600038775;0;7;0;0;1;2;16;A01
201600038776;0;37;2;0;2;4;23;B01
201600038776;0;14;0;0;2;1;1;A01
201600038777;2;7;0;0;1;1;1;A01
201600038778;0;37;0;0;2;4;2;B01
201600038778;0;33;0;0;2;1;2;A01
201600038779;0;7;0;0;2;8;0;B01
201600038779;0;30;0;0;2;1;0;A01
201600038780;0;7;0;0;2;4;2;B01
201600038780;0;7;0;0;2;4;2;C01
201600038780;0;7;0;0;2;1;2;A01
201600038781;0;7;0;0;1;1;1;A01
201600038782;0;33;0;0;0;0;0;B01
201600038782;0;3;0;0;0;0;0;Z01
201600038783;0;7;0;0;2;1;19;B01
201600038783;0;7;0;0;2;3;19;A01
201600038784;0;7;0;0;1;2;16;A01
201600038785;0;30;0;0;2;8;1;A01
201600038785;0;7;0;0;0;0;1;Z01
201600038786;0;7;0;15;2;5;2;A01
201600038786;0;7;0;0;2;3;2;B01
201600038787;0;30;0;0;2;1;1;Z01
201600038787;0;7;0;0;2;2;15;A01
201600038788;0;7;0;0;2;1;1;Z01
201600038788;0;7;0;1;2;4;1;B01
201600038789;0;7;0;0;1;1;1;A01
201600038790;0;10;0;1;0;2;1;A01
201600038791;0;7;0;0;2;8;24;B01
201600038791;1;7;0;1;2;5;4;A01
201600038792;0;7;0;0;1;3;2;A01
201600038793;0;7;0;0;2;1;1;B01
201600038793;0;30;0;0;2;1;5;A01
201600038794;0;30;0;0;9;7;16;A01
201600038795;0;7;0;12;0;3;16;A01
201600038796;0;7;0;0;2;3;15;A01
201600038796;0;33;0;0;2;7;2;B01
201600038797;0;7;0;0;1;7;1;A01
201600038798;0;33;0;0;2;1;15;A01
201600038798;0;7;0;0;2;2;2;B01
201600038799;0;7;0;0;1;1;16;A01
201600038800;0;30;0;0;2;8;15;A01
201600038800;0;33;0;0;2;1;1;B01
201600038801;0;7;0;1;0;9;1;A01
201600038802;0;33;0;1;0;2;1;A01
201600038803;0;15;0;0;1;4;4;A01
201600038804;0;7;0;0;2;1;15;A01
201600038804;0;1;0;0;2;1;15;B01
201600038805;0;7;0;0;2;1;2;A01
201600038805;0;7;0;0;2;4;2;B01
201600038806;0;33;0;0;2;1;18;A01
201600038806;0;7;0;0;2;7;23;B01
201600038807;0;7;0;8;2;1;13;A01
201600038807;0;37;3;0;2;2;1;B01
201600038808;0;30;0;0;1;1;0;Z01
201600038809;0;32;0;0;1;7;0;Z01
201600038810;0;30;0;0;0;0;1;A01
201600038811;0;7;0;0;2;5;4;A01
201600038811;0;30;0;0;2;8;1;B01
201600038812;0;7;0;0;1;1;15;A01
201600038813;0;7;0;6;0;1;16;A01
201600038814;0;7;0;0;2;5;10;A01
201600038814;0;33;0;0;2;3;1;B01
201600038815;0;31;0;0;1;1;1;A01
201600038816;0;7;0;0;1;3;1;A01
201600038817;0;7;0;0;1;1;1;A01
201600038818;0;7;0;0;2;1;1;A01
201600038818;0;7;0;0;2;2;15;B01
201600038819;0;30;0;0;2;1;1;A01
201600038819;0;7;0;0;2;5;1;B01
201600038820;0;7;0;0;1;1;1;A01
201600038821;0;31;0;0;1;1;1;A01
201600038822;0;7;0;0;1;2;1;A01
201600038823;0;7;0;0;1;7;1;A01
201600038824;0;7;0;0;2;1;2;A01
201600038824;0;7;0;0;2;4;2;B01
201600038825;0;10;0;0;1;4;4;Z01
201600038826;0;31;0;0;2;7;17;A01
201600038826;0;7;0;0;2;3;15;B01
201600038827;0;7;0;0;2;3;1;A01
201600038828;0;33;0;0;2;1;1;A01
201600038828;0;7;0;0;2;7;15;B01
201600038829;0;33;0;0;2;8;13;A01
201600038829;0;7;0;0;0;0;0;Z01
201600038830;0;7;0;0;2;1;1;A01
201600038830;0;7;0;0;2;6;1;B01
201600038831;1;2;0;0;0;0;13;B01
201600038831;1;7;0;0;2;3;20;A01
201600038832;0;7;0;0;1;0;0;Z01
201600038833;0;30;0;0;2;2;0;B01
201600038833;0;7;0;0;2;6;0;A01
201600038834;0;99;0;0;0;0;0;A01
201600038835;0;7;0;0;2;8;0;B01
201600038835;0;7;0;0;2;3;0;C01
201600038835;0;7;0;0;2;1;0;A01
201600038836;0;7;0;0;1;1;0;A01
201600038837;0;7;0;0;1;1;0;A01
201600038838;0;33;0;0;0;7;17;B01
201600038838;0;7;0;0;2;8;1;A01
201600038839;0;7;0;0;2;2;1;C01
201600038839;0;31;0;0;2;8;1;A01
201600038839;0;32;0;0;2;1;1;B01
201600038840;0;7;0;0;2;8;1;B01
201600038840;0;30;0;0;2;0;1;A01
201600038841;0;7;0;0;2;1;1;B01
201600038841;0;7;0;0;2;8;1;A01
201600038842;0;7;0;6;0;9;17;A01
201600038843;0;30;0;0;1;1;1;A01
201600038844;0;33;0;0;2;4;15;B01
201600038844;0;7;0;0;2;1;0;Z01
201600038845;0;7;0;0;2;7;10;A01
201600038845;0;33;0;0;2;1;1;B01
201600038846;0;2;0;0;2;1;1;A01
201600038846;0;7;0;0;2;7;1;B01
201600038847;0;7;0;0;2;6;15;A01
201600038847;0;2;0;0;2;1;17;B01
201600038848;0;7;0;0;2;3;15;A01
201600038848;0;7;0;0;2;2;1;B01
201600038849;0;7;0;0;2;3;1;B01
201600038849;0;7;0;0;2;2;9;A01
201600038850;0;7;0;0;2;3;16;A01
201600038850;0;1;0;0;2;1;1;B01
201600038851;0;7;0;0;2;6;1;B01
201600038851;0;99;0;0;2;1;0;Z01
201600038852;0;7;0;0;0;0;5;A01
201600038852;0;33;0;0;0;0;21;B01
201600038853;0;7;0;0;1;4;4;Z01
201600038854;0;7;0;0;2;7;9;B01
201600038854;0;7;0;0;2;1;1;A01
201600038855;0;30;0;12;0;3;1;A01
201600038856;0;7;0;0;1;1;0;A01
201600038857;0;30;0;0;2;0;0;Z01
201600038857;0;30;0;0;0;1;0;A01
201600038858;0;7;0;0;2;1;0;A01
201600038858;0;33;0;0;2;0;0;B01
201600038859;0;7;0;0;2;1;0;A01
201600038859;0;30;0;0;0;3;0;B01
201600038860;0;37;1;0;1;7;1;A01
201600038861;0;30;0;0;1;1;0;A01
201600038862;0;31;0;0;9;1;0;A01
201600038863;2;7;0;0;2;1;1;A01
201600038864;0;7;0;0;2;5;16;A01
201600038864;0;2;0;0;2;1;1;B01
201600038865;0;7;0;0;2;2;1;A01
201600038865;0;2;0;0;2;1;1;B01
201600038866;0;7;0;0;0;0;0;A01
201600038867;2;7;0;0;1;1;1;A01
201600038868;0;7;0;0;2;1;15;A01
201600038868;0;33;0;0;2;1;1;B01
201600038869;0;7;0;0;2;1;0;A01
201600038869;0;7;0;0;0;3;0;B01
201600038870;0;7;0;0;1;1;0;A01
201600038871;0;2;0;0;0;0;0;A01
201600038871;0;7;0;0;2;7;0;B01
201600038872;0;30;0;0;9;8;0;A01
201600038873;0;30;0;0;2;1;0;A01
201600038873;0;7;0;0;2;4;0;B01
201600038874;0;7;0;0;1;0;0;Z01
201600038875;0;30;0;1;0;1;1;A01
201600038876;0;7;0;0;2;1;2;A01
201600038876;0;7;0;0;2;4;2;C01
201600038876;0;7;0;0;2;4;2;B01
201600038877;0;7;0;0;2;2;16;A01
201600038878;0;7;0;0;2;2;0;A01
201600038878;0;30;0;0;2;3;0;B01
201600038879;0;1;0;0;9;1;0;A01
201600038880;0;33;0;0;0;1;0;B01
201600038880;0;7;0;0;2;7;0;A01
201600038881;0;30;0;0;0;8;0;B01
201600038881;0;7;0;0;9;1;0;A01
201600038882;0;7;0;0;1;2;0;A01
201600038883;0;7;0;0;0;3;15;A01
201600038883;0;30;0;0;0;7;0;B01
201600038884;0;33;0;0;0;0;0;A01
201600038885;0;37;1;0;2;5;0;B01
201600038885;0;7;0;0;0;3;0;A01
201600038886;0;13;0;0;0;7;0;B01
201600038886;0;32;0;0;2;2;0;A01
201600038887;0;7;0;1;2;3;10;A01
201600038887;0;7;0;0;2;2;1;B01
201600038888;0;7;0;0;0;4;0;B01
201600038888;0;7;0;0;0;1;0;A01
201600038889;1;7;0;0;2;5;1;A01
201600038889;0;7;0;0;2;3;1;B01
201600038890;0;7;0;0;1;1;0;A01
201600038891;0;7;0;0;2;4;0;B01
201600038891;0;7;0;0;2;4;0;C01
201600038891;0;7;0;0;2;1;0;A01
201600038892;0;7;0;8;0;1;1;A01
201600038893;0;1;0;0;0;1;0;B01
201600038893;0;7;0;0;2;1;0;A01
201600038894;0;30;0;0;5;1;21;B01
201600038895;0;13;0;0;2;3;2;A01
201600038895;0;34;0;0;2;4;10;B01
201600038896;0;7;0;0;2;2;0;A01
201600038896;0;33;0;1;2;1;1;B01
201600038897;0;1;0;0;0;0;0;B01
201600038897;0;7;0;0;2;0;0;A01
201600038898;0;7;0;0;2;1;0;A01
201600038898;0;7;0;0;0;3;0;B01
201600038899;0;7;0;0;0;0;0;A01
201600038900;0;7;0;0;1;1;0;A01
201600038901;0;1;0;0;2;1;1;B01
201600038901;0;7;0;0;2;1;15;A01
201600038902;0;7;0;0;1;1;1;A01
201600038903;0;1;0;0;0;0;0;B01
201600038903;0;7;0;0;9;0;0;A01
201600038904;0;7;0;0;2;4;1;C01
201600038904;0;7;0;0;2;2;5;A01
201600038904;0;7;0;0;2;9;15;B01
201600038905;0;7;0;0;0;0;4;A01
201600038905;0;33;0;0;0;0;21;B01
201600038906;0;7;0;0;1;1;1;A01
201600038907;0;7;0;0;1;8;1;A01
201600038908;0;7;0;6;0;1;1;A01
201600038909;0;7;0;0;0;0;0;B01
201600038909;0;30;0;0;2;1;0;A01
201600038910;0;7;0;0;2;0;0;A01
201600038910;0;7;0;0;0;0;0;B01
201600038911;0;7;0;0;1;2;1;A01
201600038912;0;1;0;0;0;0;0;B01
201600038912;0;7;0;0;0;0;0;A01
201600038913;0;7;0;0;2;3;0;A01
201600038913;0;30;0;0;2;7;0;B01
201600038914;0;7;0;9;2;4;0;A01
201600038914;0;10;0;0;2;1;0;B01
201600038915;0;7;0;0;2;3;0;B01
201600038915;0;7;0;0;2;2;0;A01
201600038916;0;7;0;0;2;3;15;A01
201600038916;0;31;0;0;2;1;1;B01
201600038917;0;14;0;0;2;0;1;C01
201600038917;0;31;0;0;2;7;3;A01
201600038917;0;10;0;0;2;5;1;B01
201600038918;0;10;0;0;2;4;4;A01
201600038918;0;2;0;0;2;1;0;B01
201600038919;0;31;0;0;2;1;1;B01
201600038919;0;7;0;0;2;1;15;A01
201600038920;0;7;0;0;2;5;17;A01
201600038920;0;32;0;0;2;8;1;B01
201600038921;0;32;0;0;2;1;1;B01
201600038921;0;7;0;0;2;8;10;A01
201600038922;0;31;0;0;0;0;0;A01
201600038923;0;33;0;0;2;1;0;B01
201600038923;0;10;0;0;2;1;0;A01
201600038924;0;7;0;0;1;1;0;A01
201600038925;0;7;0;0;1;1;0;A01
201600038926;0;34;0;0;2;1;17;A01
201600038926;0;7;0;0;2;3;15;B01
201600038927;0;7;0;0;2;3;1;B01
201600038927;0;7;0;0;2;3;15;A01
201600038928;0;2;0;0;2;2;17;A01
201600038928;0;7;0;0;2;3;2;B01
201600038929;0;10;0;0;1;4;4;A01
201600038930;0;7;0;0;1;1;2;A01
201600038931;0;7;0;0;1;4;4;A01
201600038932;1;33;0;0;2;2;1;B01
201600038932;1;10;0;0;2;3;13;A01
201600038933;0;99;0;0;0;1;2;A01
201600038933;0;7;0;0;0;5;0;B01
201600038934;0;10;0;0;1;0;1;A01
201600038935;0;7;0;1;0;2;1;A01
201600038936;0;2;0;0;1;1;1;A01
201600038937;0;2;0;8;2;3;0;A01
201600038937;0;10;0;0;2;5;0;B01
201600038938;0;7;0;0;2;3;15;A01
201600038938;0;2;0;0;2;1;0;B01
201600038939;0;7;0;0;2;1;2;B01
201600038939;0;33;0;0;2;4;2;A01
201600038940;0;7;0;0;2;7;0;B01
201600038940;0;7;0;8;2;8;15;A01
201600038941;0;7;0;0;1;1;15;A01
201600038942;0;7;0;14;2;7;0;B01
201600038942;0;7;0;0;2;8;0;A01
201600038943;0;31;0;0;1;1;0;A01
201600038944;0;2;0;0;2;1;0;B01
201600038944;0;7;0;0;2;2;15;A01
201600038945;0;7;0;0;1;1;0;A01
201600038946;0;7;0;0;1;1;0;A01
201600038947;1;7;0;0;2;4;1;B01
201600038947;1;7;0;14;2;9;1;A01
201600038948;0;34;0;0;1;3;0;A01
201600038949;0;7;0;0;2;3;0;B01
201600038949;0;33;0;0;2;1;0;A01
201600038950;0;7;0;0;1;1;0;A01
201600038951;0;31;0;0;2;2;1;B01
201600038951;0;7;0;0;2;1;9;A01
201600038952;0;7;0;0;1;3;15;A01
201600038953;0;7;0;8;2;1;0;B01
201600038953;0;7;0;0;2;3;15;A01
201600038954;0;7;0;0;2;4;2;B01
201600038954;0;10;0;0;2;1;2;A01
201600038954;0;7;0;0;0;4;2;C01
201600038955;0;7;0;14;2;3;15;A01
201600038955;0;34;0;0;2;1;0;B01
201600038956;0;7;0;0;1;2;23;A01
201600038957;0;7;0;1;0;1;1;A01
201600038958;0;32;0;0;2;4;11;A01
201600038958;0;33;0;0;2;1;0;B01
201600038959;0;31;0;0;2;4;11;A01
201600038959;0;33;0;0;2;1;3;B01
201600038960;0;33;0;0;2;1;0;B01
201600038960;0;7;0;0;2;3;0;A01
201600038961;0;7;0;0;1;1;0;A01
201600038962;0;7;0;0;2;5;12;A01
201600038962;0;30;0;0;2;1;1;B01
201600038963;0;7;0;0;1;2;1;A01
201600038964;0;7;0;0;2;3;1;B01
201600038964;0;7;0;0;2;1;15;A01
201600038965;0;7;0;0;2;7;2;B01
201600038965;0;1;0;0;2;3;2;A01
201600038966;0;30;0;0;2;1;1;A01
201600038966;0;7;0;0;2;3;1;B01
201600038967;0;32;0;0;2;1;2;A01
201600038967;0;7;0;0;2;6;23;C01
201600038967;0;10;0;0;2;5;23;B01
201600038968;0;7;0;0;2;4;2;B01
201600038968;0;7;0;0;2;1;2;A01
201600038969;0;2;0;0;2;1;0;A01
201600038969;0;7;0;0;2;7;0;B01
201600038970;0;1;0;0;2;1;2;A01
201600038970;0;7;0;0;9;4;2;B01
201600038971;0;32;0;0;2;1;2;A01
201600038971;0;7;0;0;2;4;2;B01
201600038972;0;99;0;0;9;7;22;A01
201600038972;0;1;0;0;2;1;0;B01
201600038973;0;31;0;0;2;1;18;A01
201600038973;0;7;0;0;2;2;16;B01
201600038974;0;7;0;0;1;4;1;A01
201600038975;0;7;0;0;2;1;17;A01
201600038975;0;7;0;0;2;4;2;B01
201600038975;0;1;0;0;2;4;2;Y01
201600038976;0;10;0;0;1;7;0;A01
201600038977;0;10;0;0;2;3;0;A01
201600038977;0;33;0;9;2;1;0;B01
201600038978;0;7;0;0;1;1;0;A01
201600038979;0;7;0;1;0;0;0;A01
201600038980;0;1;0;0;2;4;1;B01
201600038980;0;7;0;0;2;2;17;A01
201600038981;0;1;0;1;0;1;0;B01
201600038981;0;7;0;0;9;8;22;A01
201600038982;0;34;0;0;2;8;3;B01
201600038982;0;7;0;0;2;7;12;A01
201600038983;0;10;0;0;2;3;1;A01
201600038983;0;33;0;0;2;2;3;B01
201600038984;0;7;0;0;2;4;2;B01
201600038984;0;31;0;0;2;1;2;A01
201600038985;0;7;0;0;1;1;16;A01
201600038986;0;34;0;0;2;1;0;B01
201600038986;0;7;0;1;2;1;0;A01
201600038987;0;7;0;0;2;3;0;A01
201600038987;0;30;0;0;2;2;0;B01
201600038988;0;33;0;6;0;1;0;A01
201600038989;0;7;0;0;1;2;0;A01
201600038990;0;7;0;0;2;1;2;A01
201600038990;0;37;5;0;2;4;23;B01
201600038991;0;32;0;0;2;1;17;A01
201600038991;0;10;0;0;2;8;15;B01
201600038992;0;2;0;0;2;1;0;A01
201600038992;0;7;0;0;2;7;0;B01
201600038993;0;33;0;0;2;1;0;A01
201600038993;0;7;0;0;2;4;0;B01
201600038994;0;31;0;0;2;1;1;B01
201600038994;0;7;0;0;2;7;9;A01
201600038995;0;7;0;0;2;1;0;A01
201600038995;0;7;0;0;2;1;0;B01
201600038996;0;7;0;0;1;1;0;A01
201600038997;0;33;0;0;1;1;0;A01
201600038998;0;7;0;9;0;2;0;A01
201600038999;0;2;0;0;2;7;15;A01
201600038999;0;7;0;0;2;3;20;B01
201600039000;0;7;0;0;1;3;1;A01
201600039001;0;7;0;0;1;3;1;A01
201600039002;0;7;0;0;2;4;1;B01
201600039002;0;30;0;0;2;1;2;A01
201600039003;0;7;0;0;2;2;16;B01
201600039003;0;30;0;0;2;2;2;A01
201600039004;0;7;0;0;2;3;9;B01
201600039004;0;33;0;0;2;7;1;A01
201600039005;0;34;0;0;2;8;13;B01
201600039005;0;14;0;0;2;2;1;A01
201600039006;0;30;0;0;2;9;0;A01
201600039006;0;14;0;0;2;1;0;B01
201600039007;0;14;0;0;2;1;2;A01
201600039007;0;7;0;0;2;4;2;B01
201600039007;0;7;0;0;2;7;1;C01
201600039008;0;7;0;0;1;0;1;A01
201600039009;0;7;0;0;2;1;1;A01
201600039009;0;7;0;0;0;4;1;B01
201600039010;0;7;0;0;2;1;2;A01
201600039010;0;7;0;0;2;1;2;B01
201600039010;0;10;0;0;2;4;2;C01
201600039011;0;30;0;0;2;0;21;A01
201600039012;0;34;0;0;1;1;1;A01
201600039013;0;1;0;1;0;0;1;B01
201600039013;0;7;0;0;2;8;1;A01
201600039013;0;7;0;0;2;2;2;C01
201600039014;0;7;0;0;2;1;2;A01
201600039014;0;7;0;0;2;4;2;B01
201600039015;0;32;0;0;1;1;1;A01
201600039016;0;7;0;0;2;2;15;A01
201600039016;0;33;0;0;2;8;1;B01
201600039017;0;37;1;0;2;1;2;A01
201600039017;0;7;0;0;2;4;2;B01
201600039018;0;7;0;0;1;1;0;A01
201600039019;0;33;0;0;2;8;18;A01
201600039019;0;33;0;0;2;7;16;B01
201600039020;0;7;0;0;1;3;1;A01
201600039021;0;7;0;0;1;0;0;A01
201600039022;0;7;0;0;2;3;9;A01
201600039022;0;16;0;0;2;1;1;B01
201600039023;0;33;0;0;2;1;2;A01
201600039023;0;7;0;0;2;3;23;B01
201600039024;0;10;0;0;2;2;1;A01
201600039024;0;37;2;0;2;3;1;B01
201600039025;0;7;0;0;1;2;17;Z01
201600039026;0;2;0;1;0;4;0;A01
201600039026;0;7;0;0;2;4;23;B01
201600039027;0;7;0;0;1;1;0;A01
201600039028;1;7;0;0;1;3;0;A01
201600039029;0;30;0;0;2;1;23;A01
201600039029;0;7;0;0;0;4;23;B01
201600039030;2;7;0;0;2;2;16;A01
201600039030;2;34;0;0;2;1;2;B01
201600039031;0;10;0;0;1;1;0;A01
201600039032;0;33;0;0;2;8;0;B01
201600039032;0;30;0;0;2;2;0;A01
201600039033;0;7;0;0;2;3;0;A01
201600039033;0;34;0;0;2;1;0;B01
201600039034;0;7;0;1;0;1;0;A01
201600039035;0;7;0;0;1;1;1;A01
201600039036;0;37;1;0;2;4;0;B01
201600039036;0;10;0;0;2;1;0;A01
201600039037;0;7;0;0;2;9;1;B01
201600039037;0;7;0;0;2;7;16;A01
201600039038;0;7;0;0;2;1;15;A01
201600039038;0;7;0;0;2;9;1;B01
201600039039;0;7;0;0;2;3;9;A01
201600039039;0;7;0;0;2;2;1;B01
201600039040;0;7;0;0;2;4;1;C01
201600039040;0;7;0;0;2;1;1;B01
201600039040;0;7;0;0;2;4;1;A01
201600039041;0;31;0;0;2;1;1;A01
201600039041;0;7;0;0;2;7;9;B01
201600039042;0;33;0;0;2;1;1;B01
201600039042;0;7;0;0;2;1;1;A01
201600039042;0;7;0;0;2;4;1;C01
201600039043;0;7;0;0;1;1;1;A01
201600039044;0;30;0;16;0;7;1;A01
201600039045;0;10;0;0;2;7;1;B01
201600039045;0;7;0;0;2;1;9;A01
201600039046;0;7;0;0;1;0;0;Z01
201600039047;0;33;0;0;2;4;15;B01
201600039047;0;7;0;0;2;1;1;A01
201600039048;0;33;0;0;9;2;1;A01
201600039049;0;7;0;0;2;1;2;A01
201600039049;0;7;0;0;2;4;2;C01
201600039049;0;7;0;0;2;4;2;B01
201600039050;0;7;0;9;0;1;11;A01
201600039051;0;2;0;9;0;1;1;A01
201600039052;0;34;0;0;2;1;21;B01
201600039052;0;7;0;0;2;8;23;A01
201600039053;0;7;0;0;2;3;16;B01
201600039053;0;33;0;0;2;3;1;A01
201600039054;0;7;0;1;0;1;1;A01
201600039055;0;7;0;0;2;3;19;A01
201600039055;0;33;0;0;2;1;1;B01
201600039056;0;33;0;0;2;1;1;B01
201600039056;0;7;0;0;2;3;10;A01
201600039057;0;7;0;0;2;3;1;A01
201600039057;0;2;0;0;2;9;15;B01
201600039058;0;10;0;0;1;4;4;A01
201600039059;0;7;0;0;2;8;1;A01
201600039059;0;33;0;0;2;8;1;B01
201600039060;0;2;0;0;2;9;1;A01
201600039060;0;7;0;0;2;2;0;B01
201600039061;0;7;0;0;1;7;17;A01
201600039062;0;2;0;0;2;7;21;A01
201600039062;0;2;0;0;2;1;1;B01
201600039062;0;7;0;0;2;1;1;C01
201600039063;0;7;0;0;2;1;1;A01
201600039064;0;2;0;0;2;7;21;B01
201600039064;0;7;0;0;2;1;1;A01
201600039065;0;7;0;0;1;4;4;A01
201600039066;0;7;0;1;0;9;1;A01
201600039067;0;7;0;0;0;0;16;B01
201600039067;0;2;0;0;0;7;1;A01
201600039068;0;33;0;0;2;1;0;A01
201600039068;0;7;0;0;2;4;0;B01
201600039069;0;99;0;0;2;4;4;A01
201600039069;0;7;0;0;2;8;0;B01
201600039069;0;99;0;0;2;1;1;C01
201600039070;0;7;0;0;1;1;0;A01
201600039071;0;33;0;0;2;1;1;B01
201600039071;0;7;0;0;2;4;15;Z01
201600039072;0;7;0;0;2;4;16;B01
201600039072;0;2;0;0;2;7;1;A01
201600039073;0;7;0;0;1;1;1;A01
201600039074;2;10;0;0;2;4;1;B02
201600039074;2;7;0;12;2;9;6;A01
201600039075;2;7;0;0;2;4;23;B02
201600039075;2;2;0;0;2;1;2;A01
201600039076;2;7;0;0;2;7;16;A01
201600039076;2;2;0;0;2;9;1;A02
201600039077;1;7;0;12;0;4;1;A01
201600039078;2;30;0;0;2;4;1;B02
201600039078;2;7;0;0;2;1;2;A01
201600039079;0;7;0;0;2;4;0;C01
201600039079;0;7;0;0;2;4;0;B01
201600039079;0;7;0;0;2;1;0;A01
201600039080;0;33;0;0;0;8;23;A01
201600039081;0;7;0;0;2;4;0;B01
201600039081;0;99;0;0;2;1;0;A01