Num_Acc;senc;catv;occutc;obs;obsm;choc;manv;num_veh
201600039082;0;20;0;0;1;1;0;A01
201600039083;1;7;0;0;2;4;1;B02
201600039083;1;7;0;0;2;1;2;A01
201600039084;0;7;0;0;0;1;0;A01
201600039085;0;7;0;0;2;4;1;B01
201600039085;1;7;0;0;2;1;1;A01
201600039086;0;7;0;0;0;1;2;A01
201600039086;0;2;0;0;0;0;0;B01
201600039087;0;7;0;0;2;1;1;A01
201600039087;0;7;0;0;2;4;1;B01
201600039088;0;34;0;0;0;8;21;A01
201600039089;0;7;0;0;1;4;4;A01
201600039090;2;7;0;0;2;6;1;C02
201600039090;2;30;0;0;2;1;12;A01
201600039091;0;13;0;0;0;3;1;B01
201600039091;0;7;0;0;0;2;1;A01
201600039092;0;7;0;0;1;2;0;A01
201600039093;0;7;0;0;2;1;0;A01
201600039093;0;7;0;0;2;4;0;B01
201600039094;2;1;0;0;2;1;1;A01
201600039094;0;7;0;0;2;8;1;B01
201600039095;1;33;0;7;2;1;1;A01
201600039095;1;7;0;0;2;3;11;B01
201600039096;2;33;0;0;0;7;1;A01
201600039097;1;33;0;0;0;8;1;A01
201600039098;0;7;0;0;1;7;1;A01
201600039099;2;1;0;1;0;1;1;B01
201600039099;2;7;0;0;2;8;22;A01
201600039100;1;7;0;0;2;2;15;B01
201600039100;2;32;0;0;2;1;1;A01
201600039101;2;1;0;0;2;4;23;B01
201600039101;2;7;0;0;2;1;1;A01
201600039102;1;30;0;0;1;7;20;A01
201600039103;1;7;0;0;2;1;2;A01
201600039103;1;7;0;0;2;4;2;C01
201600039103;1;10;0;0;2;4;2;B01
201600039104;1;30;0;0;2;8;2;B01
201600039104;1;7;0;0;2;7;17;A01
201600039105;2;14;0;15;2;1;2;A01
201600039105;2;7;0;0;2;4;2;B01
201600039106;2;30;0;0;2;8;1;A01
201600039106;1;38;2;0;2;8;1;B01
201600039107;1;1;0;0;2;4;2;B01
201600039107;1;7;0;0;2;1;2;A01
201600039108;1;30;0;0;0;7;1;A01
201600039109;2;10;0;0;2;4;2;B01
201600039109;2;7;0;0;2;1;2;A01
201600039110;1;7;0;0;2;3;2;A01
201600039110;1;30;0;0;2;7;2;B01
201600039111;1;7;0;0;1;8;1;A01
201600039112;1;30;0;0;0;7;1;A01
201600039113;1;7;0;0;1;2;1;A01
201600039114;2;7;0;0;2;1;9;A01
201600039114;1;30;0;0;2;7;1;B01
201600039115;2;33;0;0;0;0;1;A01
201600039116;1;33;0;0;2;1;1;A01
201600039116;2;10;0;0;2;8;1;B01
201600039117;1;7;0;0;1;1;1;A01
201600039118;1;7;0;0;2;1;1;A01
201600039118;2;34;0;0;2;8;15;B01
201600039119;2;30;0;0;0;1;1;A01
201600039120;2;1;0;0;1;5;1;A01
201600039121;1;7;0;0;2;3;15;A01
201600039121;2;33;0;0;2;1;1;B01
201600039122;2;7;0;0;1;4;4;A01
201600039123;2;7;0;0;1;7;1;A01
201600039124;1;10;0;0;1;8;15;A01
201600039125;2;7;0;0;2;3;1;B01
201600039125;1;7;0;0;2;2;16;A01
201600039126;1;7;0;1;0;8;1;A01
201600039127;0;7;0;0;2;1;1;A01
201600039127;0;1;0;0;2;8;19;B01
201600039128;1;7;0;0;1;2;1;A01
201600039129;1;30;0;0;0;7;1;A01
201600039130;2;7;0;0;2;2;15;A01
201600039130;1;33;0;0;2;1;1;B01
201600039131;2;7;0;0;2;3;16;A01
201600039131;1;30;0;0;2;1;1;B01
201600039132;1;7;0;0;1;1;1;A01
201600039133;2;30;0;0;2;1;1;A01
201600039133;2;7;0;0;2;6;15;B01
201600039134;1;7;0;0;1;1;1;A01
201600039135;1;14;0;0;2;2;2;A01
201600039135;1;7;0;0;2;8;2;B01
201600039136;2;34;0;0;2;1;12;A01
201600039136;2;7;0;0;2;6;1;B01
201600039137;1;7;0;0;1;7;1;A01
201600039138;1;7;0;0;2;1;1;B01
201600039138;1;7;0;0;2;7;1;A01
201600039139;1;33;0;0;2;1;17;A01
201600039139;2;7;0;0;2;1;15;B01
201600039140;1;7;0;0;1;1;9;A01
201600039141;1;7;0;0;1;8;1;A01
201600039142;1;33;0;0;2;7;1;A01
201600039142;1;7;0;0;2;8;10;B01
201600039143;2;30;0;0;0;8;1;A01
201600039144;2;7;0;0;2;5;15;B01
201600039144;1;32;0;0;2;1;1;A01
201600039145;0;1;0;0;2;6;19;B01
201600039145;2;7;0;0;2;3;1;A01
201600039146;1;30;0;0;0;7;15;A01
201600039147;2;7;0;8;0;1;15;A01
201600039148;1;32;0;0;0;8;1;A01
201600039149;1;33;0;0;0;6;1;A01
201600039150;1;33;0;0;2;8;1;A01
201600039150;1;7;0;0;2;7;1;B01
201600039150;1;33;0;0;2;7;1;C01
201600039151;1;30;0;0;0;7;21;B01
201600039151;1;7;0;0;0;0;5;A01
201600039152;2;7;0;0;2;7;12;A01
201600039152;2;1;0;0;2;1;9;B01
201600039153;2;1;0;0;0;7;1;A01
201600039154;1;7;0;0;2;3;16;A01
201600039154;2;7;0;0;2;3;1;B01
201600039155;2;1;0;8;0;7;1;A01
201600039156;2;7;0;7;0;1;19;A01
201600039157;1;38;1;0;2;7;12;A01
201600039157;1;31;0;0;2;8;1;B01
201600039158;1;34;0;0;2;1;1;B01
201600039158;2;7;0;0;2;3;15;A01
201600039159;1;7;0;0;2;6;23;A01
201600039159;1;7;0;0;2;1;2;B01
201600039160;2;1;0;0;2;1;1;B01
201600039160;2;10;0;0;2;0;22;A01
201600039161;2;1;0;0;2;8;5;A01
201600039161;1;32;0;1;2;1;1;B01
201600039162;1;7;0;0;1;1;1;A01
201600039163;2;7;0;1;0;2;1;A01
201600039164;2;32;0;0;2;1;2;A01
201600039164;2;7;0;0;2;4;2;B01
201600039165;2;7;0;1;0;3;1;A01
201600039166;2;7;0;0;2;4;2;B01
201600039166;2;7;0;0;2;1;2;A01
201600039167;2;30;0;0;0;8;1;A01
201600039168;2;33;0;0;0;9;1;A01
201600039169;2;7;0;0;2;1;2;A01
201600039169;2;7;0;0;2;4;2;B01
201600039169;2;10;0;0;2;4;2;C01
201600039170;1;7;0;0;2;3;1;C01
201600039170;2;7;0;0;2;8;1;B01
201600039170;1;1;0;0;2;7;15;A01
201600039171;1;38;1;0;1;7;16;A01
201600039172;2;7;0;0;2;3;13;B01
201600039172;2;33;0;0;2;7;17;A01
201600039173;2;7;0;8;0;1;1;A01
201600039174;2;33;0;0;2;1;1;A01
201600039174;2;7;0;0;2;6;1;B01
201600039175;1;7;0;0;1;7;16;A01
201600039176;1;7;0;0;1;2;1;A01
201600039177;1;7;0;0;1;1;1;Z01
201600039178;2;31;0;0;2;3;2;A01
201600039178;2;7;0;0;2;6;2;B01
201600039179;1;7;0;0;1;1;1;A01
201600039180;2;7;0;0;1;1;15;A01
201600039181;1;7;0;0;2;3;11;A01
201600039181;1;33;0;0;2;2;17;B01
201600039182;1;7;0;0;1;1;1;A01
201600039183;1;32;0;0;2;1;2;A01
201600039183;1;7;0;0;2;4;2;B01
201600039184;2;7;0;0;2;8;9;A01
201600039184;0;30;0;0;2;7;1;B01
201600039185;2;7;0;0;2;6;15;C01
201600039185;1;10;0;0;2;1;2;A01
201600039185;1;7;0;0;2;1;2;B01
201600039186;1;7;0;0;2;1;16;B01
201600039186;2;10;0;0;2;1;13;A01
201600039187;2;7;0;0;1;5;1;A01
201600039188;2;7;0;0;1;3;1;A01
201600039189;1;32;0;0;2;8;1;B01
201600039189;2;7;0;0;2;1;15;A01
201600039190;0;7;0;0;2;4;1;B01
201600039190;0;7;0;0;2;1;1;A01
201600039191;0;7;0;0;0;0;0;A01
201600039191;0;30;0;0;2;8;2;B01
201600039192;0;2;0;0;2;1;1;B01
201600039192;0;7;0;0;2;7;15;A01
201600039193;0;7;0;0;2;1;1;A01
201600039194;0;7;0;0;1;1;1;A01
201600039195;0;7;0;0;2;3;15;A01
201600039195;0;30;0;0;2;1;17;B01
201600039196;0;2;0;0;1;0;17;A01
201600039197;0;30;0;0;1;1;3;A01
201600039197;0;7;0;0;2;1;23;C01
201600039197;0;7;0;0;2;6;23;B01
201600039198;0;2;0;0;0;7;1;A01
201600039199;0;33;0;0;2;1;1;B01
201600039199;0;10;0;0;2;3;15;A01
201600039200;0;2;0;0;0;7;1;A01
201600039201;0;7;0;0;2;3;15;A01
201600039201;0;2;0;0;2;1;1;B01
201600039202;0;30;0;12;0;7;1;A01
201600039203;0;1;0;12;0;0;1;A01
201600039204;0;33;0;0;1;1;17;A01
201600039205;0;7;0;4;0;3;1;A01
201600039206;0;37;1;0;2;0;1;A01
201600039207;0;7;0;0;0;1;15;A01
201600039208;0;33;0;0;0;0;1;A01
201600039209;0;33;0;0;2;7;1;B01
201600039209;0;7;0;0;2;4;4;A01
201600039210;0;2;0;0;2;1;1;B01
201600039210;0;7;0;0;2;2;15;A01
201600039211;0;33;0;0;2;7;2;A01
201600039211;0;7;0;0;2;8;15;B01
201600039212;0;7;0;0;2;1;1;A01
201600039212;0;2;0;0;2;1;1;B01
201600039213;0;7;0;8;0;1;1;A01
201600039214;0;7;0;0;2;3;2;A01
201600039214;0;7;0;0;2;5;15;B01
201600039214;0;7;0;0;2;6;1;C01
201600039215;0;30;0;0;2;1;1;A01
201600039215;0;7;0;0;2;1;15;B01
201600039216;0;1;0;0;2;1;0;A01
201600039216;0;7;0;0;2;3;15;B01
201600039217;0;7;0;0;2;3;10;A01
201600039217;0;7;0;0;2;2;1;B01
201600039218;0;7;0;0;1;1;16;A01
201600039219;0;7;0;0;2;4;1;A01
201600039219;0;7;0;0;2;1;2;B01
201600039220;0;7;0;1;2;3;1;B01
201600039220;0;7;0;0;2;2;20;A01
201600039221;0;34;0;0;2;1;1;B01
201600039221;0;7;0;0;2;1;10;A01
201600039222;0;2;0;0;0;0;1;A01
201600039223;0;7;0;0;1;1;20;A01
201600039224;0;35;0;0;2;4;23;B01
201600039224;0;20;0;0;2;1;2;A01
201600039225;0;10;0;0;2;3;1;A01
201600039225;0;33;0;0;2;7;15;B01
201600039226;0;7;0;0;2;7;2;B01
201600039226;0;7;0;0;2;1;16;A01
201600039227;0;2;0;0;0;0;1;A01
201600039228;0;30;0;0;2;1;2;A01
201600039228;0;13;0;0;2;4;23;B01
201600039229;0;7;0;0;2;3;15;B01
201600039229;0;30;0;0;2;1;13;A01
201600039230;0;15;0;0;2;7;1;B01
201600039230;0;30;0;0;2;1;1;A01
201600039231;0;37;1;0;1;1;1;A01
201600039232;0;7;0;0;1;1;1;A01
201600039233;0;33;0;0;1;1;1;A01
201600039234;0;1;0;0;2;4;2;A01
201600039234;0;13;0;0;2;4;23;B01
201600039235;0;33;0;0;2;1;1;A01
201600039235;0;13;0;0;2;3;15;B01
201600039236;0;30;0;0;0;8;1;A01
201600039237;0;13;0;0;2;3;10;A01
201600039237;0;30;0;0;2;1;1;B01
201600039238;0;13;0;0;2;1;1;A01
201600039238;0;33;0;0;2;4;23;B01
201600039239;0;13;0;0;2;1;1;A01
201600039239;0;13;0;0;2;4;1;B01
201600039240;0;33;0;0;2;1;2;A01
201600039240;0;7;0;0;2;4;2;B01
201600039241;0;33;0;0;2;7;2;A01
201600039241;0;13;0;0;2;1;2;B01
201600039242;0;7;0;0;2;1;15;A01
201600039242;0;33;0;0;2;7;1;B01
201600039243;0;7;0;0;2;1;1;B01
201600039243;0;1;0;0;2;1;5;A01
201600039244;0;33;0;0;0;9;1;B01
201600039244;0;7;0;0;2;0;15;A01
201600039245;0;7;0;1;0;1;1;A01
201600039246;0;7;0;0;1;1;15;A01
201600039247;0;31;0;0;2;2;1;B01
201600039247;0;7;0;0;2;3;10;A01
201600039248;0;7;0;0;2;8;15;B01
201600039248;0;33;0;0;2;7;17;A01
201600039249;0;15;0;0;2;3;13;A01
201600039249;0;7;0;0;2;8;1;B01
201600039250;0;7;0;0;2;1;1;A01
201600039250;0;33;0;0;2;4;1;B01
201600039251;0;17;0;0;2;1;15;A01
201600039251;0;33;0;0;2;1;13;B01
201600039252;0;15;0;0;1;1;15;A01
201600039253;0;7;0;15;2;1;2;A01
201600039253;0;7;0;0;2;1;2;B01
201600039253;0;7;0;0;2;0;2;C01
201600039254;0;13;0;0;2;4;2;D01
201600039254;0;13;0;0;2;4;2;B01
201600039254;0;15;0;0;2;4;2;C01
201600039254;0;13;0;0;2;1;2;A01
201600039255;0;13;0;11;0;1;1;A01
201600039256;0;7;0;0;2;3;1;A01
201600039256;0;7;0;0;2;5;1;B01
201600039256;0;33;0;0;2;1;1;C01
201600039257;0;7;0;0;1;2;1;A01
201600039258;0;20;0;0;2;7;12;A01
201600039258;0;15;0;0;2;8;1;B01
201600039259;0;7;0;0;1;1;2;A01
201600039260;0;7;0;0;2;4;1;B01
201600039260;0;37;1;0;2;1;1;A01
201600039261;0;7;0;0;2;1;1;A01
201600039261;0;7;0;0;2;4;1;B01
201600039262;0;33;0;0;2;4;1;B01
201600039262;0;7;0;1;2;1;1;A01
201600039263;0;7;0;0;1;1;1;A01
201600039264;0;31;0;0;2;1;1;A01
201600039265;0;7;0;0;2;1;1;A01
201600039265;0;7;0;0;2;8;1;B01
201600039266;0;32;0;0;1;2;18;A01
201600039267;0;7;0;9;0;3;1;A01
201600039268;0;32;0;0;2;8;1;A01
201600039268;0;30;0;0;0;8;1;B01
201600039269;0;32;0;0;1;1;1;A01
201600039270;0;30;0;0;0;8;1;A01
201600039271;0;7;0;0;1;3;16;A01
201600039272;0;10;0;0;1;4;24;A01
201600039273;0;7;0;0;1;1;1;A01
201600039274;0;7;0;0;0;9;1;A01
201600039275;0;7;0;0;2;3;15;A01
201600039275;0;31;0;0;2;8;1;B01
201600039276;0;7;0;0;1;2;1;A01
201600039277;0;7;0;0;2;9;2;B01
201600039277;0;7;0;0;2;1;1;A01
201600039278;0;7;0;0;2;1;1;B01
201600039278;0;7;0;0;2;2;1;A01
201600039279;0;7;0;0;2;1;2;B01
201600039279;0;30;0;0;2;1;17;A01
201600039280;0;7;0;0;2;8;1;A01
201600039280;0;2;0;0;2;8;1;B01
201600039281;0;7;0;0;2;4;1;B01
201600039281;0;33;0;0;2;1;17;A01
201600039282;0;7;0;0;2;3;13;A01
201600039282;0;31;0;0;2;8;17;B01
201600039283;0;33;0;0;2;7;17;B01
201600039283;0;7;0;0;2;3;15;A01
201600039284;0;7;0;0;2;4;1;C01
201600039284;0;7;0;0;2;1;1;A01
201600039284;0;7;0;0;2;4;1;B01
201600039285;0;2;0;0;2;8;0;A01
201600039286;0;7;0;0;2;4;1;B01
201600039286;0;7;0;0;2;1;1;A01
201600039287;0;30;0;0;2;1;1;A01
201600039287;0;7;0;0;2;2;15;B01
201600039288;0;7;0;0;2;3;15;A01
201600039288;0;30;0;0;2;1;17;B01
201600039289;0;7;0;0;0;1;0;A01
201600039290;0;7;0;0;2;4;23;C01
201600039290;0;7;0;0;2;1;1;A01
201600039290;0;7;0;0;2;9;23;B01
201600039291;0;14;0;1;0;7;1;A01
201600039291;0;7;0;0;2;8;23;B01
201600039292;0;7;0;0;1;1;1;A01
201600039293;0;32;0;0;0;0;21;A01
201600039294;0;30;0;0;0;7;0;A01
201600039295;0;7;0;0;2;1;1;A01
201600039295;0;7;0;0;2;8;1;B01
201600039296;0;10;0;0;2;2;5;A01
201600039296;0;7;0;0;2;3;15;B01
201600039297;0;31;0;0;2;1;1;A01
201600039297;0;7;0;0;2;4;23;B01
201600039298;0;7;0;0;2;1;15;A01
201600039298;0;34;0;0;2;1;1;B01
201600039299;0;7;0;0;2;3;15;A01
201600039299;0;33;0;0;2;6;1;B01
201600039300;0;7;0;4;0;3;1;A01
201600039301;0;10;0;0;2;8;15;A01
201600039301;0;33;0;0;2;5;17;B01
201600039302;0;7;0;0;1;1;1;A01
201600039303;0;7;0;4;0;1;1;A01
201600039304;0;7;0;1;0;3;1;A01
201600039305;0;32;0;0;2;1;17;B01
201600039305;0;7;0;0;2;3;9;A01
201600039306;0;1;0;0;2;1;1;A01
201600039306;0;7;0;0;2;4;23;B01
201600039307;0;7;0;0;1;1;1;A01
201600039308;0;30;0;0;0;0;1;A01
201600039309;0;34;0;0;2;1;5;A01
201600039309;0;7;0;0;2;1;1;B01
201600039310;0;7;0;1;0;1;13;A01
201600039311;0;32;0;0;0;0;1;A01
201600039312;0;7;0;0;2;7;14;A01
201600039312;0;33;0;0;2;1;1;B01
201600039313;0;7;0;0;1;1;1;A01
201600039314;0;10;0;0;2;8;23;A01
201600039314;0;1;0;1;0;1;17;B01
201600039315;0;32;0;0;1;2;1;A01
201600039316;0;7;0;0;2;1;1;A01
201600039316;0;7;0;0;2;4;23;B01
201600039317;0;32;0;0;0;0;1;A01
201600039318;0;1;0;0;0;0;1;A01
201600039318;0;7;0;0;0;0;16;B01
201600039319;0;7;0;0;0;0;15;A01
201600039319;0;7;0;0;2;4;1;B01
201600039319;0;33;0;0;2;1;1;C01
201600039320;0;7;0;0;2;8;15;A01
201600039320;0;1;0;0;2;1;17;B01
201600039321;0;7;0;0;2;1;12;A01
201600039321;1;31;0;0;2;4;11;B01
201600039322;0;7;0;0;2;5;10;A01
201600039322;0;1;0;0;2;1;1;B01
201600039323;0;33;0;4;0;1;1;A01
201600039324;0;10;0;0;1;4;4;A01
201600039325;0;7;0;0;2;3;9;A01
201600039325;0;33;0;0;2;1;17;B01
201600039326;0;7;0;0;1;1;1;A01
201600039327;0;7;0;4;0;3;1;A01
201600039328;0;7;0;4;0;1;1;A01
201600039329;0;32;0;1;2;1;1;A01
201600039329;0;7;0;0;2;4;1;B01
201600039330;0;99;0;0;2;2;16;B01
201600039330;0;32;0;4;2;1;18;A01
201600039331;0;2;0;0;2;1;18;A01
201600039331;0;7;0;0;2;2;16;B01
201600039332;0;7;0;4;0;6;1;A01
201600039333;0;7;0;0;1;1;15;A01
201600039334;0;33;0;0;0;0;1;A01
201600039335;0;31;0;0;0;7;1;A01
201600039336;0;32;0;0;0;0;17;A01
201600039336;0;10;0;0;0;0;15;B01
201600039337;0;30;0;0;9;1;1;A01
201600039338;0;30;0;0;0;0;0;A01
201600039339;0;7;0;0;2;7;9;A01
201600039339;0;7;0;0;2;1;1;B01
201600039340;0;1;0;14;0;1;1;A01
201600039341;0;37;20;0;1;2;1;A01
201600039342;0;37;20;0;2;7;1;C01
201600039342;0;7;0;0;2;8;24;B01
201600039342;0;7;0;1;2;1;1;A01
201600039343;0;32;0;0;2;1;17;A01
201600039343;0;7;0;0;2;1;15;B01
201600039344;0;7;0;0;2;4;23;C01
201600039344;0;7;0;0;2;4;23;B01
201600039344;0;14;0;0;2;1;1;A01
201600039345;0;34;0;0;0;0;1;A01
201600039346;0;30;0;1;0;1;1;A01
201600039346;0;10;0;0;2;1;1;B01
201600039347;0;7;0;0;2;7;1;B01
201600039347;0;30;0;0;2;8;11;A01
201600039348;0;7;0;0;2;8;15;B01
201600039348;0;33;0;0;2;1;17;A01
201600039349;0;7;0;0;2;4;23;C01
201600039349;0;10;0;0;2;1;1;A01
201600039349;0;7;0;0;2;4;23;B01
201600039350;0;7;0;0;2;4;12;B01
201600039350;0;7;0;0;2;1;1;A01
201600039350;0;7;0;0;2;4;23;D01
201600039350;0;7;0;0;2;4;23;C01
201600039351;0;1;0;1;0;1;13;B01
201600039351;0;7;0;0;0;0;17;A01
201600039352;0;1;0;0;2;1;1;A01
201600039352;0;7;0;0;2;8;10;B01
201600039353;0;7;0;0;2;6;10;A01
201600039353;0;32;0;0;2;1;1;B01
201600039354;0;33;0;0;2;1;1;B01
201600039354;0;7;0;0;2;3;15;A01
201600039355;0;7;0;0;1;1;16;A01
201600039356;0;7;0;0;2;4;23;B01
201600039356;0;7;0;0;2;1;1;A01
201600039357;0;7;0;0;2;2;15;A01
201600039357;0;7;0;0;2;1;1;B01
201600039358;0;33;0;0;2;1;1;B01
201600039358;0;7;0;0;2;8;10;A01
201600039359;0;7;0;0;2;2;12;A01
201600039359;0;7;0;0;2;3;11;B01
201600039360;0;7;0;0;2;2;15;A01
201600039360;0;34;0;0;2;1;1;B01
201600039361;0;33;0;0;1;1;1;A01
201600039362;0;7;0;0;1;1;1;A01
201600039363;0;10;0;0;2;3;23;A01
201600039363;0;1;0;0;2;2;1;B01
201600039364;0;37;1;0;1;1;1;A01
201600039365;0;7;0;0;2;7;10;A01
201600039365;0;31;0;0;2;1;1;B01
201600039366;0;7;0;0;1;1;15;A01
201600039367;0;38;1;0;2;4;23;B01
201600039367;0;33;0;0;2;1;2;A01
201600039368;0;10;0;0;2;1;2;A01
201600039368;0;7;0;0;2;4;23;B01
201600039369;0;7;0;0;2;7;2;B01
201600039369;0;7;0;0;2;6;2;C01
201600039369;0;31;0;0;2;8;0;A01
201600039370;0;7;0;0;2;1;2;B01
201600039370;0;7;0;0;1;1;2;A01
201600039371;0;2;0;0;0;8;15;A01
201600039372;0;7;0;0;2;2;2;A01
201600039372;0;33;0;0;2;4;2;B01
201600039373;2;7;0;0;1;1;16;A01
201600039374;0;7;0;14;0;1;21;A01
201600039375;0;32;0;0;2;1;5;A01
201600039375;0;10;0;0;2;2;15;B01
201600039376;0;7;0;0;0;0;2;A01
201600039376;0;32;0;12;0;4;9;B01
201600039377;0;7;0;0;2;1;2;A01
201600039377;0;7;0;0;2;4;2;B01
201600039378;0;7;0;0;2;6;16;A01
201600039378;0;1;0;0;2;1;7;B01
201600039379;0;7;0;0;2;4;11;B01
201600039379;0;7;0;0;2;1;2;A01
201600039380;0;34;0;0;2;7;17;A01
201600039380;0;7;0;0;2;3;15;B01
201600039381;0;7;0;1;0;3;0;A01
201600039382;0;7;0;0;1;2;2;A01
201600039383;0;7;0;0;2;4;2;B01
201600039383;0;7;0;0;2;1;2;A01
201600039384;0;7;0;0;1;5;15;A01
201600039385;0;32;0;0;1;1;2;A01
201600039386;0;34;0;0;2;1;0;A01
201600039386;0;30;0;0;2;8;1;B01
201600039387;0;34;0;0;1;1;9;A01
201600039388;0;7;0;0;2;4;2;C01
201600039388;0;7;0;0;2;1;2;A01
201600039388;0;7;0;0;2;1;2;B01
201600039389;0;30;0;0;0;0;21;A01
201600039390;0;7;0;0;1;1;2;A01
201600039391;0;7;0;0;2;3;3;A01
201600039391;0;1;0;0;2;3;19;B01
201600039392;0;7;0;12;0;1;21;A01
201600039393;0;33;0;0;0;6;5;A01
201600039393;0;7;0;0;0;3;0;B01
201600039394;0;33;0;0;0;0;0;A01
201600039395;0;34;0;0;0;2;2;A01
201600039396;0;34;0;0;2;2;2;B01
201600039396;0;7;0;0;0;3;2;A01
201600039397;0;7;0;0;2;4;2;B01
201600039397;0;30;0;0;2;1;2;A01
201600039398;0;7;0;0;2;1;19;Z01
201600039398;0;1;0;0;2;8;15;A01
201600039399;0;2;0;0;2;7;13;B01
201600039399;0;7;0;0;2;8;13;A01
201600039400;0;7;0;0;2;3;2;B01
201600039400;0;7;0;0;2;1;15;A01
201600039401;0;1;0;0;2;8;0;B01
201600039401;0;10;0;0;2;2;12;Z01
201600039402;0;7;0;0;0;5;4;A01
201600039403;0;7;0;0;1;3;2;A01
201600039404;0;7;0;1;0;1;0;A01
201600039405;0;7;0;0;1;1;16;A01
201600039406;0;32;0;0;0;7;0;A01
201600039406;0;7;0;0;0;7;5;B01
201600039407;0;30;0;1;0;0;2;A01
201600039408;0;7;0;0;0;1;13;B01
201600039408;0;33;0;0;0;1;5;A01
201600039409;0;7;0;0;2;1;12;A01
201600039409;0;33;0;0;2;1;2;B01
201600039410;0;30;0;0;0;1;0;A01
201600039411;0;7;0;0;2;2;1;B01
201600039411;0;15;0;0;2;1;15;A01
201600039412;0;30;0;0;0;7;0;A01
201600039413;0;7;0;0;1;0;0;A01
201600039414;0;7;0;0;0;5;4;A01
201600039415;0;7;0;0;2;4;2;B01
201600039415;0;33;0;0;2;1;2;A01
201600039416;0;30;0;0;0;1;0;B01
201600039416;0;7;0;0;0;7;0;A01
201600039417;0;7;0;0;2;2;2;A01
201600039417;0;7;0;0;2;6;2;B01
201600039418;0;33;0;0;0;3;0;A01
201600039418;0;7;0;0;0;3;0;B01
201600039419;0;7;0;0;1;8;0;A01
201600039420;0;2;0;0;0;0;1;A01
201600039421;2;7;0;0;2;2;15;A01
201600039421;1;32;0;0;2;1;1;B01
201600039422;0;7;0;0;2;3;15;A01
201600039422;0;33;0;0;2;1;1;B01
201600039423;0;7;0;0;2;3;1;B01
201600039423;0;30;0;0;2;1;1;A01
201600039424;0;7;0;0;2;3;1;B01
201600039424;0;10;0;0;2;5;4;A01
201600039425;0;33;0;0;2;1;1;A01
201600039425;0;7;0;0;2;2;15;B01
201600039426;0;7;0;0;2;2;16;A01
201600039426;0;30;0;0;2;2;1;B01
201600039427;0;1;0;0;2;1;23;B01
201600039427;0;7;0;0;2;1;16;A01
201600039428;2;2;0;0;2;1;1;B01
201600039428;2;7;0;0;2;3;15;A01
201600039429;0;34;0;0;2;8;1;B01
201600039429;0;7;0;0;2;5;20;A01
201600039430;0;31;0;0;2;1;1;B01
201600039430;0;7;0;0;2;1;1;A01
201600039431;0;7;0;0;2;3;1;B01
201600039431;0;30;0;0;2;1;1;A01
201600039432;0;30;0;0;2;5;1;B01
201600039432;0;33;0;0;2;3;1;A01
201600039433;0;7;0;0;2;3;13;A01
201600039433;0;33;0;0;2;7;1;B01
201600039434;0;30;0;0;2;1;1;B01
201600039434;0;7;0;0;2;3;15;A01
201600039435;2;33;0;0;2;1;1;B01
201600039435;0;7;0;0;2;3;10;A01
201600039436;0;10;0;0;1;1;1;A01
201600039437;0;7;0;0;2;3;9;A01
201600039437;0;32;0;0;2;1;1;B01
201600039438;0;7;0;0;2;5;1;A01
201600039438;0;33;0;0;2;8;1;B01
201600039439;0;33;0;0;2;1;1;A01
201600039439;0;7;0;0;2;4;1;B01
201600039440;0;7;0;0;2;0;1;A01
201600039440;0;33;0;0;2;1;1;B01
201600039441;0;7;0;0;2;1;15;B01
201600039441;0;33;0;0;2;8;9;A01
201600039442;0;7;0;0;1;1;1;A01
201600039443;0;7;0;0;2;2;15;A01
201600039443;0;7;0;0;2;1;1;B01
201600039444;0;30;0;8;0;0;0;A01
201600039445;0;7;0;0;2;1;15;A01
201600039445;0;31;0;0;2;8;19;B01
201600039446;2;7;0;0;2;5;17;A01
201600039446;1;7;0;1;2;1;1;B01
201600039447;0;37;1;0;1;2;1;A01
201600039448;0;10;0;0;2;2;2;A01
201600039448;0;31;0;0;2;4;23;B01
201600039449;0;7;0;12;0;1;1;A01
201600039450;0;1;0;0;2;7;1;B01
201600039450;0;7;0;0;2;3;14;A01
201600039451;0;7;0;0;2;4;4;A01
201600039451;0;7;0;0;2;5;1;B01
201600039452;0;10;0;0;2;3;1;A01
201600039452;0;31;0;0;2;1;1;B01
201600039453;0;7;0;0;2;7;15;B01
201600039454;0;7;0;0;2;4;2;B01
201600039454;0;7;0;0;2;1;2;A01
201600039455;0;7;0;0;1;1;0;A01
201600039456;0;30;0;0;2;1;1;A01
201600039456;0;7;0;0;2;3;10;B01
201600039457;0;33;0;0;2;8;15;B01
201600039457;0;30;0;0;2;1;17;A01
201600039458;0;10;0;0;2;1;2;A01
201600039458;0;7;0;0;2;4;23;B01
201600039459;0;30;0;0;0;0;0;A01
201600039460;0;7;0;0;2;1;2;A01
201600039460;0;7;0;0;2;4;2;B01
201600039460;0;10;0;0;2;4;23;C01
201600039461;0;31;0;0;1;1;1;A01
201600039462;0;1;0;12;0;1;1;A01
201600039463;0;1;0;0;2;1;1;B01
201600039463;0;7;0;0;2;3;15;A01
201600039464;0;2;0;0;0;0;1;A01
201600039465;0;7;0;0;1;1;2;A01