Num_Acc;senc;catv;occutc;obs;obsm;choc;manv;num_veh
201600039466;0;33;0;1;2;0;0;A01
201600039466;0;14;0;0;2;5;0;B01
201600039467;0;30;0;0;2;1;5;A01
201600039467;0;7;0;0;2;8;15;B01
201600039468;0;7;0;0;1;0;0;A01
201600039469;0;7;0;0;1;2;1;A01
201600039470;0;32;0;0;0;0;1;A01
201600039470;0;7;0;0;0;0;1;B01
201600039471;0;7;0;1;0;2;1;A01
201600039471;0;7;0;0;2;6;1;B01
201600039472;0;7;0;15;2;3;2;A01
201600039472;0;33;0;0;2;7;15;B01
201600039473;0;10;0;0;1;4;4;A01
201600039474;0;32;0;0;0;0;21;B01
201600039474;0;30;0;0;0;0;16;A01
201600039475;0;2;0;0;2;2;1;A01
201600039475;0;7;0;0;2;3;9;B01
201600039476;0;7;0;0;1;3;1;A01
201600039477;0;34;0;0;2;3;1;A01
201600039477;0;7;0;0;2;3;15;B01
201600039478;0;34;0;0;0;8;0;A01
201600039479;0;30;0;0;0;6;1;A01
201600039480;0;10;0;0;2;4;1;B01
201600039480;0;7;0;0;2;1;1;A01
201600039481;0;2;0;0;0;1;1;A01
201600039482;0;32;0;0;2;4;1;A01
201600039482;0;31;0;0;2;1;1;B01
201600039483;0;33;0;0;2;7;23;B01
201600039483;0;10;0;0;2;1;1;A01
201600039484;0;7;0;0;1;1;15;A01
201600039485;0;30;0;0;2;1;1;A01
201600039485;0;7;0;0;2;7;15;B01
201600039486;0;1;0;0;2;8;19;B01
201600039486;0;7;0;0;2;1;15;A01
201600039487;0;7;0;0;9;2;0;B01
201600039487;0;1;0;0;2;1;1;A01
201600039488;0;30;0;10;0;1;1;A01
201600039489;0;10;0;0;2;2;23;B01
201600039489;0;1;0;0;2;1;1;A01
201600039490;0;7;0;8;0;1;1;A01
201600039491;0;32;0;0;0;1;1;A01
201600039492;0;33;0;0;2;1;17;A01
201600039492;0;7;0;0;2;3;15;B01
201600039493;0;30;0;0;1;1;1;A01
201600039494;0;7;0;0;2;4;4;A01
201600039494;0;31;0;1;2;1;1;B01
201600039495;0;7;0;0;1;1;20;A01
201600039495;0;7;0;0;2;6;23;B01
201600039496;0;7;0;0;2;5;14;B01
201600039496;0;33;0;0;2;1;1;A01
201600039497;0;13;0;0;2;8;1;Z01
201600039497;0;30;0;0;2;8;15;A01
201600039498;0;7;0;0;2;2;15;A01
201600039498;0;33;0;0;2;1;1;B01
201600039499;0;1;0;0;2;7;1;B01
201600039499;0;7;0;0;2;1;1;A01
201600039500;0;7;0;0;1;1;1;A01
201600039501;0;7;0;0;2;5;15;A01
201600039501;0;32;0;0;2;1;1;B01
201600039502;0;32;0;0;0;8;1;A01
201600039503;0;7;0;0;1;1;1;A01
201600039504;2;33;0;0;1;1;1;A01
201600039505;0;7;0;0;1;1;1;A01
201600039506;0;7;0;0;1;1;0;A01
201600039507;0;7;0;0;2;4;2;B01
201600039507;0;7;0;0;2;1;2;A01
201600039507;0;7;0;0;2;4;2;C01
201600039508;0;10;0;0;1;1;0;A01
201600039509;0;7;0;0;2;4;2;C01
201600039509;0;7;0;0;2;4;2;B01
201600039509;0;7;0;0;2;1;2;A01
201600039510;0;2;0;0;2;1;1;B01
201600039510;0;7;0;0;2;3;10;A01
201600039511;0;20;0;0;2;2;13;A01
201600039511;0;32;0;0;2;1;0;B01
201600039512;0;2;0;0;2;8;5;A01
201600039512;0;7;0;0;2;8;0;B01
201600039513;0;30;0;0;2;1;1;A01
201600039513;0;7;0;0;2;2;15;B01
201600039514;0;7;0;0;2;3;15;A01
201600039514;0;7;0;0;2;2;1;B01
201600039515;0;7;0;0;2;8;15;B01
201600039515;0;7;0;0;2;3;1;A01
201600039516;0;2;0;0;2;1;0;B01
201600039516;0;7;0;0;2;7;0;A01
201600039517;0;7;0;0;2;4;15;B01
201600039517;0;32;0;0;2;1;1;A01
201600039518;0;1;0;0;1;1;1;A01
201600039519;0;10;0;0;2;3;1;A01
201600039519;0;7;0;0;2;4;1;B01
201600039520;0;7;0;0;2;5;15;A01
201600039520;0;30;0;0;2;1;1;B01
201600039521;0;7;0;0;1;4;4;A01
201600039522;0;34;0;0;0;0;0;A01
201600039522;0;10;0;0;0;0;0;B01
201600039523;0;7;0;0;0;1;1;A01
201600039523;0;7;0;0;0;4;23;B01
201600039524;0;2;0;0;0;0;1;A01
201600039525;0;31;0;0;2;7;1;B01
201600039525;0;10;0;0;2;1;1;A01
201600039526;0;14;0;0;2;1;15;A01
201600039526;0;7;0;0;2;6;15;B01
201600039527;0;10;0;7;0;1;0;A01
201600039528;0;30;0;1;2;1;1;B01
201600039528;0;7;0;0;2;1;10;A01
201600039529;0;7;0;13;2;4;0;B01
201600039529;0;7;0;0;2;1;0;A01
201600039530;0;7;0;0;2;7;1;B01
201600039530;0;7;0;0;2;1;15;A01
201600039531;1;7;0;0;2;1;1;A01
201600039531;2;7;0;8;2;8;1;B01
201600039532;1;7;0;0;2;7;1;B01
201600039532;2;7;0;0;2;1;1;A01
201600039533;0;33;0;0;2;4;2;B01
201600039533;0;32;0;0;2;1;2;A01
201600039534;1;15;0;0;1;7;16;A01
201600039535;1;7;0;0;2;4;1;B01
201600039535;2;30;0;0;2;1;1;A01
201600039536;0;7;0;15;0;2;0;A01
201600039537;0;33;0;0;0;8;0;A01
201600039538;0;34;0;0;2;8;1;B01
201600039538;0;7;0;0;2;7;12;A01
201600039539;1;7;0;12;2;4;16;B01
201600039539;1;10;0;0;2;4;1;A01
201600039540;0;7;0;10;0;8;1;A01
201600039541;1;7;0;0;1;1;21;A01
201600039542;0;7;0;5;0;1;1;A01
201600039543;0;7;0;0;2;1;1;A01
201600039543;0;7;0;0;2;4;1;B01
201600039543;0;7;0;0;2;4;1;C01
201600039544;0;7;0;0;2;2;2;A01
201600039544;1;7;0;0;2;3;2;B01
201600039545;1;10;0;0;2;3;1;B01
201600039545;1;7;0;0;2;7;15;C01
201600039545;1;7;0;0;2;6;1;A01
201600039546;0;31;0;0;0;0;1;A01
201600039547;0;1;0;0;0;5;1;B01
201600039547;0;7;0;0;2;1;0;A01
201600039548;0;7;0;0;2;7;12;A01
201600039548;0;33;0;0;2;8;1;B01
201600039549;0;33;0;10;0;0;0;A01
201600039550;1;7;0;0;2;1;2;A01
201600039550;1;32;0;0;0;4;23;B01
201600039551;1;7;0;0;0;5;1;B01
201600039551;1;37;30;0;2;3;1;A01
201600039552;0;7;0;0;2;2;1;A01
201600039552;0;34;0;0;2;8;9;B01
201600039553;0;7;0;0;2;8;1;A01
201600039553;0;34;0;0;2;7;1;B01
201600039554;1;7;0;0;2;1;1;A01
201600039554;1;7;0;0;2;1;1;B01
201600039555;0;7;0;0;2;1;2;A01
201600039555;0;7;0;0;2;4;0;B01
201600039556;0;10;0;0;1;2;1;A01
201600039557;0;7;0;0;2;2;1;A01
201600039557;0;7;0;0;2;3;15;B01
201600039558;0;7;0;0;2;6;11;A01
201600039558;0;7;0;0;2;2;2;B01
201600039559;2;7;0;0;1;3;0;A01
201600039560;2;7;0;0;2;3;11;A01
201600039560;2;7;0;0;0;6;1;B01
201600039561;0;7;0;0;1;1;1;A01
201600039562;1;30;0;0;0;8;2;A01
201600039563;1;7;0;0;0;1;10;A01
201600039563;2;30;0;0;2;1;1;B01
201600039564;0;2;0;0;1;0;1;Z01
201600039565;1;34;0;0;2;7;1;B01
201600039565;0;7;0;0;2;3;10;Z01
201600039566;2;7;0;0;1;1;1;A01
201600039567;0;2;0;1;1;1;0;Z01
201600039568;0;33;0;0;2;1;1;A01
201600039568;0;7;0;0;2;6;16;B01
201600039569;0;7;0;0;2;4;0;B01
201600039569;0;7;0;0;2;1;2;Z01
201600039570;0;3;0;0;1;1;2;A01
201600039571;0;7;0;0;2;2;19;A01
201600039571;1;32;0;0;2;7;1;B01
201600039572;0;10;0;0;1;2;10;A01
201600039572;0;32;0;0;2;8;1;B01
201600039573;1;7;0;0;2;1;1;A01
201600039573;2;7;0;0;2;3;9;B01
201600039574;0;7;0;1;1;7;1;A01
201600039575;1;32;0;0;1;1;0;A01
201600039576;2;10;0;0;0;8;1;A01
201600039577;1;33;0;0;1;3;1;A01
201600039578;0;7;0;0;1;2;1;A01
201600039579;2;7;0;0;2;2;11;A01
201600039579;1;33;0;0;2;3;2;B01
201600039580;1;7;0;0;2;7;1;B01
201600039580;2;30;0;0;2;1;1;A01
201600039581;0;10;0;1;2;1;1;A01
201600039582;0;7;0;0;2;1;2;A01
201600039582;0;7;0;0;2;4;2;B01
201600039583;0;33;0;0;2;1;0;A01
201600039583;0;7;0;0;2;3;15;B01
201600039584;0;7;0;1;2;2;5;A01
201600039584;0;7;0;0;2;2;1;B01
201600039585;0;7;0;0;1;2;14;A01
201600039586;2;33;0;0;1;2;1;A01
201600039587;2;34;0;0;0;8;1;B01
201600039587;0;7;0;0;0;1;15;A01
201600039588;2;7;0;0;1;2;1;A01
201600039589;2;2;0;0;2;1;1;B01
201600039589;2;7;0;0;2;3;10;Z01
201600039590;0;10;0;0;2;2;2;A01
201600039590;0;7;0;0;2;1;1;B01
201600039590;0;7;0;0;2;1;1;C01
201600039590;0;7;0;0;2;9;23;D01
201600039590;0;7;0;0;2;2;1;E01
201600039590;0;7;0;0;2;4;1;F02
201600039591;2;13;0;0;2;1;2;A01
201600039591;2;7;0;0;2;4;2;B01
201600039592;2;7;0;0;1;2;2;A01
201600039593;0;14;0;0;1;1;1;A01
201600039594;2;7;0;0;1;1;2;A01
201600039595;2;34;0;0;2;7;1;A01
201600039596;0;7;0;15;2;0;0;A01
201600039596;0;7;0;15;2;0;0;B01
201600039597;2;7;0;0;1;2;18;A01
201600039598;0;7;0;0;9;1;20;A01
201600039599;0;33;0;0;2;1;2;A01
201600039599;0;10;0;0;2;3;15;B01
201600039600;0;7;0;0;1;1;3;A01
201600039601;0;37;0;1;2;5;1;A01
201600039601;0;7;0;0;2;3;22;B01
201600039602;0;30;0;0;2;0;17;A01
201600039603;1;14;0;0;2;2;16;A01
201600039603;2;1;0;0;2;1;19;B01
201600039604;0;7;0;0;2;2;1;B01
201600039604;0;1;0;0;2;6;9;A01
201600039605;1;37;1;0;2;1;1;B01
201600039605;0;10;0;0;2;1;1;A01
201600039606;1;7;0;0;1;4;4;A01
201600039607;0;7;0;0;2;2;10;A01
201600039607;0;32;0;0;2;1;1;B01
201600039608;2;7;0;0;1;1;1;A01
201600039609;0;1;0;0;2;1;0;A01
201600039609;0;7;0;0;2;0;0;Z01
201600039610;1;7;0;0;1;1;1;A01
201600039611;1;32;0;14;0;7;1;A01
201600039612;0;2;0;0;2;1;1;A01
201600039612;0;7;0;0;2;3;1;B01
201600039613;2;3;0;0;1;3;5;Z01
201600039614;0;7;0;0;1;1;1;A01
201600039615;1;7;0;0;2;3;10;A01
201600039615;2;32;0;0;2;1;1;B01
201600039616;2;30;0;0;2;1;1;A01
201600039616;2;7;0;0;2;6;1;B01
201600039617;1;7;0;0;1;2;1;A01
201600039618;2;2;0;0;1;1;0;A01
201600039619;1;7;0;0;2;1;2;A01
201600039619;1;7;0;0;2;4;2;B01
201600039620;0;32;0;0;1;2;1;A01
201600039621;0;7;0;1;1;2;1;A01
201600039622;2;7;0;0;2;1;2;A01
201600039622;2;7;0;0;0;4;0;B01
201600039623;2;7;0;0;2;4;2;B01
201600039623;2;7;0;0;2;4;2;C01
201600039623;2;7;0;0;2;1;2;Z01
201600039624;0;30;0;0;2;8;2;A01
201600039624;0;1;0;0;2;7;19;B01
201600039625;2;7;0;0;2;4;2;A01
201600039625;2;1;0;0;2;1;2;B01
201600039626;0;7;0;0;0;2;0;A01
201600039626;0;7;0;0;0;3;0;B01
201600039627;1;7;0;0;2;1;12;A01
201600039627;1;7;0;0;2;6;1;B01
201600039627;1;7;0;0;2;5;1;C01
201600039628;0;33;0;0;2;1;2;A01
201600039628;0;7;0;0;2;6;15;B01
201600039629;1;33;0;0;0;1;17;A01
201600039629;1;7;0;0;0;0;11;B01
201600039630;1;7;0;0;0;3;2;A01
201600039631;2;7;0;0;2;1;1;A01
201600039631;2;7;0;0;2;2;1;B01
201600039632;0;32;0;1;0;3;18;B01
201600039632;0;7;0;1;0;2;23;A01
201600039633;0;32;0;0;2;8;1;B01
201600039633;0;7;0;0;0;1;15;A01
201600039634;0;7;0;0;1;2;0;A01
201600039635;0;7;0;0;2;2;16;A01
201600039635;0;1;0;0;2;3;1;B01
201600039636;0;7;0;0;2;3;22;A01
201600039636;0;1;0;1;2;1;1;B01
201600039637;0;34;0;0;2;8;2;A01
201600039637;0;7;0;0;2;0;1;Z01
201600039638;1;7;0;0;1;1;2;A01
201600039639;2;7;0;0;2;1;1;A01
201600039639;2;7;0;0;2;4;23;B01
201600039640;1;30;0;0;1;1;1;Z01
201600039641;2;7;0;0;1;2;1;A01
201600039642;1;7;0;0;1;2;1;A01
201600039643;2;7;0;1;0;9;21;A01
201600039644;2;7;0;0;1;2;1;A01
201600039645;0;7;0;0;2;3;2;B01
201600039645;0;7;0;0;2;4;0;C01
201600039645;0;7;0;0;1;4;0;E01
201600039645;0;7;0;0;2;2;9;A01
201600039646;1;7;0;0;2;2;15;A01
201600039646;2;7;0;0;2;1;1;B01
201600039647;0;7;0;0;2;2;15;B01
201600039647;0;32;0;0;2;2;2;A01
201600039648;0;7;0;0;1;2;9;A01
201600039649;1;7;0;0;1;1;1;A01
201600039650;2;7;0;0;2;8;22;A01
201600039650;2;1;0;0;2;1;1;B01
201600039651;2;7;0;0;1;1;1;A01
201600039652;2;32;0;0;1;1;1;A01
201600039652;1;7;0;0;2;2;2;B01
201600039653;0;7;0;0;0;7;15;A01
201600039653;2;32;0;0;2;1;1;B01
201600039654;1;7;0;0;2;0;2;A01
201600039654;1;32;0;0;2;0;0;B01
201600039655;0;7;0;0;2;3;15;A01
201600039655;1;33;0;0;2;1;2;B01
201600039656;1;34;0;0;2;7;2;B01
201600039656;1;7;0;0;2;0;10;Z01
201600039657;2;7;0;0;0;1;15;A01
201600039657;1;30;0;0;0;1;17;B01
201600039658;0;7;0;0;2;1;5;A01
201600039658;0;33;0;0;2;1;1;B01
201600039659;0;2;0;0;0;1;15;A01
201600039659;0;7;0;0;0;1;2;B01
201600039660;0;7;0;0;2;3;1;A01
201600039660;0;7;0;0;2;7;11;B01
201600039661;1;7;0;0;1;1;1;A01
201600039662;1;14;0;0;2;7;2;A01
201600039662;1;1;0;0;2;7;2;B01
201600039663;1;7;0;0;2;8;1;B01
201600039663;1;7;0;0;2;0;0;A01
201600039664;1;7;0;0;2;1;9;A01
201600039664;0;7;0;0;2;7;1;B01
201600039665;2;33;0;0;2;3;5;A01
201600039665;1;7;0;0;2;3;1;B01
201600039666;2;7;0;0;1;1;0;A01
201600039667;0;32;0;0;2;6;0;A01
201600039667;0;7;0;0;2;2;11;B01
201600039668;2;7;0;0;2;3;10;A01
201600039668;1;30;0;0;2;1;1;B01
201600039669;0;7;0;0;1;1;1;A01
201600039670;0;33;0;0;1;3;0;A01
201600039671;0;33;0;0;2;9;17;A01
201600039671;0;7;0;0;2;0;1;B01
201600039672;0;7;0;0;1;3;1;A01
201600039673;0;31;0;0;2;2;0;A01
201600039673;0;7;0;0;2;6;0;B01
201600039673;0;7;0;0;2;4;0;C01
201600039674;0;34;0;0;1;1;1;A01
201600039675;1;7;0;0;1;1;1;A01
201600039676;1;7;0;0;0;6;23;A01
201600039676;1;14;0;1;0;2;13;B01
201600039677;0;37;1;0;9;2;2;A01
201600039677;0;1;0;0;2;1;19;B01
201600039678;0;7;0;0;0;3;10;A01
201600039678;0;31;0;0;0;1;0;B01
201600039679;0;7;0;0;1;3;0;A01
201600039680;1;2;0;0;2;3;2;A01
201600039680;1;10;0;0;2;1;2;Z01
201600039681;0;10;0;0;2;2;10;A01
201600039681;0;7;0;0;2;3;1;B01
201600039682;2;7;0;0;2;1;0;A01
201600039682;2;7;0;0;1;4;0;B01
201600039683;0;10;0;0;2;3;0;B01
201600039683;0;7;0;0;2;2;0;A01
201600039684;0;7;0;0;0;0;1;A01
201600039685;0;7;0;0;0;2;0;A01
201600039685;0;1;0;0;2;1;0;B01
201600039686;0;7;0;0;0;6;9;A01
201600039686;0;7;0;0;0;3;1;B01
201600039687;0;7;0;0;0;2;0;A01
201600039688;0;7;0;0;2;1;1;A01
201600039688;0;7;0;0;2;1;1;B01
201600039689;0;7;0;9;2;4;0;A01
201600039689;0;13;0;0;2;1;1;B01
201600039690;0;7;0;1;2;2;20;A01
201600039690;1;31;0;0;2;0;0;B01
201600039691;0;7;0;0;1;1;1;A01
201600039692;0;20;0;0;2;6;0;A01
201600039692;0;10;0;0;2;3;0;B01
201600039693;0;7;0;0;2;6;11;A01
201600039693;0;7;0;0;2;2;21;B01
201600039693;0;7;0;0;2;6;1;C01
201600039694;0;7;0;0;1;0;0;A01
201600039695;0;7;0;0;2;6;0;A01
201600039695;0;7;0;0;2;1;0;B01
201600039696;0;7;0;0;1;2;1;A01
201600039697;0;7;0;0;2;1;15;A01
201600039697;0;7;0;0;2;3;1;B01
201600039698;1;38;15;0;2;7;21;A01
201600039698;1;7;0;0;2;1;23;B01
201600039698;1;3;0;0;0;1;0;C01
201600039699;0;7;0;0;9;2;0;A01
201600039700;1;7;0;0;2;1;19;A01
201600039700;2;7;0;9;2;8;19;B01
201600039701;0;34;0;0;2;1;0;A01
201600039701;0;7;0;0;0;5;0;B01
201600039702;0;7;0;0;2;3;0;B01
201600039702;0;30;0;0;2;3;0;A01
201600039703;0;10;0;0;2;1;13;A01
201600039703;0;10;0;0;2;6;1;B01
201600039704;0;7;0;0;2;3;9;A01
201600039704;0;34;0;0;2;1;1;B01
201600039705;0;7;0;0;2;7;15;A01
201600039705;0;7;0;0;2;1;0;B01
201600039706;0;10;0;0;2;0;1;Z01
201600039706;0;7;0;0;2;5;1;A01
201600039707;0;7;0;0;2;1;2;A01
201600039707;0;7;0;0;2;4;23;B01
201600039707;0;7;0;0;2;4;23;C01
201600039708;0;7;0;0;0;0;0;A01
201600039708;0;7;0;0;2;5;1;B01
201600039709;0;7;0;0;2;3;1;B01
201600039709;0;7;0;0;2;2;1;A01
201600039710;0;7;0;0;0;3;5;A01
201600039710;0;7;0;0;0;3;2;B01
201600039710;0;7;0;0;0;8;2;C01
201600039711;0;7;0;0;0;5;0;A01
201600039711;0;33;0;0;0;1;1;B01
201600039712;0;7;0;0;9;3;1;A01
201600039712;0;1;0;0;2;1;15;B01
201600039713;0;7;0;3;0;9;1;A01
201600039714;0;10;0;0;2;2;9;A01
201600039714;0;10;0;0;2;1;0;B01
201600039715;0;7;0;0;0;2;0;A01
201600039715;0;7;0;0;2;3;0;C01
201600039715;0;7;0;0;0;0;0;B01
201600039716;0;7;0;0;2;3;0;A01
201600039716;0;7;0;0;2;2;1;B01
201600039717;0;7;0;0;2;3;9;A01
201600039717;0;7;0;0;2;2;0;B01
201600039718;0;10;0;0;2;2;12;A01
201600039718;0;7;0;0;0;6;1;B01
201600039719;1;7;0;8;2;1;1;A01
201600039719;1;7;0;0;2;3;16;B01
201600039720;0;7;0;0;2;1;2;A01
201600039720;0;7;0;0;2;4;10;B01
201600039721;0;7;0;0;0;1;1;A01
201600039721;0;3;0;0;0;7;1;B01
201600039722;0;7;0;0;0;4;0;A01
201600039722;0;7;0;0;0;0;0;B01
201600039723;0;32;0;14;0;1;0;A01
201600039723;0;3;0;0;2;2;0;B01
201600039723;0;37;1;0;2;3;23;C01
201600039724;0;7;0;0;9;1;1;A01
201600039724;0;1;0;0;2;7;19;B01
201600039725;2;7;0;0;2;1;0;B01
201600039725;2;7;0;0;2;6;0;A01
201600039726;0;37;1;0;1;0;2;A01
201600039727;0;7;0;0;2;1;2;A01
201600039727;0;7;0;0;2;4;2;B01
201600039728;0;7;0;0;1;1;0;A01
201600039729;0;7;0;0;1;0;19;A01
201600039730;0;7;0;0;2;1;5;A01
201600039730;0;34;0;0;2;3;1;B01
201600039730;0;7;0;0;2;6;2;C01
201600039731;0;7;0;0;2;7;9;A01
201600039731;0;7;0;0;2;1;1;B01
201600039732;1;7;0;0;0;4;2;A01
201600039732;1;7;0;0;0;1;2;B01
201600039733;0;7;0;0;1;0;0;A01
201600039734;0;7;0;0;2;0;0;A01
201600039734;0;7;0;0;2;0;0;B01
201600039734;0;37;1;0;2;0;0;C01
201600039735;0;7;0;0;2;3;2;A01
201600039735;0;2;0;0;2;2;2;B01
201600039736;0;7;0;0;2;1;0;A01
201600039736;0;7;0;0;2;1;0;B01
201600039737;0;7;0;0;2;1;1;B01
201600039737;0;7;0;1;2;6;1;A01
201600039738;0;7;0;9;0;1;0;A01
201600039739;0;34;0;0;2;7;17;A01
201600039739;0;7;0;0;2;3;0;B01
201600039740;0;7;0;0;1;0;0;A01
201600039741;0;7;0;0;2;1;1;A01
201600039741;0;7;0;0;2;3;2;B01
201600039742;0;7;0;0;2;5;11;A01
201600039742;0;7;0;0;2;1;2;B01
201600039743;0;7;0;0;9;2;0;A01
201600039744;0;7;0;8;2;2;0;A01
201600039744;0;7;0;0;2;6;0;B01
201600039745;0;7;0;0;2;3;0;A01
201600039745;0;33;0;0;2;1;1;B01
201600039746;0;13;0;0;2;1;2;A01
201600039746;0;7;0;0;2;4;2;B01
201600039747;0;7;0;0;2;8;1;B01
201600039747;0;30;0;0;2;1;17;A01
201600039748;1;7;0;0;2;3;11;A01
201600039748;1;7;0;0;0;6;2;B01
201600039748;1;7;0;0;2;5;2;C01
201600039749;0;7;0;0;2;7;1;A01
201600039749;0;34;0;0;2;7;1;B01
201600039750;0;7;0;0;2;1;2;A01
201600039750;0;7;0;0;2;3;2;B01
201600039750;0;7;0;0;2;1;5;C01
201600039751;0;34;0;0;0;0;0;A01
201600039751;0;7;0;0;0;6;2;B01
201600039752;0;7;0;0;2;6;0;A01
201600039752;0;7;0;1;2;2;1;B01
201600039752;0;7;0;0;2;4;1;C01
201600039753;0;7;0;0;2;8;1;B01
201600039753;0;7;0;0;2;1;1;A01
201600039754;1;7;0;0;1;2;14;A01
201600039755;0;7;0;0;2;3;0;A01
201600039755;0;7;0;0;2;1;16;B01
201600039756;0;7;0;0;1;6;0;A01
201600039757;0;7;0;15;0;1;0;A01
201600039758;0;7;0;0;0;1;1;A01
201600039758;0;1;0;0;2;0;0;B01
201600039759;0;31;0;0;2;1;1;A01
201600039759;0;7;0;0;2;7;15;B01
201600039760;1;7;0;6;0;1;0;A01
201600039761;0;7;0;0;2;1;2;A01
201600039761;0;7;0;0;2;4;2;B01
201600039761;0;7;0;0;2;4;2;C01
201600039762;0;33;0;0;2;1;2;A01
201600039762;0;7;0;0;2;2;2;B01
201600039763;0;7;0;0;2;6;0;A01
201600039763;0;7;0;0;2;0;0;B01
201600039764;0;7;0;0;2;1;15;A01
201600039764;0;33;0;0;2;1;1;B01
201600039765;1;32;0;0;1;8;0;A01
201600039766;0;10;0;0;2;1;21;A01
201600039766;0;1;0;0;2;8;19;B01
201600039767;0;7;0;0;2;8;0;B01
201600039767;0;3;0;0;2;1;0;A01
201600039768;0;7;0;0;1;2;9;A01
201600039769;0;7;0;0;0;1;6;A01
201600039770;0;7;0;0;9;1;2;A01
201600039770;0;1;0;0;2;0;19;B01
201600039771;0;7;0;0;2;7;10;A01
201600039771;0;7;0;0;2;1;0;B01
201600039772;0;7;0;0;2;1;1;Z01
201600039772;0;10;0;0;2;6;1;B01
201600039773;2;3;0;0;2;1;0;A01
201600039773;1;3;0;0;0;1;0;B01
201600039774;0;7;0;0;2;4;23;A01
201600039774;0;7;0;0;2;0;2;B01
201600039775;2;7;0;1;0;1;1;A01
201600039776;0;7;0;0;0;6;2;B01
201600039776;0;30;0;0;2;1;1;A01
201600039777;0;10;0;0;2;1;19;A01
201600039777;0;7;0;0;2;8;19;B01
201600039778;1;3;0;0;2;1;2;A01
201600039778;0;7;0;0;0;4;2;B01
201600039778;0;7;0;0;2;1;0;C01
201600039779;0;7;0;0;2;1;2;A01
201600039779;0;7;0;0;2;4;2;B01
201600039780;0;7;0;0;2;1;15;A01
201600039780;0;7;0;15;2;3;1;B01
201600039781;0;10;0;0;0;0;0;A01
201600039782;2;7;0;0;2;6;0;B01
201600039782;2;7;0;0;2;1;0;A01
201600039783;0;1;0;0;2;0;9;A01
201600039783;0;7;0;0;9;0;2;Z01
201600039784;0;7;0;0;2;4;0;A01
201600039784;0;7;0;0;2;0;0;Z01
201600039785;0;1;0;0;2;4;1;A01
201600039785;0;7;0;0;2;1;1;B01
201600039786;0;33;0;0;2;0;14;A01
201600039786;0;7;0;0;2;0;16;B01
201600039787;0;32;0;0;2;2;1;B01
201600039787;0;7;0;0;2;3;15;A01
201600039788;0;30;0;0;2;8;5;A01
201600039788;0;7;0;0;2;1;9;B01
201600039789;0;7;0;0;1;1;1;A01
201600039790;0;7;0;0;2;8;1;B01
201600039790;0;10;0;0;2;1;1;A01
201600039790;0;7;0;0;2;3;23;C01
201600039791;0;7;0;9;2;7;1;A01
201600039791;0;7;0;0;2;1;1;B01
201600039792;2;7;0;0;1;2;0;A01
201600039793;0;7;0;0;2;1;1;A01
201600039793;0;7;0;0;0;4;2;B01
201600039794;0;7;0;0;2;7;11;A01
201600039794;0;33;0;0;2;1;2;B01
201600039795;0;7;0;0;1;1;0;A01
201600039796;0;7;0;0;2;7;1;A01
201600039796;0;7;0;0;2;2;3;B01
201600039797;1;2;0;0;1;1;0;A01
201600039798;0;30;0;0;2;1;1;A01
201600039798;0;7;0;0;2;4;0;B01
201600039799;0;7;0;0;2;1;2;A01
201600039799;0;7;0;0;2;4;0;B01
201600039799;0;7;0;0;2;4;0;C01
201600039799;0;7;0;0;2;4;0;D01
201600039799;0;7;0;0;2;0;0;E01
201600039800;1;7;0;8;1;1;17;A01
201600039800;0;7;0;0;2;7;15;B01
201600039801;0;7;0;0;2;7;15;A01
201600039801;0;31;0;0;2;0;0;B01
201600039802;0;7;0;0;2;1;1;A01
201600039802;0;7;0;0;0;4;1;B01
201600039803;1;7;0;0;1;2;1;A01
201600039804;0;10;0;0;1;4;4;A01
201600039805;0;33;0;0;2;0;0;A01
201600039805;0;7;0;0;2;2;2;B01
201600039806;1;7;0;0;2;1;2;A01
201600039806;0;7;0;0;2;6;2;B01
201600039807;0;37;0;14;2;1;2;A01
201600039807;0;7;0;0;2;4;2;B01
201600039807;0;7;0;0;2;4;2;C01
201600039807;0;7;0;0;2;4;2;D01
201600039808;0;7;0;0;9;3;2;A01
201600039808;0;1;0;1;0;1;13;B01
201600039809;0;7;0;0;0;0;0;A01
201600039810;1;7;0;0;1;3;1;A01
201600039811;0;7;0;0;2;0;0;Z01
201600039811;0;7;0;0;0;3;1;A01
201600039812;0;30;0;0;2;8;0;B01
201600039812;0;7;0;0;2;1;0;A01
201600039813;0;7;0;0;1;1;1;A01
201600039814;0;7;0;0;2;8;1;B01
201600039814;0;7;0;0;2;1;1;A01
201600039815;0;13;0;0;0;2;0;A01
201600039815;0;32;0;0;2;1;0;B01
201600039816;1;7;0;15;0;1;0;A01
201600039817;0;7;0;0;2;0;0;B01
201600039817;0;7;0;0;2;2;0;A01
201600039818;0;1;0;0;2;1;1;B01
201600039818;0;7;0;0;9;3;1;A01
201600039819;0;7;0;0;2;1;0;A01
201600039819;0;7;0;0;2;3;0;B01
201600039820;2;7;0;0;1;1;0;A01
201600039821;0;7;0;8;0;1;2;A01
201600039822;0;7;0;0;0;4;2;A01
201600039822;0;7;0;0;2;1;2;B01
201600039823;0;7;0;0;2;1;2;A01
201600039823;0;7;0;0;2;1;2;B01
201600039823;0;10;0;0;2;4;2;C01
201600039824;0;7;0;0;2;1;0;A01
201600039824;0;7;0;3;2;4;0;B01
201600039825;0;2;0;0;2;1;0;A01
201600039825;0;31;0;0;2;7;15;B01
201600039826;0;7;0;0;1;1;0;A01
201600039827;0;34;0;0;1;1;2;A01
201600039828;0;7;0;0;9;1;21;A01