Num_Acc;senc;catv;occutc;obs;obsm;choc;manv;num_veh
201600039828;0;1;0;0;2;1;1;B01
201600039829;0;7;0;0;2;1;2;A01
201600039829;0;10;0;0;2;7;2;B01
201600039830;0;7;0;0;1;0;0;Z01
201600039831;0;99;0;0;1;0;0;Z01
201600039832;0;7;0;0;2;5;0;A01
201600039832;0;7;0;0;2;1;2;B01
201600039833;0;7;0;0;0;3;10;A01
201600039833;0;37;2;0;0;2;2;B01
201600039834;0;7;0;0;0;1;0;A01
201600039834;0;7;0;0;0;4;0;B01
201600039834;0;7;0;0;0;4;0;C01
201600039834;0;7;0;0;0;4;0;D01
201600039834;0;7;0;0;0;4;0;E01
201600039835;0;7;0;0;0;2;2;A01
201600039836;2;7;0;0;2;1;1;A01
201600039836;2;1;0;0;2;7;0;B01
201600039837;2;7;0;12;0;1;1;A01
201600039837;1;7;0;0;2;3;23;B01
201600039838;0;7;0;1;0;2;2;A01
201600039838;0;7;0;1;0;1;2;B01
201600039838;0;7;0;0;0;4;24;C01
201600039839;1;7;0;2;0;1;0;A01
201600039840;0;99;0;0;0;0;0;A01
201600039841;0;7;0;0;1;1;20;A01
201600039842;0;7;0;0;1;1;0;A01
201600039843;0;33;0;6;0;1;0;A01
201600039844;0;10;0;0;2;1;0;A01
201600039844;0;10;0;0;2;2;0;B01
201600039845;0;7;0;0;2;3;1;A01
201600039845;0;7;0;0;2;5;1;B01
201600039846;0;7;0;0;2;1;0;A01
201600039846;0;37;1;0;0;2;1;B01
201600039847;1;7;0;0;2;2;1;A01
201600039847;1;7;0;0;2;8;1;B01
201600039848;0;7;0;0;2;2;1;A01
201600039848;0;7;0;0;2;0;5;B01
201600039849;0;7;0;1;0;3;1;A01
201600039850;0;7;0;0;2;2;10;A01
201600039850;0;31;0;0;2;8;1;B01
201600039851;0;10;0;0;0;3;15;A01
201600039851;0;7;0;0;0;0;1;B01
201600039852;2;7;0;0;2;3;15;A01
201600039852;2;30;0;0;2;1;17;B01
201600039853;0;7;0;0;2;8;0;A01
201600039853;0;7;0;0;2;1;0;B01
201600039854;0;7;0;0;2;1;9;A01
201600039854;0;7;0;0;2;8;1;B01
201600039855;2;7;0;1;1;3;1;A01
201600039856;1;7;0;1;0;7;1;A01
201600039857;1;7;0;1;1;3;1;A01
201600039858;1;7;0;0;1;3;15;A01
201600039859;1;7;0;0;2;7;2;B01
201600039859;1;7;0;0;2;1;9;A01
201600039860;0;2;0;1;1;5;0;A01
201600039861;0;7;0;0;0;1;2;A01
201600039861;0;7;0;0;2;4;2;B01
201600039861;0;7;0;0;2;4;2;C01
201600039862;0;7;0;0;2;4;0;A01
201600039862;0;7;0;0;2;4;0;B01
201600039862;0;38;1;0;2;1;0;C01
201600039863;1;3;0;0;1;3;15;A01
201600039864;0;7;0;0;1;0;0;A01
201600039865;0;7;0;0;1;2;1;A01
201600039866;0;7;0;0;0;4;0;A01
201600039866;0;7;0;0;2;1;2;B01
201600039867;0;7;0;0;1;3;15;A01
201600039868;1;7;0;0;2;3;10;A01
201600039868;1;7;0;8;2;1;2;B01
201600039869;0;7;0;0;1;2;2;A01
201600039870;0;7;0;0;2;0;0;B01
201600039870;0;99;0;0;2;0;0;A01
201600039871;0;7;0;0;2;8;0;A01
201600039871;0;10;0;0;0;0;0;B01
201600039872;2;7;0;0;2;2;10;A01
201600039872;2;33;0;0;2;1;1;B01
201600039873;0;7;0;0;2;3;1;B01
201600039873;0;7;0;0;2;1;1;A01
201600039874;0;7;0;0;0;6;15;A01
201600039874;1;33;0;0;2;6;15;B01
201600039875;0;7;0;0;0;3;24;A01
201600039875;0;7;0;1;0;3;1;B01
201600039876;0;37;0;0;0;3;10;B01
201600039876;0;33;0;0;2;2;0;A01
201600039877;0;7;0;6;9;1;15;A01
201600039878;0;7;0;0;1;1;1;A01
201600039879;0;7;0;0;2;3;1;B01
201600039879;0;7;0;0;2;1;1;A01
201600039880;2;2;0;0;2;2;1;A01
201600039880;0;7;0;0;2;3;9;B01
201600039881;0;7;0;0;9;3;0;A01
201600039881;0;1;0;0;2;0;0;B01
201600039882;0;10;0;0;1;1;1;A01
201600039883;0;7;0;0;0;5;15;A01
201600039883;0;32;0;0;2;1;1;B01
201600039884;1;7;0;0;2;2;2;A01
201600039884;0;33;0;0;2;4;16;B01
201600039885;1;99;0;0;0;0;0;A01
201600039886;1;7;0;0;2;3;10;A01
201600039886;1;33;0;0;2;1;1;B01
201600039887;0;7;0;1;0;1;1;A01
201600039888;2;7;0;1;0;2;2;A01
201600039889;0;7;0;0;1;8;1;A01
201600039890;0;13;0;0;1;7;16;A01
201600039891;0;7;0;0;2;3;1;A01
201600039891;0;32;0;0;2;7;16;B01
201600039892;1;7;0;0;2;1;1;A01
201600039892;2;33;0;0;2;1;0;B01
201600039893;2;7;0;0;2;3;1;A01
201600039893;0;7;0;0;2;3;9;B01
201600039894;1;7;0;0;2;2;9;A01
201600039894;2;33;0;0;2;1;5;B01
201600039895;0;7;0;3;0;1;2;A01
201600039896;0;7;0;0;0;1;0;A01
201600039897;0;7;0;0;0;0;0;A01
201600039898;2;33;0;1;0;7;21;A01
201600039898;2;7;0;0;0;0;9;B01
201600039899;0;7;0;0;2;1;5;A01
201600039899;0;10;0;0;2;3;2;B01
201600039900;1;37;0;0;2;1;0;A01
201600039900;2;99;0;0;2;0;22;B01
201600039901;0;7;0;0;0;0;0;A01
201600039901;0;1;0;0;0;0;0;B01
201600039902;1;7;0;0;2;1;1;A01
201600039902;1;7;0;0;0;4;1;B01
201600039903;0;7;0;0;1;8;1;A01
201600039904;1;7;0;0;0;5;23;A01
201600039904;1;34;0;0;2;1;2;B01
201600039905;0;7;0;0;1;2;15;A01
201600039906;0;7;0;0;0;3;15;A01
201600039906;0;33;0;0;0;1;0;B01
201600039907;0;7;0;0;0;2;1;A01
201600039908;0;7;0;0;0;1;9;A01
201600039908;0;7;0;0;2;2;1;B01
201600039909;1;10;0;0;2;2;12;A01
201600039909;1;7;0;0;2;3;1;B01
201600039910;0;2;0;0;0;7;0;A01
201600039911;1;7;0;0;1;2;0;A01
201600039912;1;7;0;1;0;2;1;A01
201600039913;1;7;0;14;0;3;2;A01
201600039914;1;34;0;0;2;3;21;A01
201600039914;1;7;0;0;0;5;0;B01
201600039915;0;7;0;0;2;1;2;A01
201600039915;0;7;0;0;2;5;9;B01
201600039916;0;7;0;0;1;1;1;A01
201600039917;1;7;0;8;2;8;1;A01
201600039917;0;7;0;0;2;3;16;B01
201600039918;0;7;0;12;0;2;0;A01
201600039919;0;7;0;0;2;9;1;A01
201600039919;0;7;0;0;2;6;1;E01
201600039920;1;7;0;1;0;1;2;A01
201600039920;1;7;0;0;0;4;24;B01
201600039921;0;7;0;0;2;2;9;A01
201600039921;0;7;0;0;2;2;0;B01
201600039922;0;7;0;8;2;1;1;A01
201600039922;0;7;0;8;2;8;1;B01
201600039923;0;7;0;0;0;0;12;A01
201600039923;0;32;0;0;2;0;21;B01
201600039924;2;10;0;0;2;1;2;A01
201600039924;2;7;0;0;0;4;2;B01
201600039925;0;33;0;0;2;1;18;A01
201600039925;0;7;0;0;2;5;12;B01
201600039926;0;33;0;0;2;1;1;A01
201600039926;0;7;0;0;0;4;1;B01
201600039927;1;2;0;0;9;1;1;A01
201600039928;0;7;0;0;2;1;5;A01
201600039928;0;7;0;0;2;1;2;B01
201600039929;0;7;0;8;0;1;16;A01
201600039930;0;7;0;0;2;2;2;A01
201600039930;0;1;0;0;2;6;2;B01
201600039931;0;7;0;0;1;3;2;A01
201600039932;0;99;0;0;2;5;0;A01
201600039932;0;99;0;0;2;1;0;B01
201600039933;0;7;0;0;0;4;1;A01
201600039933;0;7;0;0;0;1;0;B01
201600039934;0;7;0;0;1;7;1;A01
201600039935;0;7;0;0;0;0;1;A01
201600039936;0;30;0;0;0;1;2;A01
201600039936;0;7;0;0;0;5;16;B01
201600039937;0;7;0;0;1;2;16;A01
201600039938;0;7;0;0;0;0;0;A01
201600039938;0;1;0;0;0;0;0;B01
201600039939;0;7;0;6;2;1;1;A01
201600039939;0;7;0;0;2;2;1;B01
201600039940;0;32;0;0;1;1;1;A01
201600039941;0;7;0;12;0;1;0;A01
201600039942;0;33;0;0;0;1;17;A01
201600039942;0;7;0;0;0;3;0;B01
201600039943;0;7;0;0;1;2;1;A01
201600039944;0;7;0;0;9;2;9;A01
201600039944;0;1;0;0;2;1;5;B01
201600039945;0;7;0;0;0;0;1;A01
201600039946;1;32;0;0;0;0;0;A01
201600039947;0;7;0;1;0;1;1;A01
201600039948;0;7;0;0;2;2;16;A01
201600039948;0;7;0;0;2;1;1;B01
201600039949;0;7;0;0;0;3;0;A01
201600039949;0;7;0;0;0;0;0;B01
201600039950;1;7;0;0;2;3;11;A01
201600039950;1;7;0;0;2;5;1;B01
201600039951;0;3;0;0;0;1;2;B01
201600039951;0;3;0;0;0;3;2;A01
201600039952;0;7;0;0;1;1;15;A01
201600039953;0;7;0;0;1;2;0;A01
201600039954;0;7;0;0;1;8;2;A01
201600039955;0;7;0;0;2;1;2;A01
201600039955;0;7;0;0;2;4;2;B01
201600039955;0;7;0;0;2;4;2;C01
201600039955;0;7;0;0;0;4;2;D01
201600039956;1;7;0;0;2;1;11;A01
201600039956;1;7;0;0;2;3;2;B01
201600039957;2;7;0;8;0;1;1;A01
201600039958;0;7;0;0;2;2;2;A01
201600039958;0;7;0;0;2;3;0;B01
201600039959;0;7;0;0;0;0;1;A01
201600039960;0;32;0;0;0;2;1;A01
201600039961;2;30;0;0;2;8;0;A01
201600039962;0;7;0;0;0;2;11;A01
201600039962;0;7;0;0;0;6;1;B01
201600039963;0;7;0;10;0;5;24;A01
201600039963;2;7;0;0;2;2;17;B01
201600039963;2;10;0;0;2;7;2;C01
201600039964;0;7;0;0;2;1;2;A01
201600039964;0;7;0;0;2;4;2;B01
201600039965;0;7;0;0;0;2;11;A01
201600039965;0;33;0;0;0;2;2;B01
201600039966;0;7;0;0;2;2;16;A01
201600039966;0;7;0;0;0;0;19;B01
201600039967;0;10;0;12;0;2;0;A01
201600039968;0;10;0;0;0;5;14;A01
201600039968;0;2;0;0;2;3;1;B01
201600039969;0;7;0;0;2;0;1;A01
201600039969;0;7;0;0;0;4;0;B01
201600039970;0;7;0;0;0;7;9;A01
201600039970;0;33;0;0;0;1;19;B01
201600039971;2;7;0;0;0;1;1;A01
201600039972;1;7;0;0;1;1;2;A01
201600039973;0;7;0;0;1;3;0;A01
201600039974;0;7;0;0;2;4;23;A01
201600039974;0;7;0;0;2;1;1;B01
201600039975;0;7;0;0;2;7;1;A01
201600039975;0;7;0;0;2;1;1;B01
201600039976;0;7;0;0;0;0;0;A01
201600039977;0;7;0;0;0;7;12;A01
201600039977;0;33;0;0;0;3;7;B01
201600039978;0;7;0;0;0;2;1;A01
201600039978;0;7;0;0;0;6;2;B01
201600039979;0;7;0;0;1;1;15;A01
201600039980;0;7;0;0;1;3;19;A01
201600039981;1;7;0;0;2;9;2;A01
201600039981;1;7;0;0;2;7;2;B01
201600039981;0;7;0;0;2;9;2;C01
201600039981;0;7;0;0;2;5;2;D01
201600039981;1;7;0;0;2;5;2;E01
201600039981;1;10;0;0;2;5;2;F02
201600039981;1;7;0;0;0;9;2;G02
201600039982;0;37;0;0;0;0;16;A01
201600039983;0;32;0;0;2;1;1;A01
201600039983;0;7;0;0;2;6;15;B01
201600039984;0;31;0;0;2;1;11;A01
201600039984;0;7;0;0;2;5;1;B01
201600039984;0;15;0;0;2;0;1;C01
201600039985;0;7;0;0;1;1;1;A01
201600039986;0;7;0;0;0;4;0;A01
201600039986;0;7;0;0;0;4;0;B01
201600039986;0;7;0;0;0;1;0;C01
201600039987;0;7;0;0;0;0;0;A01
201600039987;0;1;0;0;2;7;0;B01
201600039988;0;7;0;0;2;1;16;A01
201600039988;0;7;0;0;2;1;0;B01
201600039988;0;7;0;0;0;1;0;C01
201600039989;0;7;0;12;0;4;0;A01
201600039990;0;7;0;0;2;5;16;A01
201600039990;0;33;0;0;2;1;2;B01
201600039991;0;7;0;1;0;1;7;A01
201600039991;0;37;54;0;0;6;24;B01
201600039992;2;7;0;1;0;1;0;A01
201600039992;2;14;0;0;0;6;0;B01
201600039993;0;7;0;1;0;1;0;A01
201600039994;0;30;0;1;2;3;2;A01
201600039994;1;7;0;1;2;3;13;B01
201600039995;0;7;0;9;0;7;1;B01
201600039995;0;7;0;0;0;1;19;A01
201600039996;0;7;0;0;2;7;12;A01
201600039996;0;31;0;0;2;3;1;B01
201600039997;0;7;0;8;0;2;16;A01
201600039998;0;7;0;0;0;3;11;A01
201600039998;0;33;0;0;2;1;21;B01
201600039999;0;31;0;0;2;7;1;A01
201600039999;0;7;0;0;0;0;10;B01
201600040000;0;7;0;0;2;2;1;A01
201600040000;0;7;0;0;2;1;1;B01
201600040001;1;7;0;0;0;0;0;A01
201600040001;1;30;0;0;2;8;0;B01
201600040002;0;32;0;0;0;1;0;B01
201600040002;0;7;0;0;0;5;0;A01
201600040003;0;7;0;0;0;1;21;A01
201600040004;0;7;0;8;0;1;1;A01
201600040005;0;7;0;0;1;1;0;A01
201600040006;0;7;0;0;2;1;0;B01
201600040006;0;7;0;0;2;1;0;A01
201600040007;0;3;0;0;2;1;14;A01
201600040007;0;7;0;0;0;5;2;B01
201600040008;0;7;0;0;2;3;2;A01
201600040008;0;7;0;0;2;2;1;B01
201600040009;0;7;0;0;1;1;2;A01
201600040010;0;7;0;0;1;2;9;A01
201600040011;0;7;0;0;0;4;4;A01
201600040012;0;7;0;0;0;3;11;A01
201600040012;0;30;0;0;0;2;1;B01
201600040013;0;7;0;0;0;1;2;A01
201600040013;0;7;0;0;0;8;1;C01
201600040013;0;7;0;0;0;2;1;B01
201600040014;0;7;0;14;0;3;1;A01
201600040015;0;7;0;0;1;0;2;A01
201600040016;0;7;0;0;2;1;0;A01
201600040016;0;7;0;0;2;3;0;B01
201600040017;0;7;0;0;1;1;0;A01
201600040018;0;7;0;0;2;2;11;A01
201600040018;0;7;0;0;2;1;1;B01
201600040019;0;7;0;0;1;3;15;A01
201600040020;0;7;0;0;2;3;10;A01
201600040020;0;7;0;12;2;1;1;B01
201600040021;1;7;0;0;2;1;1;B01
201600040021;1;7;0;0;2;3;1;A01
201600040022;0;7;0;0;2;0;5;A01
201600040022;0;2;0;0;2;1;0;B01
201600040023;2;7;0;1;0;1;2;A01
201600040024;0;7;0;0;0;0;0;A01
201600040024;0;33;0;0;0;0;0;B01
201600040025;0;7;0;0;1;3;1;A01
201600040026;1;7;0;0;1;2;1;A01
201600040027;1;7;0;0;1;1;0;A01
201600040028;0;10;0;0;2;3;9;A01
201600040028;0;7;0;0;2;2;12;B01
201600040029;0;7;0;0;0;1;0;A01
201600040030;0;7;0;0;1;1;2;A01
201600040031;0;7;0;0;0;4;2;A01
201600040031;0;7;0;0;2;1;2;B01
201600040032;0;7;0;0;2;4;2;A01
201600040032;0;7;0;0;2;1;2;B01
201600040033;0;7;0;15;0;5;0;A01
201600040034;0;7;0;0;1;3;1;A01
201600040035;2;10;0;14;0;1;2;A01
201600040035;2;10;0;0;0;8;0;B01
201600040036;0;31;0;0;2;2;0;B01
201600040036;0;7;0;6;2;0;0;A01
201600040037;0;7;0;0;2;2;1;A01
201600040037;2;32;0;0;2;1;1;B01
201600040038;0;7;0;0;1;3;0;A01
201600040039;0;7;0;0;0;0;4;A01
201600040040;0;30;0;1;0;1;0;A01
201600040041;0;33;0;0;2;2;0;B01
201600040041;0;7;0;0;2;3;0;A01
201600040042;1;7;0;8;0;7;14;A01
201600040043;0;7;0;0;1;7;1;A01
201600040044;0;33;0;0;0;0;0;A01
201600040045;2;7;0;0;1;4;4;A01
201600040046;2;7;0;0;1;2;1;A01
201600040047;1;31;0;0;1;0;0;A01
201600040048;0;99;0;0;0;0;0;A01
201600040049;0;14;0;0;1;1;1;A01
201600040050;2;37;0;0;2;3;1;B01
201600040050;1;10;0;0;2;3;1;A01
201600040051;0;7;0;0;2;4;23;A01
201600040051;0;7;0;0;2;1;2;B01
201600040052;0;32;0;0;0;1;18;A01
201600040052;0;7;0;0;0;0;23;B01
201600040053;0;7;0;0;0;0;21;A01
201600040053;0;7;0;0;2;1;2;B01
201600040054;0;7;0;0;0;8;11;A01
201600040054;0;32;0;0;0;7;0;B01
201600040055;0;10;0;0;2;1;1;A01
201600040055;0;10;0;0;0;3;2;B01
201600040055;0;7;0;0;0;5;2;C01
201600040056;0;7;0;0;1;1;1;A01
201600040057;0;7;0;0;2;2;10;A01
201600040057;0;33;0;0;2;1;1;B01
201600040058;1;7;0;0;1;7;11;A01
201600040059;0;30;0;0;2;8;2;B01
201600040059;0;13;0;0;2;1;0;A01
201600040060;0;2;0;0;0;0;0;A01
201600040061;2;7;0;0;0;4;2;A01
201600040061;0;34;0;0;0;1;2;B01
201600040062;1;7;0;0;2;8;9;A01
201600040062;1;7;0;0;2;1;1;B01
201600040063;0;33;0;0;0;0;0;A01
201600040064;0;7;0;0;2;2;15;A01
201600040064;0;7;0;0;2;3;1;B01
201600040065;0;7;0;0;2;2;0;A01
201600040065;0;30;0;0;2;1;2;B01
201600040066;0;7;0;0;0;0;0;A01
201600040067;0;10;0;0;0;3;0;A01
201600040067;0;3;0;0;0;0;0;B01
201600040068;0;7;0;0;2;2;1;A01
201600040068;0;7;0;0;2;3;1;B01
201600040069;0;7;0;0;2;2;15;A01
201600040069;0;7;0;0;2;1;1;B01
201600040070;0;30;0;0;2;4;2;A01
201600040070;0;7;0;0;2;4;2;B01
201600040071;0;7;0;0;2;2;10;A01
201600040071;0;7;0;0;0;3;1;B01
201600040072;2;10;0;0;2;1;1;A01
201600040072;2;7;0;0;2;4;1;B01
201600040073;0;7;0;0;2;1;2;A01
201600040073;0;7;0;0;2;4;23;B01
201600040073;0;7;0;0;2;4;23;C01
201600040074;0;7;0;0;2;6;0;A01
201600040074;0;7;0;0;2;0;0;B01
201600040075;0;40;0;0;1;3;1;A01
201600040076;2;33;0;0;2;3;15;A01
201600040076;2;7;0;0;2;2;1;B01
201600040077;0;10;0;0;1;1;0;A01
201600040078;0;7;0;0;2;1;1;A01
201600040078;0;7;0;0;2;4;23;B01
201600040078;0;7;0;0;2;4;23;C01
201600040079;1;7;0;0;0;5;0;A01
201600040080;0;7;0;0;0;1;0;A01
201600040080;0;7;0;0;0;0;0;B01
201600040081;0;7;0;0;2;2;2;B01
201600040081;0;7;0;0;2;1;19;A01
201600040082;1;14;0;0;1;2;2;A01
201600040083;0;7;0;0;0;0;0;A01
201600040084;2;7;0;1;0;4;0;B01
201600040085;0;40;0;0;1;8;2;A01
201600040086;1;14;0;0;2;3;2;A01
201600040086;1;30;0;0;2;2;2;B01
201600040087;1;33;0;0;2;0;0;A01
201600040087;0;7;0;0;2;0;0;B01
201600040088;1;7;0;0;2;1;0;A01
201600040088;2;1;0;0;0;5;0;B01
201600040089;0;7;0;0;1;0;0;A01
201600040090;0;7;0;0;9;1;1;A01
201600040090;0;1;0;0;2;8;19;B01
201600040091;2;30;0;0;2;1;2;B01
201600040091;2;7;0;0;2;4;2;A01
201600040092;0;7;0;0;0;7;1;B01
201600040092;0;7;0;0;2;1;1;A01
201600040093;0;7;0;0;1;2;0;A01
201600040094;0;7;0;5;0;3;13;A01
201600040095;0;7;0;0;9;3;1;A01
201600040095;0;1;0;0;2;1;1;B01
201600040096;0;7;0;0;2;1;0;A01
201600040096;0;7;0;0;0;4;0;B01
201600040097;0;7;0;0;0;4;0;A01
201600040097;0;7;0;0;0;4;0;B01
201600040097;0;7;0;0;0;1;0;C01
201600040098;0;7;0;0;1;1;1;A01
201600040099;0;7;0;0;2;2;10;A01
201600040099;2;34;0;0;2;1;1;B01
201600040099;0;7;0;0;0;0;0;C01
201600040100;0;7;0;0;0;0;0;A01
201600040100;0;7;0;0;0;0;0;B01
201600040101;1;7;0;0;1;1;1;A01
201600040102;2;7;0;0;1;2;1;Z01
201600040103;0;7;0;0;0;4;15;A01
201600040103;0;31;0;0;0;1;2;B01
201600040104;0;7;0;0;0;1;0;A01
201600040105;0;7;0;0;1;1;1;A01
201600040106;0;7;0;0;2;1;13;A01
201600040106;0;7;0;0;2;1;1;B01
201600040107;0;7;0;0;2;2;15;A01
201600040107;0;30;0;0;2;1;1;B01
201600040108;0;7;0;0;2;3;5;A01
201600040108;0;7;0;0;2;1;1;B01
201600040109;1;37;0;0;1;3;0;B01
201600040110;0;10;0;0;2;6;4;A01
201600040110;0;37;10;0;2;7;1;B01
201600040111;0;33;0;0;2;1;1;A01
201600040111;0;7;0;0;0;4;1;B01
201600040112;2;30;0;0;0;4;0;A01
201600040112;2;7;0;0;0;1;0;B01
201600040113;0;7;0;0;1;1;0;A01
201600040114;0;30;0;0;1;0;0;A01
201600040115;0;7;0;0;2;2;19;A01
201600040115;0;34;0;0;2;1;2;B01
201600040116;0;7;0;0;1;1;1;A01
201600040117;0;7;0;0;0;2;5;A01
201600040117;0;7;0;0;0;3;0;B01
201600040118;0;7;0;8;2;2;16;A01
201600040118;0;7;0;0;2;2;1;B01
201600040119;0;7;0;4;0;2;0;A01
201600040120;0;7;0;0;2;1;17;A01
201600040120;0;7;0;0;2;8;16;B01
201600040121;0;7;0;0;1;1;1;A01
201600040122;1;7;0;0;2;2;1;A01
201600040122;1;7;0;0;2;5;1;B01
201600040123;0;7;0;0;1;1;1;A01
201600040124;0;7;0;0;1;3;1;A01
201600040125;0;7;0;0;2;3;1;A01
201600040125;0;7;0;0;2;5;15;B01
201600040126;0;7;0;0;2;3;13;A01
201600040126;1;10;0;0;2;3;1;B01
201600040127;1;7;0;0;2;6;0;A01
201600040127;0;10;0;0;2;2;0;B01
201600040128;0;7;0;9;0;1;0;A01
201600040129;0;7;0;0;1;1;15;A01
201600040130;2;7;0;14;1;1;8;A01
201600040130;2;7;0;0;0;3;23;B01
201600040131;0;3;0;0;0;1;1;A01
201600040131;0;3;0;0;2;0;1;B01
201600040132;0;7;0;0;1;3;1;A01
201600040133;0;7;0;0;1;1;15;A01
201600040134;2;3;0;0;0;2;1;A01
201600040134;0;7;0;0;0;3;1;B01
201600040135;0;7;0;0;2;3;15;A01
201600040135;0;7;0;0;2;8;1;B01
201600040136;2;1;0;0;2;8;15;A01
201600040136;2;7;0;0;2;2;17;B01
201600040137;0;7;0;13;0;1;0;A01
201600040138;0;7;0;0;1;3;1;A01
201600040139;1;7;0;15;0;2;1;A01
201600040140;0;7;0;0;1;2;1;A01
201600040141;1;33;0;0;9;1;1;A01
201600040142;2;7;0;0;1;1;2;A01
201600040143;0;7;0;0;2;1;2;A01
201600040143;0;7;0;0;2;4;2;B01
201600040144;1;30;0;12;0;7;5;A01
201600040145;0;7;0;4;0;1;0;A01
201600040146;0;2;0;0;2;1;21;A01
201600040146;0;7;0;0;2;6;23;B01
201600040147;0;7;0;0;0;4;1;A01
201600040148;0;37;1;0;1;5;0;A01
201600040149;0;30;0;0;2;7;0;A01
201600040149;0;7;0;0;2;1;0;B01
201600040150;1;7;0;0;0;1;0;A01
201600040151;0;7;0;0;0;1;1;A01
201600040152;0;7;0;0;2;8;19;B01
201600040152;0;7;0;0;2;1;1;A01
201600040153;1;14;0;0;1;1;1;A01
201600040154;2;7;0;0;2;1;17;A01
201600040154;1;1;0;0;2;1;2;B01
201600040155;0;7;0;8;0;8;1;A01
201600040156;2;7;0;0;1;3;1;A01
201600040157;0;7;0;0;0;0;0;A01
201600040158;0;7;0;1;2;5;0;B01
201600040158;2;7;0;0;2;3;1;A01
201600040159;0;7;0;0;0;3;24;A01
201600040159;0;7;0;1;0;2;22;B01
201600040160;0;7;0;0;2;1;2;A01
201600040160;0;7;0;0;2;4;2;B01
201600040161;0;7;0;0;1;0;0;A01
201600040162;0;7;0;0;0;1;9;A01
201600040162;0;10;0;0;0;0;0;B01
201600040163;0;10;0;0;2;1;19;A01
201600040163;0;33;0;0;2;1;1;B01
201600040164;0;7;0;0;0;1;15;B01
201600040164;0;31;0;0;0;1;5;A01
201600040165;0;7;0;0;0;1;1;A01
201600040166;0;33;0;0;2;1;2;A01
201600040166;0;7;0;0;2;3;1;B01
201600040167;0;7;0;0;1;1;1;Z01
201600040168;0;7;0;0;1;3;1;A01
201600040169;0;7;0;0;0;1;1;A01
201600040169;0;7;0;0;0;1;9;B01
201600040170;0;7;0;0;0;7;0;A01
201600040170;0;34;0;0;2;3;0;B01
201600040171;0;7;0;0;2;1;0;A01
201600040171;0;7;0;0;2;1;0;B01
201600040172;0;7;0;0;1;1;1;A01
201600040173;0;7;0;0;0;1;15;A01
201600040173;0;37;0;0;2;0;23;B01
201600040174;0;7;0;0;2;3;1;B01
201600040174;0;7;0;4;2;2;1;A01
201600040175;0;32;0;0;2;1;1;A01
201600040175;0;7;0;0;2;3;1;B01
201600040176;0;33;0;0;2;1;5;A01
201600040176;0;7;0;0;2;6;11;B01
201600040177;0;33;0;0;2;4;15;A01
201600040177;0;33;0;0;2;4;1;B01
201600040178;0;7;0;0;2;7;1;A01
201600040178;0;7;0;0;2;1;1;B01
201600040179;0;7;0;0;9;2;15;A01
201600040179;0;1;0;0;2;1;1;B01
201600040180;0;7;0;12;0;2;1;A01
201600040181;0;7;0;7;0;1;13;A01
201600040182;0;33;0;0;1;0;0;A01
201600040183;0;7;0;0;1;7;1;A01
201600040184;0;7;0;0;1;5;15;A01
201600040185;0;32;0;0;2;7;1;B01
201600040185;0;7;0;0;2;1;9;A01
201600040186;0;7;0;0;2;2;1;A01
201600040186;0;7;0;0;2;8;1;B01
201600040187;0;7;0;0;1;3;1;A01
201600040188;0;30;0;0;2;1;0;A01
201600040188;0;7;0;0;2;1;0;B01
201600040189;0;7;0;0;2;7;1;A01
201600040189;0;7;0;0;2;1;1;B01
201600040190;0;7;0;0;1;2;1;A01
201600040191;0;7;0;1;0;1;17;A01
201600040192;0;7;0;6;0;1;20;A01
201600040193;0;7;0;0;1;1;0;A01
201600040194;0;7;0;0;0;4;0;A01
201600040194;0;7;0;0;2;1;0;B01
201600040195;0;7;0;0;0;4;2;A01
201600040195;0;7;0;0;2;1;2;B01
201600040196;0;7;0;0;2;2;9;A01
201600040196;0;10;0;0;2;3;1;B01
201600040197;0;7;0;2;2;1;0;A01
201600040198;0;7;0;0;2;6;11;A01
201600040198;0;31;0;0;2;2;11;B01
201600040199;0;7;0;0;2;1;1;C01
201600040199;0;7;0;0;2;2;19;Z01
201600040199;0;7;0;0;2;3;19;B01
201600040200;0;7;0;14;0;1;0;A01
201600040201;1;33;0;0;2;3;0;A01
201600040201;0;7;0;0;2;0;0;Z01
201600040202;0;7;0;0;2;1;5;A01
201600040202;0;7;0;0;2;1;24;B01
201600040203;0;7;0;0;2;1;1;B01
201600040203;0;7;0;0;2;8;1;A01
201600040204;1;7;0;0;1;1;2;A01
201600040205;1;7;0;0;0;1;1;A01
201600040206;0;7;0;0;2;2;1;A01
201600040206;0;7;0;1;2;3;9;B01
201600040207;0;13;0;0;1;2;2;A01
201600040208;0;7;0;0;0;3;1;A01
201600040209;0;7;0;14;0;1;2;A01
201600040209;0;7;0;14;0;5;2;B01
201600040209;0;7;0;0;0;4;2;C01
201600040210;0;10;0;0;1;1;15;A01
201600040211;1;7;0;0;2;1;11;A01
201600040211;1;7;0;0;0;6;15;B01
201600040212;2;32;0;0;2;1;5;A01
201600040212;1;7;0;0;2;1;1;B01
201600040213;1;33;0;0;2;1;1;A01
201600040213;2;7;0;0;0;5;10;B01
201600040214;0;7;0;0;1;4;4;A01
201600040215;0;7;0;0;1;4;4;A01
201600040216;0;7;0;0;1;1;1;A01
201600040217;0;31;0;0;0;0;2;A01
201600040217;0;7;0;0;0;0;13;B01
201600040218;1;7;0;0;1;2;1;A01
201600040219;0;7;0;1;0;2;14;A01
201600040219;0;7;0;0;0;4;0;B01
201600040220;0;7;0;0;1;3;1;A01