Num_Acc;senc;catv;occutc;obs;obsm;choc;manv;num_veh
201600040221;0;15;0;2;0;3;1;A01
201600040222;1;7;0;0;0;1;16;A01
201600040222;2;30;0;0;0;8;1;B01
201600040223;0;7;0;0;0;4;0;A01
201600040223;0;7;0;0;2;1;0;B01
201600040224;0;7;0;0;2;7;2;B01
201600040224;0;10;0;0;2;3;1;A01
201600040225;0;7;0;0;0;3;15;A01
201600040225;0;33;0;0;2;1;17;B01
201600040226;0;30;0;0;2;1;0;A01
201600040226;0;10;0;0;2;8;0;B01
201600040227;0;7;0;0;9;2;0;A01
201600040227;0;1;0;0;2;4;19;B01
201600040228;0;7;0;0;0;0;4;A01
201600040229;0;7;0;0;1;2;1;A01
201600040230;2;7;0;0;1;1;0;A01
201600040231;1;37;0;0;1;2;1;A01
201600040232;0;7;0;0;2;5;2;A01
201600040232;0;7;0;0;0;1;2;B01
201600040233;0;7;0;0;1;1;1;A01
201600040234;0;7;0;0;2;1;0;B01
201600040234;0;1;0;0;2;1;5;A01
201600040235;0;7;0;0;2;7;15;A01
201600040235;0;7;0;0;2;1;1;B01
201600040236;1;7;0;0;1;3;1;A01
201600040237;2;7;0;0;2;8;20;A01
201600040237;2;2;0;0;2;1;2;B01
201600040238;0;7;0;0;0;7;0;A01
201600040238;0;7;0;0;2;1;0;B01
201600040239;1;34;0;14;0;1;19;B01
201600040239;2;7;0;0;2;2;9;A01
201600040240;1;30;0;0;0;7;2;A01
201600040241;0;7;0;0;1;2;1;A01
201600040242;0;7;0;0;0;1;15;A01
201600040242;0;34;0;0;0;8;1;B01
201600040243;0;7;0;8;2;9;2;A01
201600040243;0;7;0;0;2;1;9;B01
201600040244;0;10;0;0;0;9;13;A01
201600040245;0;7;0;1;0;1;14;A01
201600040246;0;32;0;0;1;1;1;A01
201600040247;0;7;0;0;2;1;0;A01
201600040247;0;10;0;0;2;1;1;B01
201600040248;0;40;0;0;1;1;2;A01
201600040249;0;99;0;0;1;1;1;A01
201600040250;0;7;0;0;1;0;0;A01
201600040251;0;7;0;0;1;2;1;A01
201600040252;0;31;0;8;0;1;1;A01
201600040252;0;7;0;0;0;0;1;B01
201600040253;0;15;0;0;1;0;0;A01
201600040254;0;30;0;0;1;1;0;A01
201600040255;0;33;0;12;0;2;1;A01
201600040256;2;33;0;0;2;1;1;A01
201600040256;2;10;0;0;2;3;9;B01
201600040257;0;7;0;0;2;3;1;B01
201600040257;0;7;0;0;2;7;15;A01
201600040258;1;30;0;0;0;0;0;A01
201600040259;0;7;0;0;0;4;2;A01
201600040259;0;2;0;0;0;2;2;B01
201600040260;0;2;0;0;2;6;16;A01
201600040260;0;15;0;0;2;1;2;B01
201600040261;0;30;0;0;1;1;1;A01
201600040262;0;7;0;0;1;3;1;A01
201600040263;0;7;0;0;9;8;15;A01
201600040263;0;1;0;0;2;8;19;B01
201600040264;1;1;0;0;1;1;1;B01
201600040265;0;7;0;0;2;3;10;A01
201600040265;0;7;0;0;2;1;2;B01
201600040266;0;7;0;0;2;1;0;A01
201600040266;0;7;0;0;2;2;16;B01
201600040267;0;7;0;0;0;4;0;A01
201600040267;0;7;0;0;2;1;0;B01
201600040267;0;7;0;0;2;1;0;C01
201600040268;0;7;0;12;0;1;1;A01
201600040269;0;7;0;0;2;3;15;B01
201600040269;0;32;0;0;2;1;0;A01
201600040270;0;1;0;0;2;7;0;A01
201600040270;0;7;0;0;9;3;0;B01
201600040271;0;7;0;0;1;2;0;A01
201600040272;0;7;0;0;1;2;15;A01
201600040273;0;7;0;0;1;1;0;A01
201600040274;0;7;0;0;1;1;1;A01
201600040275;0;10;0;0;2;2;1;A01
201600040275;0;33;0;0;2;4;1;B01
201600040275;0;10;0;0;2;6;1;C01
201600040276;0;7;0;0;2;1;15;A01
201600040276;0;32;0;0;2;1;1;B01
201600040277;0;7;0;0;2;1;2;A01
201600040277;0;7;0;0;2;4;2;B01
201600040277;0;7;0;0;0;4;2;C01
201600040278;2;7;0;0;1;3;1;A01
201600040279;0;10;0;0;2;1;1;A01
201600040279;0;7;0;0;0;6;1;B01
201600040280;0;7;0;0;0;7;0;B01
201600040280;0;10;0;0;0;1;0;C01
201600040280;0;32;0;0;0;9;9;A01
201600040281;0;7;0;0;1;1;0;A01
201600040282;0;7;0;0;1;4;4;A01
201600040283;0;7;0;0;1;2;17;A01
201600040284;0;7;0;0;2;1;5;A01
201600040284;0;10;0;0;2;1;2;B01
201600040285;0;7;0;0;1;3;1;A01
201600040286;0;7;0;0;2;1;1;A01
201600040286;0;7;0;0;2;8;1;B01
201600040287;2;7;0;0;1;4;0;A01
201600040288;1;7;0;0;1;3;1;A01
201600040289;0;7;0;0;2;7;11;A01
201600040289;0;33;0;0;2;8;1;B01
201600040290;2;7;0;0;0;0;0;A01
201600040290;0;33;0;0;2;7;1;B01
201600040291;1;10;0;0;1;1;2;A01
201600040292;0;10;0;0;2;1;1;A01
201600040292;0;7;0;0;0;4;1;B01
201600040293;0;7;0;0;0;1;0;A01
201600040293;0;7;0;0;2;0;0;B01
201600040294;0;7;0;0;2;1;5;A01
201600040294;0;13;0;0;2;3;2;B01
201600040295;2;7;0;0;2;5;2;A01
201600040295;2;34;0;0;2;3;2;B01
201600040296;1;7;0;0;2;1;1;A01
201600040296;1;1;0;0;2;4;3;B01
201600040297;0;7;0;0;1;2;2;A01
201600040298;0;7;0;8;0;1;2;A01
201600040299;2;7;0;0;2;7;22;A01
201600040299;2;30;0;14;0;1;18;B01
201600040300;2;7;0;0;2;2;10;A01
201600040300;1;32;0;0;2;1;2;B01
201600040301;0;7;0;0;2;3;1;A01
201600040301;0;32;0;0;2;2;1;B01
201600040302;0;7;0;0;2;4;0;A01
201600040302;0;2;0;0;2;4;0;B01
201600040302;0;10;0;0;2;1;0;C01
201600040302;0;7;0;0;2;1;0;D01
201600040302;0;7;0;0;2;1;0;E01
201600040303;0;7;0;0;1;1;1;A01
201600040304;0;7;0;0;2;2;0;A01
201600040304;0;7;0;0;2;1;0;B01
201600040305;0;7;0;10;0;1;0;A01
201600040306;0;7;0;0;1;2;1;A01
201600040307;1;7;0;0;1;1;1;A01
201600040308;0;7;0;1;1;0;2;A01
201600040309;0;7;0;0;0;4;2;A01
201600040309;0;7;0;0;0;1;2;B01
201600040310;1;7;0;0;2;8;10;A01
201600040310;0;32;0;0;2;1;1;B01
201600040311;2;7;0;0;0;4;1;A01
201600040311;2;7;0;0;0;1;1;B01
201600040312;0;34;0;0;1;1;2;A01
201600040313;0;7;0;0;0;5;9;A01
201600040313;0;10;0;0;0;2;1;B01
201600040314;0;7;0;0;1;2;2;A01
201600040315;0;7;0;0;1;2;15;A01
201600040316;2;34;0;11;0;1;1;A01
201600040317;1;33;0;0;1;1;3;A01
201600040318;1;34;0;11;0;3;1;A01
201600040319;0;7;0;0;2;4;23;A01
201600040319;0;7;0;0;2;1;0;Z01
201600040320;0;10;0;0;0;1;2;A01
201600040321;1;7;0;0;0;1;2;A01
201600040321;1;7;0;0;0;5;2;B01
201600040322;0;7;0;12;0;1;15;A01
201600040323;1;10;0;0;1;3;1;A01
201600040324;2;7;0;3;2;3;15;A01
201600040324;1;7;0;0;2;3;2;B01
201600040325;2;7;0;0;2;3;11;A01
201600040325;2;30;0;0;2;2;2;B01
201600040326;2;7;0;0;2;3;1;B01
201600040326;1;7;0;0;2;1;1;A01
201600040327;1;3;0;0;2;1;2;A01
201600040327;1;3;0;0;0;4;23;B01
201600040328;2;40;1;0;1;7;1;A01
201600040329;1;7;0;0;1;1;0;A01
201600040330;0;30;0;0;2;1;0;A01
201600040330;0;7;0;0;2;3;15;B01
201600040331;0;7;0;0;1;1;0;A01
201600040332;0;7;0;1;0;9;0;A01
201600040333;0;7;0;0;0;0;0;A01
201600040333;0;34;0;0;0;0;0;B01
201600040334;0;14;0;0;2;1;0;A01
201600040334;0;14;0;0;2;1;0;B01
201600040335;0;7;0;0;1;3;0;A01
201600040336;0;7;0;0;0;6;23;A01
201600040336;0;33;0;1;2;1;13;B01
201600040337;1;7;0;0;2;4;2;A01
201600040337;1;31;0;0;2;1;1;B01
201600040338;2;7;0;0;1;7;2;A01
201600040339;2;33;0;0;2;5;17;A01
201600040339;2;7;0;0;2;3;15;B01
201600040340;2;30;0;1;2;1;1;A01
201600040340;1;7;0;1;2;3;17;B01
201600040341;0;33;0;0;0;1;17;A01
201600040341;0;7;0;0;0;3;10;B01
201600040342;2;7;0;0;2;3;20;A01
201600040342;2;30;0;0;2;1;2;B01
201600040343;1;10;0;0;2;1;19;A01
201600040343;0;7;0;0;2;6;1;B01
201600040344;0;33;0;0;2;1;1;B01
201600040344;0;7;0;0;2;3;5;A01
201600040345;2;7;0;0;1;1;2;A01
201600040346;1;33;0;0;2;4;2;A01
201600040346;1;7;0;0;2;1;2;B01
201600040347;1;15;0;0;1;3;23;A01
201600040348;1;2;0;0;2;1;1;A01
201600040348;2;7;0;0;2;1;11;B01
201600040349;1;7;0;0;2;1;13;A01
201600040349;1;7;0;0;2;1;2;B01
201600040350;2;7;0;0;2;2;0;A01
201600040350;2;2;0;0;2;0;12;Z01
201600040351;1;37;0;0;1;1;1;A01
201600040352;2;33;0;0;2;1;1;A01
201600040352;1;3;0;0;2;8;20;B01
201600040353;0;7;0;0;0;2;1;A01
201600040354;2;7;0;0;2;7;10;A01
201600040354;1;34;0;0;2;1;0;B01
201600040355;0;7;0;0;0;1;0;A01
201600040355;0;7;0;0;9;1;0;B01
201600040356;0;34;0;0;1;1;0;Z01
201600040357;0;7;0;1;0;1;0;A01
201600040358;1;7;0;9;2;3;15;A01
201600040358;1;33;0;0;2;2;17;B01
201600040359;2;7;0;15;0;1;16;A01
201600040360;2;7;0;0;2;2;15;A01
201600040360;1;30;0;0;2;1;2;B01
201600040361;0;7;0;0;1;2;0;A01
201600040362;0;7;0;0;2;3;15;A01
201600040362;0;7;0;0;2;3;24;B01
201600040363;1;30;0;0;2;7;12;A01
201600040363;1;7;0;0;2;3;13;B01
201600040364;0;7;0;0;2;1;19;A01
201600040364;0;7;0;0;2;6;0;B01
201600040365;0;7;0;0;2;3;0;A01
201600040365;0;33;0;0;2;3;0;B01
201600040366;0;7;0;0;2;2;1;A01
201600040366;0;7;0;0;2;8;16;B01
201600040367;0;7;0;0;2;3;19;A01
201600040367;0;32;0;0;2;1;17;B01
201600040368;0;7;0;0;0;3;1;A01
201600040368;0;7;0;0;0;0;0;B01
201600040369;0;32;0;0;2;7;17;A01
201600040369;0;7;0;0;2;3;20;B01
201600040370;2;1;0;0;2;7;15;A01
201600040370;1;7;0;0;9;3;2;B01
201600040371;1;33;0;0;2;2;17;A01
201600040371;1;7;0;0;2;3;15;B01
201600040372;1;7;0;0;1;8;1;A01
201600040373;1;30;0;0;0;3;18;A01
201600040373;1;7;0;0;0;2;16;B01
201600040374;1;7;0;0;1;7;1;A01
201600040375;1;7;0;0;2;2;15;A01
201600040375;1;33;0;0;2;1;1;B01
201600040376;0;7;0;0;0;1;0;A01
201600040376;0;7;0;0;0;1;0;B01
201600040377;2;1;0;0;0;4;13;A01
201600040377;0;3;0;0;9;1;0;Z01
201600040378;1;10;0;9;0;2;1;A01
201600040379;1;7;0;0;1;3;15;A01
201600040380;0;7;0;0;1;1;2;A01
201600040381;2;3;0;0;1;3;1;A01
201600040382;2;7;0;0;0;5;0;A01
201600040382;2;31;0;0;0;1;1;B01
201600040383;1;7;0;15;2;2;1;B01
201600040383;1;7;0;0;2;3;0;A01
201600040384;2;7;0;0;2;2;1;A01
201600040385;0;10;0;9;0;1;1;A01
201600040386;2;2;0;0;0;2;0;A01
201600040386;1;7;0;0;0;3;0;B01
201600040387;1;7;0;0;2;1;1;B01
201600040387;1;7;0;0;2;8;16;A01
201600040388;1;7;0;9;0;1;1;A01
201600040389;1;2;0;0;2;7;17;A01
201600040389;1;7;0;0;2;6;13;B01
201600040390;1;7;0;0;2;1;2;A01
201600040390;1;7;0;0;2;4;2;B01
201600040391;1;7;0;1;0;9;2;A01
201600040392;0;2;0;0;0;3;1;A01
201600040392;0;7;0;0;2;2;1;Z01
201600040393;1;7;0;0;1;1;12;A01
201600040394;0;7;0;0;2;3;21;A01
201600040394;0;7;0;0;2;3;0;B01
201600040395;1;7;0;8;0;1;14;A01
201600040396;2;2;0;0;2;1;1;B01
201600040396;1;3;0;0;2;3;15;A01
201600040397;0;7;0;0;1;1;0;A01
201600040398;0;7;0;0;0;1;1;B01
201600040398;0;7;0;0;0;3;16;A01
201600040399;1;7;0;0;2;2;1;A01
201600040399;2;7;0;0;2;3;15;B01
201600040400;0;7;0;0;2;4;2;A01
201600040400;0;7;0;0;2;1;2;B01
201600040401;0;7;0;0;2;1;1;A01
201600040401;0;7;0;0;2;1;0;B01
201600040402;0;7;0;0;2;2;2;A01
201600040402;0;7;0;0;2;8;9;B01
201600040403;0;7;0;0;0;2;15;A01
201600040403;0;99;0;0;2;3;16;Z01
201600040404;2;30;0;0;2;1;1;A01
201600040404;0;7;0;0;2;3;9;B01
201600040405;2;31;0;0;2;1;18;A01
201600040405;1;7;0;0;2;3;15;B01
201600040406;2;7;0;0;2;2;15;A01
201600040406;1;34;0;2;2;1;1;B01
201600040407;0;7;0;0;2;3;15;A01
201600040407;0;7;0;0;2;3;1;B01
201600040408;1;7;0;0;0;1;2;A01
201600040409;1;33;0;0;0;3;0;A01
201600040409;0;7;0;0;0;2;1;B01
201600040410;0;37;0;0;1;2;8;A01
201600040411;0;7;0;0;0;0;0;A01
201600040411;0;7;0;0;0;0;0;B01
201600040412;0;32;0;0;2;8;3;A01
201600040412;0;7;0;0;0;7;16;B01
201600040413;0;7;0;0;2;2;1;Z01
201600040413;0;7;0;0;2;1;1;A01
201600040414;0;7;0;0;1;0;1;A01
201600040415;0;7;0;0;1;2;2;A01
201600040416;0;32;0;0;2;1;17;B01
201600040416;0;7;0;0;2;8;15;Z01
201600040417;1;32;0;0;0;0;0;A01
201600040417;1;7;0;0;0;5;0;B01
201600040418;2;7;0;0;1;2;1;A01
201600040419;0;7;0;0;0;0;0;A01
201600040420;0;7;0;0;2;2;21;B01
201600040420;0;7;0;0;2;1;19;A01
201600040421;0;7;0;0;1;2;1;A01
201600040422;2;7;0;1;0;1;15;A01
201600040423;2;7;0;0;2;6;15;B01
201600040423;1;99;0;0;2;0;0;Z01
201600040424;0;7;0;0;2;3;15;A01
201600040424;0;32;0;0;2;8;1;B01
201600040425;0;7;0;0;2;2;12;A01
201600040425;0;7;0;0;2;1;18;B01
201600040426;2;7;0;0;0;2;0;A01
201600040426;2;33;0;0;0;1;0;B01
201600040427;1;30;0;0;2;1;14;B01
201600040427;2;10;0;0;2;7;1;A01
201600040428;1;7;0;0;2;5;12;A01
201600040428;1;13;0;0;2;3;1;B01
201600040429;0;7;0;0;2;3;13;A01
201600040429;0;7;0;0;2;3;1;B01
201600040429;0;7;0;0;2;1;2;C01
201600040430;0;33;0;0;0;0;1;A01
201600040431;0;32;0;1;0;1;1;A01
201600040432;0;7;0;0;0;0;0;A01
201600040433;0;7;0;0;2;1;1;B01
201600040433;0;7;0;0;2;2;15;A01
201600040434;0;7;0;0;1;3;1;A01
201600040435;2;7;0;0;2;2;9;A01
201600040435;2;7;0;9;2;1;21;B01
201600040436;0;7;0;0;1;3;1;A01
201600040437;2;7;0;0;1;3;1;A01
201600040438;0;7;0;0;2;3;15;A01
201600040438;0;33;0;0;2;1;17;B01
201600040439;0;7;0;0;0;1;0;A01
201600040439;0;34;0;0;0;0;2;B01
201600040440;2;7;0;0;2;7;11;A01
201600040440;1;33;0;0;2;1;1;B01
201600040441;0;7;0;0;2;1;1;A01
201600040441;0;7;0;0;2;4;1;B01
201600040441;0;7;0;0;2;4;1;C01
201600040441;0;7;0;0;2;4;1;D01
201600040442;2;7;0;0;0;4;2;A01
201600040442;2;7;0;0;2;1;2;B01
201600040443;0;33;0;0;9;0;0;A01
201600040443;0;1;0;0;0;0;0;B01
201600040444;0;15;0;0;1;7;1;A01
201600040445;0;33;0;0;2;1;2;A01
201600040445;0;7;0;0;2;3;15;B01
201600040446;0;7;0;0;1;2;15;A01
201600040447;0;34;0;0;2;1;2;A01
201600040447;0;7;0;0;0;4;23;B01
201600040448;0;7;0;0;1;0;0;A01
201600040449;1;7;0;0;1;5;21;A01
201600040450;0;7;0;0;0;1;1;A01
201600040451;0;7;0;8;0;1;1;A01
201600040452;0;33;0;0;2;1;3;A01
201600040452;0;7;0;0;0;6;15;B01
201600040453;0;30;0;0;1;1;1;A01
201600040454;0;7;0;1;0;3;5;A01
201600040455;0;7;0;0;2;3;16;A01
201600040455;0;99;0;0;2;1;1;B01
201600040456;0;2;0;0;1;0;0;Z01
201600040457;0;32;0;0;2;1;3;A01
201600040457;0;7;0;0;2;3;15;B01
201600040458;0;32;0;0;2;1;13;A01
201600040458;0;7;0;0;0;8;15;B01
201600040459;0;37;7;0;2;2;1;A01
201600040459;0;7;0;0;0;6;1;B01
201600040460;0;33;0;0;2;1;1;A01
201600040460;0;7;0;0;2;3;11;B01
201600040461;0;7;0;0;1;3;1;A01
201600040462;2;7;0;4;0;3;15;A01
201600040463;1;7;0;0;1;1;21;A01
201600040464;1;33;0;0;0;8;2;A01
201600040464;1;7;0;0;0;8;13;B01
201600040465;0;7;0;0;2;1;1;A01
201600040465;0;7;0;0;2;8;1;B01
201600040466;2;7;0;0;2;1;0;A01
201600040466;2;7;0;0;2;4;0;B01
201600040467;2;7;0;0;2;4;2;A01
201600040467;2;7;0;0;2;1;2;B01
201600040468;0;7;0;0;2;1;1;A01
201600040468;0;7;0;0;2;8;1;B01
201600040469;0;33;0;0;2;1;0;A01
201600040469;0;7;0;0;0;2;15;B01
201600040470;0;7;0;0;1;1;0;A01
201600040471;0;7;0;0;2;3;1;A01
201600040471;0;7;0;0;2;2;5;Z01
201600040472;0;7;0;0;2;3;15;A01
201600040472;0;7;0;0;2;2;17;B01
201600040473;1;30;0;0;2;0;17;A01
201600040473;0;99;0;0;0;0;13;Z01
201600040474;0;7;0;0;1;1;1;A01
201600040475;0;7;0;0;2;7;16;A01
201600040475;0;2;0;0;2;3;1;B01
201600040476;0;7;0;0;0;3;2;A01
201600040476;0;33;0;0;0;2;2;B01
201600040477;0;7;0;0;2;1;2;A01
201600040477;0;7;0;0;2;3;9;B01
201600040478;0;33;0;0;2;2;2;A01
201600040478;0;7;0;0;2;3;13;B01
201600040479;0;7;0;0;2;1;2;B01
201600040479;0;7;0;0;2;7;15;A01
201600040480;2;7;0;0;2;6;1;A01
201600040480;2;30;0;0;2;1;3;B01
201600040481;0;7;0;0;0;4;23;A01
201600040481;0;7;0;0;2;4;23;B01
201600040481;0;7;0;0;2;4;23;C01
201600040481;0;7;0;0;2;1;23;D01
201600040482;0;7;0;8;0;3;11;A01
201600040483;0;7;0;9;2;8;10;A01
201600040483;0;7;0;0;2;1;1;B01
201600040484;0;7;0;0;0;3;1;A01
201600040485;0;7;0;0;0;3;0;A01
201600040485;0;2;0;0;0;0;0;B01
201600040486;0;7;0;0;2;1;2;A01
201600040486;0;7;0;0;2;4;23;B01
201600040486;0;7;0;0;2;4;23;C01
201600040487;0;34;0;0;1;1;1;A01
201600040488;0;7;0;0;2;1;1;A01
201600040488;0;32;0;0;2;4;1;B01
201600040489;0;7;0;0;2;6;1;B01
201600040489;0;7;0;0;2;0;0;Z01
201600040490;0;7;0;0;1;1;15;A01
201600040491;2;7;0;0;0;3;11;A01
201600040491;1;32;0;0;2;1;1;B01
201600040492;0;10;0;0;2;2;1;A01
201600040492;0;7;0;0;2;5;16;B01
201600040492;0;7;0;0;2;8;0;C01
201600040493;0;7;0;14;0;1;0;A01
201600040494;0;7;0;0;0;1;0;A01
201600040495;0;7;0;0;2;1;1;A01
201600040495;0;7;0;0;2;7;9;B01
201600040496;0;7;0;0;2;1;1;A01
201600040496;0;2;0;0;2;1;5;B01
201600040497;0;7;0;0;9;1;1;A01
201600040498;0;33;0;0;2;3;1;B01
201600040498;0;7;0;0;2;2;15;A01
201600040499;2;30;0;0;2;3;2;A01
201600040500;2;7;0;8;0;2;6;A01
201600040500;2;7;0;0;0;0;0;Z01
201600040501;0;7;0;0;2;8;11;A01
201600040501;0;7;0;0;2;2;1;B01
201600040502;0;7;0;0;1;3;2;A01
201600040503;0;30;0;0;1;1;0;A01
201600040504;0;7;0;0;2;1;5;A01
201600040504;0;7;0;0;2;1;0;B01
201600040505;0;7;0;0;1;1;0;A01
201600040506;1;7;0;0;2;4;12;A01
201600040506;1;13;0;0;2;1;2;B01
201600040507;0;7;0;0;1;8;1;A01
201600040508;2;7;0;0;2;1;2;A01
201600040508;2;7;0;0;2;4;2;B01
201600040508;2;7;0;0;2;4;2;C01
201600040509;1;33;0;0;2;2;1;A01
201600040509;2;7;0;0;2;2;15;B01
201600040510;0;30;0;0;2;1;1;A01
201600040510;0;7;0;0;2;3;15;Z01
201600040511;0;7;0;0;2;8;10;A01
201600040511;0;33;0;0;2;1;2;B01
201600040512;0;7;0;0;2;3;1;A01
201600040512;0;7;0;0;2;6;1;B01
201600040513;0;33;0;6;0;1;1;A01
201600040514;0;7;0;0;2;3;1;A01
201600040514;0;7;0;0;2;8;15;B01
201600040515;0;7;0;0;1;2;9;A01
201600040516;0;7;0;0;2;2;15;A01
201600040516;0;7;0;0;2;1;1;B01
201600040517;0;7;0;0;2;1;15;A01
201600040517;0;33;0;0;2;1;1;B01
201600040518;0;7;0;0;0;0;0;A01
201600040518;0;2;0;0;0;0;0;B01
201600040519;0;10;0;0;1;1;1;A01
201600040520;2;7;0;1;0;2;2;A01
201600040521;0;7;0;0;2;2;2;A01
201600040521;0;31;0;0;2;8;16;B01
201600040522;0;33;0;1;2;3;1;B01
201600040522;0;7;0;0;2;2;1;A01
201600040523;0;7;0;0;2;1;0;B01
201600040523;0;7;0;1;2;7;0;A01
201600040524;0;7;0;0;2;2;15;A01
201600040524;0;7;0;0;2;1;1;B01
201600040525;0;7;0;1;0;3;0;A01
201600040526;0;1;0;0;2;1;2;A01
201600040526;0;7;0;0;9;6;2;B01
201600040527;2;7;0;0;2;2;2;A01
201600040527;2;7;0;0;0;6;23;B01
201600040528;0;7;0;0;2;8;0;B01
201600040528;0;7;0;0;2;1;0;Z01
201600040529;0;13;0;14;1;5;1;A01
201600040530;0;7;0;0;2;3;10;A01
201600040530;0;33;0;0;2;2;17;B01
201600040531;0;7;0;0;1;2;1;A01
201600040532;0;33;0;0;2;7;17;A01
201600040532;0;7;0;0;2;3;15;B01
201600040533;0;34;0;0;1;2;1;A01
201600040534;0;7;0;0;2;1;13;A01
201600040534;0;7;0;0;2;3;1;B01
201600040535;0;7;0;0;1;0;0;A01
201600040536;0;7;0;0;2;3;15;A01
201600040536;0;32;0;0;2;2;1;B01
201600040537;0;7;0;1;0;3;2;A01
201600040538;0;33;0;0;2;7;17;A01
201600040538;0;7;0;0;2;7;15;B01
201600040539;0;7;0;0;9;7;16;A01
201600040539;0;1;0;0;2;1;21;B01
201600040540;0;7;0;0;1;7;4;A01
201600040541;0;1;0;0;2;8;19;B01
201600040541;2;7;0;0;9;1;19;A01
201600040542;0;7;0;0;2;1;2;A01
201600040542;0;7;0;0;2;4;2;B01
201600040543;0;7;0;0;2;4;2;C01
201600040543;0;7;0;0;2;4;2;B01
201600040543;0;7;0;0;2;1;2;A01
201600040544;1;7;0;0;2;3;1;B01
201600040544;2;7;0;0;2;8;15;A01
201600040545;0;7;0;0;0;2;0;A01
201600040546;0;7;0;0;1;2;0;A01
201600040547;0;7;0;0;2;3;2;A01
201600040547;0;30;0;0;0;0;15;B01
201600040548;0;7;0;0;2;1;1;B01
201600040548;0;7;0;0;2;8;15;A01
201600040549;0;7;0;0;1;1;16;A01
201600040550;0;7;0;8;0;2;1;A01
201600040551;1;7;0;1;2;2;14;A01
201600040552;1;7;0;0;0;5;10;A01
201600040552;2;30;0;0;2;1;1;B01
201600040553;0;7;0;1;2;2;21;A01
201600040553;0;7;0;0;2;3;20;B01
201600040553;0;10;0;0;2;3;0;C01
201600040554;0;7;0;0;2;1;2;A01
201600040554;0;7;0;0;2;4;2;B01
201600040555;2;7;0;0;2;3;10;A01
201600040555;2;30;0;0;2;1;1;B01
201600040556;1;33;0;0;1;1;1;A01
201600040557;0;7;0;0;1;4;4;A01
201600040558;0;7;0;0;0;7;0;A01
201600040559;0;2;0;0;0;8;1;A01
201600040559;0;7;0;0;2;3;15;B01
201600040560;2;7;0;0;2;1;2;A01
201600040560;2;7;0;0;2;3;15;B01
201600040561;0;7;0;0;0;3;0;A01
201600040562;0;7;0;0;2;3;10;A01
201600040562;0;30;0;0;2;1;13;B01
201600040563;2;7;0;0;0;3;15;A01
201600040563;1;33;0;0;0;6;1;B01
201600040564;1;33;0;0;2;1;1;A01
201600040564;0;2;0;0;2;1;15;B01
201600040565;0;7;0;0;2;0;15;A01
201600040565;0;32;0;0;2;0;17;B01
201600040566;0;7;0;0;0;0;0;B01
201600040566;0;7;0;0;0;3;0;A01
201600040567;0;7;0;0;1;3;15;A01
201600040568;0;7;0;0;1;1;15;A01
201600040569;1;7;0;0;1;0;0;A01
201600040570;0;7;0;0;2;1;2;A01
201600040570;0;2;0;0;0;4;2;B01
201600040571;2;30;0;0;2;1;2;A01
201600040571;2;7;0;0;2;3;11;B01
201600040572;0;7;0;0;1;3;1;A01
201600040573;0;7;0;0;2;2;15;A01
201600040573;0;30;0;0;2;1;1;B01
201600040574;0;7;0;0;0;5;0;A01
201600040575;0;30;0;0;2;1;1;A01
201600040575;0;7;0;0;2;2;23;B01
201600040576;0;7;0;0;2;1;15;A01
201600040576;0;2;0;0;2;1;1;B01
201600040577;2;7;0;0;2;7;0;A01
201600040577;2;7;0;0;2;8;0;B01
201600040578;2;7;0;0;1;1;2;A01
201600040579;1;10;0;0;1;0;0;Z01
201600040580;0;7;0;0;1;1;1;A01
201600040581;0;7;0;0;2;7;15;A01
201600040581;0;30;0;1;2;1;1;B01
201600040582;0;7;0;4;0;1;7;A01
201600040583;0;7;0;0;2;1;2;A01
201600040583;0;7;0;0;0;4;2;B01
201600040583;0;7;0;0;2;4;2;C01
201600040584;0;7;0;0;0;3;0;A01
201600040584;0;34;0;0;0;3;0;B01
201600040585;1;7;0;0;1;5;1;A01
201600040586;0;10;0;0;2;2;2;A01
201600040586;0;10;0;0;2;2;15;B01
201600040586;0;14;0;0;2;3;15;C01
201600040587;0;7;0;0;2;7;1;A01
201600040587;0;7;0;0;2;1;1;B01
201600040588;0;7;0;1;2;2;0;A01
201600040589;0;7;0;0;0;3;15;A01
201600040589;0;30;0;0;0;2;17;B01
201600040590;0;7;0;0;2;7;1;B01
201600040590;0;7;0;0;2;3;1;A01
201600040591;0;7;0;0;1;3;19;A01
201600040592;0;7;0;0;0;1;2;A01
201600040592;0;7;0;0;0;4;0;B01
201600040593;0;99;0;0;1;0;0;A01
201600040594;0;7;0;0;1;1;1;A01
201600040595;0;7;0;0;1;1;1;A01
201600040596;0;34;0;0;2;1;21;A01
201600040596;0;7;0;0;2;3;1;B01
201600040597;0;7;0;0;2;1;1;B01
201600040597;0;7;0;0;2;5;1;A01
201600040598;0;7;0;0;2;8;15;A01
201600040598;0;33;0;0;2;7;1;B01
201600040599;0;10;0;0;1;3;9;A01
201600040600;0;7;0;0;2;2;0;A01
201600040600;0;1;0;0;9;3;1;B01
201600040601;0;3;0;0;0;2;1;A01
201600040602;0;1;0;0;2;0;2;A01
201600040602;0;10;0;0;0;3;1;B01
201600040603;0;7;0;4;0;1;0;A01
201600040604;0;7;0;0;2;3;1;A01
201600040604;0;7;0;0;2;1;1;B01
201600040605;0;7;0;0;1;4;0;A01
201600040606;0;7;0;0;2;1;2;A01
201600040606;0;7;0;0;2;4;2;B01