Num_Acc;senc;catv;occutc;obs;obsm;choc;manv;num_veh
201600040607;0;30;0;0;2;1;19;A01
201600040607;0;7;0;0;2;2;1;B01
201600040608;0;7;0;0;2;1;2;A01
201600040608;0;7;0;0;0;4;23;B01
201600040609;0;7;0;1;0;9;2;A01
201600040610;1;7;0;0;2;2;16;A01
201600040610;1;32;0;0;2;3;2;B01
201600040611;1;7;0;0;0;8;1;B01
201600040611;1;2;0;0;2;1;1;A01
201600040612;0;7;0;0;1;3;1;A01
201600040613;0;7;0;0;2;3;1;B01
201600040613;0;33;0;0;2;1;1;A01
201600040614;0;30;0;0;1;1;1;A01
201600040615;2;10;0;0;1;4;4;Z01
201600040616;0;33;0;0;1;3;2;A01
201600040617;0;7;0;0;1;2;16;A01
201600040618;0;10;0;0;0;3;15;A01
201600040618;0;32;0;0;0;3;0;B01
201600040619;0;7;0;0;0;3;1;A01
201600040620;1;7;0;0;2;2;1;A01
201600040620;0;33;0;0;2;7;1;B01
201600040621;0;33;0;0;2;1;1;A01
201600040621;0;7;0;0;0;4;1;B01
201600040622;2;34;0;0;1;1;3;A01
201600040623;0;30;0;0;2;8;1;A01
201600040623;0;30;0;0;2;7;1;B01
201600040624;0;30;0;0;2;8;1;B01
201600040624;2;7;0;0;0;3;15;A01
201600040625;0;30;0;0;0;1;0;A01
201600040626;0;7;0;0;1;1;0;A01
201600040627;0;7;0;0;1;2;5;A01
201600040628;0;10;0;9;2;7;1;A01
201600040628;0;7;0;0;2;1;19;B01
201600040629;1;7;0;0;2;3;11;A01
201600040629;2;2;0;0;2;1;2;B01
201600040630;0;34;0;0;2;5;1;A01
201600040630;0;7;0;0;2;6;15;B01
201600040631;0;7;0;15;0;1;1;A01
201600040631;0;37;1;0;0;8;23;B01
201600040632;0;31;0;0;0;1;1;B01
201600040633;0;7;0;0;1;1;0;A01
201600040634;0;7;0;0;2;3;15;A01
201600040634;0;32;0;0;2;1;2;B01
201600040635;0;7;0;0;1;1;1;A01
201600040636;0;7;0;;2;3;17;A01
201600040637;2;7;0;0;9;0;10;A01
201600040637;2;1;0;0;2;0;17;B01
201600040638;0;2;0;0;1;2;1;A01
201600040639;1;7;0;0;1;2;2;A01
201600040640;0;7;0;0;2;1;15;A01
201600040640;0;7;0;0;2;7;19;B01
201600040641;2;99;0;0;1;0;0;Z01
201600040642;0;7;0;0;1;1;1;A01
201600040643;0;7;0;0;1;2;15;A01
201600040644;0;2;0;0;0;9;1;B01
201600040644;0;7;0;0;0;1;1;A01
201600040645;0;7;0;0;1;1;15;B01
201600040646;0;32;0;0;2;1;1;B01
201600040646;0;7;0;0;2;3;15;A01
201600040647;0;37;1;0;1;0;0;Z01
201600040648;0;37;0;0;1;1;1;A01
201600040649;0;7;0;0;0;3;0;A01
201600040650;0;7;0;0;2;3;2;B01
201600040650;0;7;0;0;2;3;1;A01
201600040651;0;7;0;0;9;2;16;A01
201600040651;0;30;0;0;2;1;15;B01
201600040652;2;37;0;0;1;0;0;Z01
201600040653;0;7;0;0;2;1;2;A01
201600040653;0;7;0;16;2;4;2;B01
201600040654;0;7;0;0;2;4;2;A01
201600040654;0;7;0;14;0;1;2;B01
201600040655;1;7;0;0;2;3;15;A01
201600040655;1;7;0;0;2;2;17;B01
201600040656;1;7;0;15;0;9;1;A01
201600040657;2;7;0;0;2;3;11;A01
201600040657;2;7;0;0;2;2;1;B01
201600040657;2;7;0;0;2;2;1;C01
201600040658;0;7;0;0;2;2;10;A01
201600040658;0;7;0;0;2;1;1;B01
201600040659;2;1;0;0;2;7;1;Y01
201600040659;1;7;0;0;9;1;15;A01
201600040660;1;7;0;0;1;1;1;A01
201600040661;0;7;0;0;1;1;1;A01
201600040662;0;7;0;0;1;1;2;A01
201600040663;0;7;0;0;2;1;1;A01
201600040663;0;7;0;0;2;8;1;B01
201600040664;0;7;0;0;2;2;15;A01
201600040664;0;7;0;0;2;1;1;B01
201600040665;0;7;0;0;2;1;1;A01
201600040665;0;7;0;0;2;2;15;B01
201600040666;0;7;0;0;2;2;1;B01
201600040666;0;7;0;0;2;1;16;A01
201600040667;1;7;0;0;2;1;17;A01
201600040667;0;7;0;0;2;1;9;B01
201600040668;2;7;0;1;0;2;1;A01
201600040669;0;7;0;0;2;0;0;B01
201600040669;0;30;0;0;2;3;1;A01
201600040670;0;7;0;0;2;4;4;A01
201600040670;0;7;0;0;2;1;2;B01
201600040671;0;7;0;0;1;3;2;A01
201600040672;0;7;0;0;2;1;13;A01
201600040672;0;7;0;0;2;1;2;B01
201600040672;0;30;0;0;2;1;2;C01
201600040673;0;7;0;0;2;1;0;A01
201600040673;0;7;0;0;2;2;1;B01
201600040674;0;7;0;0;1;1;0;A01
201600040675;0;2;0;9;0;1;0;A01
201600040676;2;7;0;0;1;2;1;A01
201600040677;0;7;0;0;1;8;1;A01
201600040678;0;2;0;0;2;8;2;A01
201600040678;0;7;0;0;2;7;1;B01
201600040679;0;7;0;0;1;1;1;A01
201600040680;0;7;0;0;0;4;4;A01
201600040680;0;7;0;0;2;1;3;B01
201600040680;0;7;0;0;2;9;2;C01
201600040680;0;7;0;0;2;9;2;D01
201600040681;0;7;0;2;0;2;0;A01
201600040682;2;7;0;0;2;8;13;A01
201600040682;2;33;0;0;2;1;17;B01
201600040683;2;7;0;0;2;1;1;A01
201600040683;1;7;0;0;2;1;2;B01
201600040684;1;10;0;14;0;2;1;A01
201600040684;1;7;0;0;0;6;0;B01
201600040685;0;7;0;0;2;3;0;A01
201600040685;0;1;0;0;2;7;1;B01
201600040686;0;7;0;0;2;3;1;A01
201600040686;0;37;1;0;2;3;9;B01
201600040687;0;7;0;0;1;2;0;A01
201600040688;1;7;0;0;1;2;16;A01
201600040689;0;7;0;0;2;1;2;A01
201600040689;0;7;0;0;2;4;2;B01
201600040690;2;7;0;0;2;1;1;A01
201600040690;0;7;0;0;2;6;1;B01
201600040691;0;7;0;0;0;2;17;A01
201600040691;1;7;0;0;0;8;0;B01
201600040692;0;7;0;0;2;8;0;A01
201600040692;0;7;0;0;2;1;0;B01
201600040693;0;7;0;0;2;2;14;A01
201600040693;0;7;0;0;2;8;2;B01
201600040694;0;7;0;0;0;6;0;A01
201600040694;0;30;0;0;2;1;1;B01
201600040695;2;7;0;0;2;2;16;A01
201600040695;2;33;0;0;2;1;7;B01
201600040696;2;7;0;0;1;0;1;A01
201600040697;0;7;0;0;2;0;0;A01
201600040697;0;7;0;5;2;5;0;B01
201600040697;0;7;0;0;2;5;0;C01
201600040698;0;7;0;0;2;3;9;A01
201600040698;0;33;0;0;2;1;17;B01
201600040699;2;7;0;0;2;1;0;A01
201600040699;2;7;0;0;2;4;0;B01
201600040699;2;7;0;6;2;4;0;C01
201600040699;2;3;0;0;2;4;1;D01
201600040700;0;7;0;0;0;8;1;A01
201600040700;2;7;0;0;2;1;1;B01
201600040701;0;7;0;0;2;3;15;A01
201600040701;2;33;0;0;2;8;1;B01
201600040702;0;7;0;0;1;3;0;A01
201600040703;1;7;0;15;2;2;17;A01
201600040703;1;7;0;0;2;8;15;B01
201600040704;0;7;0;0;1;8;9;A01
201600040705;2;7;0;0;2;2;2;A01
201600040705;2;32;0;0;2;4;2;B01
201600040706;0;7;0;0;0;8;12;A01
201600040706;0;37;0;0;2;3;1;B01
201600040707;0;10;0;13;0;9;0;A01
201600040708;1;7;0;0;2;3;2;A01
201600040708;0;3;0;0;2;1;15;B01
201600040709;2;7;0;0;2;1;2;A01
201600040709;2;7;0;0;2;7;15;B01
201600040710;0;10;0;0;2;1;0;B01
201600040710;0;7;0;0;2;8;0;A01
201600040711;0;7;0;0;2;1;2;A01
201600040711;0;7;0;0;2;4;2;B01
201600040712;0;32;0;0;2;2;2;A01
201600040712;0;7;0;0;2;3;2;B01
201600040713;0;7;0;0;2;2;15;A01
201600040713;0;7;0;0;2;3;1;B01
201600040714;0;7;0;0;2;7;15;A01
201600040714;0;2;0;0;2;1;1;B01
201600040715;0;7;0;1;0;3;0;A01
201600040716;0;10;0;0;0;0;11;A01
201600040716;0;33;0;6;0;1;1;B01
201600040717;2;7;0;0;1;0;0;A01
201600040718;0;7;0;0;1;1;1;A01
201600040719;0;7;0;14;0;1;2;A01
201600040720;0;34;0;1;0;1;2;A01
201600040721;2;7;0;4;0;1;1;A01
201600040722;0;7;0;0;2;8;15;A01
201600040722;0;7;0;0;2;2;15;B01
201600040723;0;32;0;0;2;7;0;A01
201600040723;0;7;0;0;2;3;20;B01
201600040724;0;7;0;0;2;1;1;A01
201600040724;0;7;0;0;2;1;1;B01
201600040725;0;7;0;0;2;9;2;B01
201600040725;0;7;0;0;2;1;1;A01
201600040726;0;7;0;0;2;1;15;A01
201600040726;0;7;0;0;2;3;1;B01
201600040727;2;33;0;0;2;1;1;A01
201600040727;0;7;0;0;2;6;16;B01
201600040728;0;7;0;0;1;1;9;A01
201600040729;0;7;0;0;1;0;0;A01
201600040730;0;30;0;0;0;1;0;A01
201600040730;0;7;0;0;0;0;0;Z01
201600040731;1;7;0;0;2;1;1;B01
201600040731;0;7;0;0;2;1;5;A01
201600040732;0;37;1;0;2;2;1;B01
201600040732;0;7;0;0;2;1;9;A01
201600040733;0;7;0;0;0;2;2;A01
201600040733;0;7;0;0;0;3;2;B01
201600040734;0;1;0;0;2;7;0;A01
201600040734;0;7;0;0;9;3;0;B01
201600040735;0;7;0;0;2;3;15;A01
201600040735;0;34;0;0;2;7;17;B01
201600040736;0;31;0;0;2;1;0;A01
201600040736;0;7;0;0;2;2;0;B01
201600040737;2;99;0;0;0;2;16;A01
201600040738;0;7;0;0;1;3;0;A01
201600040739;1;7;0;0;0;3;15;A01
201600040739;2;2;0;0;0;1;1;B01
201600040740;0;7;0;0;0;2;5;A01
201600040740;0;34;0;0;0;7;1;B01
201600040741;0;7;0;0;2;1;11;A01
201600040741;0;7;0;0;2;8;2;B01
201600040742;0;33;0;0;0;8;0;A01
201600040743;2;7;0;0;1;2;1;A01
201600040744;0;7;0;0;1;1;0;A01
201600040745;0;7;0;0;2;2;15;A01
201600040745;0;31;0;0;2;2;0;B01
201600040746;0;7;0;0;0;1;1;A01
201600040747;0;7;0;0;2;2;2;A01
201600040747;0;32;0;0;0;4;0;B01
201600040748;0;7;0;0;2;1;2;A01
201600040748;0;7;0;0;2;9;2;B01
201600040748;0;7;0;0;2;4;2;C01
201600040749;0;10;0;0;1;2;1;A01
201600040750;0;7;0;1;0;2;14;A01
201600040751;0;7;0;0;1;3;0;A01
201600040752;0;33;0;0;2;3;13;B01
201600040752;0;7;0;0;2;3;15;A01
201600040753;1;16;0;1;2;1;3;A01
201600040753;1;7;0;1;2;8;3;B01
201600040754;0;7;0;0;2;1;2;A01
201600040754;0;7;0;1;0;9;23;B01
201600040754;0;7;0;1;0;4;2;C01
201600040755;0;7;0;0;2;7;2;A01
201600040755;0;30;0;0;2;8;2;B01
201600040756;0;7;0;0;9;3;22;A01
201600040756;0;7;0;0;9;8;0;B01
201600040756;0;1;0;0;2;0;0;C01
201600040757;0;7;0;0;2;3;15;A01
201600040757;0;34;0;0;2;9;17;B01
201600040758;0;7;0;0;1;2;16;A01
201600040759;0;7;0;0;1;7;1;A01
201600040760;0;7;0;0;0;4;1;A01
201600040760;0;7;0;0;2;1;1;B01
201600040761;0;7;0;0;2;3;10;A01
201600040761;0;32;0;0;2;7;17;B01
201600040762;2;1;0;1;0;1;2;A01
201600040762;0;7;0;0;9;8;24;B01
201600040763;0;7;0;0;0;5;1;A01
201600040763;0;1;0;0;2;1;1;Y01
201600040764;0;7;0;0;2;8;1;B01
201600040764;0;7;0;0;0;1;1;A01
201600040765;1;7;0;0;1;2;1;A01
201600040766;1;7;0;0;1;3;15;A01
201600040767;0;33;0;0;2;1;0;B01
201600040767;0;7;0;0;2;0;0;A01
201600040768;0;7;0;0;0;2;0;A01
201600040768;0;7;0;9;0;1;0;B01
201600040769;0;7;0;0;0;3;15;A01
201600040769;0;2;0;0;2;1;17;B01
201600040770;0;7;0;0;0;1;0;A01
201600040770;0;1;0;0;0;0;2;B01
201600040771;0;10;0;0;1;3;1;A01
201600040772;1;7;0;0;1;1;1;A01
201600040773;2;7;0;0;2;7;1;B01
201600040773;0;7;0;0;0;0;0;A01
201600040774;2;7;0;0;1;3;15;A01
201600040775;0;7;0;0;1;3;15;A01
201600040776;1;7;0;0;1;3;1;A01
201600040777;0;7;0;1;0;1;2;A01
201600040777;0;7;0;0;2;4;23;B01
201600040778;1;37;0;0;1;1;2;A01
201600040779;0;7;0;0;2;3;0;A01
201600040779;0;37;20;0;0;3;0;B01
201600040780;1;15;0;0;2;2;2;A01
201600040780;1;7;0;0;0;8;1;B01
201600040781;0;7;0;0;2;2;1;A01
201600040781;0;7;0;0;2;8;1;B01
201600040782;0;20;0;0;1;7;0;A01
201600040783;0;1;0;0;1;1;0;Y01
201600040784;0;30;0;8;0;1;13;A01
201600040785;1;7;0;0;2;6;15;A01
201600040785;1;33;0;0;2;1;17;B01
201600040786;0;7;0;0;1;2;1;A01
201600040787;1;34;0;0;0;1;1;A01
201600040787;1;7;0;0;0;8;2;B01
201600040788;0;34;0;0;1;3;1;A01
201600040789;1;7;0;0;2;2;2;A01
201600040789;1;1;0;0;2;6;2;B01
201600040790;2;7;0;0;2;2;1;B01
201600040790;0;7;0;0;2;1;15;A01
201600040791;1;30;0;0;2;1;2;A01
201600040791;1;34;0;0;0;4;2;B01
201600040792;0;7;0;0;0;3;0;A01
201600040792;0;7;0;1;0;6;0;B01
201600040793;1;7;0;15;2;1;2;A01
201600040793;0;3;0;0;2;4;24;B01
201600040794;0;7;0;15;1;2;1;A01
201600040795;0;7;0;0;1;2;16;A01
201600040796;0;7;0;0;2;2;1;A01
201600040796;0;7;0;0;2;1;1;B01
201600040797;0;7;0;0;0;8;1;A01
201600040797;0;7;0;0;0;1;1;B01
201600040798;1;7;0;8;0;1;0;A01
201600040799;0;2;0;0;2;1;1;A01
201600040799;0;7;0;0;2;7;1;B01
201600040800;0;34;0;1;2;1;2;A01
201600040800;0;10;0;1;2;8;22;B01
201600040801;0;7;0;0;2;1;5;A01
201600040801;0;7;0;0;2;1;0;B01
201600040802;2;7;0;0;2;2;0;A01
201600040802;1;33;0;0;2;3;0;B01
201600040803;0;2;0;0;2;1;2;A01
201600040803;0;7;0;0;0;4;1;B01
201600040804;0;7;0;0;2;3;5;A01
201600040804;0;7;0;0;2;3;5;B01
201600040805;2;7;0;0;1;2;1;A01
201600040806;0;7;0;0;1;3;15;A01
201600040807;0;7;0;0;1;1;1;A01
201600040808;0;7;0;0;2;1;9;A01
201600040808;0;10;0;0;2;2;0;B01
201600040809;0;32;0;0;2;4;2;A01
201600040809;0;7;0;0;2;4;2;B01
201600040809;0;10;0;0;2;1;2;C01
201600040810;0;7;0;0;2;1;3;A01
201600040810;0;7;0;0;2;3;10;B01
201600040811;2;7;0;0;1;7;1;A01
201600040812;0;7;0;0;2;1;0;A01
201600040812;0;13;0;0;2;1;0;B01
201600040813;1;2;0;0;2;1;3;A01
201600040813;1;7;0;0;0;5;2;B01
201600040814;0;2;0;0;2;1;1;A01
201600040814;0;7;0;0;2;4;23;B01
201600040815;0;32;0;1;2;8;18;A01
201600040815;0;7;0;0;2;7;1;B01
201600040816;0;7;0;0;1;3;1;A01
201600040817;1;99;0;0;2;1;11;A01
201600040817;1;7;0;0;2;1;2;B01
201600040818;0;7;0;0;2;7;1;A01
201600040818;0;33;0;0;2;1;1;B01
201600040819;1;32;0;0;2;1;2;A01
201600040819;2;7;0;0;0;0;0;B01
201600040820;2;7;0;0;1;1;0;A01
201600040821;0;7;0;0;1;1;1;A01
201600040822;0;10;0;0;2;5;0;B01
201600040822;0;10;0;0;2;2;0;A01
201600040823;0;7;0;0;9;1;15;A01
201600040823;0;1;0;0;2;8;1;B01
201600040824;0;7;0;0;2;1;2;A01
201600040824;0;7;0;0;2;4;2;B01
201600040824;0;7;0;0;2;4;2;C01
201600040825;0;7;0;0;1;2;2;A01
201600040826;0;7;0;0;2;1;0;A01
201600040826;0;7;0;0;2;5;2;B01
201600040826;0;7;0;0;2;4;0;C01
201600040827;2;37;11;0;0;2;2;B01
201600040827;2;7;0;0;0;3;15;A01
201600040828;2;7;0;0;0;5;15;A01
201600040828;1;32;0;0;0;1;0;B01
201600040829;0;7;0;0;2;8;1;A01
201600040829;0;32;0;0;0;1;2;B01
201600040830;0;7;0;0;1;3;1;A01
201600040831;1;30;0;0;2;1;1;A01
201600040831;1;3;0;0;2;6;0;B01
201600040832;0;7;0;0;2;8;0;A01
201600040832;0;7;0;0;0;7;0;B01
201600040833;0;7;0;0;1;3;1;A01
201600040834;0;7;0;0;2;1;19;A01
201600040834;2;99;0;0;2;1;0;B01
201600040834;1;7;0;1;2;1;1;C01
201600040834;0;7;0;1;0;8;0;D01
201600040835;0;10;0;0;0;3;1;A01
201600040835;0;33;0;0;0;7;1;B01
201600040836;2;30;0;0;1;1;1;A01
201600040837;0;7;0;0;2;1;5;B01
201600040837;0;7;0;0;2;5;15;A01
201600040838;0;7;0;0;2;1;1;A01
201600040838;0;7;0;0;2;8;1;B01
201600040839;2;31;0;0;0;1;1;A01
201600040840;2;7;0;0;1;1;0;A01
201600040841;0;7;0;0;9;3;1;A01
201600040841;0;1;0;0;2;1;1;B01
201600040842;0;10;0;0;0;1;0;A01
201600040842;0;7;0;0;0;4;23;B01
201600040843;0;33;0;0;2;3;2;A01
201600040843;0;13;0;0;0;6;2;B01
201600040843;0;15;0;0;0;6;2;C01
201600040843;0;37;16;0;0;0;2;D01
201600040844;2;7;0;9;0;7;13;A01
201600040845;2;10;0;0;9;0;1;A01
201600040845;2;2;0;0;0;0;3;B01
201600040846;1;7;0;0;1;3;2;A01
201600040847;0;10;0;0;1;4;4;A01
201600040848;0;2;0;1;0;2;2;A01
201600040848;0;7;0;0;2;3;24;B01
201600040849;2;7;0;0;2;3;15;A01
201600040849;2;2;0;0;2;2;17;B01
201600040850;0;37;0;0;1;2;16;A01
201600040851;1;7;0;1;0;2;1;A01
201600040852;2;7;0;0;1;2;1;A01
201600040853;2;7;0;0;1;2;0;A01
201600040854;2;7;0;0;2;3;17;A01
201600040854;1;33;0;0;2;1;1;B01
201600040855;0;33;0;0;1;0;2;Z01
201600040856;1;7;0;0;0;3;15;A01
201600040856;1;30;0;0;0;2;17;B01
201600040857;0;1;0;0;0;7;10;A01
201600040857;0;34;0;0;2;2;0;B01
201600040858;1;7;0;0;2;2;1;A01
201600040858;1;2;0;0;2;7;1;B01
201600040859;0;7;0;0;0;2;2;B01
201600040859;0;10;0;0;2;5;4;A01
201600040860;0;7;0;1;0;2;2;A01
201600040860;0;7;0;0;0;6;23;B01
201600040861;1;33;0;0;2;1;13;A01
201600040861;2;7;0;0;2;3;1;B01
201600040862;0;34;0;0;2;1;2;A01
201600040863;1;32;0;0;2;1;1;B01
201600040863;1;7;0;0;2;5;1;A01
201600040864;0;7;0;0;0;2;2;A01
201600040864;0;7;0;0;0;1;2;B01
201600040865;2;7;0;0;2;1;1;B01
201600040865;1;7;0;0;2;1;1;A01
201600040866;0;7;0;0;1;1;0;A01
201600040867;0;7;0;0;1;1;1;A01
201600040868;0;30;0;0;2;1;17;A01
201600040868;0;7;0;0;0;3;15;B01
201600040869;0;32;0;0;0;1;2;B01
201600040869;0;7;0;0;2;7;15;A01
201600040870;0;7;0;0;2;2;15;A01
201600040870;0;30;0;0;2;3;17;B01
201600040871;0;2;0;8;0;8;0;A01
201600040872;0;7;0;0;2;6;20;A01
201600040872;0;2;0;0;2;2;17;B01
201600040873;0;10;0;0;2;2;1;A01
201600040873;0;7;0;0;2;3;1;B01
201600040874;0;7;0;0;1;1;15;A01
201600040875;0;7;0;0;1;0;0;A01
201600040876;0;7;0;0;0;1;16;A01
201600040877;0;37;30;0;2;3;1;A01
201600040877;0;2;0;0;2;1;1;B01
201600040878;0;7;0;0;2;8;1;B01
201600040878;0;7;0;0;2;3;1;A01
201600040879;2;7;0;0;2;3;1;A01
201600040879;1;2;0;0;0;8;1;B01
201600040880;0;7;0;0;0;7;2;B01
201600040880;0;7;0;0;0;1;2;A01
201600040881;0;7;0;0;0;2;15;A01
201600040881;0;33;0;0;9;1;1;B01
201600040882;0;7;0;0;0;0;0;A01
201600040882;0;33;0;0;2;8;1;B01
201600040883;1;14;0;0;0;0;1;A01
201600040884;0;31;0;0;2;8;18;A01
201600040884;1;7;0;0;2;5;23;B01
201600040885;1;7;0;0;0;2;2;A01
201600040886;0;2;0;0;9;7;1;A01
201600040886;0;7;0;0;2;3;1;B01
201600040887;1;3;0;0;2;3;1;A01
201600040887;0;30;0;0;2;1;2;B01
201600040888;0;7;0;1;;2;21;A01
201600040889;1;32;0;0;1;1;1;A01
201600040890;0;7;0;0;0;7;2;B01
201600040890;0;7;0;0;2;1;16;A01
201600040891;0;7;0;0;9;3;1;A01
201600040891;0;30;0;0;2;1;17;B01
201600040892;0;7;0;0;1;3;1;A01
201600040893;0;10;0;0;2;3;9;A01
201600040893;0;33;0;0;2;2;2;B01
201600040894;2;33;0;0;2;1;21;A01
201600040895;1;37;0;0;1;1;7;A01
201600040896;0;30;0;0;0;1;1;A01
201600040896;0;7;0;0;0;1;15;B01
201600040897;1;2;0;0;0;2;1;A01
201600040897;1;7;0;0;0;3;9;B01
201600040898;1;37;1;0;1;3;15;A01
201600040899;0;7;0;0;1;1;1;A01
201600040900;0;7;0;1;0;3;24;A01
201600040900;0;1;0;0;2;1;0;B01
201600040901;0;7;0;0;2;1;17;A01
201600040901;0;7;0;0;0;1;1;B01
201600040902;0;7;0;0;1;3;19;A01
201600040903;2;10;0;0;2;2;1;A01
201600040903;2;2;0;0;0;8;1;B01
201600040904;0;7;0;0;1;1;2;A01
201600040905;1;7;0;0;1;1;15;A01
201600040906;0;7;0;0;2;1;2;A01
201600040906;0;37;1;0;2;1;2;B01
201600040906;0;7;0;0;2;4;2;C01
201600040907;0;7;0;0;1;1;20;A01
201600040908;1;7;0;0;2;1;12;A01
201600040908;2;7;0;0;2;1;9;B01
201600040909;1;7;0;0;1;2;1;A01
201600040910;0;7;0;0;2;2;11;A01
201600040910;0;7;0;0;0;6;2;B01
201600040911;1;7;0;0;2;2;15;A01
201600040911;2;7;0;0;0;8;1;B01
201600040912;1;7;0;0;2;2;15;A01
201600040912;2;34;0;0;0;1;1;B01
201600040913;0;7;0;0;2;7;1;A01
201600040913;0;7;0;0;0;1;1;B01
201600040914;0;7;0;0;1;2;1;A01
201600040915;0;7;0;0;2;2;1;B01
201600040915;0;7;0;0;0;1;1;A01
201600040916;0;7;0;0;2;3;15;A01
201600040916;0;7;0;0;0;9;2;B01
201600040917;0;34;0;0;2;2;11;A01
201600040917;0;32;0;0;0;1;1;B01
201600040918;0;7;0;0;2;1;15;A01
201600040918;0;7;0;0;0;1;1;B01
201600040919;1;7;0;0;1;1;1;A01
201600040920;2;7;0;0;0;5;15;A01
201600040920;1;33;0;0;2;1;1;B01
201600040921;0;7;0;0;2;1;1;A01
201600040921;0;15;0;0;0;2;15;B01
201600040922;0;7;0;0;2;2;1;A01
201600040922;0;7;0;0;2;3;15;B01
201600040923;0;7;0;1;0;2;1;A01
201600040924;0;7;0;0;2;1;2;A01
201600040924;0;7;0;0;0;4;2;B01
201600040925;0;37;1;0;2;1;1;A01
201600040925;0;7;0;0;0;8;9;B01
201600040926;0;30;0;0;2;1;1;A01
201600040926;0;7;0;0;0;8;10;B01
201600040927;0;7;0;0;1;3;1;A01
201600040928;0;7;0;0;0;6;1;A01
201600040928;0;7;0;0;2;0;0;B01
201600040929;0;7;0;0;1;2;0;A01
201600040930;1;33;0;0;2;1;6;A01
201600040930;1;7;0;0;2;1;1;B01
201600040931;0;7;0;0;1;4;4;A01
201600040932;0;3;0;0;2;5;15;A01
201600040932;0;31;0;0;2;1;0;B01
201600040933;0;32;0;0;0;1;2;A01
201600040933;0;7;0;0;0;1;15;B01
201600040934;0;37;1;0;2;5;1;B01
201600040934;0;7;0;0;2;3;19;A01
201600040935;0;7;0;0;1;1;1;A01
201600040936;0;7;0;0;1;7;0;A01
201600040937;0;33;0;0;2;2;2;A01
201600040937;0;7;0;0;2;3;2;B01
201600040938;0;7;0;0;2;1;16;A01
201600040938;0;7;0;0;2;3;1;B01
201600040939;1;7;0;1;0;3;1;B01
201600040939;0;37;0;0;0;4;24;C01
201600040939;0;7;0;0;2;0;10;Z01
201600040940;0;32;0;0;2;8;1;B01
201600040940;0;7;0;0;2;1;0;A01
201600040941;0;7;0;0;2;2;1;A01
201600040941;0;7;0;0;2;3;0;B01
201600040942;0;7;0;0;1;6;1;A01
201600040943;0;7;0;8;1;3;0;Z01
201600040944;0;7;0;0;2;1;1;A01
201600040944;0;7;0;0;0;8;19;B01
201600040945;0;7;0;0;0;6;11;A01
201600040945;0;2;0;0;2;0;1;B01
201600040946;1;30;0;0;2;1;1;B01
201600040946;1;2;0;0;2;0;0;Z01
201600040947;1;7;0;0;2;1;2;A01
201600040947;1;10;0;0;2;4;23;B01
201600040947;1;10;0;0;2;4;23;C01
201600040947;1;10;0;0;0;4;23;D01
201600040948;1;7;0;0;2;1;15;A01
201600040948;2;2;0;0;2;1;1;B01
201600040949;0;7;0;0;2;3;2;A01
201600040949;0;1;0;0;0;1;3;B01
201600040950;0;33;0;0;2;1;1;A01
201600040950;0;7;0;0;0;5;24;B01
201600040951;0;7;0;0;0;5;15;A01
201600040951;0;33;0;0;2;1;1;B01
201600040952;0;7;0;0;0;5;1;A01
201600040953;0;7;0;0;0;3;10;A01
201600040953;0;7;0;0;2;3;1;B01
201600040954;0;7;0;0;1;5;4;A01
201600040955;0;7;0;0;1;2;1;A01
201600040956;1;7;0;0;2;5;21;A01
201600040956;1;33;0;0;2;1;1;B01
201600040957;0;7;0;0;0;4;2;A01
201600040957;0;7;0;0;0;0;0;Z01
201600040958;0;7;0;0;1;2;2;A01
201600040959;2;7;0;0;2;1;1;A01
201600040959;0;7;0;9;2;4;1;B01
201600040960;2;7;0;0;1;1;1;A01
201600040961;0;7;0;0;1;1;0;A01
201600040962;0;37;30;1;0;4;0;A01
201600040962;0;7;0;1;0;0;0;B01
201600040963;0;7;0;9;0;3;0;A01
201600040964;0;7;0;0;2;2;1;B01
201600040964;0;7;0;0;2;7;1;A01
201600040965;0;7;0;0;2;2;10;A01
201600040965;0;2;0;0;2;1;0;B01
201600040966;0;7;0;0;1;2;1;A01
201600040967;0;7;0;0;2;3;1;A01
201600040967;0;7;0;0;2;2;16;B01
201600040968;0;30;0;0;2;1;1;A01
201600040968;0;7;0;0;2;8;1;B01
201600040969;0;7;0;1;0;1;0;A01
201600040970;0;7;0;0;2;3;15;A01
201600040970;0;33;0;0;0;3;1;B01
201600040971;0;7;0;0;1;1;15;A01
201600040972;0;37;0;0;2;8;1;A01
201600040972;0;2;0;0;2;7;12;B01
201600040973;0;7;0;6;0;1;13;A01
201600040974;0;7;0;0;2;2;9;A01
201600040974;0;32;0;0;2;3;2;B01
201600040975;0;7;0;0;2;4;2;A01
201600040975;0;7;0;0;2;4;2;B01
201600040975;0;7;0;0;2;4;2;C01
201600040976;0;7;0;0;1;3;1;A01
201600040977;0;7;0;0;0;0;15;A01
201600040978;2;7;0;0;2;0;0;A01
201600040979;2;7;0;0;2;2;15;A01
201600040979;1;33;0;0;2;3;1;B01
201600040980;0;7;0;0;2;1;0;A01
201600040980;0;7;0;0;2;8;15;B01
201600040981;0;7;0;0;1;1;1;A01
201600040982;0;7;0;0;1;1;0;A01
201600040983;1;7;0;1;2;8;17;A01
201600040983;0;14;0;0;2;1;17;B01
201600040984;1;7;0;0;1;1;2;A01
201600040985;0;7;0;0;2;3;9;A01
201600040985;0;7;0;0;2;7;1;B01
201600040986;0;7;0;0;1;3;0;A01
201600040987;0;7;0;0;2;1;1;B01