Num_Acc;senc;catv;occutc;obs;obsm;choc;manv;num_veh
201600040987;0;7;0;0;2;1;9;A01
201600040988;0;10;0;0;1;3;1;A01
201600040989;0;7;0;0;1;3;0;A01
201600040990;0;37;1;0;1;5;1;A01
201600040991;0;7;0;0;2;2;2;A01
201600040991;0;1;0;0;2;4;2;B01
201600040992;1;33;0;9;0;0;2;A01
201600040992;2;7;0;0;0;0;2;B01
201600040993;0;7;0;0;1;2;1;A01
201600040994;0;7;0;0;2;3;2;A01
201600040994;0;7;0;0;2;6;2;B01
201600040995;0;7;0;0;2;1;1;A01
201600040995;0;7;0;0;2;4;1;B01
201600040996;0;7;0;0;2;2;12;A01
201600040996;0;32;0;0;2;3;1;B01
201600040997;0;10;0;15;2;2;15;A01
201600040997;0;7;0;0;2;6;0;B01
201600040998;0;7;0;0;1;1;1;A01
201600040999;0;7;0;0;2;2;12;A01
201600040999;0;31;0;0;2;6;1;B01
201600041000;0;7;0;1;2;3;2;A01
201600041000;0;7;0;1;0;8;9;B01
201600041001;0;7;0;0;0;3;1;A01
201600041001;0;7;0;0;0;5;13;B01
201600041002;0;7;0;0;2;3;17;A01
201600041002;0;7;0;0;2;6;1;B01
201600041002;0;7;0;0;2;2;16;C01
201600041003;0;7;0;0;2;1;2;A01
201600041003;0;7;0;0;2;4;23;B01
201600041003;0;7;0;0;2;4;23;C01
201600041003;0;7;0;0;2;4;23;D01
201600041004;0;7;0;8;0;0;0;A01
201600041005;0;7;0;0;1;2;1;A01
201600041006;0;33;0;12;0;0;0;A01
201600041007;0;7;0;0;1;3;15;A01
201600041008;0;7;0;0;2;1;1;A01
201600041008;0;7;0;0;0;4;1;B01
201600041009;0;7;0;0;1;0;1;A01
201600041010;0;7;0;0;2;2;1;A01
201600041010;0;7;0;0;2;1;15;B01
201600041011;0;7;0;1;0;1;1;A01
201600041012;1;7;0;3;2;2;1;A01
201600041012;1;7;0;3;2;3;1;B01
201600041013;0;7;0;1;0;3;1;A01
201600041014;0;7;0;0;2;1;1;A01
201600041014;0;7;0;0;2;3;15;B01
201600041015;0;33;0;0;2;1;2;B01
201600041015;0;7;0;0;2;6;15;A01
201600041016;0;33;0;0;1;1;21;A01
201600041017;0;7;0;0;2;2;1;A01
201600041017;0;7;0;0;2;3;15;B01
201600041018;0;7;0;3;0;1;2;A01
201600041019;0;31;0;0;2;5;13;B01
201600041019;0;7;0;0;2;3;13;A01
201600041020;0;7;0;9;2;1;5;A01
201600041020;0;7;0;9;2;8;0;B01
201600041021;0;3;0;0;0;0;0;A01
201600041021;1;2;0;0;0;0;0;B01
201600041022;0;7;0;0;2;2;15;A01
201600041022;0;7;0;0;2;5;2;B01
201600041022;0;7;0;0;0;8;23;C01
201600041023;0;7;0;0;2;1;2;A01
201600041023;0;3;0;0;0;4;2;B01
201600041024;0;2;0;0;0;2;0;A01
201600041024;0;7;0;0;2;1;9;B01
201600041025;0;7;0;0;9;3;2;B01
201600041025;1;1;0;0;2;1;1;A01
201600041026;0;7;0;0;0;0;16;A01
201600041026;0;30;0;0;2;7;1;B01
201600041027;0;7;0;0;0;1;9;A01
201600041027;0;7;0;0;0;3;1;B01
201600041028;0;1;0;0;2;1;2;A01
201600041028;0;7;0;0;2;5;2;B01
201600041029;0;37;0;0;2;2;1;A01
201600041029;0;7;0;0;2;3;16;B01
201600041030;0;13;0;0;0;6;0;B01
201600041030;0;7;0;0;2;1;0;A01
201600041031;0;99;0;0;1;2;16;A01
201600041032;0;7;0;2;0;1;1;A01
201600041033;0;7;0;8;0;1;6;A01
201600041034;0;7;0;0;1;1;9;A01
201600041035;0;7;0;0;0;8;2;B01
201600041035;0;7;0;0;2;1;2;A01
201600041036;1;7;0;0;1;1;1;A01
201600041037;0;7;0;1;2;3;1;A01
201600041037;0;7;0;0;2;6;1;B01
201600041038;1;7;0;0;2;1;2;A01
201600041038;1;7;0;0;2;4;2;B01
201600041039;0;7;0;0;2;2;2;A01
201600041039;0;7;0;0;2;3;10;B01
201600041040;0;7;0;0;0;2;0;A01
201600041041;0;10;0;0;1;3;1;A01
201600041042;0;7;0;0;0;1;15;A01
201600041043;1;7;0;0;2;1;2;A01
201600041043;1;7;0;0;1;4;2;B01
201600041044;0;7;0;0;1;1;15;A01
201600041045;0;33;0;0;2;2;1;B01
201600041045;0;7;0;0;2;2;13;Z01
201600041046;0;7;0;0;0;2;10;A01
201600041046;0;2;0;0;0;3;1;B01
201600041047;0;7;0;0;1;7;1;A01
201600041048;0;7;0;0;2;4;9;A01
201600041048;0;33;0;0;2;2;0;B01
201600041049;0;7;0;0;2;2;1;A01
201600041049;0;2;0;0;2;3;1;B01
201600041050;1;7;0;0;1;3;2;A01
201600041051;0;7;0;0;2;1;1;A01
201600041051;0;7;0;0;2;4;1;B01
201600041051;0;7;0;0;2;4;2;C01
201600041051;0;7;0;0;2;4;2;D01
201600041052;0;7;0;0;2;3;9;A01
201600041052;0;33;0;0;2;1;1;B01
201600041053;1;7;0;0;0;3;2;A01
201600041054;0;7;0;0;1;3;2;A01
201600041055;0;7;0;0;2;3;9;A01
201600041055;0;32;0;0;2;2;1;B01
201600041056;0;7;0;0;2;1;1;A01
201600041056;0;7;0;0;2;4;1;B01
201600041056;0;7;0;1;0;4;1;C01
201600041056;0;37;1;0;0;4;23;D01
201600041057;2;7;0;8;0;2;1;A01
201600041058;0;7;0;0;1;3;17;A01
201600041059;0;7;0;0;2;2;9;A01
201600041059;0;7;0;0;2;3;2;B01
201600041060;1;7;0;0;2;1;2;A01
201600041060;0;7;0;0;2;6;2;B01
201600041060;1;7;0;0;2;4;2;C01
201600041061;0;7;0;0;1;1;1;A01
201600041062;0;7;0;0;1;2;2;A01
201600041063;0;7;0;0;2;3;1;B01
201600041063;0;30;0;0;2;1;15;A01
201600041064;0;7;0;0;0;3;15;A01
201600041064;0;7;0;0;0;1;1;B01
201600041064;0;7;0;0;0;0;0;C01
201600041065;1;7;0;0;1;3;1;A01
201600041066;0;7;0;0;9;2;15;A01
201600041066;0;1;0;0;2;1;1;B01
201600041067;2;7;0;0;2;1;2;A01
201600041067;2;7;0;0;0;4;1;B01
201600041068;0;7;0;0;0;3;15;A01
201600041068;0;37;1;0;0;3;1;B01
201600041069;0;7;0;0;0;6;10;A01
201600041069;0;7;0;0;2;1;2;B01
201600041070;1;32;0;0;2;7;17;B01
201600041070;1;7;0;0;2;3;15;A01
201600041071;0;7;0;0;1;2;1;A01
201600041072;0;7;0;0;1;1;0;A01
201600041073;0;7;0;0;1;2;2;A01
201600041074;0;7;0;0;2;2;15;A01
201600041074;0;33;0;0;2;1;1;B01
201600041075;0;7;0;6;0;1;1;A01
201600041076;0;7;0;0;2;3;1;A01
201600041076;0;7;0;0;2;3;2;B01
201600041077;0;7;0;0;1;1;1;A01
201600041078;0;10;0;0;0;1;2;A01
201600041078;0;7;0;0;0;3;15;B01
201600041079;1;32;0;0;2;1;1;A01
201600041079;0;7;0;0;2;3;15;B01
201600041080;0;40;1;0;1;2;1;A01
201600041081;1;7;0;0;1;3;2;A01
201600041082;0;7;0;0;1;1;0;A01
201600041083;1;7;0;9;0;1;0;A01
201600041084;1;7;0;0;2;1;15;A01
201600041084;0;32;0;0;0;4;15;B01
201600041085;1;7;0;0;2;3;14;A01
201600041085;1;7;0;0;2;8;1;B01
201600041086;0;7;0;0;2;3;0;A01
201600041086;2;33;0;0;0;4;23;B01
201600041087;0;7;0;0;2;2;9;A01
201600041087;0;1;0;0;2;3;9;B01
201600041088;0;33;0;0;2;1;2;A01
201600041088;0;7;0;0;0;4;23;B01
201600041089;2;7;0;1;1;2;1;A01
201600041090;1;7;0;1;2;1;17;A01
201600041090;1;7;0;0;2;3;15;B01
201600041091;2;7;0;0;1;2;1;A01
201600041092;0;7;0;0;0;1;1;B01
201600041092;0;7;0;0;2;1;1;A01
201600041093;2;7;0;0;2;1;1;A01
201600041093;1;7;0;15;2;2;1;B01
201600041094;2;7;0;0;2;1;0;A01
201600041094;1;7;0;0;2;1;0;B01
201600041095;2;7;0;0;0;5;13;A01
201600041095;1;2;0;0;2;1;1;B01
201600041096;2;7;0;0;1;3;1;A01
201600041097;0;7;0;0;2;1;1;A01
201600041097;0;7;0;0;2;3;1;B01
201600041098;0;7;0;0;0;6;1;A01
201600041098;0;33;0;0;2;1;9;B01
201600041099;0;2;0;0;0;0;15;A01
201600041100;0;7;0;0;1;2;19;A01
201600041101;0;7;0;0;1;7;1;A01
201600041102;2;15;0;0;0;7;11;A01
201600041102;2;32;0;0;0;8;18;B01
201600041103;0;7;0;0;1;1;15;A01
201600041104;0;7;0;0;1;1;16;A01
201600041105;0;7;0;6;0;9;21;A01
201600041106;0;32;0;0;0;8;2;A01
201600041106;0;7;0;0;0;2;16;B01
201600041107;0;2;0;0;2;8;15;A01
201600041107;0;7;0;0;2;2;1;B01
201600041108;0;1;0;0;0;6;2;A01
201600041108;0;13;0;0;0;0;2;Z01
201600041109;1;33;0;0;2;2;0;A01
201600041109;1;3;0;0;2;0;0;B01
201600041110;0;7;0;0;0;2;2;A01
201600041111;0;2;0;0;1;1;17;A01
201600041112;1;2;0;1;0;6;0;A01
201600041112;2;10;0;1;0;6;0;B01
201600041113;0;3;0;0;0;7;10;A01
201600041113;0;32;0;0;2;1;1;B01
201600041114;0;7;0;0;2;2;15;B01
201600041114;0;32;0;0;2;2;1;A01
201600041115;0;7;0;0;2;5;15;A01
201600041115;1;33;0;0;2;1;13;B01
201600041116;2;7;0;0;1;3;1;A01
201600041117;0;7;0;0;2;3;15;A01
201600041117;0;33;0;0;2;1;21;B01
201600041118;0;7;0;0;2;3;9;A01
201600041118;0;2;0;0;2;1;1;B01
201600041119;0;3;0;0;2;3;10;A01
201600041119;0;3;0;2;2;1;1;B01
201600041120;0;1;0;0;9;1;23;A01
201600041120;0;37;1;0;9;5;16;B01
201600041121;0;34;0;0;2;9;21;B01
201600041121;0;7;0;0;2;2;15;A01
201600041122;1;7;0;0;1;1;2;A01
201600041123;0;7;0;0;9;3;15;A01
201600041123;0;33;0;0;2;3;2;B01
201600041124;1;31;0;0;2;4;1;A01
201600041124;1;7;0;0;2;1;1;B01
201600041125;0;7;0;0;1;1;1;A01
201600041126;0;7;0;0;0;0;0;A01
201600041127;1;7;0;0;0;4;23;A01
201600041127;1;7;0;0;0;0;2;B01
201600041128;2;7;0;0;2;1;0;A01
201600041128;2;7;0;0;0;4;0;B01
201600041129;1;37;1;0;2;3;1;A01
201600041129;2;7;0;0;2;1;13;B01
201600041130;1;32;0;0;2;2;17;B01
201600041130;1;7;0;0;2;3;15;A01
201600041131;0;7;0;0;2;1;2;A01
201600041131;0;2;0;0;2;4;2;B01
201600041132;0;7;0;0;2;2;10;A01
201600041132;0;33;0;0;2;1;1;B01
201600041133;1;32;0;0;2;1;2;A01
201600041133;1;34;0;0;0;4;2;B01
201600041134;1;7;0;0;1;1;0;A01
201600041135;0;7;0;0;2;7;16;A01
201600041135;0;32;0;0;2;3;2;B01
201600041136;2;7;0;0;1;1;0;A01
201600041137;2;7;0;0;1;2;1;A01
201600041138;2;2;0;0;2;1;13;A01
201600041138;1;7;0;0;2;3;1;B01
201600041139;0;3;0;0;2;1;15;A01
201600041139;0;2;0;0;2;3;1;B01
201600041140;0;7;0;0;1;1;15;A01
201600041141;0;3;0;0;1;3;1;A01
201600041142;1;10;0;0;2;6;15;A01
201600041142;1;30;0;0;2;1;17;B01
201600041143;0;37;60;0;1;7;1;A01
201600041144;0;7;0;0;2;1;2;A01
201600041144;0;7;0;0;0;4;2;B01
201600041145;0;32;0;0;0;0;0;A01
201600041146;0;3;0;0;0;8;1;A01
201600041147;1;7;0;0;1;3;1;A01
201600041148;0;7;0;4;0;7;1;A01
201600041149;1;7;0;0;1;1;2;A01
201600041150;0;7;0;0;0;0;0;A01
201600041151;1;30;0;0;0;0;0;A01
201600041152;2;7;0;0;1;5;4;A01
201600041153;0;31;0;0;2;1;1;A01
201600041153;0;7;0;0;2;3;9;B01
201600041154;0;7;0;0;9;2;15;A01
201600041154;0;1;0;0;2;1;18;B01
201600041155;2;7;0;0;0;1;0;A01
201600041156;1;7;0;0;9;3;0;A01
201600041156;1;1;0;0;0;0;0;B01
201600041157;0;7;0;0;2;0;0;A01
201600041157;0;32;0;0;2;0;0;B01
201600041158;0;7;0;0;1;3;2;A01
201600041159;1;7;0;0;2;2;0;A01
201600041159;1;33;0;0;2;2;0;B01
201600041160;1;2;0;0;0;4;2;A01
201600041160;1;7;0;0;2;0;2;Z01
201600041161;1;33;0;0;1;1;0;A01
201600041162;0;7;0;0;2;3;23;A01
201600041162;0;34;0;0;2;1;13;B01
201600041163;1;33;0;0;1;1;2;A01
201600041164;0;7;0;0;1;1;1;A01
201600041165;1;33;0;0;2;1;1;A01
201600041165;1;13;0;0;2;4;1;B01
201600041166;0;3;0;0;9;2;15;A01
201600041167;0;7;0;0;2;8;10;A01
201600041167;2;31;0;0;2;1;2;B01
201600041168;1;7;0;0;2;3;2;A01
201600041168;1;14;0;0;2;2;1;B01
201600041169;2;32;0;1;0;1;0;A01
201600041169;2;7;0;0;0;5;23;B01
201600041170;0;37;0;0;0;0;0;B01
201600041171;0;7;0;0;1;0;0;A01
201600041172;0;7;0;0;2;2;1;B01
201600041172;0;7;0;0;2;7;1;A01
201600041173;0;7;0;0;0;8;2;A01
201600041173;0;30;0;0;0;9;11;B01
201600041174;0;7;0;1;0;1;1;A01
201600041175;2;7;0;12;0;2;1;A01
201600041176;0;7;0;0;1;3;15;A01
201600041177;0;7;0;0;1;1;1;A01
201600041178;2;10;0;0;2;7;2;A01
201600041178;1;30;0;0;2;1;1;B01
201600041179;1;7;0;0;1;2;1;A01
201600041180;0;7;0;0;0;6;0;A01
201600041180;0;7;0;0;0;1;2;B01
201600041180;0;7;0;0;0;0;0;Z01
201600041181;1;7;0;0;2;2;1;A01
201600041181;0;7;0;0;2;6;9;B01
201600041182;2;7;0;0;2;3;1;A01
201600041182;2;7;0;12;2;5;3;B01
201600041183;0;7;0;0;9;2;1;A01
201600041184;0;7;0;0;2;2;1;A01
201600041184;0;10;0;0;2;3;1;B01
201600041185;0;3;0;9;0;4;0;A01
201600041186;1;7;0;0;1;2;1;A01
201600041187;2;7;0;0;1;1;0;A01
201600041188;0;7;0;0;1;4;4;A01
201600041189;1;37;1;0;1;2;1;A01
201600041190;1;7;0;0;0;1;1;A01
201600041190;1;7;0;1;0;5;2;B01
201600041190;1;7;0;1;0;7;2;C01
201600041190;1;7;0;1;0;1;2;D01
201600041190;1;7;0;1;0;7;2;E01
201600041191;0;7;0;0;1;8;1;A01
201600041192;1;7;0;0;2;4;0;A01
201600041192;1;7;0;0;2;1;0;Z01
201600041193;2;7;0;0;2;1;1;A01
201600041193;2;7;0;0;2;5;12;B01
201600041194;0;7;0;0;0;0;17;A01
201600041194;1;33;0;0;0;4;0;B01
201600041195;0;7;0;15;0;1;0;A01
201600041196;1;7;0;0;1;2;15;A01
201600041197;1;33;0;1;2;3;2;A01
201600041197;1;10;0;0;2;7;15;B01
201600041198;0;7;0;0;1;4;4;A01
201600041199;0;15;0;1;0;5;1;A01
201600041199;0;10;0;0;0;4;24;B01
201600041199;0;7;0;1;0;6;24;C01
201600041200;0;7;0;0;2;1;2;A01
201600041200;0;7;0;0;2;4;2;B01
201600041200;0;7;0;0;0;4;2;C01
201600041201;0;7;0;0;1;2;16;A01
201600041202;2;1;0;1;0;2;2;A01
201600041202;0;7;0;0;2;6;0;B01
201600041203;2;7;0;0;2;3;16;B01
201600041203;2;10;0;0;2;2;2;A01
201600041204;1;1;0;0;2;8;2;B01
201600041204;0;7;0;0;2;2;1;A01
201600041205;0;32;0;0;0;0;1;A01
201600041206;0;7;0;0;2;8;20;A01
201600041206;2;7;0;0;2;2;0;B01
201600041207;1;7;0;0;2;1;1;A01
201600041207;1;7;0;6;2;5;1;B01
201600041208;2;2;0;0;2;0;9;A01
201600041209;0;10;0;0;1;7;0;A01
201600041210;2;7;0;0;1;7;1;A01
201600041211;0;7;0;1;2;3;1;B01
201600041211;0;7;0;1;2;2;15;A01
201600041212;0;7;0;8;2;8;0;A01
201600041212;0;7;0;0;2;1;0;B01
201600041213;1;7;0;0;2;2;2;B01
201600041213;1;7;0;0;2;3;2;A01
201600041214;0;33;0;0;2;7;1;A01
201600041214;0;7;0;0;2;1;1;B01
201600041215;1;34;0;0;2;3;1;B01
201600041215;0;7;0;0;2;2;15;A01
201600041216;1;37;40;0;2;2;1;B01
201600041216;1;10;0;0;2;3;1;A01
201600041217;0;7;0;0;1;4;4;A01
201600041218;1;1;0;0;2;7;0;B01
201600041218;0;10;0;0;2;8;16;A01
201600041219;2;7;0;1;0;2;2;A01
201600041220;1;7;0;0;0;4;15;A01
201600041220;1;7;0;0;0;0;0;B01
201600041221;0;33;0;0;2;1;1;A01
201600041221;0;7;0;0;2;1;1;B01
201600041222;1;7;0;0;2;1;2;A01
201600041222;1;7;0;0;2;4;2;B01
201600041222;1;7;0;0;2;4;2;C01
201600041222;1;7;0;0;2;4;2;D01
201600041223;1;34;0;0;2;2;0;A01
201600041223;2;7;0;0;2;1;9;B01
201600041224;0;32;0;0;0;0;0;A01
201600041225;1;32;0;14;0;1;6;A01
201600041226;0;7;0;0;1;1;15;A01
201600041227;0;7;0;0;2;3;2;A01
201600041227;0;31;0;0;2;1;2;B01
201600041228;0;7;0;0;2;8;1;A01
201600041228;0;7;0;0;2;2;1;B01
201600041229;0;7;0;0;0;0;0;A01
201600041229;0;31;0;0;0;0;0;B01
201600041230;0;7;0;0;2;3;15;A01
201600041230;1;33;0;0;2;1;2;B01
201600041230;1;7;0;0;0;0;2;C01
201600041231;0;7;0;0;1;2;1;A01
201600041232;0;7;0;8;0;3;13;A01
201600041233;1;10;0;8;2;3;1;B01
201600041233;2;7;0;0;2;1;16;A01
201600041234;0;7;0;0;2;2;10;A01
201600041234;0;33;0;0;0;0;1;B01
201600041235;1;10;0;0;2;1;2;A01
201600041235;1;2;0;0;2;7;2;B01
201600041236;2;7;0;0;0;6;11;A01
201600041236;2;33;0;0;0;7;2;B01
201600041237;2;7;0;0;1;3;9;A01
201600041238;1;7;0;1;0;2;13;A01
201600041239;0;7;0;0;2;1;1;A01
201600041239;0;7;0;0;2;2;0;B01
201600041240;0;7;0;2;0;0;0;A01
201600041241;0;10;0;0;0;3;1;A01
201600041241;0;7;0;0;0;1;1;B01
201600041242;0;7;0;0;0;0;0;A01
201600041242;0;1;0;0;0;0;0;B01
201600041243;2;7;0;0;2;1;1;A01
201600041243;2;7;0;0;2;4;23;B01
201600041243;2;7;0;0;2;4;23;C01
201600041244;0;7;0;3;0;1;0;A01
201600041245;0;7;0;6;0;4;4;A01
201600041246;0;31;0;0;2;1;1;A01
201600041246;0;7;0;0;2;8;0;B01
201600041247;0;7;0;0;2;1;0;A01
201600041247;0;7;0;0;2;4;0;B01
201600041248;1;10;0;0;2;1;2;A01
201600041248;0;7;0;0;2;3;2;B01
201600041249;0;7;0;0;1;0;0;A01
201600041250;1;2;0;6;0;1;15;A01
201600041251;2;7;0;0;2;1;1;A01
201600041251;1;7;0;0;2;8;1;B01
201600041252;0;7;0;0;9;2;0;A01
201600041252;0;1;0;0;2;1;0;B01
201600041253;2;31;0;0;0;4;23;A01
201600041253;2;10;0;0;2;1;0;B01
201600041254;1;7;0;1;0;3;1;A01
201600041254;0;7;0;0;0;5;0;B01
201600041255;1;7;0;0;2;1;21;A01
201600041255;1;7;0;0;2;4;1;B01
201600041255;1;7;0;0;2;4;2;C01
201600041256;0;7;0;0;1;2;1;A01
201600041257;2;7;0;0;1;2;1;A01
201600041258;1;33;0;0;2;8;21;A01
201600041258;2;7;0;0;2;0;1;B01
201600041259;1;7;0;0;2;1;19;A01
201600041259;0;7;0;0;2;1;0;B01
201600041260;1;34;0;0;2;1;17;A01
201600041260;1;7;0;0;0;6;23;B01
201600041261;0;7;0;0;0;4;0;A01
201600041261;0;7;0;0;2;1;0;B01
201600041262;0;7;0;0;2;2;1;A01
201600041262;0;7;0;0;0;6;0;B01
201600041263;1;7;0;0;2;3;13;A01
201600041263;1;30;0;0;2;2;17;B01
201600041264;0;34;0;15;0;1;0;A01
201600041265;1;7;0;1;0;9;1;A01
201600041266;0;7;0;1;0;1;0;A01
201600041267;2;7;0;0;1;2;1;A01
201600041268;2;7;0;1;1;2;1;A01
201600041269;0;7;0;0;1;1;15;A01
201600041270;2;7;0;0;2;2;15;A01
201600041270;1;33;0;0;2;1;1;B01
201600041271;0;7;0;0;0;4;2;A01
201600041271;0;7;0;0;0;4;2;B01
201600041272;0;7;0;12;0;0;0;A01
201600041273;0;7;0;0;1;1;2;A01
201600041274;0;7;0;1;1;3;1;A01
201600041275;0;7;0;0;1;2;0;A01
201600041276;1;7;0;0;1;1;1;A01
201600041277;0;7;0;0;4;2;1;A01
201600041277;0;40;0;0;2;3;1;B01
201600041278;0;31;0;0;2;3;2;B01
201600041278;0;3;0;0;0;3;15;A01
201600041279;0;7;0;0;1;1;1;A01
201600041280;0;7;0;0;1;1;19;A01
201600041281;0;7;0;0;1;2;1;A01
201600041282;0;7;0;0;1;1;1;A01
201600041283;0;10;0;0;2;6;11;A01
201600041283;0;34;0;0;2;1;0;B01
201600041284;0;7;0;0;1;1;1;A01
201600041285;0;7;0;1;0;1;2;A01
201600041285;0;7;0;0;0;4;2;B01
201600041286;0;7;0;0;2;5;1;A01
201600041286;0;30;0;0;2;1;1;B01
201600041287;0;7;0;0;1;2;0;A01
201600041288;0;32;0;0;1;2;0;A01
201600041289;2;3;0;0;0;5;11;A01
201600041289;2;33;0;0;0;3;3;B01
201600041290;0;7;0;0;1;3;19;A01
201600041291;2;32;0;0;1;1;7;A01
201600041292;1;7;0;0;2;2;2;A01
201600041292;1;7;0;0;0;6;2;B01
201600041293;2;7;0;0;1;3;19;A01
201600041294;0;7;0;0;1;1;0;A01
201600041295;1;32;0;0;2;1;17;A01
201600041295;1;7;0;0;0;3;10;B01
201600041296;1;7;0;0;1;1;0;A01
201600041297;0;7;0;0;1;4;4;A01
201600041298;0;33;0;0;0;3;1;B01
201600041298;0;7;0;0;0;4;4;A01
201600041299;0;7;0;0;2;2;0;A01
201600041299;0;7;0;0;2;2;0;B01
201600041300;2;7;0;0;1;1;0;A01
201600041301;0;7;0;0;2;1;15;B01
201600041301;0;10;0;0;2;2;1;A01
201600041302;0;34;0;15;0;2;5;A01
201600041303;1;7;0;0;1;1;1;A01
201600041304;0;7;0;0;2;3;1;A01
201600041304;0;7;0;0;2;3;1;B01
201600041305;0;7;0;0;2;3;15;A01
201600041305;0;33;0;0;2;2;17;B01
201600041306;0;3;0;0;1;7;0;A01
201600041307;2;7;0;0;2;1;2;A01
201600041307;2;7;0;0;2;4;1;B01
201600041307;2;7;0;0;0;4;1;C01
201600041308;0;7;0;6;0;2;0;A01
201600041309;0;7;0;0;2;3;14;A01
201600041309;0;7;0;0;2;3;17;B01
201600041310;0;7;0;0;2;3;0;A01
201600041310;0;7;0;1;0;5;0;B01
201600041310;0;7;0;1;0;0;0;C01
201600041311;0;7;0;5;9;1;0;A01
201600041312;0;99;0;0;0;1;2;A01
201600041312;0;7;0;0;2;4;2;B01
201600041313;0;7;0;0;2;1;15;A01
201600041313;0;33;0;0;0;1;1;B01
201600041314;0;2;0;0;2;0;1;A01
201600041314;0;7;0;0;0;0;9;B01
201600041315;0;7;0;0;1;3;0;A01
201600041316;1;34;0;0;2;1;1;A01
201600041316;1;7;0;0;2;5;1;B01
201600041317;0;7;0;0;2;1;2;A01
201600041317;0;7;0;0;2;8;0;B01
201600041318;0;7;0;1;0;3;1;A01
201600041318;0;7;0;0;2;7;1;B01
201600041319;0;7;0;15;0;1;2;A01
201600041320;0;10;0;0;2;2;2;A01
201600041320;0;34;0;0;2;3;3;B01
201600041321;0;3;0;0;1;0;0;A01
201600041322;0;7;0;15;0;1;0;A01
201600041323;1;3;0;0;2;3;15;A01
201600041323;1;34;0;0;2;2;17;B01
201600041324;1;7;0;0;1;3;1;A01
201600041325;0;31;0;0;2;7;21;A01
201600041325;0;7;0;0;0;6;23;B01
201600041326;0;7;0;0;1;1;0;A01
201600041327;0;7;0;0;0;4;4;A01
201600041327;0;7;0;0;0;8;1;B01
201600041328;0;7;0;0;2;4;2;A01
201600041328;0;7;0;0;2;4;2;B01
201600041328;0;7;0;0;2;1;2;C01
201600041329;0;7;0;0;2;5;0;A01
201600041329;0;30;0;0;2;3;0;B01
201600041330;0;7;0;0;2;7;19;A01
201600041330;0;31;0;0;2;1;0;B01
201600041331;1;7;0;0;2;1;15;A01
201600041331;1;34;0;0;2;3;1;B01
201600041332;0;32;0;0;0;1;0;B01
201600041332;0;37;1;0;0;3;15;A01
201600041333;0;7;0;6;0;1;5;A01
201600041334;2;7;0;0;1;7;1;A01
201600041335;0;7;0;0;0;1;1;A01
201600041335;0;7;0;0;0;4;2;B01
201600041336;2;7;0;0;2;3;10;A01
201600041336;2;32;0;0;2;1;1;B01
201600041337;0;30;0;0;0;2;1;B01
201600041337;0;3;0;0;0;4;15;A01
201600041338;0;7;0;0;0;3;15;A01
201600041339;0;33;0;0;2;1;1;A01
201600041339;0;7;0;0;2;3;0;B01
201600041340;2;7;0;0;2;1;2;A01
201600041340;2;7;0;0;2;4;15;B01
201600041341;2;30;0;12;0;7;2;A01
201600041342;1;1;0;0;1;1;21;A01
201600041343;0;7;0;0;0;1;1;A01
201600041343;0;7;0;0;0;4;23;B01
201600041344;0;7;0;0;2;1;2;B01
201600041344;0;7;0;0;2;2;2;A01
201600041345;1;7;0;2;0;7;1;A01
201600041346;2;7;0;0;2;1;15;A01
201600041346;1;33;0;0;2;1;1;B01
201600041347;2;1;0;0;1;1;1;A01
201600041348;0;7;0;0;2;7;9;A01
201600041348;0;7;0;0;2;2;9;B01
201600041349;0;7;0;0;1;1;1;A01
201600041350;0;3;0;0;1;1;15;A01
201600041351;2;7;0;14;0;1;2;A01
201600041352;1;7;0;0;1;2;19;A01
201600041353;0;7;0;0;1;6;4;A01
201600041354;1;3;0;0;1;2;1;A01
201600041355;0;7;0;14;0;1;1;A01
201600041356;0;7;0;0;1;1;1;A01
201600041357;0;7;0;0;2;8;13;A01
201600041357;0;34;0;0;2;7;17;B01
201600041358;1;7;0;0;2;6;15;A01
201600041358;1;2;0;0;2;2;17;B01
201600041359;0;7;0;0;2;1;15;A01
201600041359;0;7;0;0;2;1;2;B01
201600041360;0;7;0;0;1;8;1;A01
201600041361;0;7;0;1;2;5;1;A01
201600041361;0;7;0;0;1;3;1;B01
201600041362;0;33;0;0;2;1;1;A01
201600041362;0;7;0;0;2;2;1;B01
201600041363;1;7;0;0;1;4;4;A01
201600041364;1;7;0;0;2;8;9;A01
201600041364;1;10;0;0;2;1;1;B01
201600041365;0;7;0;0;0;2;2;A01
201600041366;0;7;0;0;0;0;0;A01
201600041366;0;2;0;0;2;1;0;B01
201600041367;0;7;0;0;0;0;0;B01
201600041367;0;7;0;0;0;0;0;A01
201600041368;1;30;0;0;1;0;1;Z01
201600041369;1;7;0;0;1;2;0;A01
201600041370;1;15;0;0;2;8;10;A01
201600041370;1;33;0;0;2;5;1;B01
201600041371;0;7;0;0;9;1;16;A01
201600041371;0;1;0;0;2;4;19;B01
201600041372;0;7;0;0;6;4;21;A01
201600041372;0;34;0;0;2;1;1;B01
201600041373;0;7;0;0;1;1;0;Z01
201600041374;2;7;0;0;1;0;0;Z01
201600041375;0;7;0;0;1;2;1;A01
201600041376;0;7;0;4;2;2;0;A01
201600041376;0;7;0;0;2;1;0;B01
201600041377;0;7;0;0;0;2;15;A01
201600041377;0;7;0;0;0;1;1;B01
201600041378;0;7;0;0;0;2;15;A01
201600041378;0;2;0;0;0;0;5;B01
201600041379;1;7;0;0;2;3;0;A01