Num_Acc;senc;catv;occutc;obs;obsm;choc;manv;num_veh
201600041379;1;7;0;0;2;1;0;B01
201600041380;0;7;0;0;2;1;0;A01
201600041380;0;10;0;0;2;8;0;B01
201600041381;0;32;0;0;2;1;2;A01
201600041381;0;10;0;0;2;3;9;B01
201600041382;0;7;0;0;2;1;0;A01
201600041382;0;37;2;0;0;0;0;B01
201600041383;0;7;0;0;2;1;5;A01
201600041383;0;7;0;0;2;1;1;B01
201600041384;2;7;0;0;2;3;1;B01
201600041384;2;7;0;0;2;1;15;A01
201600041384;1;7;0;0;2;1;1;C01
201600041385;0;7;0;12;0;2;0;A01
201600041386;1;7;0;0;1;2;16;A01
201600041387;0;7;0;0;2;3;1;A01
201600041387;0;7;0;8;2;9;12;B01
201600041388;0;7;0;0;2;1;9;A01
201600041388;0;7;0;0;2;4;23;B01
201600041389;0;14;0;0;0;4;1;A01
201600041389;0;31;0;14;0;1;2;B01
201600041390;1;7;0;0;2;1;1;B01
201600041390;0;7;0;0;2;8;10;Z01
201600041391;0;7;0;0;2;8;0;A01
201600041391;0;7;0;0;2;7;0;B01
201600041392;0;32;0;0;2;0;16;B01
201600041392;0;7;0;0;2;0;15;A01
201600041393;0;7;0;0;9;2;1;A01
201600041393;0;1;0;0;0;0;1;B01
201600041394;0;7;0;0;1;1;1;A01
201600041395;0;1;0;0;2;0;1;B01
201600041396;0;32;0;0;0;7;15;A01
201600041396;0;34;0;0;2;1;1;B01
201600041397;1;34;0;0;2;7;1;A01
201600041397;2;7;0;0;2;1;1;B01
201600041398;0;7;0;0;2;2;0;A01
201600041398;0;7;0;0;2;3;0;B01
201600041399;0;32;0;0;2;8;11;A01
201600041399;0;7;0;0;2;2;2;B01
201600041400;0;7;0;0;0;1;9;A01
201600041400;0;34;0;0;2;2;1;B01
201600041401;0;7;0;0;2;1;0;A01
201600041401;0;33;0;0;0;0;0;B01
201600041402;0;7;0;0;2;2;1;A01
201600041402;0;7;0;0;0;6;0;B01
201600041403;0;7;0;0;0;1;1;A01
201600041404;0;7;0;0;1;1;0;A01
201600041405;1;7;0;0;0;0;0;Z01
201600041406;0;7;0;0;0;0;0;Z01
201600041407;0;7;0;0;2;7;0;A01
201600041407;0;7;0;0;2;1;0;B01
201600041408;0;7;0;0;2;1;2;A01
201600041408;0;7;0;0;2;4;1;B01
201600041409;0;7;0;0;2;1;2;A01
201600041409;0;7;0;0;2;8;2;B01
201600041410;2;7;0;0;2;4;2;A01
201600041410;2;7;0;0;2;1;2;B01
201600041410;2;10;0;0;2;1;2;C01
201600041411;2;7;0;0;0;1;2;A01
201600041412;0;7;0;0;0;8;11;A01
201600041412;0;34;0;0;0;7;0;B01
201600041413;2;7;0;0;2;1;2;A01
201600041413;2;7;0;0;2;4;2;B01
201600041413;2;7;0;0;0;0;0;C01
201600041414;0;7;0;0;2;1;17;A01
201600041414;0;7;0;0;2;1;1;B01
201600041415;0;1;0;0;0;4;0;A01
201600041415;0;7;0;0;0;4;0;Z01
201600041416;0;7;0;0;2;1;1;A01
201600041416;0;7;0;0;2;4;2;B01
201600041417;0;7;0;0;2;2;15;A01
201600041417;0;7;0;0;2;1;1;B01
201600041418;0;7;0;0;2;1;2;A01
201600041418;0;7;0;0;2;4;2;B01
201600041419;0;7;0;0;9;1;1;A01
201600041419;0;1;0;0;2;1;0;B01
201600041420;0;7;0;0;1;3;2;A01
201600041421;0;3;0;2;0;0;0;A01
201600041422;1;33;0;0;2;1;2;A01
201600041422;0;7;0;0;2;8;2;B01
201600041423;0;7;0;0;2;1;0;A01
201600041423;0;7;0;0;2;3;0;B01
201600041424;1;30;0;0;0;0;0;B01
201600041425;0;7;0;0;2;1;15;A01
201600041425;0;33;0;0;2;1;1;B01
201600041426;0;7;0;1;1;1;1;A01
201600041427;0;40;0;0;1;2;0;A01
201600041428;0;7;0;0;2;1;2;A01
201600041428;0;7;0;0;0;4;0;B01
201600041429;1;30;0;0;1;1;0;A01
201600041430;0;33;0;1;1;1;2;A01
201600041430;0;7;0;0;0;6;23;B01
201600041431;0;7;0;0;2;3;10;A01
201600041431;0;7;0;0;2;2;2;B01
201600041432;0;7;0;0;2;1;15;A01
201600041432;0;7;0;0;2;1;1;B01
201600041433;0;7;0;0;2;7;0;A01
201600041433;0;7;0;0;2;8;0;B01
201600041434;0;10;0;1;0;2;1;A01
201600041435;0;7;0;0;1;2;1;A01
201600041436;0;7;0;0;1;1;16;A01
201600041437;0;7;0;0;1;3;6;A01
201600041438;0;7;0;0;2;1;2;A01
201600041438;0;10;0;0;2;4;23;B01
201600041438;0;7;0;0;0;4;23;C01
201600041439;1;3;0;0;1;1;1;A01
201600041440;0;7;0;0;0;0;0;A01
201600041441;0;7;0;8;2;2;21;A01
201600041441;0;7;0;0;2;5;0;B01
201600041442;0;7;0;0;2;1;1;A01
201600041442;1;7;0;0;2;2;1;B01
201600041443;0;7;0;0;2;1;2;A01
201600041443;0;7;0;0;2;4;2;B01
201600041443;0;7;0;0;2;4;2;Z01
201600041444;0;7;0;0;0;7;0;A01
201600041444;0;30;0;0;0;6;0;B01
201600041445;0;7;0;0;0;7;0;A01
201600041445;0;33;0;0;0;0;0;B01
201600041446;0;7;0;0;0;8;11;A01
201600041446;0;33;0;0;2;1;2;B01
201600041447;0;7;0;0;1;2;11;A01
201600041448;0;10;0;0;0;0;0;A01
201600041448;0;7;0;0;0;0;0;B01
201600041448;0;7;0;0;0;0;0;C01
201600041449;0;7;0;0;2;1;0;A01
201600041449;0;7;0;0;0;0;0;B01
201600041450;2;7;0;0;2;3;9;A01
201600041450;2;33;0;0;2;1;3;B01
201600041451;0;7;0;0;1;3;1;A01
201600041452;0;7;0;0;1;3;7;A01
201600041453;0;30;0;12;1;1;0;Z01
201600041454;0;7;0;0;2;1;1;A01
201600041454;0;7;0;0;2;4;2;B01
201600041455;0;7;0;0;0;6;1;B01
201600041455;0;10;0;0;0;2;9;A01
201600041456;1;33;0;0;2;1;1;B01
201600041456;0;7;0;0;2;2;19;A01
201600041457;2;7;0;0;1;1;2;Z01
201600041458;0;7;0;0;0;0;0;A01
201600041458;0;7;0;0;2;6;0;B01
201600041459;1;34;0;0;2;1;0;A01
201600041459;2;7;0;0;2;2;0;B01
201600041460;0;7;0;0;2;7;12;A01
201600041460;0;10;0;0;2;3;1;B01
201600041461;0;7;0;0;1;0;0;Z01
201600041462;0;7;0;0;1;1;1;A01
201600041463;0;7;0;0;2;3;6;A01
201600041463;1;32;0;0;2;1;1;B01
201600041464;0;7;0;0;1;2;5;A01
201600041465;0;7;0;0;0;0;0;A01
201600041465;0;2;0;0;0;0;0;B01
201600041466;0;2;0;0;2;1;1;A01
201600041466;0;7;0;0;2;1;1;B01
201600041467;2;2;0;0;1;1;5;A01
201600041468;0;13;0;0;0;0;0;A01
201600041468;0;20;0;0;0;0;0;B01
201600041469;0;7;0;0;2;2;15;A01
201600041469;0;30;0;0;2;1;1;B01
201600041470;0;7;0;0;1;0;0;A01
201600041471;0;37;1;0;1;6;1;A01
201600041472;1;10;0;0;2;2;16;A01
201600041472;0;7;0;0;0;8;1;B01
201600041473;0;32;0;0;2;2;9;A01
201600041473;0;7;0;0;2;2;19;Z01
201600041474;0;10;0;0;2;1;2;A01
201600041474;0;33;0;0;0;4;0;B01
201600041475;0;7;0;0;1;0;5;A01
201600041476;0;7;0;0;2;2;2;A01
201600041476;0;7;0;0;2;6;2;B01
201600041476;0;7;0;0;0;4;2;C01
201600041477;2;7;0;0;0;1;2;A01
201600041477;2;7;0;0;0;4;2;B01
201600041478;0;7;0;1;1;2;1;A01
201600041479;1;10;0;0;1;1;1;A01
201600041480;0;7;0;0;0;1;2;A01
201600041481;0;7;0;0;0;1;1;A01
201600041481;0;37;50;0;0;1;1;B01
201600041482;0;7;0;0;2;1;1;A01
201600041482;1;7;0;0;0;4;1;B01
201600041482;1;10;0;0;0;4;1;C01
201600041483;1;7;0;0;1;3;2;A01
201600041484;0;7;0;0;0;1;2;A01
201600041484;0;33;0;0;0;8;15;B01
201600041485;0;7;0;0;1;8;1;A01
201600041486;0;13;0;6;0;1;2;A01
201600041487;0;10;0;0;0;0;0;A01
201600041487;0;1;0;0;0;0;0;B01
201600041488;0;2;0;0;2;6;5;A01
201600041488;0;7;0;0;2;6;1;B01
201600041489;1;7;0;0;1;3;1;A01
201600041490;0;7;0;0;1;1;2;A01
201600041491;0;33;0;0;1;2;2;A01
201600041492;0;7;0;0;1;3;0;A01
201600041493;0;7;0;0;0;0;0;Z01
201600041494;0;7;0;0;0;1;9;A01
201600041494;0;7;0;0;2;7;15;B01
201600041495;0;37;10;0;1;2;0;A01
201600041496;0;34;0;0;2;0;1;A01
201600041496;0;7;0;0;2;1;16;B01
201600041497;0;7;0;0;1;3;2;A01
201600041498;2;7;0;0;2;1;2;A01
201600041498;2;7;0;0;2;4;1;B01
201600041499;1;7;0;0;2;3;1;A01
201600041499;0;30;0;0;0;3;9;B01
201600041500;1;33;0;0;2;1;10;A01
201600041500;1;7;0;0;2;8;10;B01
201600041501;0;7;0;0;0;1;1;A01
201600041501;0;7;0;0;0;4;23;B01
201600041502;1;30;0;0;2;8;0;A01
201600041502;1;7;0;0;2;0;0;B01
201600041503;0;7;0;0;1;2;1;A01
201600041504;0;7;0;0;2;5;0;A01
201600041504;0;7;0;0;2;1;0;B01
201600041505;0;7;0;0;1;2;0;A01
201600041506;0;2;0;0;0;1;1;A01
201600041506;0;7;0;0;0;1;13;B01
201600041507;0;7;0;0;0;8;11;A01
201600041507;0;7;0;0;0;1;2;B01
201600041508;0;7;0;0;2;1;0;A01
201600041508;0;7;0;0;2;4;0;B01
201600041509;0;14;0;0;1;1;16;A01
201600041510;0;7;0;0;2;1;1;A01
201600041510;0;1;0;0;2;4;12;B01
201600041511;0;37;1;0;0;0;0;A01
201600041512;0;32;0;0;2;1;1;A01
201600041512;0;13;0;0;9;3;1;B01
201600041513;0;7;0;0;2;5;15;A01
201600041513;0;31;0;0;2;2;1;B01
201600041514;1;7;0;0;1;7;0;Z01
201600041515;2;37;1;0;1;2;0;A01
201600041516;0;7;0;0;1;6;4;Z01
201600041517;1;10;0;0;1;3;2;A01
201600041518;0;3;0;0;1;1;0;A01
201600041519;0;7;0;0;0;7;0;A01
201600041519;0;1;0;0;2;1;0;B01
201600041520;0;33;0;0;0;0;0;A01
201600041520;0;7;0;0;2;0;0;B01
201600041521;2;7;0;0;2;1;1;A01
201600041521;0;7;0;0;2;8;15;B01
201600041522;0;33;0;0;0;4;1;A01
201600041522;0;15;0;0;2;3;1;B01
201600041523;0;7;0;0;0;0;0;A01
201600041524;2;14;0;0;1;2;1;A01
201600041525;0;7;0;0;2;1;2;A01
201600041525;0;7;0;0;2;4;2;B01
201600041526;0;7;0;8;0;7;1;A01
201600041527;0;7;0;0;0;1;0;A01
201600041527;0;3;0;0;0;3;1;B01
201600041528;0;7;0;0;0;3;0;A01
201600041528;2;33;0;0;0;2;0;B01
201600041529;0;40;0;0;0;0;0;A01
201600041529;0;7;0;0;0;0;0;B01
201600041529;0;7;0;0;0;0;0;C01
201600041530;0;7;0;0;0;4;2;A01
201600041530;0;7;0;0;0;1;3;B01
201600041531;0;7;0;0;2;6;1;A01
201600041531;0;7;0;0;2;1;1;B01
201600041532;0;2;0;0;2;1;15;A01
201600041532;0;32;0;0;2;1;1;B01
201600041533;0;7;0;0;2;9;2;B01
201600041533;0;7;0;0;0;0;0;C01
201600041533;0;10;0;0;0;0;0;Z01
201600041534;1;32;0;0;2;0;1;A01
201600041534;1;7;0;0;2;0;9;B01
201600041535;0;7;0;0;2;3;1;A01
201600041535;0;2;0;0;2;1;19;B01
201600041536;0;2;0;0;2;7;2;A01
201600041537;0;7;0;0;1;1;0;A01
201600041538;0;7;0;0;1;1;11;A01
201600041539;1;3;0;0;0;1;0;A01
201600041540;2;32;0;0;2;1;2;A01
201600041540;2;7;0;0;0;4;2;B01
201600041541;2;1;0;0;2;7;0;A01
201600041541;1;32;0;0;2;1;0;B01
201600041542;0;7;0;0;1;1;2;A01
201600041543;2;2;0;0;2;1;0;A01
201600041543;2;7;0;0;0;0;0;B01
201600041544;0;7;0;0;1;1;0;A01
201600041545;0;7;0;3;2;7;16;A01
201600041545;0;7;0;0;2;1;1;B01
201600041546;2;7;0;0;2;1;2;A01
201600041546;2;7;0;0;0;4;2;B01
201600041547;0;7;0;0;0;1;15;A01
201600041547;0;33;0;0;0;8;16;B01
201600041548;0;30;0;0;0;1;0;Z01
201600041549;1;7;0;0;6;1;2;A01
201600041549;1;7;0;0;2;1;2;B01
201600041550;0;7;0;0;0;6;6;A01
201600041550;0;7;0;0;2;1;2;B01
201600041551;0;7;0;0;0;2;1;A01
201600041551;0;7;0;11;0;8;1;B01
201600041552;1;32;0;0;2;1;2;A01
201600041552;1;7;0;0;2;8;15;B01
201600041553;0;7;0;0;2;8;1;B01
201600041553;0;10;0;0;2;1;16;Z01
201600041554;0;7;0;2;0;2;2;A01
201600041555;0;7;0;0;2;1;0;B01
201600041555;0;7;0;9;2;1;0;Z01
201600041556;0;7;0;0;0;1;1;A01
201600041556;0;7;0;0;0;0;20;C01
201600041557;0;7;0;0;1;1;1;A01
201600041558;0;7;0;0;0;2;2;A01
201600041558;0;10;0;0;0;6;2;B01
201600041559;0;40;0;0;1;1;2;A01
201600041560;1;7;0;0;2;3;0;A01
201600041560;0;34;0;8;0;3;0;B01
201600041561;0;33;0;0;2;7;1;A01
201600041561;0;7;0;0;2;1;15;B01
201600041562;0;7;0;0;1;1;16;A01
201600041563;0;10;0;0;0;3;10;A01
201600041563;0;33;0;0;2;2;1;B01
201600041564;0;7;0;0;2;6;1;A01
201600041564;0;10;0;0;2;1;9;B01
201600041565;0;7;0;0;0;3;19;A01
201600041565;0;33;0;0;2;2;2;B01
201600041566;2;7;0;0;1;5;4;A01
201600041567;0;34;0;0;2;1;2;A01
201600041567;0;7;0;0;0;5;15;B01
201600041568;0;7;0;0;1;3;0;A01
201600041569;1;7;0;0;2;1;1;A01
201600041569;0;7;0;0;2;8;1;B01
201600041570;0;7;0;0;0;2;2;A01
201600041570;0;32;0;0;2;3;2;B01
201600041571;0;10;0;0;1;3;1;A01
201600041572;0;10;0;0;0;2;0;A01
201600041573;0;7;0;0;2;1;11;A01
201600041573;0;7;0;0;2;1;1;B01
201600041574;0;10;0;0;1;1;2;Z01
201600041575;0;7;0;0;0;0;0;Z01
201600041576;0;33;0;0;2;9;3;A01
201600041576;0;7;0;0;2;8;5;B01
201600041576;0;7;0;0;2;8;5;C01
201600041577;0;7;0;0;4;8;0;A01
201600041577;0;40;0;0;2;1;1;B01
201600041578;0;7;0;0;1;4;4;A01
201600041579;0;7;0;15;0;3;1;A01
201600041580;0;7;0;0;2;8;10;A01
201600041580;0;34;0;0;2;7;17;B01
201600041581;0;31;0;0;2;7;2;A01
201600041581;0;14;0;0;2;7;2;B01
201600041582;2;34;0;0;2;1;5;A01
201600041582;0;7;0;0;0;8;10;B01
201600041583;0;3;0;0;2;3;7;A01
201600041583;0;10;0;0;2;2;2;B01
201600041584;0;10;0;1;2;8;24;A01
201600041584;0;1;0;0;2;0;0;B01
201600041585;0;7;0;0;0;6;4;A01
201600041585;0;30;0;0;2;1;2;B01
201600041586;0;7;0;0;9;1;1;B01
201600041586;0;1;0;0;2;7;1;A01
201600041587;0;7;0;0;1;2;12;A01
201600041588;2;7;0;0;1;3;0;A01
201600041589;0;7;0;0;1;1;1;A01
201600041590;0;7;0;1;2;3;1;A01
201600041590;0;7;0;0;2;3;20;B01
201600041591;1;10;0;0;2;8;10;A01
201600041591;1;34;0;0;2;1;1;B01
201600041592;0;7;0;0;2;1;1;A01
201600041593;0;7;0;0;2;1;2;A01
201600041593;0;7;0;0;2;4;2;B01
201600041594;2;7;0;0;2;3;15;A01
201600041594;1;30;0;0;2;1;1;B01
201600041595;0;30;0;0;2;0;0;A01
201600041595;0;10;0;1;2;0;0;B01
201600041596;0;1;0;0;2;7;0;B01
201600041596;1;7;0;0;2;1;1;A01
201600041597;0;7;0;0;2;1;2;A01
201600041597;0;30;0;0;2;4;2;B01
201600041598;1;10;0;0;2;2;16;A01
201600041598;1;2;0;0;2;1;18;B01
201600041599;0;10;0;0;1;6;15;A01
201600041600;0;7;0;0;2;1;2;A01
201600041600;0;7;0;0;2;4;2;B01
201600041601;0;10;0;0;2;0;0;A01
201600041601;0;34;0;0;0;0;0;B01
201600041602;0;7;0;0;1;3;1;A01
201600041603;1;7;0;0;0;0;2;A01
201600041603;1;33;0;0;0;2;17;B01
201600041604;0;2;0;0;0;1;0;B01
201600041605;1;7;0;0;1;1;1;A01
201600041606;0;13;0;0;1;4;4;A01
201600041607;2;7;0;0;2;0;10;A01
201600041607;2;30;0;0;2;1;2;B01
201600041608;2;32;0;0;2;1;1;A01
201600041608;2;7;0;0;2;3;10;B01
201600041609;0;33;0;0;1;1;21;A01
201600041610;0;7;0;0;2;3;0;A01
201600041610;0;34;0;0;2;1;0;B01
201600041611;0;30;0;0;0;2;1;A01
201600041612;0;7;0;0;0;3;10;A01
201600041612;0;33;0;0;2;1;17;B01
201600041613;1;7;0;0;1;7;1;A01
201600041614;0;7;0;0;2;3;1;A01
201600041614;0;7;0;0;2;1;5;B01
201600041615;0;7;0;0;0;0;0;A01
201600041615;0;34;0;0;0;0;0;B01
201600041616;0;7;0;0;2;1;1;A01
201600041616;0;7;0;0;2;8;1;B01
201600041617;1;30;0;0;2;1;1;A01
201600041617;1;10;0;0;0;4;1;B01
201600041618;1;7;0;0;2;3;13;A01
201600041618;2;7;0;0;2;3;1;B01
201600041619;0;33;0;15;1;5;2;A01
201600041619;0;10;0;0;0;5;2;B01
201600041620;0;7;0;0;2;1;1;A01
201600041620;0;37;15;0;2;1;0;B01
201600041621;1;7;0;0;2;1;2;A01
201600041621;1;7;0;0;2;4;2;B01
201600041622;0;7;0;4;2;1;2;A01
201600041622;0;7;0;0;2;2;2;B01
201600041623;2;7;0;0;0;1;15;B01
201600041623;1;33;0;0;0;1;1;A01
201600041624;0;7;0;0;9;3;2;A01
201600041624;0;7;0;0;0;5;2;B01
201600041625;0;7;0;0;2;1;10;A01
201600041625;0;33;0;0;2;8;1;B01
201600041625;0;7;0;0;0;0;1;C01
201600041626;0;1;0;0;0;0;0;A01
201600041627;1;7;0;0;1;3;0;A01
201600041628;2;7;0;0;0;5;1;A01
201600041629;0;99;0;1;0;1;0;A01
201600041630;0;7;0;0;1;5;9;A01
201600041631;0;7;0;0;2;4;16;A01
201600041631;0;2;0;0;2;1;1;B01
201600041632;0;32;0;0;2;1;1;A01
201600041632;0;7;0;0;2;2;9;B01
201600041633;2;3;0;0;1;4;4;A01
201600041634;2;7;0;0;0;8;13;A01
201600041634;2;32;0;0;2;7;1;B01
201600041635;0;7;0;0;2;2;11;A01
201600041635;0;7;0;1;2;3;1;B01
201600041635;0;7;0;0;2;6;23;C01
201600041636;0;7;0;0;0;2;2;A01
201600041636;0;33;0;0;0;4;2;B01
201600041637;2;32;0;0;1;1;1;A01
201600041638;0;7;0;0;2;4;16;A01
201600041638;0;7;0;0;2;1;0;B01
201600041638;0;7;0;0;0;0;0;C01
201600041639;0;7;0;0;2;3;9;A01
201600041639;0;34;0;0;2;1;2;B01
201600041640;0;7;0;0;2;7;0;A01
201600041640;0;7;0;0;2;3;0;B01
201600041641;0;7;0;0;1;2;15;A01
201600041642;0;31;0;0;2;2;1;A01
201600041642;0;7;0;0;2;3;11;B01
201600041643;0;7;0;0;0;2;1;A01
201600041643;0;34;0;0;2;1;1;B01
201600041644;1;7;0;0;0;4;1;A01
201600041644;1;7;0;0;2;1;1;B01
201600041645;0;33;0;0;2;2;3;A01
201600041645;0;7;0;0;0;2;1;B01
201600041646;0;7;0;0;1;1;1;A01
201600041647;0;7;0;0;2;1;11;A01
201600041647;0;2;0;0;2;1;1;B01
201600041648;0;7;0;0;2;2;10;A01
201600041648;0;34;0;0;2;1;2;B01
201600041649;0;7;0;0;0;0;0;A01
201600041650;0;7;0;0;2;1;0;B01
201600041650;0;7;0;0;2;1;0;A01
201600041651;0;7;0;0;1;1;9;A01
201600041652;0;7;0;0;2;3;1;A01
201600041652;0;30;0;0;2;5;3;B01
201600041653;0;7;0;0;1;2;1;A01
201600041654;0;7;0;0;0;0;0;A01
201600041654;0;7;0;0;0;0;0;B01
201600041655;0;7;0;0;1;3;15;A01
201600041656;0;7;0;0;1;1;1;A01
201600041657;0;7;0;2;0;7;14;A01
201600041658;0;7;0;6;0;2;1;A01
201600041659;0;7;0;0;1;1;0;A01
201600041660;0;7;0;0;2;2;1;A01
201600041660;0;7;0;0;2;8;10;B01
201600041661;0;37;1;0;1;2;1;A01
201600041662;0;2;0;0;2;1;1;A01
201600041662;0;10;0;0;2;1;1;B01
201600041663;0;7;0;14;0;3;2;A01
201600041663;0;1;0;0;0;4;2;B01
201600041664;0;7;0;0;1;1;0;A01
201600041665;0;7;0;1;2;9;21;A01
201600041665;0;7;0;0;2;3;2;B01
201600041666;0;7;0;0;2;3;1;A01
201600041666;0;7;0;0;2;3;16;B01
201600041667;0;34;0;0;2;1;1;A01
201600041667;0;7;0;0;2;1;0;B01
201600041668;0;7;0;0;0;5;16;A01
201600041668;0;7;0;0;2;3;1;B01
201600041669;0;99;0;0;0;0;0;A01
201600041670;0;7;0;0;1;2;1;A01
201600041671;0;7;0;0;2;1;2;B01
201600041671;0;7;0;0;0;3;0;A01
201600041672;0;7;0;0;1;2;0;A01
201600041673;0;7;0;0;2;1;2;A01
201600041673;0;7;0;0;0;4;2;B01
201600041674;0;33;0;0;1;2;1;A01
201600041675;0;7;0;0;2;2;2;A01
201600041675;0;7;0;0;0;3;2;B01
201600041676;0;7;0;0;1;2;1;A01
201600041677;0;7;0;0;2;3;13;A01
201600041677;0;30;0;0;2;1;1;B01
201600041678;0;7;0;0;1;0;0;A01
201600041679;0;30;0;15;0;0;0;A01
201600041680;2;14;0;0;1;3;1;A01
201600041681;0;99;0;0;2;3;1;A01
201600041681;0;7;0;0;2;2;1;B01
201600041682;2;7;0;0;2;1;1;A01
201600041682;1;10;0;0;2;8;21;B01
201600041683;0;7;0;0;0;0;0;A01
201600041683;0;33;0;0;0;0;0;B01
201600041684;0;7;0;0;2;1;2;A01
201600041684;0;7;0;0;2;4;2;B01
201600041684;0;7;0;0;0;4;2;C01
201600041685;0;7;0;0;1;2;20;B01
201600041686;2;7;0;8;0;2;1;A01
201600041687;0;7;0;0;0;3;0;A01
201600041688;0;34;0;0;2;8;1;A01
201600041688;0;7;0;0;2;3;15;B01
201600041689;0;7;0;0;1;2;1;A01
201600041690;0;7;0;0;1;2;1;A01
201600041691;0;99;0;0;2;3;0;A01
201600041691;0;7;0;0;2;6;0;B01
201600041692;0;99;0;0;0;0;0;A01
201600041693;0;7;0;0;1;0;0;A01
201600041694;0;7;0;0;2;4;2;A01
201600041694;0;7;0;0;2;4;2;B01
201600041695;0;7;0;0;0;7;0;A01
201600041695;0;7;0;0;0;0;0;B01
201600041695;0;7;0;0;0;1;24;C01
201600041696;0;7;0;0;0;2;10;A01
201600041696;0;33;0;0;2;1;1;B01
201600041697;0;13;0;0;2;3;13;B01
201600041697;1;3;0;0;2;1;15;A01
201600041698;0;7;0;0;2;3;15;A01
201600041698;0;2;0;0;2;1;1;B01
201600041699;0;7;0;0;1;1;19;A01
201600041700;0;7;0;0;0;4;2;A01
201600041700;0;7;0;0;2;1;2;B01
201600041701;0;7;0;0;1;3;0;A01
201600041702;1;7;0;0;2;1;1;A01
201600041702;1;7;0;0;2;8;1;B01
201600041703;0;14;0;0;2;2;12;A01
201600041703;0;7;0;0;2;9;1;B01
201600041704;1;15;0;0;2;8;15;A01
201600041704;0;7;0;0;2;1;15;B01
201600041705;0;7;0;0;0;0;0;A01
201600041705;0;1;0;0;0;0;0;B01
201600041706;0;7;0;0;0;4;2;B01
201600041706;0;37;3;0;0;8;0;C01
201600041706;0;7;0;0;0;1;0;Z01
201600041707;0;7;0;0;1;1;15;A01
201600041708;1;7;0;0;2;3;1;A01
201600041708;1;7;0;0;2;3;0;Z01
201600041709;1;7;0;0;2;7;6;A01
201600041709;0;7;0;0;2;1;8;B01
201600041710;0;7;0;0;2;1;0;A01
201600041710;0;7;0;0;0;1;1;B01
201600041711;0;7;0;0;1;2;2;A01
201600041712;0;7;0;0;1;2;19;A01
201600041713;0;7;0;0;1;1;2;A01
201600041714;0;7;0;0;1;3;10;A01
201600041715;0;7;0;0;1;2;2;A01
201600041716;0;10;0;0;0;2;16;A01
201600041717;1;7;0;0;2;2;1;A01
201600041717;1;7;0;0;2;1;15;B01
201600041718;1;7;0;0;2;3;11;A01
201600041718;1;31;0;0;2;2;2;B01
201600041719;0;7;0;0;1;2;0;A01
201600041720;0;32;0;0;2;1;1;A01
201600041720;0;7;0;0;2;3;15;B01
201600041721;1;7;0;0;0;1;9;A01
201600041721;1;7;0;0;2;3;23;C01
201600041721;1;7;0;0;2;1;19;B01
201600041722;0;7;0;0;1;1;2;A01
201600041723;0;7;0;0;1;4;20;A01
201600041724;0;7;0;8;0;1;13;A01
201600041724;0;7;0;0;2;1;15;B01
201600041725;0;7;0;0;0;5;15;A01
201600041725;0;7;0;0;0;1;1;B01
201600041726;1;7;0;0;1;3;1;A01
201600041727;0;3;0;0;1;2;2;A01
201600041728;0;10;0;0;1;1;1;A01
201600041729;0;7;0;0;2;7;2;A01
201600041729;0;7;0;0;2;8;10;B01
201600041730;0;7;0;0;1;1;0;A01
201600041731;0;7;0;0;2;1;2;A01
201600041731;0;7;0;0;2;4;2;B01
201600041732;0;7;0;0;2;8;10;A01
201600041732;0;33;0;0;2;1;2;B01
201600041733;0;37;10;0;2;7;1;A01
201600041733;0;7;0;0;2;1;1;B01
201600041734;0;7;0;0;2;1;2;A01
201600041734;0;7;0;0;2;4;0;B01
201600041735;0;7;0;1;0;2;1;A01
201600041735;0;7;0;0;2;6;24;B01
201600041735;0;10;0;0;2;8;24;C01
201600041736;0;7;0;0;1;2;16;A01
201600041737;0;34;0;0;2;8;2;A01
201600041737;0;7;0;0;2;3;2;Z01
201600041738;2;7;0;0;1;1;1;A01
201600041739;2;7;0;0;2;8;19;A01
201600041739;2;31;0;0;2;1;7;B01
201600041740;0;7;0;0;2;1;2;A01
201600041740;0;7;0;0;2;4;2;B01
201600041741;1;7;0;0;1;2;1;A01
201600041742;0;3;0;0;0;3;0;A01
201600041742;0;3;0;0;2;0;0;B01
201600041743;0;13;0;6;0;1;1;A01
201600041744;0;7;0;0;1;1;1;A01
201600041745;0;7;0;0;1;1;1;A01
201600041746;0;7;0;0;1;2;0;A01
201600041747;0;30;0;0;1;4;17;Z01
201600041748;0;7;0;0;1;0;15;A01
201600041749;0;10;0;0;2;3;11;A01
201600041749;0;2;0;0;2;1;1;Z01
201600041750;0;7;0;0;0;5;11;A01
201600041750;0;7;0;0;2;1;1;B01
201600041751;0;7;0;0;0;2;15;A01
201600041752;0;3;0;0;2;1;13;A01
201600041752;0;3;0;0;2;1;1;B01
201600041753;1;7;0;0;1;3;15;A01
201600041754;0;7;0;0;9;3;2;A01
201600041755;0;7;0;0;2;1;1;A01
201600041755;0;7;0;0;2;2;1;B01
201600041756;0;7;0;0;2;1;23;C01
201600041756;0;7;0;0;2;1;1;A01
201600041756;0;7;0;0;2;2;15;B01
201600041757;0;3;0;0;2;3;2;A01
201600041757;0;33;0;0;2;1;2;B01
201600041758;0;34;0;1;0;8;2;A01
201600041758;0;7;0;0;2;8;2;C01
201600041758;0;7;0;0;2;7;2;D01
201600041759;0;7;0;0;2;1;0;A01
201600041759;0;10;0;0;0;4;0;B01
201600041760;1;34;0;0;2;2;2;B01
201600041760;1;7;0;0;2;6;13;Z01
201600041761;0;7;0;0;0;2;16;A01
201600041761;0;34;0;0;2;1;18;B01
201600041762;0;7;0;0;2;1;0;A01