Num_Acc;senc;catv;occutc;obs;obsm;choc;manv;num_veh
201600041762;0;7;0;0;0;5;12;B01
201600041762;0;7;0;1;0;6;2;C01
201600041763;1;7;0;1;0;3;0;A01
201600041764;0;7;0;0;2;2;17;A01
201600041764;0;7;0;0;0;6;15;B01
201600041765;0;7;0;0;1;1;15;A01
201600041766;0;7;0;0;0;1;0;A01
201600041767;1;7;0;0;1;1;15;A01
201600041768;0;7;0;9;0;1;0;A01
201600041769;0;7;0;0;1;3;19;A01
201600041770;0;7;0;1;1;4;4;A01
201600041771;0;32;0;0;1;1;0;A01
201600041772;0;7;0;0;2;5;2;A01
201600041772;0;7;0;0;2;3;2;B01
201600041773;0;30;0;0;1;8;1;A01
201600041774;0;7;0;0;2;1;9;A01
201600041774;0;2;0;0;0;4;9;B01
201600041775;0;38;1;0;1;1;1;A01
201600041776;0;7;0;0;2;3;16;B01
201600041776;0;7;0;0;2;2;1;A01
201600041777;0;7;0;0;1;1;1;A01
201600041778;0;7;0;0;2;1;2;A01
201600041778;0;33;0;0;2;4;2;B01
201600041779;2;7;0;0;2;2;19;A01
201600041779;1;7;0;8;2;1;16;B01
201600041780;0;7;0;0;2;1;1;B01
201600041780;0;7;0;0;2;2;15;A01
201600041781;0;7;0;0;9;1;0;A01
201600041782;0;7;0;0;2;8;15;A01
201600041782;0;37;1;0;2;2;1;B01
201600041783;0;7;0;0;0;0;0;A01
201600041783;0;7;0;9;2;8;1;B01
201600041784;0;7;0;15;0;1;0;A01
201600041784;0;7;0;0;2;1;0;B01
201600041784;0;7;0;0;2;3;1;C01
201600041784;0;7;0;0;2;1;1;D01
201600041785;0;7;0;6;0;3;15;A01
201600041786;0;7;0;0;1;1;0;A01
201600041787;0;7;0;0;0;2;17;A01
201600041787;0;1;0;0;2;4;0;B01
201600041788;0;10;0;0;2;1;1;A01
201600041788;0;7;0;0;2;4;1;B01
201600041789;0;7;0;0;1;1;15;A01
201600041790;0;37;0;0;1;3;7;A01
201600041791;1;7;0;2;0;1;0;A01
201600041792;0;7;0;0;1;1;2;A01
201600041793;0;7;0;0;2;2;11;A01
201600041793;0;31;0;0;2;1;3;B01
201600041794;0;7;0;0;1;1;1;A01
201600041794;0;7;0;0;2;3;1;B01
201600041795;0;7;0;0;0;4;2;A01
201600041795;0;7;0;0;2;1;2;B01
201600041796;0;7;0;0;1;1;2;A01
201600041797;0;7;0;0;2;3;0;B01
201600041797;0;7;0;0;2;2;0;A01
201600041798;0;3;0;6;2;1;0;B01
201600041798;0;7;0;0;2;3;0;A01
201600041799;0;7;0;8;2;7;0;A01
201600041799;0;7;0;0;2;2;0;B01
201600041800;0;7;0;0;2;1;1;A01
201600041800;0;37;0;0;0;6;4;B01
201600041801;0;7;0;0;1;1;1;A01
201600041802;0;7;0;15;0;2;0;A01
201600041803;0;7;0;0;2;1;0;A01
201600041803;0;7;0;9;2;7;1;B01
201600041804;0;7;0;0;1;2;1;A01
201600041805;1;33;0;0;2;1;0;A01
201600041805;0;7;0;0;0;2;0;B01
201600041806;2;7;0;0;2;2;1;A01
201600041806;1;7;0;0;2;1;1;Y01
201600041807;0;7;0;0;2;1;1;A01
201600041807;0;2;0;0;2;1;13;B01
201600041808;0;7;0;0;2;1;1;A01
201600041808;0;7;0;0;2;4;1;B01
201600041808;0;7;0;0;0;4;1;C01
201600041809;1;7;0;0;2;3;2;A01
201600041810;0;7;0;0;2;1;2;A01
201600041810;0;7;0;0;2;4;2;B01
201600041811;0;7;0;0;2;1;0;A01
201600041811;0;33;0;0;2;1;0;B01
201600041812;0;15;0;0;2;1;2;A01
201600041812;0;7;0;0;2;4;1;B01
201600041813;2;7;0;3;2;3;18;A01
201600041813;2;7;0;8;2;2;16;B01
201600041814;0;7;0;0;2;1;15;A01
201600041814;0;7;0;0;2;1;1;B01
201600041815;0;7;0;0;2;1;15;A01
201600041815;0;7;0;0;0;3;11;B01
201600041816;0;7;0;0;0;4;9;A01
201600041816;0;7;0;0;2;1;2;B01
201600041816;0;7;0;0;2;1;2;C01
201600041817;0;7;0;0;1;4;4;A01
201600041818;0;33;0;0;2;1;17;A01
201600041818;0;7;0;0;2;3;15;B01
201600041819;0;3;0;0;2;3;9;A01
201600041819;0;7;0;0;2;7;1;B01
201600041820;0;7;0;8;0;1;15;A01
201600041821;0;7;0;0;2;1;2;A01
201600041821;0;7;0;0;2;4;23;B01
201600041822;0;7;0;0;1;1;16;A01
201600041823;0;13;0;0;2;1;2;B01
201600041823;0;7;0;0;2;4;2;A01
201600041824;0;33;0;0;0;6;2;A01
201600041824;0;7;0;0;0;0;2;B01
201600041825;2;7;0;0;2;1;2;B01
201600041825;0;7;0;1;0;3;0;A01
201600041826;0;7;0;0;2;2;17;A01
201600041826;0;33;0;0;2;3;15;B01
201600041827;0;7;0;0;2;1;1;B01
201600041827;0;10;0;0;2;8;19;A01
201600041828;0;7;0;0;0;2;0;A01
201600041829;0;37;1;0;1;1;0;A01
201600041830;0;37;0;0;1;7;0;A01
201600041831;0;7;0;0;2;1;0;A01
201600041831;0;1;0;0;2;0;0;B01
201600041832;0;7;0;0;1;2;1;A01
201600041833;0;7;0;0;1;1;1;A01
201600041834;0;7;0;0;2;3;1;A01
201600041834;0;2;0;0;2;0;2;B01
201600041835;0;7;0;0;2;6;0;A01
201600041835;0;7;0;0;2;2;0;B01
201600041836;0;7;0;0;1;2;0;A01
201600041837;0;3;0;0;0;1;2;A01
201600041837;0;7;0;0;2;4;2;B01
201600041837;0;7;0;0;0;0;2;C01
201600041838;0;37;0;0;0;1;7;A01
201600041838;0;7;0;0;0;4;7;B01
201600041839;0;7;0;0;1;1;0;A01
201600041840;1;7;0;0;2;1;1;A01
201600041840;1;7;0;0;0;4;1;B01
201600041841;0;7;0;0;0;0;0;A01
201600041842;0;34;0;0;2;4;2;A01
201600041842;0;7;0;0;2;4;2;B01
201600041843;0;7;0;0;1;2;1;A01
201600041844;0;7;0;0;0;4;9;A01
201600041844;0;7;0;0;2;1;2;B01
201600041845;0;7;0;0;2;1;1;B01
201600041845;0;7;0;0;2;7;1;A01
201600041846;0;7;0;0;2;3;1;B01
201600041846;0;7;0;0;2;2;16;A01
201600041847;0;7;0;0;0;1;0;A01
201600041847;0;34;0;0;0;5;0;B01
201600041848;0;7;0;0;2;3;1;A01
201600041848;0;7;0;0;2;1;2;B01
201600041849;0;7;0;0;2;3;15;A01
201600041849;0;33;0;0;2;2;1;B01
201600041850;0;7;0;0;1;3;1;A01
201600041851;0;7;0;0;2;1;15;A01
201600041851;0;7;0;0;2;8;1;B01
201600041852;0;7;0;0;2;1;2;A01
201600041852;0;7;0;0;0;4;2;B01
201600041853;0;7;0;0;2;1;0;A01
201600041853;0;7;0;0;2;2;0;B01
201600041854;0;7;0;1;2;1;11;A01
201600041854;0;7;0;0;2;1;1;B01
201600041854;0;7;0;0;2;6;0;C01
201600041855;0;7;0;0;1;1;15;A01
201600041856;0;7;0;0;2;1;2;A01
201600041856;0;7;0;0;0;4;2;B01
201600041857;0;7;0;0;2;1;0;B01
201600041857;0;33;0;0;2;1;15;A01
201600041858;0;33;0;0;2;2;0;A01
201600041858;0;7;0;1;2;6;1;B01
201600041859;0;99;0;0;1;0;0;A01
201600041859;0;7;0;0;0;0;0;B01
201600041860;1;10;0;1;1;2;1;A01
201600041860;0;7;0;0;2;5;23;B01
201600041861;0;7;0;6;2;6;2;B01
201600041861;0;7;0;0;2;2;9;A01
201600041862;1;7;0;0;2;2;0;A01
201600041862;1;3;0;0;0;6;0;B01
201600041862;1;7;0;0;0;5;0;C01
201600041863;0;7;0;0;2;1;15;A01
201600041863;0;7;0;0;2;1;2;B01
201600041864;0;7;0;0;2;8;6;A01
201600041864;0;7;0;0;2;1;1;B01
201600041864;0;10;0;0;2;1;1;C01
201600041865;0;7;0;0;2;5;17;A01
201600041865;0;37;3;0;0;2;1;B01
201600041866;0;7;0;0;1;1;1;A01
201600041867;0;7;0;0;2;8;10;A01
201600041867;0;7;0;0;2;1;1;B01
201600041868;0;7;0;0;2;1;2;A01
201600041868;0;7;0;0;0;4;2;B01
201600041869;0;7;0;0;1;2;0;A01
201600041870;2;7;0;0;2;2;17;A01
201600041870;2;7;0;0;2;8;15;B01
201600041871;2;7;0;14;2;1;1;A01
201600041871;2;7;0;0;2;4;1;B01
201600041871;2;7;0;0;2;4;1;C01
201600041872;1;7;0;0;1;1;1;A01
201600041873;1;2;0;0;2;7;13;A01
201600041873;0;7;0;0;2;1;15;B01
201600041874;1;33;0;0;1;1;1;A01
201600041875;0;7;0;0;2;1;1;A01
201600041875;0;7;0;0;2;3;13;B01
201600041876;2;7;0;0;2;8;9;A01
201600041876;2;33;0;0;2;1;2;B01
201600041877;1;7;0;0;2;4;1;B01
201600041877;1;7;0;0;2;1;2;A01
201600041878;1;37;10;0;2;3;15;A01
201600041878;2;2;0;0;2;1;1;B01
201600041879;0;7;0;0;1;8;0;A01
201600041880;2;10;0;0;1;1;1;A01
201600041881;2;7;0;0;2;2;2;A01
201600041881;2;7;0;0;2;4;2;B01
201600041881;2;7;0;0;2;4;2;C01
201600041882;2;33;0;0;1;8;1;A01
201600041883;1;7;0;0;1;2;1;A01
201600041884;1;7;0;0;1;2;1;A01
201600041885;1;7;0;1;1;2;16;A01
201600041886;1;32;0;0;2;3;1;B01
201600041886;1;34;0;0;2;1;1;A01
201600041887;0;7;0;0;1;2;0;A01
201600041888;2;34;0;0;2;1;2;A01
201600041888;2;7;0;0;2;4;2;B01
201600041889;0;7;0;0;2;1;11;A01
201600041889;0;1;0;0;2;1;1;B01
201600041890;2;7;0;0;1;1;2;A01
201600041891;1;32;0;0;1;1;0;A01
201600041892;0;7;0;0;1;1;1;A01
201600041893;1;7;0;0;0;8;22;A01
201600041893;0;32;0;0;2;1;1;B01
201600041894;2;2;0;0;0;0;15;A01
201600041895;0;7;0;0;1;2;15;A01
201600041896;2;7;0;0;1;2;1;A01
201600041897;1;32;0;0;0;3;0;A01
201600041897;2;7;0;0;2;3;0;B01
201600041898;2;7;0;0;1;2;0;A01
201600041899;0;37;1;0;2;3;1;B01
201600041899;0;7;0;1;0;4;9;A01
201600041900;0;7;0;0;2;3;9;A01
201600041900;0;1;0;0;2;0;0;B01
201600041901;0;7;0;0;1;2;12;A01
201600041902;0;7;0;0;2;3;15;B01
201600041902;0;7;0;0;2;7;5;A01
201600041903;2;2;0;0;1;1;1;A01
201600041904;0;10;0;0;1;0;20;A01
201600041905;2;7;0;0;1;1;9;A01
201600041906;1;7;0;0;2;1;1;B01
201600041906;2;7;0;0;2;1;15;A01
201600041907;2;7;0;0;2;4;23;B01
201600041907;2;7;0;0;2;4;23;C01
201600041907;2;7;0;0;2;1;0;A01
201600041908;0;7;0;0;2;2;2;A01
201600041908;0;7;0;0;2;3;16;B01
201600041909;0;30;0;16;0;7;12;A01
201600041910;0;34;0;0;0;8;1;A01
201600041911;0;7;0;0;2;2;1;B01
201600041911;0;30;0;0;2;8;9;A01
201600041912;0;34;0;15;0;1;1;A01
201600041913;0;7;0;0;1;3;1;A01
201600041914;2;30;0;0;2;1;1;A01
201600041914;2;7;0;0;2;3;9;B01
201600041915;1;37;0;0;1;0;16;A01
201600041916;0;30;0;0;2;1;5;A01
201600041916;0;7;0;0;0;3;1;B01
201600041917;2;2;0;0;2;1;11;A01
201600041917;2;7;0;0;2;8;15;B01
201600041918;2;33;0;0;2;1;1;B01
201600041918;2;7;0;0;2;2;16;A01
201600041919;0;7;0;0;1;2;1;A01
201600041920;1;7;0;0;2;1;1;C01
201600041920;2;34;0;14;2;1;1;B01
201600041920;2;7;0;0;0;0;22;A01
201600041921;2;7;0;4;0;3;1;A01
201600041922;0;7;0;0;2;3;2;B01
201600041922;0;7;0;0;2;1;13;A01
201600041923;1;7;0;0;2;1;2;A01
201600041923;1;7;0;0;2;4;1;B01
201600041924;2;33;0;0;2;1;1;B01
201600041924;2;7;0;0;2;3;16;A01
201600041925;2;7;0;4;0;3;1;A01
201600041926;0;7;0;0;1;1;15;A01
201600041927;0;7;0;0;2;7;0;A01
201600041927;0;7;0;0;2;2;0;B01
201600041928;2;7;0;0;2;2;10;A01
201600041928;2;33;0;0;2;8;1;B01
201600041929;0;7;0;0;2;1;1;A01
201600041929;0;7;0;0;2;4;1;B01
201600041930;0;7;0;1;0;1;19;A01
201600041931;0;2;0;0;0;0;0;A01
201600041932;1;7;0;0;2;4;2;B01
201600041932;1;7;0;0;2;1;1;A01
201600041933;2;7;0;3;2;3;1;B01
201600041933;2;7;0;4;2;9;14;A01
201600041934;2;7;0;0;2;3;15;A01
201600041934;1;33;0;0;2;8;1;B01
201600041935;0;7;0;0;2;1;1;A01
201600041935;0;7;0;0;0;4;1;C01
201600041935;0;7;0;0;2;1;1;B01
201600041936;0;7;0;0;1;8;1;A01
201600041937;0;7;0;8;0;2;15;A01
201600041938;0;7;0;0;1;3;15;A01
201600041939;1;7;0;0;1;1;1;A01
201600041940;1;32;0;0;2;1;1;B01
201600041940;2;7;0;0;2;1;15;A01
201600041941;2;7;0;0;2;1;1;A01
201600041941;2;7;0;0;2;9;23;B01
201600041941;2;7;0;0;2;4;23;C01
201600041942;0;7;0;0;1;2;15;A01
201600041943;2;33;0;16;0;8;13;A01
201600041944;0;7;0;0;1;2;1;A01
201600041945;2;7;0;3;0;1;1;A01
201600041946;1;7;0;0;1;0;0;A01
201600041947;1;7;0;0;2;1;2;A01
201600041947;1;7;0;0;0;4;2;B01
201600041948;2;7;0;0;2;1;1;B01
201600041948;2;7;0;4;2;9;1;A01
201600041949;1;2;0;0;2;1;2;A01
201600041949;1;10;0;0;2;6;16;B01
201600041950;2;37;10;0;2;1;2;A01
201600041950;2;33;0;0;2;4;23;B01
201600041951;1;7;0;6;0;3;13;A01
201600041952;0;32;0;0;1;2;17;A01
201600041953;1;7;0;0;1;1;1;A01
201600041954;0;32;0;0;2;5;2;A01
201600041954;0;10;0;0;2;2;1;B01
201600041955;1;2;0;12;0;7;1;A01
201600041956;2;7;0;0;2;2;1;B01
201600041956;1;30;0;0;2;1;16;A01
201600041957;1;30;0;16;0;1;1;A01
201600041958;0;7;0;1;2;3;17;A01
201600041958;0;37;2;0;2;8;23;C01
201600041958;0;33;0;1;2;7;17;B01
201600041959;2;30;0;0;0;0;14;A01
201600041960;1;7;0;12;0;3;1;A01
201600041961;1;34;0;0;2;5;17;A01
201600041961;1;7;0;0;2;3;15;B01
201600041962;2;33;0;0;2;1;2;A01
201600041962;1;7;0;0;2;1;2;B01
201600041963;1;7;0;0;2;1;1;B01
201600041963;2;7;0;0;2;2;15;A01
201600041964;1;7;0;4;0;3;1;A01
201600041965;1;7;0;15;0;1;1;A01
201600041966;1;37;2;0;2;4;1;B01
201600041966;1;10;0;0;2;1;1;A01
201600041967;0;30;0;1;0;1;1;A01
201600041968;1;33;0;0;0;7;1;A01
201600041969;0;7;0;0;1;2;1;A01
201600041970;1;7;0;0;2;1;2;A01
201600041970;1;15;0;0;2;4;1;B01
201600041971;2;7;0;0;2;1;2;A01
201600041971;2;7;0;0;2;4;1;B01
201600041972;1;7;0;0;2;7;16;A01
201600041972;1;7;0;0;2;3;1;B01
201600041973;0;7;0;0;2;2;9;A01
201600041973;0;2;0;0;2;1;1;B01
201600041974;0;32;0;0;0;0;1;A01
201600041975;0;7;0;4;2;9;1;A01
201600041975;0;7;0;0;2;6;1;B01
201600041976;2;7;0;15;1;1;14;A01
201600041977;2;33;0;0;2;1;1;B01
201600041977;1;7;0;0;2;1;15;A01
201600041978;2;34;0;3;0;1;1;A01
201600041979;2;33;0;0;2;1;1;B01
201600041979;2;7;0;12;2;9;13;A01
201600041980;0;7;0;0;2;1;2;A01
201600041980;0;7;0;0;2;4;2;B01
201600041981;1;7;0;0;2;7;10;A01
201600041981;1;7;0;0;2;8;21;B01
201600041982;0;7;0;12;0;1;1;A01
201600041983;1;7;0;0;1;2;15;A01
201600041984;2;7;0;4;0;9;1;A01
201600041985;1;2;0;0;2;2;17;A01
201600041985;1;7;0;0;2;3;13;B01
201600041986;0;7;0;0;2;6;15;B01
201600041986;0;7;0;0;2;3;17;A01
201600041987;2;7;0;0;2;2;15;A01
201600041987;1;7;0;0;2;1;1;B01
201600041988;1;30;0;0;2;1;0;B01
201600041988;2;7;0;0;2;3;0;A01
201600041989;0;7;0;0;1;2;1;A01
201600041990;1;7;0;0;1;2;15;A01
201600041991;0;7;0;0;1;1;2;A01
201600041992;0;7;0;15;0;1;2;A01
201600041993;1;7;0;12;2;9;1;A01
201600041993;2;10;0;0;2;8;23;B01
201600041993;2;7;0;0;2;1;23;C01
201600041994;1;7;0;13;0;3;1;A01
201600041995;0;7;0;15;0;2;1;A01
201600041996;0;7;0;0;1;1;1;A01
201600041997;2;7;0;0;2;1;1;B01
201600041997;1;7;0;0;2;3;1;A01
201600041998;0;7;0;0;1;1;1;A01
201600041999;1;7;0;0;2;3;15;A01
201600041999;2;33;0;0;2;3;1;B01
201600042000;2;7;0;0;2;4;23;B01
201600042000;2;13;0;0;2;1;2;A01
201600042001;0;7;0;0;2;1;1;A01
201600042001;0;7;0;0;2;3;15;B01
201600042002;0;7;0;0;2;1;9;A01
201600042002;0;1;0;0;2;7;2;B01
201600042003;1;7;0;0;2;4;2;B01
201600042003;1;7;0;0;2;1;2;A01
201600042004;2;10;0;0;2;3;11;A01
201600042004;2;33;0;0;2;8;1;B01
201600042005;1;7;0;0;2;9;1;D01
201600042005;1;7;0;0;2;4;1;F01
201600042005;1;7;0;0;2;4;1;B01
201600042005;1;10;0;0;2;9;2;A01
201600042005;1;7;0;0;2;9;1;C01
201600042005;1;10;0;0;2;9;1;E01
201600042006;1;7;0;0;2;4;1;B01
201600042006;1;2;0;0;2;1;2;A01
201600042007;2;30;0;0;2;1;1;B01
201600042007;1;7;0;0;2;2;15;A01
201600042008;2;31;0;0;0;7;1;A01
201600042009;1;7;0;0;1;2;1;A01
201600042010;1;7;0;0;2;4;1;C01
201600042010;1;10;0;0;2;3;1;A01
201600042010;1;7;0;0;2;4;1;B01
201600042011;1;7;0;0;2;9;2;B01
201600042011;1;10;0;0;2;1;2;A01
201600042011;1;7;0;0;2;4;1;C01
201600042012;0;7;0;0;2;8;1;A01
201600042012;0;7;0;1;2;8;17;B01
201600042013;1;7;0;0;2;1;2;A01
201600042013;1;7;0;0;2;9;2;B01
201600042013;1;7;0;0;2;4;2;C01
201600042014;0;32;0;4;0;0;2;A01
201600042015;1;7;0;0;1;8;1;A01
201600042016;1;7;0;0;2;4;1;B01
201600042016;1;7;0;0;2;1;2;A01
201600042017;1;7;0;0;2;3;21;A01
201600042017;2;7;0;0;2;3;1;B01
201600042018;1;7;0;0;2;1;1;C01
201600042018;1;7;0;0;2;1;1;D01
201600042018;1;33;0;0;2;8;1;B01
201600042018;2;7;0;0;0;0;0;A01
201600042019;2;7;0;4;0;3;13;A01
201600042020;0;30;0;0;1;1;1;A01
201600042021;2;33;0;0;2;8;1;B01
201600042021;1;7;0;0;2;5;15;A01
201600042022;1;1;0;0;2;4;1;B01
201600042022;1;7;0;0;2;3;9;A01
201600042023;0;2;0;0;0;1;1;A01
201600042024;1;7;0;1;0;3;13;A01
201600042025;1;7;0;15;0;1;21;A01
201600042026;0;31;0;0;2;1;13;A01
201600042026;0;7;0;0;2;6;15;B01
201600042027;0;7;0;0;1;4;4;A01
201600042028;1;7;0;0;2;1;1;B01
201600042028;2;10;0;0;2;7;15;A01
201600042029;1;7;0;0;1;1;1;A01
201600042030;0;7;0;0;2;6;15;B01
201600042030;1;33;0;0;2;1;1;A01
201600042031;1;7;0;0;2;1;1;C01
201600042031;1;7;0;0;2;1;13;A01
201600042031;2;7;0;0;2;3;1;B01
201600042032;2;7;0;6;0;8;1;A01
201600042033;2;33;0;15;0;0;1;A01
201600042034;1;7;0;0;2;3;11;A01
201600042034;1;7;0;0;2;7;1;B01
201600042034;1;14;0;0;2;6;23;C01
201600042035;0;10;0;0;1;2;1;A01
201600042036;1;7;0;0;1;1;1;A01
201600042037;2;33;0;0;2;2;17;A01
201600042037;2;7;0;0;2;1;16;B01
201600042038;2;7;0;14;0;1;15;A01
201600042039;1;7;0;0;2;4;1;D01
201600042039;1;7;0;0;2;1;1;A01
201600042039;1;7;0;0;2;4;1;B01
201600042039;1;7;0;0;2;4;1;C01
201600042040;2;10;0;0;2;5;12;A01
201600042040;2;32;0;0;2;1;3;B01
201600042041;1;37;2;0;1;2;1;A01
201600042042;1;30;0;0;0;2;1;A01
201600042043;0;33;0;0;0;0;0;A01
201600042044;0;7;0;0;2;2;15;A01
201600042044;0;7;0;0;2;3;1;B01
201600042045;2;7;0;0;1;1;1;A01
201600042046;0;2;0;0;2;1;1;A01
201600042046;0;7;0;0;2;3;1;B01
201600042047;0;7;0;0;2;3;15;A01
201600042047;0;7;0;0;2;7;1;B01
201600042048;0;7;0;0;2;1;2;A01
201600042048;0;7;0;0;2;4;2;B01
201600042049;0;7;0;0;1;1;1;A01
201600042050;2;32;0;16;0;7;1;A01
201600042051;1;7;0;4;2;3;1;A01
201600042051;1;7;0;0;2;5;1;B01
201600042051;1;7;0;0;2;4;1;C01
201600042052;1;7;0;0;2;9;21;A01
201600042052;1;7;0;0;2;1;1;D01
201600042052;2;7;0;0;2;1;1;C01
201600042052;1;7;0;0;2;6;1;B01
201600042053;2;7;0;0;0;0;23;B01
201600042053;2;7;0;0;0;1;2;A01
201600042054;0;7;0;0;1;1;0;A01
201600042055;0;7;0;0;2;1;1;A01
201600042055;0;7;0;0;0;3;1;B01
201600042056;0;7;0;0;2;3;1;A01
201600042056;0;7;0;0;0;5;0;B01
201600042057;1;13;0;0;2;2;2;A01
201600042057;1;13;0;0;0;6;23;B01
201600042058;0;33;0;0;2;8;2;A01
201600042058;0;7;0;0;2;4;2;B01
201600042059;0;7;0;0;2;1;2;A01
201600042059;0;7;0;0;0;4;2;B01
201600042060;0;33;0;0;2;0;17;B01
201600042060;0;7;0;0;2;0;0;A01
201600042061;2;7;0;3;0;2;1;A01
201600042062;0;7;0;0;1;1;1;A01
201600042063;2;7;0;0;2;6;1;B01
201600042063;2;7;0;4;2;6;14;A01
201600042064;0;7;0;0;2;4;23;B01
201600042064;0;7;0;0;2;1;2;A01
201600042065;0;7;0;0;1;2;1;A01
201600042066;0;33;0;0;2;7;1;B01
201600042066;0;7;0;0;2;3;20;A01
201600042067;0;7;0;2;0;1;1;A01
201600042068;0;7;0;0;2;2;4;A01
201600042068;0;7;0;0;2;3;1;B01
201600042069;1;7;0;0;2;1;1;A01
201600042069;0;34;0;0;2;8;15;B01
201600042070;0;7;0;0;1;2;15;A01
201600042071;0;7;0;0;2;3;15;A01
201600042071;0;30;0;0;2;1;0;B01
201600042071;0;7;0;0;2;3;0;C01
201600042072;2;33;0;0;2;7;1;B01
201600042072;0;7;0;0;2;3;16;A01
201600042073;0;7;0;0;1;7;2;A01
201600042074;0;7;0;0;1;7;0;A01
201600042075;0;7;0;0;0;4;2;B01
201600042075;0;7;0;0;0;1;2;A01
201600042076;0;7;0;6;0;1;1;A01
201600042077;0;36;0;0;2;6;1;A01
201600042077;0;7;0;0;2;4;1;B01
201600042078;0;2;0;0;0;0;2;A01
201600042079;0;7;0;0;2;3;15;A01
201600042079;0;30;0;0;2;1;1;B01
201600042080;1;7;0;0;2;1;1;A01
201600042080;1;7;0;0;2;4;1;B01
201600042081;1;33;0;0;2;1;17;A01
201600042081;1;31;0;0;2;8;15;B01
201600042082;1;7;0;0;1;4;4;A01
201600042083;2;7;0;0;2;2;10;A01
201600042083;1;33;0;0;2;1;1;B01
201600042084;1;7;0;0;2;4;14;A01
201600042084;1;32;0;0;2;1;2;B01
201600042085;1;34;0;0;2;1;1;B01
201600042085;1;7;0;0;2;6;11;A01
201600042086;0;7;0;0;1;1;1;A01
201600042087;1;7;0;3;0;2;1;A01
201600042088;1;7;0;0;2;2;15;B01
201600042088;1;32;0;0;2;1;9;A01
201600042089;1;7;0;0;2;1;2;A01
201600042089;1;7;0;0;2;4;23;B01
201600042090;2;7;0;0;1;1;17;A01
201600042091;0;7;0;0;2;4;1;A01
201600042091;0;7;0;0;2;1;2;B01
201600042092;0;7;0;0;2;1;1;A01
201600042092;0;7;0;0;2;8;1;B01
201600042093;1;7;0;0;1;3;1;A01
201600042094;0;7;0;0;1;1;15;A01
201600042095;1;10;0;0;2;5;1;B01
201600042095;1;7;0;0;2;3;9;A01
201600042096;0;7;0;6;0;1;1;A01
201600042097;1;7;0;0;2;6;13;A01
201600042097;1;33;0;0;2;7;1;B01
201600042098;1;7;0;0;2;1;11;A01
201600042098;1;33;0;0;2;2;1;B01
201600042099;1;7;0;0;2;1;1;A01
201600042099;0;7;0;0;2;8;15;B01
201600042100;2;7;0;0;1;4;4;A01
201600042101;0;7;0;0;1;3;1;A01
201600042102;0;33;0;0;2;7;13;A01
201600042102;0;7;0;0;2;3;1;B01
201600042103;2;7;0;0;2;8;15;B01
201600042103;2;33;0;0;2;1;17;A01
201600042104;1;33;0;0;2;1;1;B01
201600042104;1;7;0;0;2;3;9;A01
201600042105;0;7;0;0;2;2;1;A01
201600042105;0;7;0;0;2;1;1;B01
201600042106;1;7;0;0;2;9;23;C01
201600042106;1;7;0;0;2;4;23;D01
201600042106;1;7;0;0;2;9;23;B01
201600042106;1;7;0;0;2;1;2;A01
201600042107;1;7;0;0;2;1;2;A01
201600042107;1;33;0;0;2;4;1;B01
201600042108;1;7;0;0;2;1;1;A01
201600042108;1;33;0;0;2;4;23;B01
201600042109;1;32;0;0;1;1;17;A01
201600042110;1;7;0;0;2;3;11;A01
201600042110;1;33;0;0;2;1;1;B01
201600042111;0;7;0;0;2;1;15;A01
201600042111;0;7;0;0;2;1;1;B01
201600042112;2;15;0;12;2;3;16;A01
201600042112;1;7;0;0;2;6;1;B01
201600042113;2;7;0;0;2;4;1;B01
201600042113;2;7;0;0;2;1;1;A01
201600042114;0;7;0;0;1;6;20;A01
201600042115;2;7;0;12;0;1;1;A01
201600042116;0;7;0;0;1;1;1;A01
201600042117;0;7;0;0;2;3;9;A01
201600042117;0;1;0;0;2;1;1;B01
201600042118;0;7;0;0;1;4;4;A01
201600042119;1;10;0;0;2;1;10;A01
201600042119;2;33;0;1;2;1;1;B01
201600042120;1;33;0;0;2;1;17;B01
201600042120;1;7;0;0;2;3;15;A01
201600042121;0;7;0;0;0;1;1;A01
201600042122;1;7;0;0;1;8;15;A01
201600042123;1;31;0;0;2;1;1;A01
201600042123;1;1;0;0;2;4;1;B01
201600042124;1;7;0;0;2;4;4;A01
201600042124;1;1;0;0;2;1;1;B01
201600042125;0;10;0;0;1;1;1;A01
201600042126;1;1;0;0;2;4;1;B01
201600042126;1;7;0;0;2;1;2;A01
201600042127;1;7;0;0;2;1;2;B01
201600042127;1;34;0;0;2;4;1;A01
201600042128;0;31;0;0;2;1;1;B01
201600042128;0;7;0;0;2;3;1;A01
201600042129;2;7;0;0;2;1;1;B01
201600042129;2;7;0;0;2;4;1;A01
201600042130;2;31;0;0;2;3;1;B01
201600042130;1;7;0;0;2;2;16;A01
201600042131;0;7;0;0;1;1;16;A01
201600042132;0;10;0;0;1;1;1;A01
201600042133;1;7;0;0;2;1;1;A01
201600042133;2;7;0;0;2;3;1;B01
201600042134;0;7;0;0;2;2;1;A01
201600042134;0;2;0;0;2;1;1;B01
201600042135;0;7;0;0;1;3;1;A01
201600042136;0;7;0;0;1;0;0;A01
201600042137;0;7;0;0;2;3;9;A01
201600042137;0;7;0;9;2;1;1;B01
201600042138;0;31;0;0;1;1;0;A01
201600042139;0;7;0;0;2;1;8;A01
201600042139;0;31;0;0;2;1;2;B01
201600042140;0;7;0;0;2;1;0;A01
201600042140;0;7;0;0;2;1;1;B01
201600042141;0;7;0;0;1;1;1;A01