Num_Acc;senc;catv;occutc;obs;obsm;choc;manv;num_veh
201600042142;0;7;0;0;2;3;5;A01
201600042142;0;7;0;0;2;8;1;B01
201600042143;0;7;0;0;2;1;9;A01
201600042143;0;33;0;0;2;4;1;B01
201600042144;0;7;0;0;2;7;15;A01
201600042144;0;33;0;0;2;3;0;B01
201600042145;0;7;0;0;2;1;15;A01
201600042145;0;7;0;0;2;1;1;B01
201600042146;0;7;0;0;9;7;1;A01
201600042146;0;1;0;0;2;8;11;B01
201600042147;2;7;0;0;2;1;16;B01
201600042147;1;7;0;0;2;1;23;A01
201600042148;0;7;0;0;2;1;1;A01
201600042148;0;7;0;0;1;4;23;B01
201600042149;0;7;0;0;2;1;1;B01
201600042149;0;33;0;0;2;1;1;A01
201600042150;0;33;0;0;2;1;1;B01
201600042150;0;7;0;0;2;6;24;A01
201600042151;0;7;0;0;1;7;1;A01
201600042152;0;34;0;0;2;1;1;B01
201600042152;0;7;0;0;2;3;20;A01
201600042153;0;7;0;0;2;1;15;A01
201600042153;0;30;0;0;2;1;1;B01
201600042154;0;7;0;0;2;6;1;B01
201600042154;0;7;0;0;2;1;1;A01
201600042155;0;7;0;0;2;1;1;A01
201600042155;0;7;0;0;2;4;23;B01
201600042156;0;7;0;0;1;3;1;A01
201600042157;0;33;0;12;0;1;9;A01
201600042158;0;30;0;0;2;1;11;A01
201600042158;0;7;0;0;2;5;23;B01
201600042159;0;7;0;0;2;8;1;A01
201600042159;0;32;0;0;2;7;17;B01
201600042160;0;7;0;0;2;3;15;A01
201600042160;0;32;0;0;2;2;1;B01
201600042161;0;32;0;0;2;8;1;B01
201600042161;0;7;0;0;2;1;15;A01
201600042162;0;7;0;0;2;3;1;B01
201600042162;0;7;0;0;2;1;15;A01
201600042163;2;33;0;0;2;1;1;B01
201600042163;0;7;0;0;2;3;15;A01
201600042164;0;7;0;0;2;8;15;A01
201600042164;0;1;0;0;2;1;1;B01
201600042165;0;7;0;0;1;1;15;A01
201600042166;0;7;0;0;2;2;9;A01
201600042166;0;7;0;0;2;3;1;B01
201600042167;0;31;0;0;2;1;2;A01
201600042167;0;10;0;0;2;4;2;B01
201600042168;0;7;0;0;2;1;5;A01
201600042168;0;30;0;0;2;1;1;B01
201600042169;0;7;0;0;2;1;1;A01
201600042169;0;7;0;0;2;4;1;B01
201600042170;0;7;0;0;1;1;1;A01
201600042171;0;7;0;0;1;1;1;A01
201600042172;0;33;0;0;2;1;5;A01
201600042172;0;7;0;0;2;6;23;B01
201600042173;0;7;0;0;2;1;1;C01
201600042173;0;7;0;0;2;7;15;B01
201600042173;0;7;0;0;2;1;1;A01
201600042174;0;7;0;0;2;2;15;A01
201600042174;0;33;0;0;2;1;1;B01
201600042174;0;7;0;0;2;6;24;C01
201600042175;0;7;0;0;2;2;2;B01
201600042175;0;7;0;0;2;5;2;C01
201600042175;0;7;0;8;2;3;16;A01
201600042176;0;7;0;0;1;6;20;A01
201600042177;0;33;0;0;2;1;17;A01
201600042177;0;7;0;0;2;3;1;B01
201600042178;0;7;0;0;2;3;1;A01
201600042178;0;7;0;0;2;2;17;B01
201600042179;0;31;0;0;2;1;2;B01
201600042179;0;7;0;0;2;2;10;A01
201600042180;0;33;0;0;2;1;1;B01
201600042180;0;7;0;0;2;7;10;A01
201600042181;0;7;0;0;2;1;2;A01
201600042181;0;7;0;0;2;4;2;C01
201600042181;0;7;0;0;2;4;2;B01
201600042182;0;7;0;0;1;2;1;A01
201600042183;0;33;0;0;2;2;17;B01
201600042183;0;7;0;0;2;8;1;A01
201600042184;1;33;0;0;2;4;15;B01
201600042184;1;7;0;0;2;1;15;A01
201600042185;0;7;0;0;2;3;15;A01
201600042185;0;33;0;1;2;1;1;B01
201600042186;0;7;0;0;2;1;1;B01
201600042186;0;7;0;0;2;1;1;A01
201600042187;0;7;0;0;2;1;1;A01
201600042187;0;7;0;0;2;4;23;B01
201600042188;0;7;0;0;2;8;15;B01
201600042188;0;33;0;0;2;6;1;A01
201600042189;0;7;0;0;1;2;2;A01
201600042190;0;32;0;0;2;2;1;B01
201600042190;0;7;0;0;2;3;15;A01
201600042191;2;7;0;0;2;4;1;B01
201600042191;1;7;0;0;2;1;23;C01
201600042191;0;7;0;0;2;9;1;A01
201600042192;0;7;0;0;2;4;2;B01
201600042192;0;30;0;0;2;1;2;A01
201600042193;2;30;0;0;2;1;5;A01
201600042193;1;7;0;0;2;3;15;B01
201600042194;0;7;0;0;1;2;1;A01
201600042195;0;7;0;0;1;3;2;A01
201600042196;0;7;0;0;1;3;1;A01
201600042197;0;7;0;0;2;1;1;A01
201600042197;0;7;0;0;2;4;24;B01
201600042198;0;7;0;0;1;1;2;A01
201600042199;0;7;0;0;2;3;2;B01
201600042199;0;7;0;0;2;2;2;A01
201600042200;0;7;0;0;0;0;2;B01
201600042200;0;7;0;0;2;2;2;A01
201600042201;0;7;0;0;2;3;9;A01
201600042201;0;7;0;0;2;5;1;B01
201600042202;0;33;0;0;1;1;2;A01
201600042203;1;7;0;0;2;1;6;A01
201600042203;2;7;0;0;2;1;1;B01
201600042204;0;7;0;0;2;1;2;B01
201600042204;0;7;0;0;2;4;23;A01
201600042205;2;33;0;0;2;1;1;B01
201600042205;1;1;0;0;2;6;19;A01
201600042206;0;33;0;4;0;2;1;A01
201600042207;1;7;0;1;2;3;1;A01
201600042207;1;7;0;0;2;1;1;B01
201600042208;0;1;0;0;2;1;9;B01
201600042208;0;7;0;0;2;2;1;A01
201600042209;2;2;0;0;1;7;14;A01
201600042210;2;32;0;0;2;1;1;B01
201600042210;2;7;0;0;2;3;9;A01
201600042211;1;34;0;0;2;1;5;B01
201600042211;2;7;0;0;2;1;15;A01
201600042212;2;7;0;0;2;8;10;A01
201600042212;1;7;0;0;2;1;1;B01
201600042213;1;32;0;0;1;1;1;A01
201600042214;2;7;0;0;1;2;1;A01
201600042215;1;7;0;0;1;3;1;A01
201600042216;1;7;0;0;2;2;2;A01
201600042216;1;7;0;0;2;4;1;B01
201600042217;2;7;0;0;2;1;2;A01
201600042217;2;37;9;0;2;4;23;B01
201600042218;0;14;0;0;1;2;16;A01
201600042219;1;7;0;0;2;2;1;A01
201600042219;1;2;0;0;2;8;18;B01
201600042220;2;33;0;0;2;1;1;B01
201600042220;1;7;0;0;2;3;15;A01
201600042221;0;34;0;16;0;3;1;A01
201600042222;0;31;0;0;2;3;1;B01
201600042222;0;7;0;0;2;3;15;A01
201600042223;1;30;0;1;2;1;1;B01
201600042223;1;7;0;0;2;4;24;A01
201600042224;1;7;0;0;2;8;15;B01
201600042224;1;30;0;0;2;1;1;A01
201600042225;2;7;0;0;2;1;17;X01
201600042225;1;33;0;0;2;8;23;A01
201600042226;1;34;0;0;2;1;1;B01
201600042226;1;7;0;0;2;2;15;A01
201600042227;1;7;0;0;2;7;12;A01
201600042227;1;2;0;0;2;1;14;B01
201600042228;1;7;0;0;2;1;14;A01
201600042228;1;7;0;1;2;2;21;B01
201600042229;1;10;0;0;2;1;10;A01
201600042229;1;33;0;0;2;7;21;B01
201600042230;1;7;0;0;1;1;1;A01
201600042231;0;37;0;0;1;1;15;A01
201600042232;0;33;0;0;1;1;1;A01
201600042233;2;7;0;0;2;6;4;A01
201600042233;1;7;0;0;2;2;21;B01
201600042234;0;7;0;0;2;2;1;A01
201600042234;0;1;0;0;2;1;5;B01
201600042235;0;7;0;0;2;0;0;A01
201600042235;0;1;0;0;0;4;0;B01
201600042236;0;33;0;0;2;1;5;B01
201600042236;0;7;0;0;2;3;9;A01
201600042237;0;32;0;0;2;0;0;B01
201600042237;0;33;0;0;2;7;1;A01
201600042238;0;32;0;14;0;0;0;A01
201600042239;0;7;0;0;2;8;11;A01
201600042239;0;37;0;0;2;2;1;B01
201600042240;0;7;0;0;2;3;15;A01
201600042240;0;7;0;0;2;1;1;B01
201600042241;0;2;0;0;0;8;1;A01
201600042242;0;10;0;0;2;3;1;A01
201600042242;0;7;0;0;0;5;1;B01
201600042243;2;7;0;0;1;7;1;A01
201600042244;2;7;0;0;2;3;1;A01
201600042244;2;34;0;0;2;2;1;B01
201600042245;1;7;0;1;0;2;14;A01
201600042246;1;2;0;1;0;2;1;A01
201600042247;0;7;0;0;2;1;2;A01
201600042247;0;7;0;0;2;4;2;B01
201600042248;0;7;0;0;2;6;15;A01
201600042248;2;2;0;0;2;1;1;B01
201600042249;0;7;0;1;0;2;0;A01
201600042249;0;7;0;0;2;6;24;B01
201600042250;0;7;0;0;2;7;17;B01
201600042250;0;30;0;0;2;8;1;A01
201600042251;2;7;0;0;2;1;20;B01
201600042251;2;7;0;0;2;2;17;A01
201600042252;1;10;0;0;1;2;0;A01
201600042253;0;7;0;0;1;1;15;A01
201600042254;0;1;0;0;0;0;1;A01
201600042255;0;7;0;0;2;1;9;A01
201600042255;0;30;0;0;0;7;17;B01
201600042256;0;3;0;0;0;2;23;C01
201600042256;0;14;0;0;0;1;16;A01
201600042256;0;1;0;0;0;4;19;B01
201600042257;0;7;0;0;2;0;15;A01
201600042257;0;33;0;0;2;7;1;B01
201600042258;2;7;0;0;2;3;11;A01
201600042258;2;7;0;0;2;7;17;B01
201600042259;0;10;0;4;0;1;12;A01
201600042260;1;7;0;0;1;2;1;A01
201600042261;2;7;0;0;9;3;0;A01
201600042261;2;1;0;0;2;1;0;B01
201600042262;1;7;0;1;2;3;13;A01
201600042263;2;7;0;14;0;1;15;A01
201600042264;0;7;0;0;1;1;15;A01
201600042265;1;31;0;0;1;1;0;A01
201600042266;1;30;0;0;1;1;1;A01
201600042267;0;7;0;0;2;1;1;A01
201600042267;0;7;0;0;2;1;1;B01
201600042268;0;7;0;0;2;1;1;A01
201600042268;0;7;0;0;2;3;15;B01
201600042269;1;7;0;16;0;1;1;A01
201600042270;2;7;0;0;1;1;1;A01
201600042271;1;2;0;0;2;1;1;A01
201600042271;1;7;0;0;2;4;16;B01
201600042272;0;7;0;0;1;1;1;A01
201600042273;2;7;0;0;2;6;15;B01
201600042273;2;30;0;0;2;1;17;A01
201600042274;0;7;0;0;1;1;1;A01
201600042275;0;7;0;0;2;3;16;B01
201600042275;0;7;0;0;2;3;1;A01
201600042276;1;7;0;0;2;1;2;A01
201600042276;1;7;0;0;2;4;2;B01
201600042277;0;7;0;0;1;1;15;A01
201600042278;1;7;0;0;2;3;2;B01
201600042278;1;2;0;0;2;3;17;A01
201600042279;0;10;0;0;2;3;1;A01
201600042279;0;37;3;0;2;2;1;B01
201600042280;0;7;0;0;1;4;2;B01
201600042280;0;7;0;0;2;1;1;A01
201600042281;1;7;0;0;1;1;1;A01
201600042282;1;10;0;0;2;4;2;C01
201600042282;1;7;0;0;2;1;1;A01
201600042282;1;7;0;0;2;4;2;B01
201600042283;1;7;0;0;1;1;1;A01
201600042284;1;7;0;0;2;3;15;A01
201600042284;1;2;0;0;2;2;17;B01
201600042285;1;33;0;0;2;7;1;A01
201600042285;1;7;0;0;2;1;15;B01
201600042286;1;33;0;0;2;1;1;A01
201600042286;2;7;0;0;2;3;15;B01
201600042287;1;7;0;0;1;2;1;A01
201600042288;1;7;0;0;2;5;2;B01
201600042288;1;15;0;0;2;1;2;A01
201600042289;2;7;0;0;2;1;1;B01
201600042289;1;7;0;0;2;2;1;A01
201600042290;2;34;0;0;2;1;1;B01
201600042290;1;7;0;0;2;2;15;A01
201600042291;1;7;0;0;2;1;13;A01
201600042291;2;10;0;0;2;1;1;B01
201600042292;1;7;0;0;2;4;2;B01
201600042292;1;7;0;0;2;2;2;A01
201600042293;2;7;0;0;2;3;9;A01
201600042293;1;30;0;0;2;7;1;B01
201600042294;0;7;0;0;1;2;1;A01
201600042295;0;7;0;0;2;1;1;B01
201600042295;0;7;0;0;2;5;15;A01
201600042296;0;7;0;0;2;1;2;B01
201600042296;0;7;0;0;2;4;2;C01
201600042296;0;7;0;0;2;1;2;D01
201600042296;0;7;0;0;2;1;1;A01
201600042297;0;7;0;0;2;2;16;B01
201600042297;0;30;0;0;2;1;19;A01
201600042298;2;33;0;0;2;7;17;A01
201600042298;0;7;0;0;2;8;15;B01
201600042299;0;7;0;0;1;2;1;A01
201600042300;0;7;0;0;2;4;1;B01
201600042300;0;7;0;0;2;1;2;A01
201600042301;0;7;0;0;2;1;2;A01
201600042301;0;33;0;0;2;4;2;B01
201600042302;0;7;0;0;2;1;1;B01
201600042302;0;7;0;0;2;1;6;A01
201600042303;0;7;0;0;0;1;1;B01
201600042303;0;7;0;0;0;6;1;A01
201600042304;0;7;0;0;2;8;0;A01
201600042304;0;7;0;0;2;1;0;B01
201600042305;0;7;0;0;2;3;9;A01
201600042305;0;7;0;0;2;1;1;B01
201600042306;0;33;0;0;2;8;17;A01
201600042306;0;7;0;0;2;1;15;B01
201600042307;0;7;0;0;2;2;15;A01
201600042307;0;33;0;0;2;6;16;B01
201600042308;0;7;0;0;2;8;9;A01
201600042308;0;33;0;0;2;9;2;B01
201600042309;0;7;0;0;2;7;15;A01
201600042309;0;7;0;0;2;1;1;B01
201600042310;2;7;0;0;1;1;14;A01
201600042311;0;10;0;0;1;1;15;A01
201600042312;0;34;0;1;2;1;18;A01
201600042312;0;15;0;0;2;4;1;C01
201600042313;0;7;0;0;2;2;1;A01
201600042313;0;7;0;0;2;6;24;B01
201600042314;0;33;0;0;2;1;1;B01
201600042314;0;7;0;0;2;6;10;A01
201600042315;0;10;0;0;2;2;15;A01
201600042315;0;2;0;0;2;1;1;B01
201600042316;0;7;0;0;2;1;1;A01
201600042316;0;3;0;0;2;4;1;B01
201600042317;0;34;0;0;2;1;17;B01
201600042317;0;7;0;0;2;8;15;A01
201600042318;0;2;0;0;2;1;1;B01
201600042318;0;10;0;0;2;1;1;A01
201600042319;0;99;0;0;2;5;1;A01
201600042319;0;7;0;0;2;1;1;B01
201600042320;1;7;0;0;1;1;1;A01
201600042321;0;1;0;0;2;1;1;B01
201600042321;0;7;0;0;2;8;1;A01
201600042322;0;7;0;0;2;0;1;A01
201600042322;0;33;0;12;2;0;1;B01
201600042323;0;7;0;0;1;1;15;A01
201600042324;0;7;0;0;2;8;19;A01
201600042324;0;33;0;0;2;1;1;B01
201600042325;0;30;0;0;1;0;0;A01
201600042326;0;7;0;0;2;6;15;A01
201600042326;0;34;0;0;2;3;3;B01
201600042327;0;1;0;0;2;1;15;A01
201600042327;0;7;0;0;2;2;1;B01
201600042328;0;7;0;0;2;3;1;B01
201600042328;0;7;0;0;0;2;1;A01
201600042329;0;7;0;9;2;1;1;A01
201600042329;0;7;0;9;2;1;1;B01
201600042330;0;7;0;0;2;1;5;A01
201600042330;0;7;0;0;2;1;1;B01
201600042331;0;7;0;0;0;4;23;A01
201600042331;0;7;0;0;0;4;0;C01
201600042331;0;7;0;0;0;1;9;B01
201600042332;0;7;0;0;2;3;15;A01
201600042332;0;30;0;0;2;1;1;B01
201600042333;0;7;0;9;2;1;1;A01
201600042333;0;7;0;0;2;1;1;B01
201600042334;2;7;0;0;1;3;1;A01
201600042335;0;1;0;0;2;1;1;B01
201600042335;0;7;0;0;2;3;16;A01
201600042336;0;7;0;0;2;3;0;A01
201600042336;0;7;0;0;2;2;15;B01
201600042337;0;7;0;0;1;1;1;A01
201600042338;0;7;0;0;1;1;1;A01
201600042339;0;7;0;0;2;2;23;B01
201600042339;0;7;0;0;2;1;16;A01
201600042340;1;33;0;12;0;2;0;A01
201600042341;0;10;0;0;2;8;10;A01
201600042341;0;33;0;0;2;1;1;B01
201600042342;0;7;0;0;1;1;1;A01
201600042343;0;7;0;0;0;4;23;B01
201600042343;0;7;0;0;0;4;23;C01
201600042343;0;10;0;0;2;1;2;A01
201600042344;0;7;0;0;2;4;1;B01
201600042344;0;7;0;0;2;1;1;A01
201600042345;0;7;0;0;2;3;16;B01
201600042345;1;32;0;1;2;1;17;A01
201600042346;0;7;0;0;2;1;1;B01
201600042346;0;7;0;0;2;1;1;A01
201600042347;0;10;0;0;1;2;1;A01
201600042348;0;7;0;0;2;4;1;C01
201600042348;0;7;0;0;2;4;1;D01
201600042348;0;7;0;0;2;1;1;A01
201600042348;0;7;0;0;2;4;1;B01
201600042349;0;7;0;0;2;1;0;B01
201600042349;0;7;0;0;2;0;0;A01
201600042350;0;7;0;0;1;1;1;A01
201600042351;0;7;0;0;2;3;10;B01
201600042351;0;31;0;0;2;1;1;A01
201600042352;1;7;0;0;1;3;1;A01
201600042353;0;7;0;0;1;7;16;A01
201600042354;0;7;0;0;2;2;15;A01
201600042354;0;2;0;0;2;1;1;B01
201600042355;0;7;0;0;1;2;1;A01
201600042356;0;7;0;0;2;3;11;A01
201600042356;0;30;0;1;2;1;1;B01
201600042357;0;37;1;0;2;2;1;A01
201600042357;0;7;0;0;2;1;1;B01
201600042358;2;7;0;0;2;7;15;A01
201600042358;1;7;0;0;2;1;1;B01
201600042359;0;7;0;0;2;1;15;A01
201600042359;0;7;0;0;2;8;1;B01
201600042360;0;7;0;0;2;1;1;B01
201600042360;0;7;0;0;2;2;16;A01
201600042361;0;7;0;0;2;1;1;A01
201600042361;0;7;0;0;2;4;1;B01
201600042362;0;32;0;15;2;1;17;B01
201600042362;0;7;0;0;2;3;15;A01
201600042363;0;7;0;0;2;3;0;B01
201600042363;0;7;0;0;2;2;1;A01
201600042364;0;10;0;0;2;1;1;B01
201600042364;0;7;0;0;2;7;1;A01
201600042365;0;7;0;0;1;1;15;A01
201600042366;0;10;0;0;2;1;5;A01
201600042366;0;10;0;0;2;3;1;B01
201600042367;1;13;0;0;2;7;1;A01
201600042367;1;7;0;0;2;3;16;B01
201600042368;1;7;0;0;2;7;1;B01
201600042368;1;7;0;0;2;1;9;A01
201600042369;2;34;0;0;2;1;1;B01
201600042369;1;7;0;0;2;7;15;A01
201600042370;2;7;0;0;1;3;1;A01
201600042371;0;7;0;0;1;1;1;A01
201600042372;1;7;0;14;0;1;2;A01
201600042372;1;7;0;0;0;4;23;B01
201600042373;0;34;0;0;1;1;1;A01
201600042374;1;32;0;0;2;1;17;B01
201600042374;1;7;0;8;2;3;15;A01
201600042375;0;7;0;0;2;1;15;A01
201600042375;0;7;0;0;2;1;1;B01
201600042376;0;10;0;0;2;2;15;B01
201600042376;0;33;0;0;2;1;5;A01
201600042377;2;7;0;0;1;1;1;A01
201600042378;1;7;0;0;2;4;1;B01
201600042378;1;7;0;0;2;1;2;A01
201600042379;1;7;0;0;1;7;16;A01
201600042380;1;1;0;0;2;4;15;A01
201600042380;2;7;0;0;9;1;1;B01
201600042381;2;7;0;4;0;1;1;A01
201600042382;2;7;0;0;2;4;2;B01
201600042382;2;37;2;0;2;1;2;A01
201600042383;1;7;0;0;2;2;1;A01
201600042383;1;7;0;0;2;3;15;B01
201600042384;2;33;0;0;2;7;1;B01
201600042384;2;10;0;0;2;8;11;A01
201600042385;0;7;0;15;1;5;4;A01
201600042386;1;7;0;0;2;3;1;B01
201600042386;1;7;0;0;2;3;1;A01
201600042387;1;33;0;4;2;8;1;A01
201600042387;0;7;0;0;2;8;16;B01
201600042388;1;7;0;0;2;1;1;B01
201600042388;1;7;0;0;2;2;10;A01
201600042389;1;7;0;0;1;1;9;A01
201600042390;0;7;0;0;1;3;0;A01
201600042391;1;2;0;0;2;2;0;A01
201600042391;2;7;0;0;2;0;0;B01
201600042392;1;7;0;0;2;1;1;A01
201600042392;1;10;0;0;2;3;15;B01
201600042393;1;7;0;0;1;3;0;A01
201600042394;1;7;0;0;2;3;1;A01
201600042394;1;7;0;0;2;8;15;B01
201600042395;1;10;0;0;2;1;1;C01
201600042395;1;7;0;0;2;1;11;A01
201600042395;1;7;0;0;2;6;23;B01
201600042396;2;33;0;0;2;2;2;B01
201600042396;2;7;0;0;2;3;10;A01
201600042397;0;7;0;1;0;1;2;A01
201600042397;0;15;0;0;0;6;24;B01
201600042398;0;15;0;0;2;4;22;A01
201600042398;0;13;0;1;0;3;21;B01
201600042399;0;7;0;0;2;2;1;A01
201600042399;0;7;0;0;2;1;9;B01
201600042400;1;32;0;0;2;1;1;A01
201600042400;2;7;0;0;2;1;20;B01
201600042401;1;7;0;0;2;1;1;B01
201600042401;1;7;0;0;2;7;1;A01
201600042402;2;7;0;0;1;3;1;A01
201600042403;0;7;0;0;1;1;0;Z01
201600042404;0;7;0;0;1;8;17;A01
201600042405;1;7;0;0;2;4;23;C01
201600042405;1;7;0;0;2;4;23;B01
201600042405;1;7;0;0;2;1;2;A01
201600042406;0;7;0;0;2;8;15;A01
201600042406;0;7;0;0;2;8;1;B01
201600042407;1;7;0;0;1;8;1;A01
201600042408;0;7;0;0;2;2;15;A01
201600042408;0;1;0;0;2;8;16;B01
201600042409;1;7;0;0;2;1;16;A01
201600042409;1;1;0;0;0;7;19;B01
201600042410;1;7;0;0;2;4;2;A01
201600042410;2;2;0;0;2;5;2;B01
201600042411;0;7;0;0;0;7;1;B01
201600042411;0;10;0;0;0;1;1;A01
201600042412;1;7;0;0;1;2;7;A01
201600042413;0;7;0;0;2;3;1;B01
201600042413;0;7;0;0;2;3;15;A01
201600042414;0;7;0;0;2;0;0;C01
201600042414;0;7;0;0;2;0;0;A01
201600042414;0;7;0;0;2;0;0;B01
201600042415;0;13;0;0;1;5;4;A01
201600042416;0;7;0;0;2;1;5;A01
201600042416;0;10;0;0;2;1;1;B01
201600042417;0;7;0;0;2;1;2;A01
201600042417;0;7;0;0;2;4;2;B01
201600042417;0;7;0;0;2;4;2;C01
201600042418;0;7;0;0;1;1;1;B01
201600042419;0;10;0;0;1;3;15;A01
201600042420;0;7;0;0;1;1;15;A01
201600042421;1;30;0;0;2;1;1;A01
201600042421;0;7;0;0;2;3;16;B01
201600042422;0;7;0;0;2;1;2;A01
201600042422;0;7;0;0;0;4;2;B01
201600042423;0;7;0;0;2;4;1;B01
201600042423;0;7;0;0;0;4;16;C01
201600042423;0;7;0;0;2;1;1;A01
201600042424;0;7;0;0;1;1;1;A01
201600042425;1;37;15;0;1;2;7;A01
201600042426;2;7;0;0;1;1;15;A01
201600042427;2;37;0;0;1;3;1;A01
201600042428;1;7;0;0;2;3;13;A01
201600042428;1;34;0;0;2;2;17;B01
201600042429;1;31;0;0;2;1;1;B01
201600042429;1;7;0;0;2;3;11;A01
201600042430;0;7;0;0;2;7;1;A01
201600042430;0;7;0;0;2;1;9;B01
201600042431;1;7;0;0;1;3;1;A01
201600042432;0;7;0;0;2;1;1;A01
201600042432;0;7;0;0;2;1;1;B01
201600042433;2;7;0;0;2;5;15;B01
201600042433;1;34;0;0;2;1;1;A01
201600042434;0;7;0;0;1;2;16;A01
201600042435;2;10;0;0;2;3;10;A01
201600042435;2;33;0;0;2;2;17;B01
201600042436;1;7;0;0;2;1;2;A01
201600042436;1;7;0;0;2;4;2;B01
201600042437;0;7;0;0;2;1;2;A01
201600042437;0;7;0;0;2;4;1;B01
201600042438;2;7;0;0;1;3;1;A01
201600042439;0;7;0;0;1;3;1;A01
201600042440;1;7;0;0;1;1;1;Z01
201600042441;1;7;0;0;0;0;1;C01
201600042441;1;7;0;0;2;1;23;B01
201600042441;1;7;0;0;2;3;14;A01
201600042441;1;7;0;0;2;4;1;D01
201600042442;2;7;0;0;2;3;15;A01
201600042442;1;33;0;0;2;1;2;B01
201600042443;0;7;0;0;1;2;1;A01
201600042444;1;7;0;0;1;2;0;A01
201600042445;2;33;0;0;2;8;21;B01
201600042445;1;7;0;0;2;2;15;A01
201600042446;1;10;0;0;1;4;4;A01
201600042447;1;7;0;0;1;2;1;A01
201600042448;0;7;0;0;1;1;15;A01
201600042449;0;7;0;0;2;1;0;A01
201600042449;0;7;0;0;2;4;1;C01
201600042449;0;7;0;0;2;4;1;B01
201600042450;0;7;0;0;2;3;0;B01
201600042450;0;7;0;0;2;2;1;A01
201600042451;0;7;0;0;1;3;1;A01
201600042452;1;7;0;0;1;1;1;A01
201600042453;0;7;0;0;2;5;1;A01
201600042453;0;7;0;0;2;1;1;B01
201600042454;1;7;0;0;2;3;1;B01
201600042454;2;34;0;0;2;3;1;A01
201600042455;1;33;0;0;2;1;1;A01
201600042455;2;7;0;0;2;3;9;B01
201600042456;1;7;0;0;1;1;2;A01
201600042457;1;7;0;0;2;3;10;A01
201600042457;1;32;0;0;2;1;1;B01
201600042458;0;33;0;0;2;1;0;B01
201600042458;0;99;0;0;2;3;15;A01
201600042459;2;37;2;0;1;2;1;A01
201600042460;0;7;0;0;2;1;15;B01
201600042460;0;3;0;1;2;4;1;C01
201600042460;0;7;0;12;2;1;5;A01
201600042461;0;34;0;0;2;1;2;A01
201600042461;0;7;0;0;2;4;15;B01
201600042462;0;7;0;0;1;1;1;A01
201600042463;0;7;0;0;2;1;1;B01
201600042463;0;7;0;15;0;5;19;A01
201600042464;0;7;0;0;9;8;1;B01
201600042464;0;7;0;8;2;1;15;A01
201600042465;2;32;0;0;2;1;17;A01
201600042465;2;7;0;0;2;8;15;B01
201600042466;0;2;0;0;2;1;1;A01
201600042466;0;7;0;0;2;7;9;B01
201600042467;0;7;0;9;1;1;6;A01
201600042468;0;7;0;0;0;3;1;B01
201600042468;0;7;0;6;2;1;15;A01
201600042469;0;7;0;0;2;1;0;A01
201600042469;0;7;0;0;2;1;0;B01
201600042470;2;7;0;1;0;2;1;A01
201600042471;0;7;0;0;2;1;1;A01
201600042471;0;7;0;0;2;4;1;B01
201600042472;1;7;0;0;1;2;1;A01
201600042473;2;37;10;0;0;0;1;C01
201600042473;2;34;0;0;2;8;3;B01
201600042473;0;7;0;0;2;8;15;A01
201600042474;0;2;0;0;2;8;11;A01
201600042474;0;7;0;0;2;7;1;B01
201600042475;0;7;0;4;0;1;2;A01
201600042476;1;7;0;0;2;3;1;A01
201600042476;0;7;0;0;2;2;15;B01
201600042477;1;7;0;0;2;3;2;A01
201600042477;2;7;0;0;2;1;15;B01
201600042478;0;34;0;0;2;1;1;A01
201600042478;0;7;0;0;2;3;2;B01
201600042479;1;7;0;0;1;3;2;A01
201600042480;1;7;0;0;1;3;1;A01
201600042481;2;7;0;14;0;1;1;A01
201600042482;2;7;0;0;2;2;1;B01
201600042482;1;7;0;0;2;1;1;A01
201600042483;1;7;0;0;2;1;2;A01
201600042483;1;7;0;0;2;4;1;B01
201600042484;0;7;0;0;1;1;1;A01
201600042485;1;7;0;0;2;4;1;C01
201600042485;1;10;0;0;2;1;1;A01
201600042485;1;7;0;0;2;4;1;B01
201600042486;1;2;0;0;2;8;2;A01
201600042486;0;7;0;0;2;2;16;B01
201600042487;0;7;0;0;1;1;1;Z01
201600042488;0;10;0;0;2;5;15;B01
201600042488;0;7;0;0;2;1;2;A01
201600042489;0;7;0;0;1;1;0;A01
201600042490;1;7;0;0;2;1;1;A01
201600042490;1;7;0;0;2;4;23;C01
201600042490;1;7;0;0;2;1;1;B01
201600042491;1;7;0;0;1;1;1;A01
201600042492;1;7;0;0;2;8;1;B01
201600042492;1;37;1;0;2;2;1;A01
201600042493;0;7;0;0;2;1;1;B01
201600042493;0;7;0;0;2;7;15;A01
201600042494;2;31;0;0;2;1;1;A01
201600042494;2;10;0;0;2;3;15;B01
201600042495;0;7;0;0;2;3;15;B01
201600042495;0;2;0;0;2;8;17;A01
201600042496;0;7;0;0;2;1;2;A01
201600042496;0;30;0;0;2;7;9;B01
201600042497;0;7;0;0;1;1;1;A01
201600042498;1;37;1;0;1;1;1;A01
201600042499;1;34;0;0;1;1;1;A01
201600042500;2;7;0;0;1;1;1;A01
201600042501;1;7;0;0;2;1;2;B01
201600042501;2;7;0;0;2;1;6;A01
201600042501;1;7;0;0;2;1;2;C01
201600042502;1;7;0;0;2;8;1;A01
201600042502;1;31;0;0;2;9;2;B01
201600042503;2;7;0;0;2;3;3;A01
201600042503;2;7;0;0;2;2;1;B01
201600042503;2;7;0;0;2;3;1;Z01