Num_Acc;senc;catv;occutc;obs;obsm;choc;manv;num_veh
201600042504;0;7;0;0;2;7;1;B01
201600042504;0;7;0;0;2;1;1;A01
201600042505;1;31;0;0;2;8;1;B01
201600042505;1;7;0;0;2;7;12;A01
201600042506;1;7;0;14;0;1;1;A01
201600042507;1;7;0;5;0;8;1;A01
201600042508;1;7;0;0;2;2;10;A01
201600042508;2;32;0;0;2;9;1;B01
201600042509;1;7;0;0;2;1;2;A01
201600042509;1;7;0;0;2;4;1;B01
201600042510;0;7;0;0;1;1;2;A01
201600042511;1;34;0;0;2;1;2;B01
201600042511;1;7;0;0;2;2;15;A01
201600042512;0;33;0;0;2;1;17;A01
201600042512;0;7;0;0;2;4;1;B01
201600042513;1;7;0;16;0;9;1;A01
201600042514;2;10;0;0;2;1;1;A01
201600042514;2;7;0;0;2;4;1;B01
201600042515;0;31;0;0;2;1;2;B01
201600042515;0;7;0;0;2;3;9;A01
201600042516;2;33;0;0;2;1;16;A01
201600042516;2;7;0;0;2;6;23;B01
201600042517;0;7;0;3;2;1;9;A01
201600042517;0;7;0;0;2;8;9;B01
201600042518;1;7;0;0;2;5;1;B01
201600042518;1;7;0;0;2;3;2;A01
201600042519;2;7;0;0;2;1;9;A01
201600042519;2;33;0;0;2;7;1;B01
201600042520;2;7;0;0;2;1;1;A01
201600042520;2;2;0;0;2;7;1;B01
201600042521;1;14;0;0;2;1;15;A01
201600042521;1;37;3;0;2;8;1;B01
201600042522;2;33;0;0;2;1;12;A01
201600042522;2;13;0;0;2;6;23;B01
201600042523;0;1;0;0;2;1;2;B01
201600042523;0;7;0;0;2;5;20;A01
201600042524;2;10;0;0;1;1;15;A01
201600042525;2;7;0;0;2;6;1;B01
201600042525;2;7;0;0;2;2;2;A01
201600042526;1;7;0;0;2;1;1;Z01
201600042526;1;7;0;0;2;4;1;A01
201600042527;0;7;0;0;1;3;1;A01
201600042528;1;7;0;0;1;1;1;A01
201600042529;2;7;0;0;1;1;1;A01
201600042530;0;7;0;0;2;1;1;A01
201600042530;0;7;0;0;2;4;1;B01
201600042531;2;7;0;0;1;1;1;A01
201600042532;0;2;0;0;2;9;23;C01
201600042532;0;2;0;0;2;9;23;B01
201600042532;0;7;0;0;2;4;23;D01
201600042532;0;7;0;0;2;1;2;A01
201600042533;1;7;0;0;2;7;12;A01
201600042533;1;34;0;0;2;8;2;B01
201600042534;1;7;0;0;2;8;11;A01
201600042534;1;33;0;0;2;7;2;B01
201600042535;0;7;0;0;0;9;12;A01
201600042536;1;7;0;0;2;6;2;B01
201600042536;1;7;0;0;2;1;2;A01
201600042536;1;7;0;0;2;4;2;D01
201600042536;1;7;0;0;2;4;1;C01
201600042537;1;7;0;15;0;1;1;A01
201600042538;0;7;0;0;1;1;1;A01
201600042539;1;7;0;0;1;0;1;Z01
201600042540;1;7;0;0;2;4;23;A01
201600042540;1;34;0;0;2;1;2;B01
201600042541;0;7;0;0;1;2;15;A01
201600042542;1;7;0;0;1;1;1;A01
201600042543;1;7;0;0;2;4;2;C01
201600042543;1;7;0;0;2;1;2;A01
201600042543;1;7;0;0;2;4;2;B01
201600042544;0;7;0;0;1;1;1;A01
201600042545;0;10;0;0;1;1;1;A01
201600042546;0;7;0;0;1;1;1;A01
201600042547;0;7;0;0;2;1;1;A01
201600042547;0;7;0;0;2;8;9;B01
201600042548;1;7;0;0;2;4;1;B01
201600042548;1;7;0;0;2;1;1;A01
201600042549;0;7;0;0;2;3;1;A01
201600042549;0;7;0;0;2;2;1;B01
201600042550;0;37;0;0;2;3;15;B01
201600042550;0;31;0;0;2;8;15;A01
201600042551;0;7;0;0;0;1;4;A01
201600042552;0;7;0;0;1;1;15;A01
201600042553;0;32;0;0;2;1;1;B01
201600042553;0;7;0;0;2;2;10;A01
201600042554;0;7;0;0;0;6;15;B01
201600042554;0;33;0;0;2;1;17;A01
201600042555;0;7;0;0;0;8;1;A01
201600042555;0;7;0;0;2;1;1;B01
201600042556;0;7;0;0;2;1;1;B01
201600042556;0;7;0;0;2;1;2;A01
201600042557;0;7;0;0;2;1;1;A01
201600042557;0;7;0;0;2;2;1;B01
201600042558;0;7;0;0;0;1;1;A01
201600042559;0;7;0;0;1;4;4;A01
201600042560;0;7;0;0;0;4;1;B01
201600042560;0;7;0;0;2;1;1;A01
201600042561;0;7;0;0;0;9;1;A01
201600042562;0;3;0;0;1;1;2;A01
201600042563;0;7;0;0;1;1;1;A01
201600042564;0;7;0;0;1;1;1;A01
201600042565;0;7;0;5;0;1;1;A01
201600042566;0;30;0;0;2;1;1;B01
201600042566;0;7;0;0;2;7;15;A01
201600042567;0;7;0;0;0;7;10;A01
201600042567;0;2;0;0;2;1;1;B01
201600042568;0;7;0;0;0;2;15;A01
201600042568;0;7;0;0;2;1;1;B01
201600042569;0;7;0;0;1;1;1;A01
201600042570;0;7;0;0;1;1;1;A01
201600042571;2;7;0;4;0;1;1;A01
201600042572;0;7;0;0;1;1;1;A01
201600042573;0;7;0;0;2;8;2;A01
201600042573;0;7;0;0;2;7;9;B01
201600042574;0;31;0;0;2;1;1;B01
201600042574;0;7;0;0;2;1;1;A01
201600042575;2;7;0;0;2;9;11;A01
201600042575;2;7;0;0;2;6;21;B01
201600042576;0;7;0;0;2;1;12;A01
201600042576;0;7;0;0;0;6;1;B01
201600042577;0;7;0;0;0;4;1;B01
201600042577;0;7;0;0;2;1;1;A01
201600042578;1;7;0;0;2;1;11;Z01
201600042578;1;7;0;0;2;4;23;A01
201600042579;0;7;0;0;2;0;2;B01
201600042579;0;33;0;16;2;9;21;A01
201600042580;0;7;0;0;2;5;16;A01
201600042580;0;1;0;0;2;4;1;B01
201600042581;0;7;0;0;1;2;1;A01
201600042582;0;7;0;0;1;1;1;A01
201600042583;0;7;0;0;1;1;1;A01
201600042584;0;7;0;0;1;2;1;A01
201600042585;0;7;0;0;2;1;1;B01
201600042585;0;7;0;0;0;8;15;A01
201600042586;2;10;0;0;2;3;1;B01
201600042586;1;34;0;0;2;9;1;A01
201600042587;1;10;0;0;2;4;23;B01
201600042587;1;30;0;0;2;1;2;A01
201600042588;0;7;0;8;0;3;15;A01
201600042589;0;1;0;0;2;4;1;B01
201600042589;0;7;0;0;2;4;4;A01
201600042590;0;7;0;0;2;1;1;A01
201600042590;0;37;0;0;2;3;2;B01
201600042591;0;7;0;6;0;9;1;A01
201600042592;0;30;0;0;2;1;1;A01
201600042592;0;7;0;0;2;4;23;B01
201600042593;0;30;0;0;0;0;1;A01
201600042594;2;14;0;0;2;1;2;A01
201600042594;2;7;0;0;2;4;1;B01
201600042595;0;1;0;0;2;1;2;A01
201600042595;0;7;0;0;2;1;2;B01
201600042596;0;7;0;14;2;9;1;A01
201600042597;0;7;0;14;0;1;0;A01
201600042598;0;33;0;0;1;1;1;A01
201600042599;0;7;0;0;2;1;17;A01
201600042599;0;7;0;0;2;1;2;B01
201600042600;1;7;0;0;1;1;16;A01
201600042601;0;7;0;0;1;1;2;A01
201600042602;0;10;0;0;2;1;2;A01
201600042602;0;7;0;0;2;4;23;B01
201600042603;0;7;0;0;1;1;2;A01
201600042604;0;7;0;0;1;1;0;A01
201600042605;0;33;0;0;2;7;17;B01
201600042605;0;7;0;0;2;6;13;A01
201600042606;0;1;0;0;2;1;8;A01
201600042606;0;7;0;0;2;2;2;B01
201600042607;0;7;0;0;2;1;9;A01
201600042607;0;31;0;0;2;8;2;B01
201600042608;0;7;0;0;1;1;1;A01
201600042609;0;7;0;0;1;1;1;A01
201600042610;1;15;0;0;1;2;1;A01
201600042611;1;37;35;0;2;1;1;B01
201600042611;1;7;0;0;2;8;10;A01
201600042612;0;7;0;0;0;1;0;A01
201600042613;1;7;0;0;1;2;1;A01
201600042614;2;38;1;0;2;2;17;A01
201600042614;2;7;0;0;2;6;15;B01
201600042615;0;30;0;0;1;1;2;A01
201600042616;2;32;0;0;2;7;1;B01
201600042616;1;7;0;0;2;1;9;A01
201600042617;0;2;0;0;2;4;2;B01
201600042617;0;7;0;0;2;1;2;A01
201600042618;0;7;0;0;2;6;11;A01
201600042618;0;30;0;0;2;1;2;B01
201600042619;0;7;0;0;2;2;13;A01
201600042619;0;7;0;0;2;3;15;B01
201600042620;0;17;0;0;2;3;15;A01
201600042620;0;33;0;0;2;9;1;B01
201600042621;0;7;0;0;1;7;0;A01
201600042622;0;7;0;0;1;1;1;A01
201600042623;0;30;0;0;2;8;2;B01
201600042623;0;7;0;0;2;7;12;A01
201600042624;0;7;0;0;2;6;23;B01
201600042624;0;7;0;0;2;2;2;A01
201600042625;0;7;0;0;2;1;0;A01
201600042625;0;7;0;0;2;1;0;B01
201600042626;2;7;0;0;2;9;23;B01
201600042626;2;7;0;0;2;1;2;A01
201600042626;2;7;0;0;2;4;23;C01
201600042627;0;37;0;0;1;1;2;A01
201600042628;2;7;0;0;2;7;14;Z02
201600042628;2;33;0;0;2;8;11;A01
201600042629;0;7;0;0;2;1;2;A01
201600042629;0;7;0;0;2;4;2;C01
201600042629;0;7;0;0;2;9;2;B01
201600042630;0;34;0;0;1;1;3;A01
201600042631;1;7;0;0;2;1;1;B01
201600042631;1;7;0;0;2;6;20;A01
201600042631;1;7;0;0;2;1;1;C01
201600042632;0;7;0;0;2;4;23;C01
201600042632;0;7;0;0;2;1;2;A01
201600042632;0;7;0;0;2;4;23;B01
201600042633;0;7;0;14;0;1;1;A01
201600042634;0;7;0;0;2;1;2;A01
201600042634;0;7;0;0;2;4;2;B01
201600042635;0;31;0;0;2;8;2;B01
201600042635;0;7;0;0;2;2;2;A01
201600042636;0;10;0;0;2;1;2;A01
201600042636;0;7;0;0;2;4;23;B01
201600042637;0;37;3;0;2;1;2;B01
201600042637;0;7;0;0;2;4;0;A01
201600042638;0;37;15;0;2;0;9;B01
201600042638;0;7;0;0;2;0;9;A01
201600042639;0;7;0;0;2;4;9;B01
201600042639;0;7;0;0;2;1;2;A01
201600042640;0;7;0;0;1;1;2;A01
201600042641;1;7;0;0;2;4;2;B01
201600042641;1;34;0;0;2;1;2;A01
201600042642;0;7;0;0;1;0;0;A01
201600042643;1;13;0;0;2;1;2;A01
201600042643;1;7;0;0;2;4;23;B01
201600042644;0;7;0;0;1;1;2;A01
201600042645;1;7;0;0;2;3;9;A01
201600042645;1;32;0;0;2;1;1;B01
201600042646;0;7;0;0;2;1;2;A01
201600042646;0;33;0;0;2;4;2;B01
201600042647;1;7;0;0;2;4;1;B01
201600042647;1;7;0;0;2;1;2;A01
201600042648;0;7;0;0;2;1;2;A01
201600042648;0;37;0;0;2;8;2;B01
201600042649;0;7;0;0;1;1;2;A01
201600042650;0;7;0;0;1;1;2;A01
201600042651;0;7;0;0;2;9;2;B01
201600042651;0;7;0;0;2;1;2;A01
201600042651;0;7;0;0;2;4;2;C01
201600042652;0;7;0;0;1;1;0;A01
201600042653;1;7;0;0;1;1;1;A01
201600042654;0;7;0;0;1;1;2;A01
201600042655;0;7;0;0;2;3;23;A01
201600042655;0;13;0;0;2;2;15;B01
201600042655;0;13;0;0;2;1;2;C01
201600042656;0;7;0;0;2;1;2;A01
201600042656;0;31;0;0;2;4;2;B01
201600042657;0;7;0;0;1;3;15;A01
201600042658;0;7;0;4;0;1;2;A01
201600042659;0;7;0;0;2;1;1;A01
201600042659;0;7;0;0;2;4;1;B01
201600042660;0;7;0;0;2;3;21;B01
201600042660;0;7;0;0;2;2;16;A01
201600042661;0;7;0;0;1;2;17;A01
201600042662;0;7;0;0;0;3;0;B01
201600042662;0;7;0;0;2;4;20;A01
201600042663;0;7;0;0;1;1;1;A01
201600042664;0;34;0;12;0;1;1;A01
201600042665;0;30;0;0;2;7;1;B01
201600042665;0;7;0;0;2;1;15;A01
201600042666;0;7;0;0;2;4;2;B01
201600042666;0;7;0;0;2;1;2;A01
201600042667;0;7;0;0;2;1;2;A01
201600042667;0;7;0;0;0;4;1;B01
201600042668;1;7;0;0;2;1;2;A01
201600042668;1;7;0;0;2;4;1;B01
201600042669;1;13;0;0;2;6;11;A01
201600042669;1;33;0;0;2;2;11;B01
201600042670;0;32;0;0;2;1;1;A01
201600042670;0;10;0;0;2;8;9;B01
201600042671;0;34;0;0;2;1;9;A01
201600042671;0;7;0;0;2;8;1;B01
201600042672;1;7;0;0;2;1;2;A01
201600042672;1;7;0;0;2;4;23;B01
201600042673;0;14;0;0;2;1;7;A01
201600042673;0;7;0;0;0;3;9;B01
201600042674;0;13;0;10;0;1;1;A01
201600042675;0;7;0;0;2;4;1;B01
201600042675;0;7;0;0;2;1;1;A01
201600042676;0;7;0;0;2;7;2;B01
201600042676;0;1;0;0;2;1;19;A01
201600042677;0;7;0;0;2;4;2;B01
201600042677;0;2;0;0;2;1;2;A01
201600042678;0;7;0;1;0;1;2;B01
201600042678;0;33;0;0;2;4;2;A01
201600042679;0;7;0;5;0;9;1;A01
201600042680;0;37;1;0;1;5;1;A01
201600042681;0;7;0;0;2;3;1;B01
201600042681;0;7;0;0;2;2;9;A01
201600042682;0;7;0;0;2;1;13;A01
201600042682;0;7;0;0;2;1;2;B01
201600042683;0;7;0;0;1;1;2;A01
201600042684;0;7;0;0;1;2;1;A01
201600042685;0;7;0;0;1;1;1;A01
201600042686;0;7;0;0;0;9;1;A01
201600042687;0;7;0;0;2;6;1;B01
201600042687;0;30;0;0;2;1;1;A01
201600042688;0;7;0;0;1;4;2;A01
201600042688;0;7;0;0;2;1;1;B01
201600042689;0;7;0;0;1;1;2;A01
201600042690;0;7;0;15;2;9;17;A01
201600042690;0;7;0;0;2;3;2;B01
201600042691;0;7;0;0;2;3;16;B01
201600042691;0;7;0;0;2;1;1;A01
201600042692;1;7;0;0;1;3;1;A01
201600042693;0;7;0;0;2;1;1;Z01
201600042693;0;2;0;0;2;4;1;B01
201600042694;1;32;0;0;2;7;21;A01
201600042694;1;7;0;0;2;3;1;B01
201600042695;1;10;0;0;2;1;1;B01
201600042695;0;31;0;0;2;1;1;Z01
201600042696;0;34;0;0;1;1;1;Z01
201600042697;0;33;0;0;2;7;17;B01
201600042697;0;7;0;14;2;3;15;A01
201600042698;1;7;0;0;2;1;15;B01
201600042698;1;30;0;0;1;7;21;A01
201600042699;0;1;0;0;2;1;1;B01
201600042699;0;7;0;0;2;8;1;A01
201600042700;2;7;0;0;1;7;1;A01
201600042701;1;33;0;1;0;0;1;A01
201600042702;0;7;0;0;1;2;1;A01
201600042703;0;7;0;0;2;3;1;B01
201600042703;0;2;0;0;2;1;15;A01
201600042704;1;33;0;0;1;8;3;A01
201600042704;1;7;0;0;2;4;1;B01
201600042705;0;7;0;0;2;1;1;Z01
201600042705;0;2;0;12;2;9;11;A01
201600042706;0;7;0;0;2;3;1;A01
201600042706;0;7;0;0;2;1;1;B01
201600042707;0;7;0;0;2;3;15;A01
201600042707;0;33;0;0;2;2;17;B01
201600042708;1;7;0;0;2;3;17;B01
201600042708;1;33;0;0;2;7;17;A01
201600042709;1;7;0;0;2;1;15;A01
201600042709;2;33;0;0;2;8;1;B01
201600042710;1;14;0;0;2;8;10;A01
201600042710;2;7;0;0;2;2;1;B01
201600042711;1;7;0;0;2;3;1;A01
201600042711;1;7;0;0;2;1;1;B01
201600042712;1;2;0;0;2;6;9;A01
201600042712;1;7;0;0;2;1;1;B01
201600042713;1;7;0;0;2;4;23;B01
201600042713;1;7;0;14;2;1;2;A01
201600042714;2;34;0;0;1;3;1;A01
201600042715;2;1;0;0;2;8;1;B01
201600042715;2;14;0;0;2;7;1;A01
201600042716;2;7;0;0;1;7;1;A01
201600042717;1;7;0;0;1;3;1;A01
201600042718;0;7;0;0;2;8;2;B01
201600042718;0;7;0;0;2;1;19;A01
201600042719;2;33;0;8;0;1;1;A01
201600042720;2;7;0;1;0;2;1;A01
201600042721;0;7;0;0;1;1;1;A01
201600042722;0;37;0;0;9;7;2;A01
201600042722;0;1;0;0;0;3;0;B01
201600042723;1;7;0;0;1;2;16;A01
201600042724;0;1;0;0;0;8;13;A01
201600042724;0;30;0;0;0;7;1;B01
201600042725;1;33;0;1;0;1;1;A01
201600042726;2;7;0;0;2;3;15;A01
201600042726;2;31;0;0;2;2;17;B01
201600042727;0;1;0;0;1;1;0;A01
201600042728;0;7;0;0;1;1;1;A01
201600042729;0;7;0;0;9;5;15;A01
201600042729;0;1;0;0;2;3;1;B01
201600042730;0;37;0;14;9;3;1;A01
201600042731;0;7;0;0;2;1;15;A01
201600042731;0;33;0;0;2;1;1;B01
201600042732;0;14;0;0;9;7;17;A01
201600042732;0;1;0;0;0;0;0;B01
201600042733;0;2;0;0;2;1;13;B01
201600042733;0;7;0;0;0;5;11;A01
201600042734;0;7;0;0;2;7;15;A01
201600042734;0;33;0;0;2;1;1;B01
201600042735;0;7;0;0;1;1;1;A01
201600042736;0;10;0;6;0;3;1;A01
201600042737;1;7;0;1;0;9;2;A01
201600042738;0;7;0;0;2;5;15;A01
201600042738;0;34;0;0;2;8;1;B01
201600042739;0;32;0;0;1;1;0;A01
201600042740;2;33;0;0;2;1;1;B01
201600042740;2;7;0;0;2;3;10;A01
201600042741;0;10;0;0;2;4;2;B01
201600042741;0;7;0;0;2;1;2;A01
201600042742;0;7;0;0;1;1;1;A01
201600042743;0;99;0;0;2;2;2;B01
201600042743;0;7;0;8;2;3;2;A01
201600042744;0;7;0;0;2;2;2;B01
201600042744;0;2;0;0;2;1;0;A01
201600042745;1;7;0;0;1;3;2;A01
201600042746;0;7;0;0;0;1;1;B01
201600042746;0;10;0;0;0;4;23;A01
201600042747;0;7;0;0;1;7;1;A01
201600042748;2;7;0;0;1;1;0;A01
201600042749;2;7;0;0;2;4;23;A01
201600042749;2;7;0;0;2;1;1;B01
201600042750;2;7;0;14;2;1;2;A01
201600042750;2;7;0;0;2;4;23;B01
201600042751;2;7;0;0;2;1;1;A01
201600042751;2;7;0;0;2;4;4;B01
201600042752;1;30;0;12;9;3;6;A01
201600042753;0;7;0;0;1;1;1;A01
201600042754;1;7;0;0;2;1;1;A01
201600042754;2;7;0;0;2;1;1;B01
201600042755;1;7;0;0;2;1;1;A01
201600042755;1;7;0;0;2;8;1;B01
201600042756;1;34;0;1;2;1;1;A01
201600042756;1;7;0;0;2;4;23;B01
201600042757;0;10;0;0;1;3;1;A01
201600042758;1;7;0;0;1;3;1;A01
201600042759;1;30;0;1;2;1;1;B01
201600042759;1;7;0;0;2;3;24;A01
201600042760;1;7;0;0;1;2;1;A01
201600042761;1;32;0;0;2;3;15;A01
201600042761;2;34;0;0;2;2;1;B01
201600042762;0;34;0;0;1;1;1;A01
201600042763;1;33;0;16;0;1;1;A01
201600042764;1;7;0;0;1;3;15;A01
201600042765;0;10;0;0;1;1;1;A01
201600042766;1;7;0;0;2;5;1;A01
201600042766;1;7;0;0;2;2;15;B01
201600042767;1;2;0;0;2;1;1;B01
201600042767;1;7;0;0;2;8;9;A01
201600042768;1;7;0;0;2;3;1;B01
201600042768;2;7;0;0;2;1;15;A01
201600042769;1;1;0;0;1;1;1;Z01
201600042770;1;7;0;1;2;4;2;B01
201600042770;1;7;0;15;2;1;2;A01
201600042771;0;7;0;0;1;1;1;A01
201600042772;2;10;0;0;1;7;1;A01
201600042773;2;33;0;0;2;1;2;B01
201600042773;1;7;0;0;2;7;15;A01
201600042774;2;37;25;0;1;1;1;A01
201600042775;2;2;0;0;2;1;1;B01
201600042775;2;7;0;0;2;6;9;A01
201600042776;2;7;0;0;2;3;1;B01
201600042776;2;30;0;0;2;1;11;A01
201600042777;1;33;0;0;1;7;17;A01
201600042778;1;30;0;8;2;6;1;A01
201600042778;2;7;0;0;2;1;1;B01
201600042779;0;7;0;0;1;1;1;A01
201600042780;1;7;0;0;2;4;2;C01
201600042780;1;7;0;0;2;9;2;B01
201600042780;1;7;0;0;2;1;2;A01
201600042781;1;7;0;0;1;3;1;A01
201600042782;1;2;0;0;1;1;1;A01
201600042783;2;7;0;0;1;1;17;A01
201600042784;1;7;0;0;1;1;1;A01
201600042785;1;7;0;0;2;2;10;A01
201600042785;2;33;0;0;2;1;2;B01
201600042786;1;7;0;0;2;2;5;A01
201600042786;2;7;0;0;2;3;15;B01
201600042787;1;7;0;0;2;8;11;A01
201600042787;1;34;0;0;2;7;2;B01
201600042788;2;7;0;0;1;3;16;A01
201600042789;1;7;0;0;2;8;9;A01
201600042789;1;33;0;0;2;7;1;B01
201600042790;1;33;0;9;0;9;1;A01
201600042791;1;7;0;0;1;1;1;A01
201600042792;2;32;0;0;2;6;2;B01
201600042792;2;30;0;0;2;3;1;Z01
201600042793;1;7;0;11;0;2;2;A01
201600042794;1;7;0;0;2;2;15;A01
201600042794;2;31;0;0;2;1;1;B01
201600042795;0;7;0;0;2;2;1;A01
201600042795;0;7;0;1;2;3;1;B01
201600042796;1;10;0;0;2;2;1;A01
201600042796;1;7;0;0;2;4;2;B01
201600042797;1;33;0;16;0;8;2;A01
201600042798;0;7;0;0;1;2;9;A01
201600042799;2;3;0;0;2;3;13;A01
201600042799;1;37;2;0;2;3;1;B01
201600042800;2;38;2;0;2;3;5;A01
201600042800;0;1;0;0;2;2;15;B01
201600042801;1;7;0;0;1;1;1;A01
201600042802;1;7;0;0;2;3;9;A01
201600042802;1;2;0;0;2;2;1;B01
201600042803;1;7;0;0;2;3;11;A01
201600042803;1;30;0;0;2;7;2;B01
201600042804;1;32;0;0;1;1;1;A01
201600042805;2;33;0;0;2;3;1;B01
201600042805;2;2;0;0;2;7;1;A01
201600042806;0;7;0;0;2;1;2;A01
201600042806;0;7;0;0;2;4;1;B01
201600042807;2;7;0;0;2;3;1;B01
201600042807;1;7;0;0;2;2;10;A01
201600042808;2;34;0;0;2;1;17;B01
201600042808;1;10;0;0;2;3;10;A01
201600042809;2;7;0;0;2;1;1;A01
201600042809;1;7;0;8;2;8;1;B01
201600042810;0;7;0;0;2;1;2;A01
201600042810;0;7;0;0;2;4;2;B01
201600042811;1;7;0;0;1;1;1;Z01
201600042812;1;7;0;0;2;2;10;A01
201600042812;2;32;0;0;2;1;1;B01
201600042813;2;7;0;0;2;4;2;C01
201600042813;2;7;0;0;2;4;2;B01
201600042813;2;7;0;1;2;1;2;A01
201600042814;2;7;0;0;2;7;15;A01
201600042814;1;7;0;0;2;1;1;B01
201600042814;2;7;0;0;2;1;1;C01
201600042815;1;2;0;0;2;1;16;A01
201600042815;1;7;0;0;2;7;1;B01
201600042816;0;7;0;0;1;1;1;Z01
201600042817;1;7;0;0;2;7;1;B01
201600042817;1;32;0;8;2;8;18;A01
201600042818;2;10;0;0;2;3;15;B01
201600042818;2;2;0;0;2;1;1;A01
201600042819;1;7;0;0;2;1;2;A01
201600042819;1;7;0;0;2;4;1;B01
201600042820;2;7;0;0;2;3;13;A01
201600042820;1;7;0;0;2;3;1;B01
201600042821;2;34;0;0;2;3;1;B01
201600042821;1;7;0;0;2;2;15;A01
201600042822;2;7;0;0;1;1;1;A01
201600042823;1;7;0;0;2;1;9;A01
201600042823;1;33;0;0;2;8;1;B01
201600042824;0;7;0;0;1;1;15;Z01
201600042825;2;33;0;0;2;1;2;B01
201600042825;1;7;0;0;2;8;2;A01
201600042826;2;7;0;0;1;1;1;A01
201600042827;2;7;0;0;2;8;1;B01
201600042827;1;34;0;0;2;1;1;A01
201600042828;1;1;0;0;2;8;1;B01
201600042828;2;7;0;0;2;2;15;A01
201600042829;1;33;0;0;2;1;1;B01
201600042829;2;7;0;0;2;2;15;A01
201600042830;2;34;0;0;2;2;15;B01
201600042830;2;7;0;0;2;2;15;A01
201600042831;0;7;0;0;2;3;15;A01
201600042831;0;2;0;0;2;8;1;B01
201600042832;2;32;0;0;2;8;1;B01
201600042832;1;7;0;0;2;4;4;A01
201600042833;0;30;0;0;0;3;21;A01
201600042833;0;7;0;0;0;2;15;B01
201600042834;0;1;0;0;0;3;1;B01
201600042834;0;7;0;0;0;2;1;A01
201600042835;1;7;0;0;2;2;0;A01
201600042835;1;7;0;0;2;3;0;B01
201600042836;0;2;0;0;1;0;0;A01
201600042837;0;7;0;0;2;2;10;A01
201600042837;0;33;0;0;2;1;1;B01
201600042838;2;7;0;0;1;1;1;A01
201600042839;0;7;0;0;2;1;2;A01
201600042840;0;2;0;1;0;1;1;A01
201600042841;0;7;0;0;2;5;15;A01
201600042841;0;2;0;0;2;2;1;B01
201600042842;1;7;0;0;1;2;1;A01
201600042843;0;31;0;0;2;0;0;A01
201600042843;0;7;0;0;2;1;1;Z01
201600042844;0;7;0;0;2;1;0;A01
201600042844;0;30;0;0;2;1;0;B01
201600042845;0;7;0;0;9;2;0;A01
201600042845;0;1;0;0;2;1;9;B01
201600042846;0;31;0;0;2;1;1;B01
201600042846;0;7;0;0;2;5;15;A01
201600042847;0;10;0;0;1;7;2;A01
201600042848;0;33;0;0;2;2;5;A01
201600042848;0;7;0;0;2;2;15;B01
201600042849;0;7;0;0;2;3;1;B01
201600042849;0;7;0;0;2;2;15;A01
201600042850;0;7;0;0;1;1;17;A01
201600042851;1;7;0;0;2;3;22;A01
201600042851;1;32;0;1;2;7;2;B01
201600042852;1;7;0;0;1;1;1;A01
201600042853;0;7;0;0;2;1;1;B01
201600042853;0;7;0;0;0;2;15;A01
201600042854;0;2;0;0;2;1;1;B01
201600042854;0;7;0;0;2;8;4;A01
201600042855;2;7;0;1;1;3;1;A01
201600042856;0;7;0;0;2;7;1;B01
201600042856;1;37;1;0;2;1;9;A01
201600042857;0;7;0;0;2;2;9;A01
201600042857;0;1;0;1;2;1;19;B01
201600042858;0;34;0;0;0;0;0;A01
201600042859;2;33;0;0;0;0;1;A01
201600042860;0;33;0;0;2;1;1;B01
201600042860;0;7;0;0;2;1;15;A01
201600042861;0;2;0;0;2;1;0;A01
201600042861;0;7;0;0;2;7;0;B01
201600042862;0;7;0;0;2;1;0;A01
201600042862;0;14;0;0;2;0;0;B01
201600042863;2;7;0;1;2;1;5;Z01
201600042863;1;7;0;9;2;1;9;B01
201600042864;2;7;0;0;1;7;0;A01
201600042865;0;7;0;0;2;1;9;A01
201600042865;0;7;0;0;2;6;2;B01
201600042866;0;34;0;0;0;8;15;A01
201600042867;1;7;0;0;1;2;1;A01
201600042868;0;31;0;0;2;1;9;A01
201600042868;0;7;0;0;0;3;15;B01
201600042869;0;7;0;2;0;3;1;A01
201600042870;0;7;0;0;1;2;1;A01
201600042871;0;33;0;0;2;1;0;A01
201600042871;0;20;0;0;2;1;0;B01
201600042872;2;7;0;0;1;2;1;Z01
201600042873;0;1;0;0;2;5;1;A01
201600042873;0;7;0;0;9;5;0;B01
201600042874;0;7;0;0;2;2;1;B01
201600042874;0;34;0;0;2;1;0;A01
201600042875;1;7;0;0;1;1;1;A01
201600042876;0;2;0;0;0;1;2;A01
201600042877;0;7;0;0;2;8;15;B01
201600042877;0;30;0;0;2;1;17;Z01
201600042878;0;10;0;0;1;3;15;A01
201600042879;1;7;0;0;2;4;24;D01
201600042879;1;7;0;1;0;1;1;A01
201600042880;0;7;0;0;0;2;15;B01
201600042880;0;30;0;0;0;1;0;A01
201600042881;1;2;0;0;2;1;0;A01
201600042881;2;7;0;0;2;2;1;B01
201600042882;0;7;0;0;1;1;1;A01
201600042883;0;7;0;0;2;2;1;A01
201600042883;0;7;0;0;2;3;1;Z01
201600042884;0;30;0;0;2;4;2;B01
201600042884;0;34;0;0;2;1;2;A01
201600042885;2;32;0;0;1;1;1;A01
201600042886;0;7;0;0;2;2;9;B01
201600042886;0;33;0;0;2;2;3;A01
201600042887;2;37;0;0;1;2;1;A01
201600042888;0;7;0;1;0;2;0;A01
201600042889;0;7;0;0;2;1;1;A01
201600042889;0;7;0;0;2;6;1;B01
201600042890;0;7;0;0;1;2;0;Z01
201600042891;0;7;0;0;0;2;0;B01
201600042891;0;7;0;0;0;1;0;A01
201600042892;0;33;0;0;1;1;1;A01
201600042893;1;2;0;4;0;8;1;A01