Num_Acc;senc;catv;occutc;obs;obsm;choc;manv;num_veh
201600042894;0;32;0;0;1;0;0;A01
201600042895;0;7;0;0;1;1;15;A01
201600042896;0;7;0;0;2;2;0;A01
201600042896;0;7;0;0;2;1;0;B01
201600042897;0;2;0;0;2;1;17;A01
201600042897;0;7;0;0;2;3;15;B01
201600042898;0;2;0;0;0;8;1;A01
201600042899;1;30;0;0;0;7;0;A01
201600042900;1;30;0;0;0;7;0;A01
201600042901;2;1;0;0;2;8;11;B01
201600042901;2;7;0;0;2;1;1;A01
201600042902;0;7;0;1;2;2;0;C01
201600042902;0;1;0;0;2;1;1;B01
201600042902;0;7;0;0;2;8;1;A01
201600042903;0;10;0;0;1;4;4;A01
201600042904;2;7;0;0;2;1;1;A01
201600042904;2;7;0;0;2;4;1;B01
201600042905;0;7;0;0;1;3;0;A01
201600042906;2;30;0;0;0;3;0;A01
201600042907;0;7;0;0;1;1;9;A01
201600042908;2;31;0;0;0;8;1;A01
201600042909;0;7;0;0;0;3;0;B01
201600042909;0;7;0;0;0;1;0;A01
201600042910;1;7;0;0;1;2;1;A01
201600042911;0;32;0;3;0;1;1;A01
201600042912;0;7;0;0;1;3;1;A01
201600042913;1;10;0;8;0;1;21;A01
201600042914;0;30;0;1;2;3;17;A01
201600042914;0;7;0;0;0;3;0;B01
201600042915;0;7;0;0;1;0;1;A01
201600042916;0;7;0;0;1;2;0;A01
201600042917;0;7;0;0;1;3;2;A01
201600042918;0;7;0;0;2;2;1;B01
201600042918;0;7;0;0;2;5;15;A01
201600042919;0;7;0;1;0;1;12;A01
201600042919;0;7;0;0;0;4;24;B01
201600042920;0;32;0;0;0;0;3;A01
201600042921;0;7;0;0;1;2;1;A01
201600042922;0;33;0;0;2;1;1;B01
201600042922;0;10;0;0;2;1;15;Z01
201600042923;0;34;0;0;0;3;2;A01
201600042923;0;7;0;0;0;6;2;B01
201600042924;0;7;0;0;1;2;0;A01
201600042925;1;7;0;0;1;2;2;A01
201600042926;2;31;0;0;2;1;2;A01
201600042926;1;7;0;0;2;2;15;B01
201600042927;0;7;0;0;1;2;9;A01
201600042928;2;33;0;0;2;4;0;B01
201600042928;1;7;0;0;2;3;0;A01
201600042929;0;7;0;0;2;3;15;A01
201600042929;0;7;0;0;2;1;1;B01
201600042930;0;7;0;0;1;1;2;Z01
201600042931;0;7;0;0;1;2;15;B01
201600042931;0;7;0;0;2;1;1;Z01
201600042932;0;7;0;0;1;7;16;A01
201600042933;0;7;0;0;0;1;2;A01
201600042933;0;7;0;0;0;4;2;B01
201600042934;0;2;0;0;0;0;16;A01
201600042934;0;7;0;0;2;1;1;Z01
201600042935;0;7;0;0;1;2;0;A01
201600042936;0;7;0;0;2;3;2;A01
201600042936;0;30;0;0;2;2;2;B01
201600042937;0;7;0;0;1;1;1;A01
201600042938;0;7;0;1;2;3;1;B01
201600042938;0;7;0;0;2;0;1;A01
201600042939;0;7;0;0;1;2;2;Z01
201600042940;0;7;0;15;2;0;1;A01
201600042941;1;34;0;0;2;1;1;B01
201600042941;2;10;0;0;2;2;15;A01
201600042942;0;7;0;0;0;4;15;B01
201600042942;0;7;0;0;2;1;1;A01
201600042943;2;34;0;0;0;1;1;A01
201600042944;0;34;0;0;2;1;1;B01
201600042944;0;7;0;0;2;2;10;A01
201600042945;0;10;0;0;1;1;15;A01
201600042946;0;7;0;0;2;1;2;A01
201600042946;0;2;0;0;2;4;1;B01
201600042947;2;37;1;0;1;2;1;A01
201600042948;1;33;0;0;0;1;19;B01
201600042948;1;7;0;0;0;7;19;A01
201600042949;0;7;0;0;2;1;9;A01
201600042949;0;7;0;0;2;7;9;B01
201600042950;1;7;0;4;0;3;1;A01
201600042951;1;7;0;0;1;6;15;A01
201600042952;2;2;0;1;0;1;2;A01
201600042953;0;7;0;0;1;2;1;A01
201600042954;0;7;0;0;2;1;2;A01
201600042954;0;7;0;0;2;4;2;B01
201600042955;2;7;0;4;2;1;21;A01
201600042955;2;7;0;4;2;4;1;B01
201600042956;0;3;0;0;1;1;1;A01
201600042957;1;7;0;1;0;2;1;A01
201600042958;0;13;0;0;2;6;1;A01
201600042958;0;20;0;0;2;1;23;B01
201600042959;0;7;0;0;1;1;16;A01
201600042960;1;7;0;0;1;1;2;A01
201600042961;1;7;0;0;1;1;1;A01
201600042962;1;30;0;0;2;2;15;A01
201600042962;1;7;0;0;2;8;17;B01
201600042963;0;7;0;0;1;2;1;A01
201600042964;2;7;0;0;2;5;2;B01
201600042964;1;37;1;0;2;3;15;A01
201600042965;2;7;0;16;0;1;1;A01
201600042966;0;7;0;4;0;1;1;A01
201600042967;2;7;0;0;2;3;9;A01
201600042967;2;33;0;0;2;1;1;B01
201600042968;1;7;0;0;1;7;1;A01
201600042969;2;7;0;0;2;7;9;B01
201600042969;1;31;0;0;2;1;1;A01
201600042970;0;7;0;0;2;8;1;B01
201600042970;0;10;0;0;2;1;1;A01
201600042971;0;7;0;1;1;1;1;A01
201600042972;2;37;80;0;2;2;1;B01
201600042972;1;7;0;0;2;6;15;A01
201600042973;2;2;0;0;2;4;11;A01
201600042973;2;7;0;0;2;3;1;B01
201600042974;0;7;0;1;2;8;1;B01
201600042974;0;10;0;0;2;2;15;A01
201600042975;0;10;0;0;1;3;2;A01
201600042976;2;7;0;11;0;1;1;A01
201600042977;1;7;0;0;1;4;1;A01
201600042978;0;7;0;0;2;3;1;A01
201600042978;0;7;0;0;2;3;15;B01
201600042979;2;31;0;0;2;8;2;B01
201600042979;1;7;0;0;2;3;15;A01
201600042980;0;7;0;0;1;4;20;A01
201600042981;0;32;0;0;2;1;1;B01
201600042981;0;7;0;0;2;2;1;A01
201600042982;1;7;0;2;0;3;13;A01
201600042983;0;7;0;0;1;6;4;A01
201600042984;0;7;0;0;2;4;20;A01
201600042984;0;34;0;0;2;1;2;B01
201600042985;0;7;0;0;2;3;15;A01
201600042985;0;33;0;0;2;7;2;B01
201600042986;2;7;0;0;1;1;1;A01
201600042987;1;7;0;9;0;3;1;A01
201600042988;0;34;0;0;2;8;19;A01
201600042988;0;7;0;0;2;2;19;B01
201600042989;2;14;0;0;4;5;1;A01
201600042989;0;40;0;0;2;1;1;B01
201600042990;2;10;0;0;2;5;16;B01
201600042990;2;34;0;0;2;1;18;A01
201600042991;0;7;0;0;1;4;4;A01
201600042992;0;37;20;0;1;2;1;A01
201600042993;1;2;0;0;2;1;1;A01
201600042993;0;7;0;0;2;1;15;B01
201600042994;1;13;0;0;2;1;1;A01
201600042994;1;7;0;0;2;4;2;B01
201600042995;0;2;0;0;2;2;17;A01
201600042995;0;7;0;0;2;8;10;B01
201600042996;1;7;0;0;0;2;1;A01
201600042996;2;7;0;0;0;1;1;B01
201600042997;0;10;0;0;2;2;15;A01
201600042997;0;7;0;0;2;6;23;B01
201600042998;1;33;0;0;2;2;1;A01
201600042998;1;7;0;0;2;6;9;B01
201600042999;2;7;0;8;0;2;1;A01
201600043000;1;7;0;0;2;1;15;A01
201600043000;1;7;0;0;2;8;1;B01
201600043001;2;7;0;0;2;1;1;A01
201600043001;1;7;0;0;2;4;23;B01
201600043002;0;7;0;0;1;4;4;A01
201600043003;1;7;0;0;2;4;2;B01
201600043003;1;7;0;0;2;1;2;A01
201600043004;0;7;0;0;1;1;1;A01
201600043005;2;33;0;0;2;1;1;B01
201600043005;1;7;0;0;2;2;10;A01
201600043006;1;7;0;9;0;1;1;A01
201600043007;2;7;0;0;2;4;23;B01
201600043007;2;7;0;0;2;4;23;C01
201600043007;2;33;0;0;2;6;23;D01
201600043007;2;7;0;0;2;1;1;A01
201600043008;0;7;0;0;1;1;1;A01
201600043009;0;15;0;0;1;1;15;A01
201600043010;1;7;0;0;2;6;12;B01
201600043010;1;7;0;0;2;2;1;A01
201600043011;0;7;0;0;1;1;1;A01
201600043012;1;33;0;0;2;1;1;B01
201600043012;1;7;0;0;2;1;5;A01
201600043013;1;7;0;0;1;1;1;A01
201600043014;2;7;0;0;2;7;10;A01
201600043014;1;33;0;0;2;1;1;B01
201600043015;2;7;0;0;2;2;1;A01
201600043015;1;7;0;0;2;1;1;B01
201600043016;1;7;0;0;2;2;10;A01
201600043016;2;7;0;0;2;8;1;B01
201600043017;0;34;0;0;0;7;1;A01
201600043018;1;10;0;0;1;4;4;A01
201600043019;1;2;0;0;2;1;1;A01
201600043019;1;7;0;0;2;2;16;B01
201600043020;1;7;0;1;0;4;1;A01
201600043021;1;7;0;0;2;4;23;E01
201600043021;1;7;0;0;2;9;23;C01
201600043021;1;33;0;0;2;6;11;B01
201600043021;1;7;0;0;2;1;2;A01
201600043021;1;7;0;0;2;9;23;D01
201600043022;2;7;0;0;2;2;15;A01
201600043022;1;7;0;0;2;3;16;B01
201600043023;1;33;0;0;2;1;1;A01
201600043023;1;7;0;0;2;6;24;B01
201600043024;2;2;0;0;2;1;2;B01
201600043024;1;7;0;0;2;8;15;A01
201600043025;0;7;0;0;2;1;15;A01
201600043025;0;7;0;0;2;3;2;B01
201600043026;2;7;0;0;1;7;16;A01
201600043027;0;10;0;0;0;2;15;A01
201600043027;0;33;0;0;0;8;3;B01
201600043028;1;7;0;0;2;5;19;A01
201600043028;0;33;0;0;2;1;19;B01
201600043029;1;7;0;9;0;1;21;B01
201600043029;2;10;0;0;0;0;15;A01
201600043030;0;99;0;0;1;1;5;A01
201600043031;0;7;0;0;1;2;1;A01
201600043032;0;7;0;2;1;1;2;A01
201600043033;0;7;0;0;2;3;0;A01
201600043033;0;7;0;0;2;3;0;B01
201600043033;0;7;0;0;2;1;0;C01
201600043034;2;7;0;0;1;2;1;A01
201600043035;1;7;0;0;2;1;2;A01
201600043035;1;7;0;0;2;4;1;B01
201600043036;0;10;0;0;0;3;9;A01
201600043036;0;1;0;0;2;1;0;B01
201600043037;0;7;0;0;0;6;2;B01
201600043037;0;7;0;0;0;2;2;C01
201600043037;0;30;0;0;2;1;2;A01
201600043038;1;37;1;0;2;3;2;B01
201600043038;2;2;0;0;2;1;2;A01
201600043039;1;7;0;0;2;1;2;A01
201600043039;1;7;0;0;2;9;23;B01
201600043039;1;7;0;0;2;4;23;C01
201600043040;0;7;0;0;0;4;15;A01
201600043040;0;37;0;0;0;1;9;B01
201600043041;0;7;0;0;2;1;1;B01
201600043041;0;2;0;0;2;1;15;A01
201600043042;0;33;0;0;1;3;19;A01
201600043043;0;7;0;0;2;2;15;A01
201600043043;0;7;0;0;2;3;1;B01
201600043044;0;10;0;0;2;2;16;A01
201600043044;0;99;0;0;2;2;2;B01
201600043045;2;7;0;0;2;4;1;C01
201600043045;2;7;0;0;2;9;2;B01
201600043045;2;7;0;0;2;1;2;A01
201600043046;0;7;0;0;2;2;16;A01
201600043046;0;7;0;0;0;4;15;B01
201600043047;1;7;0;0;2;2;12;A01
201600043047;1;33;0;0;2;3;3;B01
201600043047;1;7;0;0;2;6;1;C01
201600043048;1;7;0;0;2;1;15;B01
201600043048;2;30;0;0;2;1;17;A01
201600043049;2;7;0;0;2;1;0;B01
201600043049;2;7;0;0;2;6;0;A01
201600043050;0;17;0;0;2;1;23;C01
201600043050;0;14;0;0;2;1;7;A01
201600043050;0;7;0;0;2;8;10;B01
201600043051;0;33;0;0;1;2;0;A01
201600043052;0;7;0;0;2;3;21;A01
201600043052;0;7;0;0;2;3;0;B01
201600043053;0;7;0;0;0;4;4;A01
201600043053;0;7;0;0;0;1;23;B01
201600043054;1;7;0;0;1;3;1;A01
201600043055;0;7;0;1;1;2;2;A01
201600043056;0;14;0;0;2;3;2;A01
201600043056;0;7;0;0;0;5;2;B01
201600043057;0;7;0;0;2;2;15;A01
201600043057;0;14;0;0;2;8;15;B01
201600043058;0;7;0;9;0;1;0;A01
201600043059;0;7;0;1;1;7;0;A01
201600043059;0;7;0;0;0;8;23;B01
201600043060;1;1;0;0;2;8;19;B01
201600043060;1;7;0;0;2;2;0;A01
201600043061;0;7;0;0;0;4;2;B01
201600043061;0;7;0;0;2;1;2;A01
201600043062;1;7;0;0;2;0;2;A01
201600043062;1;33;0;0;2;0;2;B01
201600043063;0;7;0;0;2;3;9;A01
201600043063;0;32;0;0;0;5;2;B01
201600043064;1;7;0;0;2;8;1;B01
201600043064;2;7;0;0;2;3;15;A01
201600043065;2;7;0;0;2;3;1;B01
201600043065;2;7;0;0;2;2;12;Z01
201600043066;0;2;0;15;0;0;1;A01
201600043067;0;7;0;12;0;7;1;A01
201600043068;1;2;0;0;2;0;0;A01
201600043068;0;3;0;0;2;1;2;B01
201600043069;0;7;0;0;1;1;1;A01
201600043070;0;7;0;0;2;1;0;B01
201600043070;0;7;0;0;2;3;0;A01
201600043071;0;7;0;0;0;6;1;A01
201600043071;0;7;0;0;2;1;1;B01
201600043072;1;7;0;0;2;2;15;A01
201600043072;2;32;0;0;2;3;1;B01
201600043073;0;7;0;0;0;7;15;A01
201600043073;0;34;0;0;2;1;1;B01
201600043074;2;2;0;0;2;1;1;A01
201600043074;2;7;0;0;2;3;1;B01
201600043075;2;7;0;0;2;1;1;A01
201600043075;2;7;0;0;2;4;1;B01
201600043076;2;7;0;0;2;6;2;A01
201600043076;1;7;0;0;2;2;2;B01
201600043077;0;7;0;0;1;1;1;A01
201600043078;2;7;0;0;2;1;1;A01
201600043078;2;7;0;0;2;1;1;B01
201600043079;2;7;0;0;2;3;1;A01
201600043079;2;7;0;0;2;3;1;B01
201600043080;1;33;0;1;0;1;2;A01
201600043081;1;7;0;0;0;4;2;B01
201600043081;1;33;0;0;2;1;1;A01
201600043082;1;7;0;0;2;1;2;A01
201600043082;1;7;0;0;2;4;23;B01
201600043083;0;30;0;0;0;0;1;A01
201600043084;0;7;0;0;0;1;1;A01
201600043084;0;7;0;0;0;4;1;B01
201600043085;1;7;0;0;2;2;15;B01
201600043085;1;33;0;8;2;9;17;A01
201600043086;0;30;0;0;2;1;2;A01
201600043086;0;7;0;0;0;5;23;B01
201600043087;1;1;0;0;0;0;2;B01
201600043087;2;37;3;0;2;2;2;A01
201600043088;0;7;0;0;0;2;1;B01
201600043088;0;10;0;0;0;3;15;A01
201600043089;0;7;0;0;2;7;0;A01
201600043089;1;34;0;1;2;1;0;B01
201600043090;2;7;0;0;1;4;4;A01
201600043091;0;7;0;8;0;1;14;A01
201600043092;0;7;0;1;0;2;2;A01
201600043092;0;7;0;0;0;6;24;B01
201600043093;0;30;0;0;1;1;1;A01
201600043094;2;15;0;0;1;1;1;A01
201600043095;0;7;0;0;1;5;1;A01
201600043096;0;7;0;0;2;1;0;B01
201600043096;0;34;0;0;2;7;0;A01
201600043097;0;7;0;0;0;8;24;A01
201600043097;0;1;0;0;0;1;1;B01
201600043098;2;7;0;0;2;3;11;A01
201600043098;2;33;0;0;2;7;1;B01
201600043099;0;2;0;0;0;0;2;A01
201600043100;0;7;0;0;2;1;1;B01
201600043100;0;7;0;9;2;1;1;A01
201600043101;0;7;0;0;0;1;0;B01
201600043101;0;7;0;0;0;3;0;A01
201600043102;0;37;2;0;1;1;1;A01
201600043103;1;33;0;0;2;3;2;A01
201600043103;1;7;0;0;2;5;1;B01
201600043104;2;7;0;0;2;8;2;B01
201600043104;1;10;0;0;2;2;2;A01
201600043105;0;7;0;0;9;3;10;A01
201600043105;0;1;0;0;0;5;17;B01
201600043106;1;7;0;0;0;0;15;A01
201600043106;0;33;0;0;2;1;17;B01
201600043107;0;7;0;0;2;1;5;A01
201600043107;0;7;0;0;2;1;5;B01
201600043108;2;7;0;0;2;4;2;A01
201600043109;0;37;0;1;0;7;16;A01
201600043110;1;30;0;14;0;1;1;A01
201600043111;0;7;0;0;2;1;2;A01
201600043111;0;7;0;0;0;4;23;B01
201600043112;0;7;0;0;2;1;2;A01
201600043112;0;33;0;0;0;4;23;B01
201600043113;0;7;0;0;2;3;0;A01
201600043113;0;7;0;0;0;5;0;B01
201600043114;0;2;0;9;0;1;1;A01
201600043115;0;7;0;0;0;4;20;B01
201600043115;0;7;0;0;2;1;2;A01
201600043116;0;14;0;0;2;1;2;A01
201600043116;0;3;0;0;0;4;1;B01
201600043117;0;7;0;0;1;1;1;A01
201600043118;0;7;0;0;2;1;15;A01
201600043118;0;7;0;0;2;1;1;B01
201600043119;0;7;0;0;1;4;20;A01
201600043120;1;7;0;0;1;1;1;A01
201600043121;0;7;0;0;2;1;15;A01
201600043121;0;2;0;0;0;8;2;B01
201600043122;1;7;0;0;0;4;23;B01
201600043122;1;7;0;0;2;1;2;A01
201600043123;0;33;0;6;0;1;0;A01
201600043124;0;7;0;0;2;3;1;A01
201600043124;0;7;0;0;2;3;1;B01
201600043125;0;7;0;0;2;2;17;A01
201600043125;0;7;0;0;2;3;15;B01
201600043126;0;7;0;0;2;1;1;A01
201600043126;0;7;0;0;2;8;15;B01
201600043127;1;7;0;0;1;2;1;A01
201600043128;0;7;0;0;1;4;4;A01
201600043129;1;7;0;0;2;3;2;A01
201600043129;1;7;0;0;0;7;16;B01
201600043130;0;14;0;0;2;3;9;A01
201600043130;0;7;0;0;2;8;9;B01
201600043131;0;7;0;0;0;0;15;A01
201600043131;0;30;0;0;2;0;1;B01
201600043132;0;7;0;0;0;4;15;B01
201600043132;0;7;0;1;0;1;13;A01
201600043133;0;7;0;0;2;8;2;A01
201600043133;0;37;0;0;2;2;2;B01
201600043134;0;7;0;0;1;2;1;A01
201600043135;0;7;0;0;2;2;0;A01
201600043135;0;33;0;0;2;3;0;B01
201600043136;0;7;0;0;2;1;16;A01
201600043136;0;7;0;0;2;3;0;B01
201600043137;0;7;0;0;2;2;15;A01
201600043137;1;7;0;0;2;1;1;B01
201600043138;0;7;0;0;2;1;15;A01
201600043138;0;14;0;0;2;3;13;B01
201600043139;0;7;0;0;1;3;1;A01
201600043140;1;7;0;0;1;1;1;A01
201600043141;0;7;0;0;2;2;15;A01
201600043141;0;10;0;0;2;1;1;B01
201600043142;0;7;0;0;2;6;2;B01
201600043142;0;7;0;0;2;3;2;A01
201600043143;0;32;0;0;2;8;0;A01
201600043144;0;7;0;0;2;8;15;A01
201600043144;0;7;0;0;2;1;1;B01
201600043145;1;7;0;0;1;0;0;A01
201600043146;1;7;0;0;1;1;0;A01
201600043147;1;7;0;13;0;3;12;A01
201600043148;0;7;0;1;2;4;1;B01
201600043148;0;7;0;0;2;1;0;Z01
201600043149;0;7;0;0;2;1;2;A01
201600043149;0;7;0;0;2;3;1;B01
201600043150;0;7;0;0;2;3;9;A01
201600043150;0;7;0;0;2;1;2;B01
201600043151;0;7;0;0;2;1;1;B01
201600043151;0;7;0;8;2;1;0;A01
201600043152;0;33;0;0;2;1;1;A01
201600043152;0;10;0;0;2;5;15;B01
201600043153;0;37;5;1;0;2;14;A01
201600043154;1;2;0;16;0;7;1;A01
201600043155;0;7;0;0;1;2;2;A01
201600043156;0;7;0;0;1;1;1;A01
201600043157;0;7;0;14;0;2;9;A01
201600043158;0;7;0;0;1;1;1;A01
201600043159;0;7;0;0;1;7;0;A01
201600043160;1;7;0;0;1;1;0;A01
201600043161;1;7;0;0;2;3;6;A01
201600043161;1;31;0;0;2;7;2;B01
201600043162;0;7;0;0;2;5;1;A01
201600043162;0;32;0;0;2;1;1;B01
201600043163;0;7;0;0;1;2;1;A01
201600043164;0;7;0;0;0;4;2;B01
201600043164;0;7;0;0;2;1;2;A01
201600043165;0;7;0;0;0;5;2;B01
201600043165;0;7;0;0;2;3;2;A01
201600043166;0;31;0;0;0;3;23;C01
201600043166;0;7;0;0;0;7;15;A01
201600043166;0;7;0;0;0;2;1;B01
201600043167;0;7;0;0;2;1;5;A01
201600043167;0;7;0;0;2;1;0;B01
201600043168;0;33;0;0;2;7;17;A01
201600043168;0;7;0;0;2;3;15;B01
201600043169;2;31;0;0;2;1;1;B01
201600043169;1;7;0;0;0;5;15;A01
201600043170;0;7;0;11;0;1;1;A01
201600043171;0;33;0;0;0;0;0;A01
201600043172;0;7;0;0;0;1;1;B01
201600043172;0;7;0;0;0;8;1;A01
201600043173;0;7;0;0;0;3;0;A01
201600043173;0;7;0;0;0;5;0;B01
201600043173;0;7;0;0;0;4;0;C01
201600043174;0;7;0;0;1;3;16;A01
201600043175;0;7;0;0;2;1;2;A01
201600043175;0;7;0;0;2;4;2;B01
201600043176;1;33;0;0;0;7;16;A01
201600043177;2;14;0;0;1;0;0;A01
201600043178;2;31;0;0;1;1;1;A01
201600043179;0;7;0;0;2;4;2;C01
201600043179;0;7;0;0;2;4;2;B01
201600043179;0;7;0;0;2;1;2;A01
201600043180;2;7;0;0;2;8;1;A01
201600043180;2;10;0;0;2;7;14;Z01
201600043181;0;2;0;0;2;3;0;B01
201600043181;0;7;0;1;0;1;0;A01
201600043182;0;7;0;8;0;1;0;A01
201600043183;1;7;0;0;2;1;2;A01
201600043183;1;1;0;0;2;4;23;B01
201600043184;0;7;0;0;2;7;11;B01
201600043184;0;7;0;0;2;1;1;A01
201600043185;0;7;0;0;1;3;13;A01
201600043186;0;7;0;0;0;2;16;A01
201600043186;0;33;0;0;0;0;16;B01
201600043187;0;7;0;0;2;7;17;B01
201600043187;0;1;0;0;2;8;0;A01
201600043188;0;7;0;0;1;1;1;A01
201600043189;0;7;0;0;2;3;0;B01
201600043189;0;34;0;0;2;2;17;A01
201600043190;0;1;0;0;2;0;19;B01
201600043190;0;7;0;0;0;3;15;A01
201600043191;2;2;0;0;2;1;17;A01
201600043191;2;7;0;0;2;3;9;B01
201600043192;0;7;0;0;2;5;9;B01
201600043192;0;1;0;0;2;1;0;A01
201600043193;0;32;0;0;2;5;15;A01
201600043193;0;7;0;0;2;3;17;B01
201600043194;1;7;0;0;2;7;12;A01
201600043194;1;33;0;0;2;8;1;B01
201600043195;2;7;0;0;2;3;2;A01
201600043195;2;2;0;0;2;5;2;B01
201600043196;0;33;0;0;2;1;13;A01
201600043196;0;7;0;0;2;1;1;B01
201600043197;2;7;0;0;2;5;1;A01
201600043197;2;30;0;0;2;2;2;B01
201600043198;0;7;0;1;0;9;2;A01
201600043199;2;33;0;0;2;1;1;A01
201600043199;1;7;0;0;2;3;9;B01
201600043200;0;1;0;0;2;9;1;B01
201600043200;0;14;0;0;2;1;16;A01
201600043201;0;7;0;0;1;1;1;A01
201600043202;1;1;0;0;2;1;1;A01
201600043202;0;14;0;0;2;8;1;B01
201600043203;2;10;0;0;2;1;2;B01
201600043203;1;7;0;0;2;1;5;A01
201600043204;0;7;0;1;0;1;14;A01
201600043205;0;7;0;0;1;2;2;A01
201600043206;0;7;0;1;0;2;2;A01
201600043207;0;30;0;0;2;3;23;A01
201600043207;0;7;0;0;2;4;20;B01
201600043208;1;7;0;12;0;3;1;A01
201600043209;0;10;0;0;2;3;4;A01
201600043209;0;33;0;0;2;1;1;B01
201600043210;1;7;0;1;0;1;13;A01
201600043210;2;32;0;0;0;1;0;B01
201600043211;1;7;0;14;0;1;6;A01
201600043212;0;33;0;0;2;1;1;A01
201600043212;0;10;0;0;2;3;15;B01
201600043213;2;7;0;0;2;3;11;B01
201600043213;2;33;0;0;2;3;17;A01
201600043214;1;7;0;0;2;2;9;B02
201600043214;1;2;0;0;2;1;1;A01
201600043215;1;7;0;0;2;3;2;B01
201600043215;1;1;0;0;2;1;3;A01
201600043216;0;7;0;0;1;1;0;A01
201600043217;0;10;0;0;1;4;4;A01
201600043218;1;32;0;0;2;1;1;A01
201600043218;2;7;0;0;0;8;1;B01
201600043219;0;7;0;14;0;2;2;A01
201600043220;0;7;0;0;1;1;15;A01
201600043221;0;1;0;0;0;3;2;B01
201600043221;0;7;0;0;0;2;2;A01
201600043222;1;14;0;0;2;8;1;B01
201600043222;1;7;0;0;2;1;1;A01
201600043223;0;7;0;0;1;2;16;A01
201600043224;0;7;0;0;2;3;20;A01
201600043224;1;32;0;0;2;1;1;B01
201600043225;0;7;0;0;1;0;15;A01
201600043226;0;33;0;0;2;1;2;B01
201600043226;0;7;0;0;2;3;9;A01
201600043227;0;32;0;0;2;1;17;A01
201600043227;0;7;0;0;0;3;15;B01
201600043228;2;7;0;0;1;1;0;A01
201600043229;0;7;0;0;0;6;15;A01
201600043229;0;31;0;0;2;1;1;B01
201600043230;0;7;0;0;1;1;1;A01
201600043231;0;13;0;0;1;3;2;A01
201600043232;0;33;0;0;1;1;1;A01
201600043233;2;34;0;0;2;7;5;B01
201600043233;1;7;0;0;2;3;10;A01
201600043234;0;7;0;0;0;2;16;A01
201600043234;0;32;0;0;0;8;2;B01
201600043235;0;33;0;0;1;2;1;A01
201600043236;0;32;0;0;2;2;1;A01
201600043236;0;7;0;0;2;3;15;B01
201600043237;2;7;0;0;0;1;15;A01
201600043237;1;7;0;0;0;3;1;B01
201600043238;0;7;0;0;0;3;10;A01
201600043238;0;33;0;0;0;1;17;B01
201600043239;2;37;45;0;1;2;19;A01
201600043240;0;7;0;0;2;4;23;B01
201600043240;0;7;0;0;0;4;23;C01
201600043240;0;7;0;0;2;1;2;A01
201600043241;2;7;0;8;1;1;0;A01
201600043242;0;33;0;0;2;1;13;B01
201600043242;0;7;0;0;2;3;2;A01
201600043243;0;33;0;3;2;7;2;B01
201600043243;0;7;0;0;2;6;4;A01
201600043244;1;7;0;0;2;7;16;B01
201600043244;1;33;0;0;2;1;7;A01
201600043245;1;7;0;2;0;2;21;A01
201600043246;1;37;2;0;0;1;1;A01
201600043247;1;7;0;0;2;8;15;A01
201600043247;1;2;0;0;2;1;17;B01
201600043248;1;1;0;0;0;4;2;B01
201600043248;0;14;0;0;2;1;2;A01
201600043249;0;14;0;0;0;7;12;A01
201600043249;0;1;0;0;0;8;1;B01
201600043250;0;30;0;0;1;1;0;A01
201600043251;0;7;0;15;0;1;1;A01
201600043252;0;7;0;0;2;1;2;Z01
201600043252;0;7;0;0;2;4;2;B01
201600043253;1;7;0;0;2;1;1;A01
201600043253;2;7;0;0;2;1;1;B01
201600043254;1;7;0;0;1;3;15;A01
201600043255;0;2;0;0;1;1;1;A01
201600043256;2;1;0;0;1;1;16;A01
201600043257;0;7;0;0;2;1;1;A01
201600043257;0;33;0;0;2;8;2;B01
201600043258;0;7;0;0;2;3;15;A01
201600043258;0;2;0;6;2;2;17;B01
201600043259;1;2;0;0;2;2;1;B01
201600043259;1;7;0;0;2;3;9;A01
201600043260;1;10;0;0;1;1;16;A01
201600043261;1;7;0;1;2;7;21;A01
201600043261;1;31;0;1;2;3;21;B01
201600043262;0;7;0;0;1;7;15;A01
201600043263;2;7;0;0;1;2;1;A01
201600043264;0;32;0;0;0;8;1;A01
201600043265;0;33;0;1;0;8;2;A01
201600043266;0;2;0;0;2;4;2;A01
201600043266;0;10;0;0;2;1;2;Z01
201600043267;0;7;0;2;0;2;6;A01
201600043268;0;7;0;0;1;1;0;A01
201600043269;0;7;0;0;1;3;15;A01
201600043270;2;31;0;0;1;0;1;A01
201600043271;0;2;0;0;0;3;2;B01
201600043272;0;7;0;0;1;8;24;B01
201600043272;0;7;0;1;0;8;14;A01
201600043273;0;34;0;0;0;8;1;A01
201600043274;0;7;0;0;1;2;1;A01
201600043275;1;33;0;0;1;1;1;A01
201600043276;0;7;0;0;2;3;9;B01
201600043276;2;14;0;0;2;2;2;A01
201600043277;1;7;0;0;2;3;1;A01
201600043277;1;7;0;0;2;4;2;B01
201600043278;0;2;0;0;2;1;1;B01
201600043278;0;7;0;0;2;4;1;A01
201600043279;0;33;0;0;2;1;1;A01
201600043279;0;7;0;0;2;4;10;Z01
201600043280;0;7;0;0;2;3;0;B01
201600043280;0;34;0;0;2;1;0;A01
201600043281;0;7;0;0;2;2;9;A01
201600043281;0;7;0;0;2;6;0;B01
201600043282;0;7;0;0;2;0;0;A01
201600043282;0;7;0;0;2;0;0;B01
201600043283;1;1;0;0;2;7;3;B01
201600043283;1;15;0;0;2;3;1;A01
201600043284;1;7;0;0;2;1;1;A01
201600043284;1;30;0;0;2;4;1;B01