Num_Acc;senc;catv;occutc;obs;obsm;choc;manv;num_veh
201600044038;2;7;0;0;2;1;1;A01
201600044038;1;7;0;0;2;1;5;Z01
201600044039;0;7;0;0;2;1;15;B01
201600044039;0;7;0;0;2;1;2;D01
201600044039;0;7;0;0;2;1;1;A01
201600044039;0;7;0;0;2;4;2;C01
201600044040;1;7;0;0;2;4;2;D01
201600044040;1;7;0;0;2;4;2;B01
201600044040;1;7;0;0;2;1;1;A01
201600044040;1;7;0;0;2;4;2;C01
201600044040;1;7;0;0;2;4;2;E01
201600044041;2;7;0;0;2;4;2;B01
201600044041;2;30;0;0;2;1;1;A01
201600044042;2;7;0;0;2;3;15;B01
201600044042;2;30;0;0;2;1;17;A01
201600044043;0;7;0;0;2;2;15;A01
201600044043;0;33;0;0;2;1;1;B01
201600044044;0;7;0;0;2;2;1;B01
201600044044;0;7;0;0;2;1;1;A01
201600044045;0;32;0;0;2;1;1;B01
201600044045;0;7;0;0;2;1;15;A01
201600044046;1;7;0;0;2;1;9;B01
201600044046;2;34;0;0;2;1;17;A01
201600044047;1;30;0;0;1;1;1;Z01
201600044048;1;7;0;0;2;2;15;B01
201600044048;2;7;0;0;2;1;1;A01
201600044049;0;1;0;0;2;3;1;A01
201600044049;0;7;0;0;2;7;17;Z01
201600044050;0;7;0;0;1;1;1;A01
201600044051;0;7;0;0;1;1;1;Z01
201600044052;0;7;0;0;1;4;4;A01
201600044053;1;7;0;0;2;5;2;B01
201600044053;1;7;0;0;2;1;1;A01
201600044054;0;7;0;0;2;4;2;B01
201600044054;0;7;0;0;2;1;1;A01
201600044055;2;7;0;0;2;1;1;A01
201600044055;2;7;0;0;2;4;2;B01
201600044056;0;7;0;0;1;8;20;A01
201600044057;2;34;0;0;2;1;1;B01
201600044057;0;7;0;0;2;8;15;A01
201600044058;1;7;0;0;2;4;2;B01
201600044058;1;7;0;0;2;1;1;A01
201600044058;1;7;0;0;2;5;2;C01
201600044059;0;7;0;0;1;1;15;Z01
201600044060;1;33;0;0;1;1;1;A01
201600044061;2;32;0;0;2;2;17;A01
201600044061;2;7;0;0;2;3;15;B01
201600044062;0;7;0;1;2;2;1;B01
201600044062;0;7;0;15;2;1;14;A01
201600044063;1;1;0;0;2;8;19;A01
201600044063;1;33;0;0;2;1;1;B01
201600044064;0;34;0;10;0;1;14;A01
201600044065;0;7;0;0;2;2;19;A01
201600044065;0;7;0;0;2;5;15;B01
201600044066;1;32;0;0;2;1;13;B01
201600044066;1;7;0;0;2;3;13;A01
201600044067;1;7;0;0;2;3;15;B01
201600044067;1;33;0;0;2;2;17;A01
201600044068;0;33;0;0;2;7;3;A01
201600044068;0;7;0;0;2;3;15;B01
201600044069;2;7;0;0;2;8;15;A01
201600044069;2;33;0;0;2;2;2;B01
201600044070;2;7;0;0;2;2;1;A01
201600044070;2;1;0;0;2;4;2;B01
201600044071;0;7;0;0;2;3;9;A01
201600044071;0;2;0;0;2;1;1;B01
201600044072;1;31;0;0;1;1;1;A01
201600044073;1;7;0;0;0;0;0;Z01
201600044073;1;2;0;11;0;1;13;A01
201600044074;2;7;0;0;2;8;15;A01
201600044074;2;32;0;0;2;1;17;B01
201600044075;1;2;0;0;2;1;1;B01
201600044075;2;7;0;0;2;2;15;A01
201600044076;0;7;0;0;1;3;13;A01
201600044077;0;7;0;0;2;2;17;A01
201600044077;0;37;2;0;2;3;1;B01
201600044078;2;10;0;0;2;1;1;A01
201600044078;1;10;0;0;2;3;9;B01
201600044079;2;7;0;0;2;1;1;Z01
201600044079;0;7;0;0;2;3;9;A01
201600044080;0;7;0;0;2;4;2;B01
201600044080;0;7;0;0;2;1;1;A01
201600044081;1;7;0;0;2;6;2;B01
201600044081;1;7;0;0;2;3;1;C01
201600044081;0;7;0;0;2;2;1;A01
201600044082;0;7;0;0;1;1;1;A01
201600044083;0;7;0;0;2;2;1;A01
201600044083;0;7;0;0;2;3;1;B01
201600044084;1;33;0;0;2;1;1;A01
201600044084;1;7;0;0;2;6;2;B01
201600044085;1;31;0;0;2;1;3;A01
201600044085;1;7;0;0;2;7;1;B01
201600044085;1;7;0;0;2;7;1;C01
201600044086;;7;0;0;2;3;1;B01
201600044086;0;2;0;0;2;1;1;A01
201600044087;0;7;0;0;1;4;4;A01
201600044088;0;7;0;0;1;1;1;Z01
201600044089;1;7;0;0;1;3;1;A01
201600044090;2;33;0;0;2;1;1;B01
201600044090;;7;0;0;2;3;1;A01
201600044091;1;10;0;0;2;3;15;B01
201600044091;1;33;0;0;2;1;3;A01
201600044092;2;33;0;0;2;1;1;B01
201600044092;1;7;0;0;2;7;15;A01
201600044093;1;7;0;0;2;7;15;A01
201600044093;2;7;0;0;2;1;1;B01
201600044094;0;33;0;0;2;1;1;B01
201600044094;0;7;0;0;2;5;15;A01
201600044095;0;7;0;0;1;3;1;A01
201600044096;0;30;0;0;2;1;1;A01
201600044096;0;7;0;0;2;3;16;B01
201600044097;;7;0;0;2;1;2;C01
201600044097;0;7;0;0;2;3;2;B01
201600044097;0;7;0;0;2;3;1;A01
201600044097;0;7;0;1;2;9;5;Z01
201600044098;0;7;0;0;2;1;5;Z01
201600044098;0;7;0;0;2;3;1;A01
201600044099;2;7;0;0;1;1;1;A01
201600044100;0;7;0;0;1;2;1;A01
201600044101;2;34;0;12;2;1;17;A01
201600044101;2;7;0;0;2;3;11;B01
201600044102;1;33;0;0;2;7;1;A01
201600044102;0;7;0;0;2;1;15;B01
201600044103;0;10;0;0;1;1;1;Z01
201600044104;0;7;0;0;2;4;2;B01
201600044104;0;7;0;0;2;1;1;A01
201600044105;2;7;0;0;2;3;1;A01
201600044105;2;7;0;0;2;5;2;B01
201600044106;2;33;0;0;1;1;1;A01
201600044107;0;37;2;0;1;2;1;A01
201600044108;0;7;0;0;2;7;1;B01
201600044108;0;33;0;0;2;1;1;A01
201600044109;1;7;0;0;2;7;1;A01
201600044109;0;7;0;0;2;1;15;B01
201600044110;0;10;0;0;1;2;16;A01
201600044111;1;7;0;0;2;2;1;A01
201600044111;1;7;0;8;0;6;2;B01
201600044112;0;7;0;0;1;1;17;A01
201600044113;2;7;0;0;2;2;5;A01
201600044113;1;7;0;0;2;2;1;B01
201600044114;0;7;0;0;2;4;2;A01
201600044114;0;7;0;0;2;1;1;Z01
201600044115;0;30;0;0;2;1;13;A01
201600044115;0;7;0;0;2;3;1;B01
201600044116;0;1;0;1;0;1;1;B01
201600044116;0;7;0;0;2;8;22;A01
201600044117;0;7;0;8;0;7;14;A01
201600044118;1;7;0;0;2;1;1;B01
201600044118;1;7;0;0;2;5;15;A01
201600044119;2;7;0;0;2;1;6;Z01
201600044119;1;33;0;0;2;7;1;B01
201600044120;1;33;0;11;0;1;1;A01
201600044121;0;7;0;0;2;1;13;A01
201600044121;0;7;0;0;2;3;1;B01
201600044121;0;7;0;0;2;8;1;C01
201600044122;0;1;0;0;2;1;19;A01
201600044122;0;7;0;0;2;2;1;B01
201600044123;2;10;0;0;2;1;1;A01
201600044123;1;7;0;0;2;3;15;Z01
201600044123;2;7;0;0;2;8;2;B01
201600044124;1;7;0;0;1;1;0;A01
201600044125;0;7;0;0;2;7;1;A01
201600044125;0;10;0;0;2;1;9;B01
201600044126;0;7;0;0;2;2;15;A01
201600044126;0;33;0;0;2;1;1;B01
201600044127;0;7;0;6;0;1;13;A01
201600044128;1;7;0;0;2;2;15;B01
201600044128;0;30;0;0;2;1;1;A01
201600044129;1;7;0;0;1;1;1;Z01
201600044130;1;7;0;0;2;8;15;A01
201600044130;1;33;0;14;2;1;17;B01
201600044131;2;33;0;0;2;8;1;A01
201600044131;0;7;0;0;2;1;9;B01
201600044132;1;7;0;9;2;3;10;A01
201600044132;1;33;0;0;2;2;1;B01
201600044133;0;30;0;3;0;8;13;A01
201600044134;1;7;0;0;2;3;1;B01
201600044134;2;7;0;0;2;3;15;A01
201600044135;2;7;0;0;1;1;1;A01
201600044136;;7;0;0;2;1;1;B01
201600044136;0;33;0;0;2;3;13;A01
201600044137;1;7;0;0;1;3;1;A01
201600044138;2;33;0;0;2;7;1;B01
201600044138;2;7;0;0;2;3;9;A01
201600044139;0;7;0;0;1;2;1;A01
201600044140;0;7;0;8;0;2;14;A01
201600044141;0;7;0;0;2;1;1;B01
201600044141;0;7;0;0;2;7;15;A01
201600044142;0;7;0;0;1;3;1;A01
201600044143;0;10;0;0;2;3;15;A01
201600044143;0;33;0;0;2;8;17;B01
201600044144;0;7;0;0;2;3;5;A01
201600044144;0;7;0;0;2;1;1;B01
201600044145;1;7;0;0;1;2;1;A01
201600044146;1;31;0;0;2;1;1;B01
201600044146;2;7;0;0;2;2;15;A01
201600044147;1;15;0;0;1;1;11;A01
201600044148;0;7;0;0;2;7;9;B01
201600044148;0;7;0;0;2;3;1;A01
201600044149;0;7;0;8;0;2;14;A01
201600044150;2;7;0;0;2;1;1;A01
201600044150;0;7;0;0;2;6;15;B01
201600044151;2;7;0;0;2;1;17;Z01
201600044151;2;34;0;0;2;4;2;A01
201600044152;2;7;0;0;2;1;15;B01
201600044152;2;7;0;0;2;1;1;A01
201600044153;0;7;0;0;1;3;15;A01
201600044154;2;7;0;0;1;4;4;A01
201600044155;0;10;0;0;2;1;1;A01
201600044155;0;7;0;0;2;6;1;B01
201600044156;0;3;0;0;1;1;1;Z01
201600044157;0;7;0;12;1;1;1;A01
201600044158;2;7;0;0;2;2;10;A01
201600044158;1;2;0;0;2;1;2;B01
201600044159;1;2;0;0;2;2;1;A01
201600044159;1;7;0;0;2;5;2;B01
201600044160;2;7;0;14;0;2;1;A01
201600044161;0;10;0;8;2;3;1;B01
201600044161;0;7;0;0;2;1;15;A01
201600044162;0;7;0;0;2;4;2;A01
201600044162;1;7;0;0;2;1;1;B01
201600044163;0;7;0;6;0;1;1;A01
201600044164;1;10;0;0;2;3;0;B01
201600044164;0;10;0;0;0;1;1;A01
201600044165;;7;0;1;1;1;14;A01
201600044166;2;33;0;0;2;1;17;A01
201600044166;2;7;0;0;2;6;1;B01
201600044167;1;7;0;0;2;1;1;A01
201600044167;2;30;0;0;2;1;13;B01
201600044168;1;7;0;0;2;4;2;B01
201600044168;1;7;0;0;2;2;21;A01
201600044169;1;7;0;0;2;1;1;A01
201600044169;1;7;0;0;2;4;2;B01
201600044170;;7;0;0;1;8;4;A01
201600044171;1;7;0;0;2;1;1;B01
201600044171;1;7;0;0;2;4;16;A01
201600044172;0;7;0;0;2;2;15;A01
201600044172;0;34;0;0;2;1;1;B01
201600044173;1;7;0;1;2;3;13;A01
201600044173;0;10;0;0;2;1;1;B01
201600044174;1;7;0;0;2;4;2;B01
201600044174;1;10;0;0;2;1;1;A01
201600044175;2;7;0;0;1;2;1;A01
201600044176;1;33;0;0;2;3;1;B01
201600044176;0;7;0;0;2;5;15;A01
201600044177;0;7;0;0;1;3;15;A01
201600044178;1;37;1;1;2;5;2;B01
201600044178;1;7;0;1;0;3;1;A01
201600044179;0;1;0;0;2;1;5;A01
201600044179;0;7;0;0;2;3;1;B01
201600044180;0;7;0;0;2;1;1;A01
201600044180;0;7;0;0;2;6;2;B01
201600044181;1;30;0;0;2;1;1;B01
201600044181;1;7;0;0;2;6;2;A01
201600044182;0;1;0;6;0;1;1;A01
201600044183;1;7;0;0;2;4;2;C01
201600044183;1;7;0;0;2;1;1;A01
201600044183;1;7;0;0;2;4;2;B01
201600044184;0;7;0;0;2;3;1;B01
201600044184;0;7;0;0;2;1;1;A01
201600044185;1;30;0;0;2;1;1;A01
201600044185;2;7;0;0;2;6;15;B01
201600044186;0;7;0;0;2;3;20;A01
201600044186;0;32;0;0;2;1;1;B01
201600044187;2;7;0;0;1;3;1;A01
201600044188;0;34;0;0;2;4;2;B01
201600044188;0;7;0;0;2;1;1;A01
201600044189;1;7;0;0;2;4;2;B01
201600044189;1;37;2;0;2;1;1;A01
201600044190;1;7;0;0;2;2;15;B01
201600044190;2;7;0;0;2;1;1;A01
201600044191;1;31;0;0;2;1;1;B01
201600044191;0;7;0;0;2;3;1;A01
201600044192;1;7;0;1;0;2;1;A01
201600044193;1;7;0;0;2;1;1;B01
201600044193;1;7;0;0;2;4;2;A01
201600044194;1;7;0;0;2;3;13;A01
201600044194;2;7;0;0;2;3;1;C01
201600044194;2;7;0;0;2;8;1;B01
201600044195;1;7;0;4;0;3;6;A01
201600044196;1;30;0;16;0;8;1;A01
201600044197;0;7;0;1;0;3;13;A01
201600044198;1;7;0;0;2;4;2;B01
201600044198;1;1;0;0;2;1;1;Z01
201600044198;1;7;0;0;2;4;2;A01
201600044199;2;7;0;0;1;2;1;A01
201600044200;0;32;0;0;2;8;16;A01
201600044200;0;7;0;0;2;1;1;Z01
201600044201;1;30;0;0;2;7;1;B01
201600044201;1;7;0;0;2;8;11;A01
201600044202;1;7;0;0;2;4;23;A01
201600044202;1;7;0;0;2;1;1;Z01
201600044203;0;7;0;0;1;5;4;A01
201600044204;0;7;0;0;2;4;2;B01
201600044204;0;7;0;0;2;1;1;A01
201600044205;2;7;0;9;2;3;1;B01
201600044205;2;7;0;9;2;2;19;A01
201600044206;0;7;0;1;0;1;1;A01
201600044207;1;7;0;0;2;1;1;A01
201600044207;1;7;0;0;2;4;2;B01
201600044208;2;7;0;0;2;1;6;A01
201600044208;1;7;0;0;2;1;1;B01
201600044209;0;7;0;0;2;4;2;A01
201600044209;0;7;0;0;2;1;1;B01
201600044210;1;34;0;0;1;1;1;A01
201600044211;0;7;0;0;2;3;1;B01
201600044211;0;1;0;0;2;3;13;A01
201600044212;1;7;0;0;1;1;1;A01
201600044213;0;32;0;0;2;1;17;B01
201600044213;0;7;0;0;2;3;15;A01
201600044214;0;7;0;0;2;1;1;A01
201600044214;0;33;0;0;2;1;13;B01
201600044215;0;7;0;0;2;3;1;A01
201600044215;0;7;0;0;1;1;21;B01
201600044216;0;7;0;0;1;1;1;A01
201600044217;0;7;0;0;1;1;1;A01
201600044218;1;7;0;0;2;1;1;A01
201600044218;1;7;0;0;2;4;2;B01
201600044219;1;31;0;0;2;2;1;B01
201600044219;0;7;0;0;2;3;16;A01
201600044220;1;7;0;0;2;1;1;A01
201600044220;1;7;0;0;2;1;1;B01
201600044221;0;30;0;6;0;1;16;A01
201600044222;1;32;0;0;2;2;2;B01
201600044222;1;7;0;0;2;2;9;A01
201600044223;0;10;0;0;1;1;1;A01
201600044224;2;7;0;0;2;3;1;A01
201600044224;2;34;0;0;2;2;17;B01
201600044225;2;33;0;0;2;1;1;B01
201600044225;1;7;0;0;2;1;23;C01
201600044225;2;7;0;0;2;1;15;A01
201600044226;2;7;0;0;2;1;1;A01
201600044226;2;33;0;0;2;4;1;B01
201600044227;1;7;0;0;1;3;1;A01
201600044228;1;7;0;0;1;3;1;A01
201600044229;0;7;0;0;1;1;1;A01
201600044230;2;7;0;0;2;5;2;A01
201600044230;2;1;0;0;2;1;1;B01
201600044231;0;7;0;0;2;5;15;B01
201600044231;0;33;0;0;2;1;1;A01
201600044232;1;33;0;0;2;1;1;B01
201600044232;2;7;0;0;2;2;10;A01
201600044233;1;14;0;0;2;4;23;B01
201600044233;1;7;0;0;2;1;1;A01
201600044234;1;7;0;0;2;1;1;A01
201600044234;0;7;0;0;2;4;2;B01
201600044235;1;2;0;0;2;1;1;B01
201600044235;1;7;0;0;2;6;15;A01
201600044236;1;7;0;9;2;1;1;B01
201600044236;1;7;0;0;2;8;19;A01
201600044237;1;7;0;0;1;1;1;A01
201600044238;0;7;0;1;0;1;21;A01
201600044238;0;7;0;1;0;4;24;B01
201600044239;2;7;0;0;1;1;1;A01
201600044240;1;32;0;0;2;3;1;B01
201600044240;1;7;0;0;2;2;9;A01
201600044241;0;10;0;0;2;8;15;B01
201600044241;0;10;0;0;2;2;17;A01
201600044242;0;3;0;0;1;1;16;A01
201600044243;1;33;0;0;2;3;1;A01
201600044243;2;7;0;0;2;1;11;B01
201600044244;2;34;0;0;2;1;1;B01
201600044244;1;7;0;0;2;3;15;A01
201600044245;0;7;0;0;2;3;9;A01
201600044245;0;34;0;0;2;5;1;B01
201600044246;2;7;0;0;2;7;15;B01
201600044246;1;30;0;0;2;1;1;A01
201600044247;0;7;0;0;1;2;1;A01
201600044248;2;7;0;0;2;4;2;B01
201600044248;2;7;0;0;2;1;1;A01
201600044249;1;7;0;0;1;1;21;A01
201600044250;1;7;0;0;2;4;2;A01
201600044250;1;7;0;0;2;0;0;Z01
201600044251;2;30;0;0;1;1;17;A01
201600044252;0;7;0;0;1;1;1;A01
201600044253;0;7;0;12;0;2;13;A01
201600044254;2;34;0;0;2;7;2;B01
201600044254;2;7;0;0;2;6;15;A01
201600044255;1;7;0;9;1;3;1;A01
201600044256;0;14;0;0;1;2;1;A01
201600044257;0;32;0;0;2;1;1;A01
201600044257;0;1;0;0;0;0;0;Z01
201600044258;;7;0;0;1;2;1;A01
201600044259;1;7;0;0;1;2;1;A01
201600044260;0;32;0;0;2;2;17;B01
201600044260;0;7;0;0;2;3;15;A01
201600044261;1;7;0;0;2;3;15;A01
201600044261;1;30;0;0;2;1;17;B01
201600044262;0;7;0;0;2;1;1;A01
201600044262;0;10;0;0;2;4;2;B01
201600044263;;7;0;0;2;5;2;B01
201600044263;0;7;0;0;2;1;1;A01
201600044264;1;7;0;0;2;1;1;B01
201600044264;2;7;0;0;2;2;15;A01
201600044265;1;7;0;0;2;3;1;Z01
201600044265;1;7;0;0;2;4;2;A01
201600044266;1;7;0;0;2;8;1;C01
201600044266;1;7;0;0;2;1;1;B01
201600044266;1;7;0;0;2;6;2;A01
201600044267;;7;0;0;1;3;15;A01
201600044268;1;7;0;0;2;3;16;A01
201600044268;2;30;0;0;2;1;1;B01
201600044269;;7;0;1;1;4;20;A01
201600044270;1;7;0;6;0;2;1;A01
201600044271;0;7;0;0;1;2;1;A01
201600044272;0;7;0;0;2;1;9;B01
201600044272;0;7;0;8;2;5;2;A01
201600044273;0;7;0;0;2;1;1;B01
201600044273;0;7;0;6;2;8;1;A01
201600044274;1;7;0;7;1;2;14;A01
201600044275;1;7;0;0;2;1;1;A01
201600044275;1;7;0;0;2;4;2;C01
201600044275;1;7;0;0;2;4;2;B01
201600044276;;7;0;0;2;3;1;A01
201600044276;0;1;0;0;2;1;1;B01
201600044277;0;7;0;0;1;3;15;A01
201600044278;0;7;0;0;1;2;1;A01
201600044279;0;7;0;0;2;3;9;B01
201600044279;0;33;0;0;2;3;1;A01
201600044280;0;7;0;0;2;1;9;Z01
201600044280;0;1;0;0;2;4;1;A01
201600044281;0;7;0;0;2;2;1;B01
201600044281;0;7;0;0;2;1;13;A01
201600044282;0;7;0;0;1;3;1;A01
201600044283;0;7;0;0;2;1;15;B01
201600044283;0;7;0;0;2;7;1;A01
201600044284;2;7;0;0;2;6;2;B01
201600044284;2;7;0;1;0;4;1;C01
201600044284;0;7;0;0;2;3;1;A01
201600044285;0;33;0;0;2;8;1;A01
201600044285;0;7;0;0;2;2;12;B01
201600044286;1;7;0;0;2;3;23;A01
201600044286;1;7;0;0;2;4;15;C01
201600044286;1;7;0;0;2;1;1;B01
201600044287;2;7;0;2;0;1;16;A01
201600044288;0;37;2;0;1;2;1;A01
201600044289;1;7;0;0;2;4;2;B01
201600044289;1;7;0;0;2;4;2;C01
201600044289;1;7;0;0;2;1;1;A01
201600044290;0;1;0;0;2;7;1;B01
201600044290;0;7;0;0;2;3;13;A01
201600044291;0;34;0;0;2;1;13;A01
201600044291;0;10;0;0;2;3;1;B01
201600044292;1;7;0;0;2;8;19;A01
201600044292;1;33;0;0;2;1;1;B01
201600044293;2;33;0;0;2;1;1;A01
201600044293;1;7;0;0;2;3;15;B01
201600044294;1;7;0;0;2;4;2;B01
201600044294;1;33;0;0;2;1;1;A01
201600044295;1;7;0;0;2;2;15;A01
201600044295;2;32;0;0;2;1;1;B01
201600044296;1;2;0;0;2;1;18;B01
201600044296;1;7;0;0;2;5;16;A01
201600044297;1;7;0;0;2;6;2;B01
201600044297;1;7;0;0;2;3;1;A01
201600044298;1;33;0;0;2;1;17;A01
201600044298;1;7;0;0;2;8;15;B01
201600044299;1;7;0;0;2;1;17;A01
201600044299;1;30;0;0;2;8;2;B01
201600044300;0;7;0;0;1;1;16;A01
201600044301;1;7;0;0;2;1;13;Z01
201600044301;2;2;0;0;2;3;1;A01
201600044302;1;10;0;;0;5;23;A01
201600044302;1;7;0;;1;2;1;Z02
201600044303;1;7;0;0;2;3;9;A01
201600044303;0;1;0;0;2;1;1;B01
201600044304;1;7;0;0;2;1;1;A01
201600044304;1;7;0;0;2;4;2;B01
201600044304;1;7;0;0;2;4;2;C01
201600044305;2;7;0;0;2;1;1;B01
201600044305;2;7;0;0;2;8;9;A01
201600044306;1;1;0;0;2;8;16;B01
201600044306;0;7;0;0;2;5;16;A01
201600044307;0;3;0;0;1;1;1;A01
201600044308;1;10;0;0;2;3;15;A01
201600044308;2;30;0;0;2;6;1;B01
201600044309;0;7;0;0;2;2;9;B01
201600044309;0;7;0;0;2;3;1;A01
201600044310;2;7;0;0;2;2;15;B01
201600044310;1;7;0;0;2;1;1;A01
201600044311;1;7;0;0;2;3;13;A01
201600044311;2;10;0;0;2;3;1;B01
201600044312;0;33;0;0;2;5;1;B01
201600044312;0;7;0;0;2;3;15;A01
201600044313;0;7;0;0;1;2;1;A01
201600044314;0;7;0;0;2;1;15;A01
201600044314;0;7;0;0;2;3;1;B01
201600044315;1;10;0;0;2;1;1;B01
201600044315;1;7;0;0;2;3;15;A01
201600044316;1;7;0;0;2;1;1;B01
201600044316;1;7;0;0;2;4;4;A01
201600044317;1;7;0;0;2;9;2;B01
201600044317;1;7;0;0;2;1;1;A01
201600044318;1;7;0;0;1;2;1;A01
201600044319;1;7;0;1;0;0;0;B01
201600044319;1;7;0;0;2;4;1;A01
201600044320;1;7;0;9;0;1;1;A01
201600044321;0;1;0;0;1;1;1;Z01
201600044322;1;37;2;0;1;5;1;A01
201600044323;1;7;0;0;2;2;1;B01
201600044323;0;7;0;6;2;5;19;A01
201600044324;1;7;0;15;0;1;1;A01
201600044325;0;34;0;0;2;4;2;B01
201600044325;0;34;0;0;2;1;1;A01
201600044326;1;7;0;0;2;2;1;B01
201600044326;1;7;0;0;2;3;15;A01
201600044327;1;7;0;0;2;3;1;B01
201600044327;0;33;0;1;2;1;11;A01
201600044328;0;7;0;0;2;3;20;B01
201600044328;;7;0;0;2;3;1;A01
201600044329;1;7;0;0;2;1;1;B01
201600044329;1;7;0;0;2;3;9;A01
201600044330;0;7;0;8;0;2;14;A01
201600044331;1;7;0;9;0;1;1;A01
201600044332;2;33;0;0;2;1;1;B01
201600044332;1;7;0;0;2;2;15;A01
201600044333;1;7;0;9;0;1;1;A01
201600044334;1;7;0;0;1;2;1;A01
201600044335;1;7;0;0;1;8;15;A01
201600044336;1;30;0;0;1;1;0;A01
201600044337;1;7;0;0;2;1;15;Z01
201600044337;2;32;0;0;2;3;1;A01
201600044338;1;7;0;0;1;0;0;A01
201600044339;1;7;0;0;1;1;15;A01
201600044340;1;14;0;1;0;2;1;A01
201600044341;0;1;0;0;2;3;1;B01
201600044341;0;7;0;0;2;2;9;A01
201600044342;2;7;0;0;2;2;1;A01
201600044342;2;1;0;0;2;6;2;B01
201600044343;1;7;0;0;2;4;2;D01
201600044343;1;7;0;0;2;1;1;G02
201600044343;1;7;0;0;2;5;2;F02
201600044343;1;7;0;0;2;4;2;C01
201600044343;1;7;0;0;2;4;2;A01
201600044343;1;7;0;0;2;4;2;B01
201600044343;1;7;0;0;2;4;2;E01
201600044344;0;1;0;0;2;4;2;A01
201600044344;0;1;0;0;2;1;1;Z01
201600044345;1;7;0;0;2;3;20;A01
201600044345;0;7;0;0;2;2;1;B01
201600044346;0;7;0;0;1;8;1;A01
201600044347;1;10;0;0;2;1;1;Z01
201600044347;1;10;0;0;2;9;2;B01
201600044347;1;32;0;0;2;4;2;A01
201600044348;1;31;0;0;2;1;1;B01
201600044348;2;7;0;0;2;1;17;A01
201600044349;0;2;0;0;2;2;1;B01
201600044349;0;7;0;0;2;8;15;A01
201600044350;1;7;0;15;2;4;23;A01
201600044350;1;7;0;0;2;1;1;B01
201600044351;2;10;0;0;2;2;9;B01
201600044351;1;7;0;0;2;1;1;A01
201600044352;2;10;0;0;2;1;1;A01
201600044352;0;7;0;0;2;1;19;B01
201600044353;1;7;0;0;1;2;15;A01
201600044354;1;31;0;0;2;1;1;B01
201600044354;0;7;0;0;2;7;15;A01
201600044355;1;7;0;0;2;1;2;B01
201600044355;1;7;0;0;2;1;1;Z01
201600044355;1;7;0;0;2;4;2;A01
201600044356;0;2;0;0;2;1;13;A01
201600044356;0;7;0;0;2;1;1;B01
201600044357;0;7;0;2;0;8;13;A01
201600044358;2;7;0;9;0;7;14;A01
201600044359;1;7;0;0;1;1;1;A01
201600044360;2;7;0;0;2;0;1;Z01
201600044360;1;2;0;0;2;3;1;A01
201600044361;1;7;0;0;2;2;1;A01
201600044361;1;33;0;0;2;7;17;B01
201600044362;0;10;0;0;1;4;4;A01
201600044363;0;7;0;8;0;1;13;A01
201600044364;1;32;0;0;2;3;1;A01
201600044364;0;7;0;0;0;0;0;Z01
201600044365;2;7;0;0;2;1;6;A01
201600044365;2;7;0;0;2;1;1;D01
201600044365;1;7;0;0;2;1;1;B01
201600044365;1;7;0;0;2;1;1;C01
201600044366;0;7;0;0;1;3;1;A01
201600044367;0;7;0;0;2;2;15;A01
201600044367;0;1;0;0;2;1;1;B01
201600044368;0;7;0;0;2;1;5;A01
201600044368;0;7;0;0;2;1;1;B01
201600044369;1;7;0;0;2;1;17;A01
201600044369;2;30;0;0;2;1;1;B01
201600044370;1;10;0;0;1;3;1;A01
201600044371;0;7;0;0;2;1;5;A01
201600044371;0;7;0;0;2;1;1;B01
201600044372;2;37;2;0;2;3;21;B01
201600044372;1;7;0;0;2;3;13;A01
201600044373;0;7;0;0;2;3;13;A01
201600044373;0;14;0;13;2;3;1;B01
201600044374;0;7;0;0;1;1;1;Z01
201600044374;0;7;0;0;2;7;1;B01
201600044375;1;10;0;0;1;4;4;A01
201600044376;0;10;0;12;0;1;1;A01
201600044376;1;10;0;12;0;6;2;B01
201600044377;0;7;0;0;1;2;1;A01
201600044378;1;7;0;11;0;1;1;A01
201600044379;2;7;0;3;0;1;13;A01
201600044380;0;7;0;0;1;3;1;Z01
201600044381;1;7;0;16;0;9;1;A01
201600044382;2;7;0;0;1;1;15;A01
201600044383;2;7;0;9;1;1;14;A01
201600044384;0;7;0;0;2;2;13;A01
201600044384;0;30;0;0;2;1;1;B01
201600044385;2;7;0;0;1;2;1;A01
201600044386;0;7;0;0;2;5;2;C01
201600044386;0;7;0;0;2;4;2;B01
201600044386;0;7;0;0;2;1;1;A01
201600044387;1;7;0;3;0;1;11;A01
201600044388;0;7;0;0;0;4;23;A01
201600044388;0;7;0;0;2;3;1;C01
201600044388;0;10;0;0;2;1;1;D01
201600044388;0;7;0;0;2;1;1;B01
201600044389;0;7;0;0;2;4;2;B01
201600044389;0;33;0;0;2;1;1;A01
201600044390;0;33;0;0;2;1;1;A01
201600044390;0;7;0;0;0;5;2;B01
201600044391;0;7;0;0;0;0;2;A01
201600044391;0;7;0;0;0;0;2;B01
201600044391;0;7;0;0;0;4;2;C01
201600044391;0;7;0;0;0;1;2;D01
201600044392;0;10;0;0;1;4;4;A01
201600044393;0;10;0;0;2;2;15;A01
201600044393;0;33;0;0;2;1;21;B01
201600044394;2;33;0;0;0;0;0;A01
201600044395;0;7;0;0;2;1;1;A01
201600044395;0;7;0;0;2;6;2;C01
201600044395;0;7;0;0;2;4;2;B01
201600044396;0;33;0;16;0;7;1;A01
201600044397;0;7;0;14;0;1;1;A01
201600044398;0;7;0;0;1;1;1;A01
201600044399;0;7;0;16;0;9;1;A01
201600044400;0;7;0;0;1;3;1;A01