Num_Acc;senc;catv;occutc;obs;obsm;choc;manv;num_veh
201600045030;1;7;0;0;2;4;23;A01
201600045031;1;7;0;3;0;9;1;A01
201600045032;1;7;0;0;2;6;2;B01
201600045032;1;7;0;0;2;2;2;A01
201600045033;0;7;0;0;0;0;0;A01
201600045033;0;7;0;0;0;0;0;B01
201600045034;2;15;0;0;2;0;0;A01
201600045034;2;7;0;0;2;0;0;B01
201600045035;2;32;0;0;2;7;3;A01
201600045035;2;7;0;0;2;6;11;B01
201600045036;1;15;0;0;2;1;2;C01
201600045036;1;10;0;0;2;9;23;B01
201600045036;1;15;0;0;2;4;23;A01
201600045037;1;10;0;0;2;4;2;A01
201600045037;1;7;0;0;2;1;2;B01
201600045038;1;7;0;0;2;7;12;A01
201600045038;1;31;0;0;2;8;2;B01
201600045038;1;15;0;0;2;7;14;C01
201600045039;2;7;0;0;0;5;12;A01
201600045039;2;33;0;0;2;1;3;B01
201600045040;2;7;0;0;2;8;1;B01
201600045040;2;14;0;0;2;2;12;A01
201600045041;2;7;0;0;0;0;0;A01
201600045041;1;33;0;0;0;0;0;B01
201600045042;2;7;0;0;2;9;2;C01
201600045042;2;7;0;0;2;9;2;B01
201600045042;2;7;0;0;2;4;1;A01
201600045042;2;7;0;0;2;1;2;D01
201600045043;2;7;0;4;0;8;1;A01
201600045044;2;7;0;13;2;1;18;A01
201600045044;2;7;0;0;2;2;0;B01
201600045044;1;7;0;0;0;1;5;C01
201600045045;1;7;0;0;2;0;0;A01
201600045045;1;7;0;0;2;0;0;B01
201600045046;2;7;0;0;2;4;1;A01
201600045046;2;7;0;0;2;1;2;B01
201600045047;2;7;0;4;0;9;21;A01
201600045048;1;7;0;0;2;4;1;B01
201600045048;1;7;0;0;2;1;2;A01
201600045049;1;7;0;0;2;2;1;A01
201600045049;1;7;0;0;0;0;0;B01
201600045050;1;7;0;0;2;4;2;A01
201600045050;1;7;0;0;2;4;2;B01
201600045050;1;7;0;0;2;1;2;C01
201600045051;2;33;0;0;2;1;1;B01
201600045051;2;7;0;0;2;6;11;A01
201600045052;2;7;0;0;2;6;1;A01
201600045052;2;33;0;0;2;1;2;B01
201600045053;1;7;0;0;2;1;2;C01
201600045053;1;10;0;0;2;4;2;B01
201600045053;1;7;0;0;2;4;2;A01
201600045054;2;17;0;0;2;6;1;A01
201600045054;2;14;0;0;2;1;1;B01
201600045054;2;14;0;0;2;1;1;C01
201600045054;2;7;0;0;2;1;1;D01
201600045055;2;10;0;0;2;8;11;A01
201600045055;2;31;0;0;2;7;1;B01
201600045056;1;7;0;0;2;7;12;A01
201600045056;1;33;0;0;2;8;3;B01
201600045057;1;7;0;0;2;3;11;A01
201600045057;1;31;0;0;2;7;3;B01
201600045058;1;7;0;0;2;4;23;A01
201600045058;1;7;0;0;2;9;23;B01
201600045058;1;7;0;0;2;1;2;C01
201600045059;2;7;0;0;2;5;1;A01
201600045059;2;34;0;0;2;1;3;B01
201600045060;2;7;0;0;2;0;0;A01
201600045060;2;33;0;0;2;7;1;B01
201600045061;2;7;0;0;2;6;1;A01
201600045061;2;31;0;0;2;1;2;B01
201600045062;1;7;0;0;2;8;13;A01
201600045062;1;33;0;0;2;7;3;B01
201600045063;1;7;0;16;0;9;14;A01
201600045064;1;14;0;0;2;1;2;A01
201600045064;1;10;0;0;2;4;23;C01
201600045064;1;7;0;0;2;9;23;B01
201600045065;2;7;0;0;2;7;12;A01
201600045065;2;33;0;0;2;8;1;B01
201600045066;2;7;0;0;2;3;11;A01
201600045066;2;33;0;0;2;2;3;B01
201600045067;1;10;0;0;2;6;11;A01
201600045067;1;33;0;0;2;2;1;B01
201600045068;2;7;0;0;2;5;12;A01
201600045068;2;33;0;0;2;3;1;B01
201600045069;2;7;0;0;2;0;0;A01
201600045069;2;15;0;0;2;4;2;B01
201600045070;2;7;0;0;2;3;11;A01
201600045070;2;33;0;0;2;7;3;B01
201600045071;1;7;0;0;2;5;12;B01
201600045071;1;33;0;0;2;8;3;A01
201600045072;2;7;0;0;2;5;12;A01
201600045072;2;33;0;2;2;1;12;B01
201600045073;2;33;0;0;2;3;1;B01
201600045073;2;7;0;0;2;2;12;A01
201600045074;1;7;0;0;2;2;12;A01
201600045074;1;33;0;0;2;1;3;B01
201600045075;2;7;0;0;2;3;11;A01
201600045075;2;33;0;0;2;7;3;B01
201600045076;2;7;0;0;2;3;11;A01
201600045076;2;7;0;0;2;3;1;C01
201600045076;2;33;0;0;2;9;1;B01
201600045077;1;7;0;0;2;1;2;A01
201600045077;1;7;0;0;2;4;2;B01
201600045077;1;10;0;0;2;4;2;C01
201600045078;1;7;0;0;2;3;11;A01
201600045078;1;7;0;0;2;6;1;C01
201600045078;1;33;0;0;2;9;1;B01
201600045079;1;7;0;0;2;3;2;B01
201600045079;1;7;0;0;2;5;1;A01
201600045080;1;7;0;3;2;7;1;C01
201600045080;1;7;0;0;2;4;23;A01
201600045080;1;7;0;1;2;9;1;B01
201600045081;2;7;0;0;2;6;11;A01
201600045081;2;31;0;0;2;1;1;B01
201600045082;1;7;0;0;2;3;1;A01
201600045082;1;15;0;0;2;2;1;B01
201600045083;1;7;0;0;2;4;1;B01
201600045083;1;7;0;0;2;1;2;A01
201600045084;2;7;0;0;2;4;1;D01
201600045084;2;10;0;0;2;4;12;A01
201600045084;2;17;0;0;2;9;1;B01
201600045084;2;14;0;0;2;7;1;C01
201600045085;1;10;0;0;2;4;1;A01
201600045085;1;7;0;0;2;3;2;B01
201600045086;1;7;0;0;2;8;1;A01
201600045086;1;33;0;0;2;7;3;B01
201600045087;2;33;0;0;2;7;3;B01
201600045087;2;7;0;0;2;3;11;A01
201600045088;1;33;0;0;0;0;2;A01
201600045089;1;7;0;0;2;2;2;C01
201600045089;1;7;0;0;2;4;1;A01
201600045089;1;7;0;0;2;9;2;B01
201600045090;2;7;0;0;2;7;12;A01
201600045090;2;10;0;0;2;8;11;B01
201600045091;2;32;0;16;0;8;1;A01
201600045092;1;10;0;2;2;5;2;A01
201600045092;1;7;0;0;2;1;0;B01
201600045093;1;32;0;16;0;7;1;A01
201600045094;1;33;0;0;2;8;3;B01
201600045094;1;10;0;0;2;2;12;A01
201600045095;1;15;0;0;2;5;2;A01
201600045095;1;15;0;1;0;3;2;B01
201600045096;1;7;0;0;2;6;11;A01
201600045096;1;31;0;0;2;7;1;B01
201600045097;2;7;0;0;2;3;11;A01
201600045097;2;33;0;0;2;2;1;B01
201600045098;1;7;0;0;2;1;1;A01
201600045098;2;7;0;0;2;1;5;B01
201600045099;1;31;0;0;2;1;2;A01
201600045099;1;7;0;0;2;4;2;B01
201600045100;2;7;0;0;2;1;2;A01
201600045100;2;7;0;0;2;5;1;B01
201600045101;1;31;0;0;2;3;3;A01
201600045101;1;7;0;0;2;5;12;B01
201600045102;2;7;0;4;0;0;0;A01
201600045103;1;7;0;0;0;0;0;A01
201600045104;1;7;0;0;2;4;23;B01
201600045104;1;7;0;0;2;1;2;A01
201600045105;2;33;0;0;2;3;1;B01
201600045105;2;7;0;0;2;2;12;A01
201600045106;2;7;0;0;2;8;1;B01
201600045106;2;15;0;0;2;7;12;A01
201600045107;2;33;0;0;2;1;3;A01
201600045107;2;7;0;0;2;6;1;B01
201600045108;1;7;0;0;2;8;11;B01
201600045108;1;7;0;0;2;4;1;C01
201600045108;1;34;0;0;2;2;1;A01
201600045109;1;7;0;0;2;4;23;A01
201600045109;1;7;0;0;2;4;23;B01
201600045109;1;7;0;0;2;1;2;C01
201600045110;1;7;0;0;2;4;17;A01
201600045110;1;7;0;0;2;1;2;B01
201600045111;1;10;0;0;2;2;12;A01
201600045111;1;10;0;13;2;6;1;B01
201600045112;2;7;0;0;6;1;1;A01
201600045113;1;7;0;3;0;1;1;A01
201600045114;1;7;0;4;0;2;1;A01
201600045115;2;33;0;0;2;3;3;A01
201600045115;2;10;0;0;2;7;12;B01
201600045116;1;7;0;0;2;2;1;A01
201600045116;1;30;0;0;2;4;0;B01
201600045117;1;7;0;16;9;1;9;A01
201600045118;2;33;0;0;2;8;3;B01
201600045118;2;7;0;0;2;2;12;A01
201600045119;2;7;0;0;2;9;23;B01
201600045119;2;7;0;0;2;4;23;A01
201600045119;2;10;0;0;2;1;2;C01
201600045120;2;7;0;0;2;2;12;A01
201600045120;2;33;0;0;2;8;3;B01
201600045121;1;7;0;0;2;3;1;B01
201600045121;1;7;0;4;2;7;12;A01
201600045122;1;17;0;3;0;7;14;A01
201600045123;1;33;0;0;2;9;0;A01
201600045123;1;7;0;0;2;0;0;Z01
201600045124;2;7;0;0;2;1;2;A01
201600045124;2;7;0;0;2;1;2;B01
201600045124;2;7;0;0;2;4;2;C01
201600045125;2;7;0;0;2;8;21;E01
201600045125;2;7;0;0;2;4;23;A01
201600045125;2;7;0;0;2;9;2;C01
201600045125;2;7;0;4;2;9;23;B01
201600045125;2;7;0;0;2;1;2;D01
201600045126;1;7;0;0;2;8;1;C01
201600045126;1;34;0;0;2;9;3;A01
201600045126;1;7;0;0;2;5;1;B01
201600045127;2;7;0;0;2;1;2;A01
201600045127;2;7;0;0;2;4;2;B01
201600045128;1;7;0;0;2;9;2;B01
201600045128;1;10;0;0;2;4;1;C01
201600045128;1;7;0;0;2;1;2;A01
201600045129;2;7;0;0;0;0;0;A01
201600045129;2;15;0;0;0;0;0;B01
201600045130;2;7;0;0;2;1;2;A01
201600045130;2;7;0;0;2;9;23;B01
201600045130;2;7;0;0;2;4;23;C01
201600045131;2;7;0;0;2;1;2;B01
201600045131;2;7;0;0;2;4;1;A01
201600045132;2;7;0;0;2;4;1;C01
201600045132;2;10;0;0;2;9;2;B01
201600045132;2;15;0;0;2;1;2;A01
201600045133;1;7;0;0;2;7;1;C01
201600045133;1;7;0;0;2;7;1;B01
201600045133;1;7;0;0;2;5;1;D01
201600045133;1;34;0;0;2;9;3;A01
201600045134;1;7;0;4;0;0;0;A01
201600045135;1;7;0;0;2;2;14;A01
201600045135;1;7;0;0;0;8;0;B01
201600045136;1;10;0;0;2;3;11;B01
201600045136;1;33;0;0;2;7;3;A01
201600045137;2;10;0;0;2;6;11;A01
201600045137;2;34;0;0;2;7;1;B01
201600045138;2;15;0;0;0;0;0;A01
201600045138;2;7;0;0;2;4;2;B01
201600045138;2;15;0;0;2;1;2;C01
201600045139;1;7;0;0;2;7;1;C01
201600045139;1;7;0;0;2;1;1;B01
201600045139;1;7;0;0;2;4;1;A01
201600045140;1;7;0;0;2;1;1;B01
201600045140;1;7;0;0;2;1;19;A01
201600045141;1;7;0;0;2;1;9;A01
201600045141;1;17;0;0;2;1;1;B01
201600045141;1;7;0;0;2;1;1;C01
201600045142;1;7;0;0;0;2;1;A01
201600045142;1;7;0;0;0;3;9;B01
201600045143;1;7;0;13;0;2;0;A01
201600045144;2;31;0;0;2;1;3;B01
201600045144;2;7;0;0;2;4;11;A01
201600045145;2;33;0;0;2;4;23;B01
201600045145;2;7;0;0;2;9;23;C01
201600045145;2;10;0;0;2;1;2;A01
201600045145;2;10;0;0;2;4;23;D01
201600045146;2;7;0;0;2;4;1;C01
201600045146;2;10;0;0;2;1;2;B01
201600045146;2;7;0;0;2;4;1;A01
201600045147;2;7;0;0;2;4;12;A01
201600045147;2;31;0;0;2;1;3;B01
201600045148;2;33;0;0;2;7;3;B01
201600045148;2;7;0;0;2;8;11;A01
201600045149;2;34;0;16;0;8;21;A01
201600045150;2;7;0;0;2;1;2;B01
201600045150;2;10;0;0;2;4;1;A01
201600045151;1;15;0;0;2;1;1;A01
201600045151;1;7;0;0;2;3;9;B01
201600045152;2;7;0;0;2;4;1;A01
201600045152;2;15;0;0;2;8;1;B01
201600045152;2;33;0;0;2;9;3;D01
201600045152;2;33;0;0;0;9;1;C01
201600045153;1;7;0;3;2;1;2;A01
201600045153;1;7;0;0;2;4;2;B01
201600045154;2;7;0;4;2;6;1;A01
201600045154;2;17;0;0;2;2;12;B01
201600045155;2;7;0;0;2;8;1;B01
201600045155;2;13;0;0;2;2;12;A01
201600045156;2;7;0;4;0;1;1;A01
201600045157;2;7;0;4;2;8;11;A01
201600045157;2;7;0;4;2;2;11;B01
201600045158;1;33;0;3;0;2;2;A01
201600045159;2;7;0;0;2;4;23;B01
201600045159;2;7;0;0;2;1;2;A01
201600045160;1;7;0;0;2;2;1;D01
201600045160;1;10;0;3;2;9;1;B01
201600045160;1;7;0;0;2;2;1;C01
201600045160;1;7;0;4;2;9;14;A01
201600045161;1;7;0;4;0;1;1;A01
201600045162;1;7;0;0;2;1;2;A01
201600045162;1;7;0;0;2;4;23;B01
201600045163;2;7;0;0;2;2;12;B01
201600045163;2;33;0;0;2;8;3;A01
201600045164;1;10;0;0;2;1;2;B01
201600045164;1;7;0;0;2;4;2;A01
201600045165;2;33;0;0;2;1;3;A01
201600045165;2;7;0;0;2;5;12;B01
201600045166;1;7;0;0;2;2;2;A01
201600045166;1;7;0;0;2;4;2;B01
201600045166;1;7;0;0;2;4;2;C01
201600045166;1;10;0;0;2;3;1;D01
201600045167;1;7;0;0;2;3;11;A01
201600045167;1;31;0;0;2;1;3;B01
201600045168;2;2;0;0;2;8;0;A01
201600045169;2;33;0;0;2;8;3;A01
201600045169;2;13;0;0;2;8;1;C01
201600045169;2;7;0;0;2;7;12;B01
201600045170;2;33;0;0;2;1;3;B01
201600045170;2;7;0;0;2;4;11;A01
201600045171;2;33;0;0;2;1;12;A01
201600045171;2;7;0;0;2;3;12;B01
201600045172;1;7;0;0;2;4;2;A01
201600045172;1;7;0;0;2;1;2;B01
201600045173;1;7;0;0;2;7;12;A01
201600045173;1;32;0;0;2;8;3;B01
201600045174;2;7;0;4;0;1;1;A01
201600045175;2;7;0;0;2;9;1;B01
201600045175;2;7;0;0;2;8;1;D01
201600045175;2;14;0;0;2;7;1;C01
201600045175;2;7;0;0;2;3;11;A01
201600045176;2;7;0;0;2;6;12;B01
201600045176;2;34;0;0;2;1;3;A01
201600045177;1;7;0;4;0;3;21;A01
201600045177;1;7;0;0;0;0;11;B01
201600045178;2;10;0;0;2;6;1;A01
201600045178;2;7;0;0;2;3;11;C01
201600045178;2;7;0;0;2;5;1;B01
201600045179;2;10;0;0;2;4;2;A01
201600045179;2;7;0;0;2;4;2;B01
201600045179;2;10;0;0;2;4;2;C01
201600045179;2;10;0;0;2;4;2;D01
201600045179;2;10;0;0;2;1;2;E01
201600045180;2;10;0;0;2;1;2;A01
201600045180;2;7;0;0;2;4;2;B01
201600045180;2;7;0;0;2;4;2;C01
201600045181;2;33;0;0;2;9;3;C01
201600045181;2;7;0;0;2;4;1;B01
201600045181;2;7;0;0;2;7;1;A01
201600045182;2;7;0;0;2;8;11;B01
201600045182;2;33;0;0;2;2;1;A01
201600045183;1;7;0;0;2;5;1;B01
201600045183;1;7;0;0;2;3;13;A01
201600045184;1;7;0;0;2;8;1;C01
201600045184;1;7;0;0;2;3;21;B01
201600045184;1;7;0;0;0;5;1;A01
201600045184;0;7;0;0;0;0;1;D01
201600045185;2;7;0;0;2;1;2;A01
201600045185;2;15;0;0;2;5;1;B01
201600045186;1;7;0;0;2;6;2;B01
201600045186;1;33;0;0;2;7;21;C01
201600045186;1;7;0;0;2;4;2;A01
201600045187;1;17;0;13;0;1;1;A01
201600045188;2;33;0;0;2;6;3;B01
201600045188;2;33;0;0;2;1;3;A01
201600045188;2;7;0;0;2;6;23;C01
201600045189;2;15;0;0;2;1;2;C01
201600045189;2;14;0;0;2;4;2;B01
201600045189;2;15;0;0;2;4;2;A01
201600045190;2;7;0;0;2;1;2;C01
201600045190;2;7;0;0;9;6;2;B01
201600045190;2;7;0;0;2;4;2;A01
201600045191;1;7;0;0;2;8;11;B01
201600045191;1;34;0;0;2;2;3;A01
201600045192;1;33;0;0;2;1;1;B01
201600045192;1;7;0;0;2;8;11;A01
201600045193;1;7;0;3;2;2;1;A01
201600045193;1;10;0;0;2;2;1;B01
201600045194;1;7;0;0;2;6;23;A01
201600045194;1;7;0;0;2;1;2;B01
201600045195;1;33;0;0;2;4;2;A01
201600045196;2;7;0;0;2;1;2;A01
201600045196;2;7;0;0;2;4;2;B01
201600045196;2;7;0;0;2;4;2;C01
201600045196;2;7;0;0;2;4;2;D01
201600045197;2;7;0;0;0;0;0;A01
201600045198;1;10;0;0;2;1;2;C01
201600045198;1;10;0;0;2;4;23;A01
201600045198;1;7;0;0;2;9;23;B01
201600045199;1;10;0;0;2;4;2;A01
201600045199;1;7;0;0;2;4;2;B01
201600045199;1;10;0;0;2;1;2;C01
201600045200;2;15;0;0;2;2;12;A01
201600045200;2;7;0;0;2;6;1;B01
201600045201;1;32;0;0;2;3;1;C01
201600045201;1;10;0;0;2;5;23;A01
201600045201;1;31;0;0;2;9;2;B01
201600045202;1;17;0;0;2;1;1;A01
201600045202;1;7;0;0;2;1;5;B01
201600045203;1;10;0;0;2;4;1;A01
201600045203;1;7;0;0;2;1;1;B01
201600045204;1;7;0;0;2;8;11;A01
201600045204;1;33;0;0;2;7;3;B01
201600045205;1;33;0;0;2;1;3;A01
201600045205;1;10;0;0;2;4;11;B01
201600045206;2;7;0;0;2;4;1;A01
201600045206;2;7;0;0;2;9;2;B01
201600045206;2;7;0;0;2;1;2;C01
201600045207;2;7;0;0;2;1;2;C01
201600045207;2;7;0;0;2;4;23;A01
201600045207;2;7;0;0;2;9;23;B01
201600045208;1;15;0;0;2;7;12;A01
201600045208;1;7;0;3;2;8;1;B01
201600045209;1;7;0;6;0;7;1;A01
201600045210;2;7;0;0;2;8;11;A01
201600045210;2;33;0;0;2;2;3;B01
201600045211;2;33;0;0;2;7;3;A01
201600045211;2;7;0;0;2;6;23;C01
201600045211;2;7;0;0;2;5;23;D01
201600045211;2;7;0;0;2;3;13;B01
201600045212;1;33;0;0;2;9;3;A01
201600045212;1;7;0;0;2;7;1;B01
201600045213;1;33;0;12;0;1;1;A01
201600045214;2;7;0;0;2;3;9;B01
201600045214;2;32;0;0;2;5;1;A01
201600045215;1;7;0;0;6;1;1;A01
201600045216;2;7;0;0;2;4;2;A01
201600045216;2;14;0;0;2;1;2;B01
201600045217;2;7;0;0;2;4;2;A01
201600045217;2;7;0;0;2;1;2;B01
201600045218;2;10;0;0;2;4;1;A01
201600045218;2;7;0;0;2;1;2;Z01
201600045219;2;7;0;3;2;8;2;A01
201600045219;2;17;0;0;2;2;2;B01
201600045220;2;7;0;0;2;8;11;A01
201600045220;2;32;0;0;2;2;3;B01
201600045221;1;13;0;0;2;1;2;A01
201600045221;1;7;0;0;2;9;2;D01
201600045221;1;7;0;0;2;4;1;E01
201600045221;1;10;0;0;2;9;2;C01
201600045221;1;10;0;0;2;9;2;B01
201600045222;1;14;0;0;2;1;2;A01
201600045222;1;7;0;0;2;4;1;B01
201600045223;2;7;0;0;2;3;11;A01
201600045223;2;32;0;0;2;2;3;B01
201600045224;1;7;0;0;2;1;2;A01
201600045224;1;7;0;0;2;4;2;C01
201600045224;1;7;0;0;2;4;2;B01
201600045225;2;14;0;0;2;6;1;A01
201600045225;2;17;0;0;2;4;2;B01
201600045225;2;7;0;0;2;4;1;C01
201600045225;2;17;0;0;2;4;1;D01
201600045225;2;17;0;0;2;4;2;E01
201600045225;2;17;0;0;2;1;2;F02
201600045226;1;7;0;0;2;4;23;C01
201600045226;1;7;0;0;2;1;2;A01
201600045226;1;7;0;0;2;9;23;B01
201600045227;1;7;0;0;2;6;12;A01
201600045227;1;33;0;0;2;1;3;B01
201600045228;2;10;0;0;2;5;1;A01
201600045228;2;7;0;0;2;3;2;B01
201600045229;1;7;0;0;2;8;1;B01
201600045229;1;14;0;0;2;2;12;A01
201600045230;2;7;0;0;2;4;1;A01
201600045230;2;7;0;0;2;1;2;B01
201600045231;2;31;0;16;0;8;21;A01
201600045232;1;10;0;0;2;4;23;B01
201600045232;1;7;0;0;2;1;2;A01
201600045233;2;10;0;0;2;6;11;A01
201600045233;2;33;0;0;2;2;3;B01
201600045234;2;33;0;4;0;3;13;A01
201600045235;2;7;0;0;2;4;1;A01
201600045235;2;7;0;0;2;1;2;B01
201600045236;2;7;0;1;0;1;0;A01
201600045236;2;14;0;0;2;4;23;B01
201600045237;2;7;0;0;2;4;1;A01
201600045237;2;15;0;0;2;1;2;B01
201600045238;2;7;0;0;2;5;23;C01
201600045238;2;33;0;0;2;1;3;A01
201600045238;2;7;0;0;2;7;23;B01
201600045239;2;31;0;0;2;1;2;C01
201600045239;2;7;0;0;0;0;12;A01
201600045239;2;7;0;0;2;4;21;B01
201600045240;2;7;0;0;2;6;1;A01
201600045240;2;33;0;0;2;7;2;B01
201600045241;1;7;0;0;2;4;2;C01
201600045241;1;7;0;0;2;3;2;A01
201600045241;1;7;0;0;2;5;2;B01
201600045242;2;7;0;4;0;3;2;A01
201600045242;2;7;0;3;0;4;2;B01
201600045242;2;17;0;0;2;1;2;C01
201600045242;2;7;0;0;2;1;2;D01
201600045242;2;7;0;0;2;1;2;E01
201600045243;2;17;0;0;2;4;2;B01
201600045243;2;10;0;0;2;1;2;A01
201600045244;2;7;0;4;0;3;1;A01
201600045245;2;7;0;0;2;4;1;A01
201600045245;2;7;0;0;2;2;12;Z01
201600045245;2;32;0;0;2;9;3;B01
201600045246;1;33;0;0;2;8;3;A01
201600045246;1;7;0;0;2;5;12;B01
201600045247;1;7;0;0;2;8;11;A01
201600045247;2;34;0;0;2;7;3;B01
201600045248;2;7;0;0;2;4;1;A01
201600045248;2;7;0;0;2;1;2;B01
201600045249;1;7;0;3;0;9;15;A01
201600045250;2;7;0;3;0;1;14;A01
201600045251;1;7;0;3;0;2;1;A01
201600045252;2;7;0;3;0;1;0;A01
201600045253;2;7;0;4;0;1;1;A01
201600045254;1;7;0;0;2;1;2;B01
201600045254;1;7;0;4;2;7;1;A01
201600045255;2;7;0;4;0;9;14;A01
201600045255;2;7;0;0;2;1;1;B01
201600045256;2;15;0;0;2;3;13;A01
201600045256;2;7;0;0;2;5;1;B01
201600045257;2;7;0;4;0;2;14;A01
201600045258;2;7;0;4;0;1;0;A01
201600045259;1;7;0;4;0;1;13;A01
201600045260;2;10;0;0;2;1;21;C01
201600045260;2;7;0;0;2;1;21;B01
201600045260;2;7;0;0;2;6;23;A01
201600045260;2;15;0;0;2;1;0;D01
201600045261;1;33;0;0;0;7;1;A01
201600045261;1;7;0;0;0;0;0;Z01
201600045262;1;7;0;4;0;1;14;A01
201600045263;2;7;0;4;0;3;1;A01
201600045264;2;7;0;0;2;1;0;B01
201600045264;2;7;0;0;2;4;0;A01
201600045265;1;7;0;0;2;5;11;A01
201600045265;1;7;0;0;2;3;1;B01
201600045266;1;7;0;4;0;9;13;A01
201600045267;1;7;0;3;0;1;13;A01
201600045268;1;7;0;0;2;1;0;A01
201600045268;1;7;0;0;2;6;0;B01
201600045269;2;7;0;3;0;0;0;A01
201600045270;1;7;0;4;0;1;13;A01
201600045271;2;33;0;1;0;1;1;A01
201600045271;2;7;0;0;2;4;23;Z01
201600045272;2;7;0;0;2;4;2;C01
201600045272;2;7;0;0;2;9;2;B01
201600045272;2;7;0;0;2;1;1;A01
201600045273;2;33;0;0;2;1;3;B01
201600045273;2;7;0;0;2;8;11;A01
201600045274;1;7;0;4;0;1;14;A01
201600045275;2;7;0;0;2;5;1;A01
201600045275;2;7;0;0;2;3;9;B01
201600045276;1;7;0;0;2;5;0;A01
201600045276;1;33;0;0;2;1;3;C01
201600045276;1;10;0;0;2;8;2;B01
201600045277;2;33;0;0;2;1;3;A01
201600045277;2;7;0;0;2;8;1;C01
201600045277;2;10;0;0;2;4;1;D01
201600045277;2;7;0;0;2;7;1;B01
201600045278;1;7;0;0;0;7;1;A01
201600045278;1;7;0;0;0;0;0;Z01
201600045279;2;33;0;0;2;1;0;A01
201600045280;2;7;0;16;0;3;1;A01
201600045281;2;7;0;0;2;4;1;C01
201600045281;2;7;0;0;2;7;12;A01
201600045281;2;33;0;0;2;1;3;B01
201600045282;2;7;0;0;2;1;0;A01
201600045282;2;7;0;0;2;4;0;B01
201600045283;2;7;0;16;0;9;1;A01
201600045284;2;7;0;0;2;9;2;C01
201600045284;2;7;0;0;2;1;1;A01
201600045284;2;7;0;0;2;4;2;B01
201600045285;1;7;0;0;2;1;1;A01
201600045285;1;7;0;0;2;4;2;B01
201600045286;1;7;0;0;2;1;2;A01
201600045286;1;7;0;0;2;4;0;Z01
201600045287;1;7;0;3;0;1;1;A01
201600045288;2;7;0;0;2;6;1;B01
201600045288;2;7;0;4;2;2;17;A01
201600045289;1;7;0;4;0;3;1;A01
201600045290;2;7;0;13;0;1;14;A01
201600045291;1;7;0;4;0;1;14;A01
201600045292;2;3;0;4;0;2;0;A01
201600045293;1;7;0;4;0;3;13;A01
201600045294;1;7;0;4;0;1;13;A01
201600045295;2;7;0;0;2;4;2;A01
201600045295;2;7;0;0;2;1;2;C01
201600045295;2;7;0;0;2;1;2;D01
201600045295;2;7;0;0;2;2;1;B01
201600045296;1;7;0;0;2;2;12;A01
201600045296;1;15;0;0;2;2;1;B01
201600045297;1;34;0;0;2;5;1;A01
201600045297;1;7;0;0;2;3;1;B01
201600045297;1;7;0;0;2;0;0;Z01
201600045298;1;7;0;0;2;4;0;A01
201600045298;1;7;0;0;2;1;0;Z01
201600045299;2;33;0;0;2;2;3;A01
201600045299;2;7;0;0;2;5;1;B01
201600045300;1;7;0;0;0;4;2;B01
201600045300;1;7;0;0;2;2;1;A01
201600045301;2;7;0;4;0;2;18;A01
201600045302;1;7;0;0;2;3;1;B01
201600045302;1;7;0;3;0;1;13;A01
201600045303;2;7;0;0;2;9;0;A01
201600045303;2;15;0;0;2;1;0;B01
201600045304;2;7;0;0;2;3;1;A01
201600045304;2;7;0;0;2;5;2;B01
201600045305;1;7;0;0;2;7;1;A01
201600045305;1;7;0;0;2;9;18;B01
201600045306;1;33;0;0;2;0;0;B01
201600045306;1;7;0;0;2;0;0;A01
201600045307;1;34;0;0;0;7;18;A01
201600045308;1;7;0;0;2;1;1;A01
201600045308;1;15;0;0;2;1;1;C01
201600045308;1;7;0;0;2;9;9;B01
201600045309;2;7;0;0;2;7;12;A01
201600045309;2;33;0;0;2;8;3;B01
201600045310;1;7;0;3;0;2;1;A01
201600045311;1;7;0;4;0;2;14;A01
201600045312;2;10;0;4;0;5;14;A01
201600045313;2;7;0;0;2;4;1;B01
201600045313;2;7;0;0;2;1;0;A01
201600045314;2;7;0;0;2;7;0;B01
201600045314;2;20;0;0;2;8;0;A01
201600045315;2;10;0;0;2;4;2;B01
201600045315;2;7;0;0;2;1;2;A01
201600045316;2;7;0;4;0;9;13;A01
201600045317;1;7;0;4;0;9;13;A01
201600045318;2;34;0;0;2;1;3;A01
201600045318;2;7;0;0;2;6;1;B01
201600045319;2;10;0;0;2;9;2;B01
201600045319;2;10;0;0;2;4;2;D01
201600045319;2;7;0;0;2;9;2;C01
201600045319;2;7;0;0;2;1;1;A01
201600045320;2;7;0;4;0;7;14;A01
201600045321;1;10;0;0;2;1;9;A01
201600045321;1;7;0;0;2;4;2;B01
201600045322;2;7;0;0;2;8;11;A01
201600045322;2;34;0;0;2;7;1;B01
201600045323;2;7;0;0;2;5;2;A01
201600045323;2;7;0;0;2;3;1;B01
201600045324;1;7;0;3;0;1;13;A01
201600045325;1;33;0;4;0;3;13;A01
201600045326;2;7;0;0;2;4;0;B01
201600045326;2;7;0;0;2;1;2;A01
201600045327;2;7;0;4;0;1;11;A01
201600045328;1;7;0;4;2;1;12;B01
201600045328;1;7;0;0;0;4;1;A01
201600045328;1;7;0;0;2;1;1;C01
201600045329;1;7;0;0;2;1;0;A01
201600045329;1;7;0;0;2;0;0;C01
201600045329;1;7;0;0;2;0;0;B01
201600045330;2;7;0;0;2;2;0;B01
201600045330;2;7;0;0;2;5;23;A01