Num_Acc;senc;catv;occutc;obs;obsm;choc;manv;num_veh
201600045665;1;7;0;0;2;4;0;D01
201600045665;1;10;0;0;2;4;0;B01
201600045665;1;33;0;0;2;1;0;A01
201600045665;1;10;0;0;0;0;0;Z01
201600045665;1;7;0;0;2;4;0;C01
201600045666;1;7;0;0;2;2;1;B01
201600045666;1;7;0;0;2;3;11;A01
201600045667;1;15;0;0;2;4;2;A01
201600045667;1;15;0;0;2;1;2;B01
201600045668;2;7;0;0;0;0;0;E01
201600045668;2;7;0;0;0;0;0;A01
201600045669;2;7;0;0;2;4;2;A01
201600045669;2;7;0;0;2;4;2;B01
201600045669;2;7;0;0;2;1;1;C01
201600045670;1;7;0;4;0;2;2;A01
201600045671;2;7;0;0;2;0;0;A01
201600045671;2;7;0;0;2;0;0;D01
201600045671;2;7;0;0;2;0;0;C01
201600045671;2;7;0;0;2;0;0;B01
201600045671;2;7;0;0;2;0;0;E01
201600045672;1;33;0;0;2;0;0;B01
201600045672;1;7;0;0;2;0;0;A01
201600045673;1;7;0;0;2;4;2;D01
201600045673;1;7;0;0;2;1;2;A01
201600045673;1;7;0;0;2;4;2;C01
201600045673;1;7;0;0;2;4;2;E01
201600045673;1;7;0;0;2;4;2;B01
201600045674;2;31;0;0;2;1;1;D01
201600045674;2;7;0;0;2;2;11;A01
201600045674;2;7;0;0;2;4;1;C01
201600045674;2;7;0;0;2;6;1;B01
201600045675;2;7;0;16;0;1;0;A01
201600045676;2;33;0;16;0;7;12;A01
201600045677;2;7;0;0;2;1;1;A01
201600045677;2;7;0;0;2;4;1;C01
201600045677;2;7;0;0;2;4;1;B01
201600045678;1;7;0;0;2;5;2;B01
201600045678;1;7;0;3;2;1;17;A01
201600045679;2;7;0;0;2;3;11;B01
201600045679;2;7;0;0;2;2;3;A01
201600045680;2;15;0;0;2;2;14;B01
201600045680;2;7;0;0;2;6;13;A01
201600045681;1;7;0;0;2;1;1;A01
201600045681;1;7;0;0;2;4;2;B01
201600045682;2;7;0;4;0;6;13;A01
201600045683;1;33;0;0;2;1;3;B01
201600045683;1;7;0;0;2;4;1;D01
201600045683;1;7;0;0;2;7;12;A01
201600045683;1;7;0;0;2;5;1;C01
201600045684;1;7;0;6;0;1;13;A01
201600045685;1;7;0;0;2;1;1;B01
201600045685;1;7;0;0;2;6;2;A01
201600045685;1;7;0;0;2;4;2;C01
201600045686;2;7;0;0;2;4;2;C01
201600045686;2;7;0;0;2;0;0;A01
201600045686;2;7;0;0;2;4;2;B01
201600045687;2;33;0;0;2;8;3;A01
201600045687;2;7;0;0;2;7;12;B01
201600045688;2;33;0;0;0;0;0;A01
201600045688;0;1;0;0;0;0;0;Z01
201600045689;1;7;0;0;2;4;1;C01
201600045689;1;7;0;0;2;9;1;B01
201600045689;1;7;0;0;2;1;1;A01
201600045690;1;7;0;4;0;1;13;A01
201600045691;2;7;0;4;0;1;0;A01
201600045692;1;15;0;0;2;2;1;B01
201600045692;1;31;0;0;2;9;9;A01
201600045693;2;7;0;3;0;9;9;A01
201600045694;2;10;0;0;2;1;2;A01
201600045694;2;7;0;0;2;4;2;B01
201600045695;1;7;0;3;0;9;9;A01
201600045696;2;7;0;0;2;1;0;A01
201600045696;2;7;0;0;2;4;0;B01
201600045697;2;7;0;4;2;9;2;B01
201600045697;2;7;0;0;2;1;1;A01
201600045698;2;7;0;0;2;7;0;A01
201600045698;2;30;0;0;2;8;0;B01
201600045698;2;15;0;0;2;8;0;C01
201600045699;2;7;0;0;2;5;12;A01
201600045699;2;33;0;0;2;1;3;B01
201600045700;2;33;0;0;0;8;14;A01
201600045701;2;7;0;0;2;1;2;C01
201600045701;2;7;0;0;2;1;2;B01
201600045701;2;7;0;0;0;4;2;A01
201600045702;1;33;0;0;2;8;9;A01
201600045702;1;7;0;0;2;7;1;B01
201600045703;2;7;0;4;0;7;14;A01
201600045704;1;10;0;0;2;4;0;B01
201600045704;1;10;0;0;2;1;0;A01
201600045705;1;7;0;0;2;7;12;A01
201600045705;1;7;0;0;2;8;1;B01
201600045706;1;7;0;0;2;8;1;B01
201600045706;1;33;0;0;2;7;3;A01
201600045707;1;7;0;0;2;1;0;A01
201600045707;1;7;0;0;2;4;0;B01
201600045708;1;7;0;0;2;7;12;B01
201600045708;0;7;0;0;2;3;2;A01
201600045709;0;7;0;0;2;4;0;B01
201600045709;1;7;0;0;2;1;0;A01
201600045709;0;7;0;0;0;0;0;C01
201600045710;2;7;0;4;0;5;14;A01
201600045711;2;10;0;0;2;1;1;B01
201600045711;2;7;0;0;2;6;11;A01
201600045712;1;7;0;0;2;1;2;A01
201600045712;1;7;0;0;2;4;2;B01
201600045713;2;7;0;0;2;3;11;A01
201600045713;2;15;0;0;2;2;2;B01
201600045713;2;7;0;0;2;4;2;C01
201600045714;1;15;0;0;2;2;1;B01
201600045714;1;7;0;0;2;3;11;A01
201600045714;1;7;0;0;2;4;2;D01
201600045714;1;7;0;0;2;1;2;C01
201600045715;1;7;0;3;0;0;0;A01
201600045716;2;7;0;0;2;6;0;D01
201600045716;2;7;0;0;2;2;0;B01
201600045716;2;33;0;0;2;1;0;A01
201600045716;2;7;0;0;2;5;0;C01
201600045717;2;7;0;0;2;4;0;B01
201600045717;2;7;0;0;2;1;2;A01
201600045718;2;10;0;13;0;2;14;A01
201600045719;2;7;0;0;2;0;0;Z01
201600045719;2;33;0;0;2;1;3;A01
201600045719;2;7;0;0;2;4;1;B01
201600045720;2;10;0;0;2;4;2;C01
201600045720;2;7;0;0;2;3;2;A01
201600045720;2;10;0;0;2;5;2;B01
201600045721;1;7;0;4;0;3;1;A01
201600045722;1;7;0;0;2;1;2;B01
201600045722;1;7;0;0;2;4;1;A01
201600045723;1;7;0;4;0;5;18;A01
201600045724;1;31;0;0;0;1;1;A01
201600045725;2;7;0;16;2;9;21;A01
201600045726;1;7;0;0;9;1;2;A01
201600045727;2;7;0;3;0;3;14;A01
201600045728;2;7;0;3;0;1;13;A01
201600045729;2;7;0;3;0;9;0;A01
201600045730;2;7;0;4;0;9;2;A01
201600045731;1;7;0;4;0;1;21;A01
201600045732;2;7;0;0;2;3;2;A01
201600045732;1;7;0;0;0;4;2;B01
201600045733;2;33;0;0;2;7;3;A01
201600045733;2;10;0;0;2;7;1;B01
201600045733;2;7;0;0;2;8;1;C01
201600045734;1;7;0;0;9;9;1;A01
201600045735;2;7;0;4;0;1;13;A01
201600045736;2;10;0;0;2;4;2;B01
201600045736;2;34;0;0;2;1;3;A01
201600045737;2;7;0;4;0;2;1;A01
201600045738;2;7;0;0;2;6;9;A01
201600045738;2;10;0;0;2;2;2;B01
201600045739;2;15;0;0;2;2;1;B01
201600045739;2;7;0;0;2;1;9;A01
201600045740;2;7;0;0;2;1;1;A01
201600045740;2;7;0;0;2;4;2;C01
201600045740;2;7;0;0;2;4;2;B01
201600045741;2;7;0;3;0;1;0;A01
201600045742;2;15;0;0;2;2;0;Z01
201600045742;2;7;0;0;2;6;1;A01
201600045743;2;7;0;4;0;1;0;A01
201600045744;2;7;0;0;2;3;11;A01
201600045744;2;33;0;0;2;1;3;B01
201600045744;2;7;0;0;2;6;2;C01
201600045745;1;7;0;0;2;1;2;A01
201600045745;1;7;0;0;2;4;2;B01
201600045746;1;33;0;0;2;8;3;A01
201600045746;1;7;0;0;2;7;0;Z01
201600045746;1;7;0;0;2;6;1;C01
201600045747;2;7;0;0;2;0;0;A01
201600045748;1;7;0;0;2;1;2;D01
201600045748;1;7;0;0;2;6;2;B01
201600045748;1;7;0;0;2;3;2;C01
201600045748;1;7;0;0;2;1;1;A01
201600045749;2;7;0;0;2;1;0;A01
201600045749;2;7;0;0;2;0;0;B01
201600045749;2;10;0;0;2;4;0;C01
201600045750;2;7;0;0;2;1;0;A01
201600045750;2;17;0;0;2;0;0;C01
201600045750;2;7;0;0;2;0;0;B01
201600045751;2;34;0;0;2;5;2;A01
201600045751;2;7;0;0;2;5;11;B01
201600045752;2;7;0;0;2;2;1;B01
201600045752;2;7;0;0;2;8;1;A01
201600045753;2;7;0;0;2;1;1;A01
201600045753;2;7;0;0;2;5;2;B01
201600045754;1;7;0;4;0;3;13;A01
201600045755;2;7;0;0;2;8;1;B01
201600045755;2;7;0;3;2;1;0;A01
201600045756;1;7;0;0;2;1;1;A01
201600045756;1;7;0;0;2;4;2;C01
201600045756;1;33;0;0;2;9;3;D01
201600045756;1;7;0;0;2;4;2;B01
201600045757;2;7;0;0;2;4;2;B01
201600045757;2;10;0;0;2;9;2;C01
201600045757;2;7;0;0;2;3;1;A01
201600045758;2;7;0;16;0;9;1;A01
201600045759;1;10;0;0;2;4;2;B01
201600045759;1;7;0;0;2;1;1;A01
201600045760;1;7;0;4;0;3;13;A01
201600045761;1;7;0;0;2;5;2;A01
201600045761;1;7;0;0;2;1;2;B01
201600045762;2;10;0;0;2;1;2;C01
201600045762;2;7;0;0;2;4;2;B01
201600045762;2;7;0;0;2;4;2;A01
201600045763;1;7;0;16;2;4;2;B01
201600045763;1;7;0;0;2;3;1;A01
201600045763;1;14;0;1;0;3;1;C01
201600045764;1;7;0;5;0;1;3;A01
201600045765;1;7;0;0;2;4;1;B01
201600045765;1;7;0;0;2;1;2;A01
201600045766;2;7;0;0;2;1;1;A01
201600045766;2;7;0;0;2;4;2;B01
201600045766;2;7;0;0;2;4;2;C01
201600045766;2;7;0;0;2;4;2;D01
201600045767;1;33;0;0;0;8;0;A01
201600045768;1;7;0;4;0;3;11;A01
201600045769;1;7;0;4;0;1;16;A01
201600045770;2;7;0;4;0;3;13;A01
201600045771;1;7;0;0;2;1;2;A01
201600045771;1;7;0;0;2;4;2;B01
201600045772;2;7;0;0;2;6;1;B01
201600045772;2;10;0;0;2;2;17;A01
201600045773;2;7;0;0;0;3;0;A01
201600045774;2;7;0;0;2;4;2;D01
201600045774;2;7;0;0;2;4;2;B01
201600045774;2;7;0;0;2;1;2;A01
201600045774;2;7;0;0;2;4;2;C01
201600045775;1;7;0;0;2;4;2;B01
201600045775;1;7;0;0;2;1;2;A01
201600045776;2;7;0;0;2;2;12;A01
201600045776;2;7;0;0;2;4;1;B01
201600045776;2;7;0;0;2;4;1;C01
201600045777;2;7;0;16;0;9;14;A01
201600045778;1;7;0;0;0;2;0;A01
201600045779;1;7;0;0;0;0;0;A01
201600045780;1;7;0;3;0;1;0;A01
201600045781;2;7;0;0;2;3;9;A01
201600045781;2;7;0;0;2;2;1;B01
201600045782;1;33;0;0;0;7;1;A01
201600045783;1;7;0;13;0;1;0;A01
201600045784;2;7;0;4;0;3;13;A01
201600045785;1;7;0;0;2;7;0;D01
201600045785;1;15;0;0;2;3;0;A01
201600045785;1;15;0;0;2;1;0;B01
201600045785;1;7;0;0;2;8;0;C01
201600045786;2;7;0;0;2;4;2;B01
201600045786;2;33;0;0;2;1;2;A01
201600045787;1;7;0;0;2;4;2;B01
201600045787;1;7;0;0;2;1;2;A01
201600045788;1;7;0;0;2;5;2;B01
201600045788;1;7;0;0;2;8;2;C01
201600045788;1;34;0;0;2;1;3;A01
201600045789;2;34;0;0;2;7;17;A01
201600045789;2;33;0;0;2;3;1;B01
201600045790;2;33;0;0;2;8;0;B01
201600045790;2;7;0;0;2;7;0;A01
201600045791;2;15;0;4;0;3;0;A01
201600045792;2;1;0;14;0;1;1;A01
201600045793;1;7;0;0;2;4;2;B01
201600045793;1;7;0;0;2;1;1;A01
201600045794;2;10;0;0;2;1;2;A01
201600045794;2;7;0;0;2;4;2;B01
201600045795;2;33;0;0;2;1;0;F02
201600045795;2;7;0;0;2;1;0;E01
201600045795;2;7;0;0;2;0;0;A01
201600045795;2;7;0;0;2;3;0;B01
201600045795;2;15;0;0;9;1;0;G02
201600045795;2;7;0;0;2;1;0;D01
201600045795;2;7;0;0;2;1;0;C01
201600045796;1;32;0;2;0;1;2;A01
201600045797;1;7;0;0;2;1;0;A01
201600045797;1;7;0;0;2;4;0;B01
201600045798;1;7;0;4;0;1;1;A01
201600045799;1;31;0;0;2;7;0;A01
201600045799;1;7;0;0;2;8;0;B01
201600045800;2;13;0;0;2;8;1;C01
201600045800;2;7;0;0;2;4;2;A01
201600045800;2;31;0;0;2;7;3;B01
201600045801;2;7;0;0;2;1;18;A01
201600045802;2;32;0;4;0;9;1;A01
201600045803;2;7;0;4;0;5;14;A01
201600045804;2;7;0;3;0;1;0;Z01
201600045804;2;7;0;0;2;1;0;A01
201600045805;1;7;0;0;2;3;0;B01
201600045805;1;7;0;0;2;2;0;A01
201600045806;1;10;0;0;2;9;1;A01
201600045806;1;7;0;0;2;8;1;C01
201600045806;1;15;0;0;2;6;2;B01
201600045807;1;7;0;0;2;0;0;A01
201600045807;1;7;0;0;2;0;0;B01
201600045808;1;7;0;4;0;9;1;A01
201600045809;2;7;0;0;2;4;2;C01
201600045809;2;33;0;0;2;4;2;B01
201600045809;2;7;0;0;2;4;2;D01
201600045809;2;7;0;0;2;1;2;A01
201600045810;2;7;0;0;2;5;2;B01
201600045810;2;33;0;0;2;1;1;A01
201600045811;1;33;0;3;0;2;12;A01
201600045812;2;34;0;0;2;3;3;B01
201600045812;2;7;0;0;2;5;2;C01
201600045812;2;33;0;0;2;1;0;A01
201600045812;2;7;0;0;2;7;1;D01
201600045813;1;7;0;0;2;1;12;Z01
201600045813;1;7;0;0;2;4;2;A01
201600045814;2;7;0;0;2;0;0;B01
201600045814;2;33;0;0;2;3;0;A01
201600045815;1;7;0;0;2;1;1;A01
201600045815;1;7;0;0;2;4;2;B01
201600045816;2;34;0;0;2;1;3;A01
201600045816;2;7;0;0;2;7;12;B01
201600045817;1;7;0;0;2;5;1;B01
201600045817;1;7;0;4;2;1;21;A01
201600045818;2;7;0;2;0;1;1;A01
201600045819;1;7;0;0;2;1;2;A01
201600045819;1;7;0;0;2;4;2;B01
201600045820;0;7;0;0;2;1;0;A01
201600045820;1;7;0;0;2;4;0;B01
201600045821;1;33;0;0;2;1;3;B01
201600045821;1;7;0;0;2;5;12;A01
201600045822;1;33;0;0;2;3;3;B01
201600045822;1;7;0;0;2;2;1;A01
201600045823;1;7;0;0;2;3;11;B01
201600045823;1;34;0;0;2;2;1;A01
201600045824;2;7;0;0;2;8;1;B01
201600045824;2;14;0;0;2;2;12;A01
201600045825;2;7;0;0;2;1;1;A01
201600045825;2;7;0;0;2;4;2;B01
201600045826;1;7;0;0;2;4;2;C01
201600045826;1;7;0;0;2;1;1;A01
201600045826;1;7;0;0;2;4;2;B01
201600045827;1;7;0;4;0;3;13;A01
201600045828;2;7;0;0;9;6;11;A01
201600045828;2;34;0;0;2;7;3;B01
201600045829;2;7;0;0;2;4;2;C01
201600045829;2;7;0;0;2;1;1;A01
201600045829;2;7;0;0;2;4;2;B01
201600045830;2;7;0;0;2;4;1;B01
201600045830;2;7;0;0;2;1;2;A01
201600045831;2;7;0;0;2;1;2;A01
201600045831;2;7;0;0;0;4;2;B01
201600045832;1;7;0;4;0;3;13;A01
201600045833;2;7;0;4;0;1;0;A01
201600045834;1;34;0;0;2;8;0;B01
201600045834;1;7;0;0;2;1;0;A01
201600045835;2;10;0;0;2;4;2;B01
201600045835;2;7;0;0;2;1;1;A01
201600045835;2;10;0;0;2;4;2;C01
201600045836;1;7;0;4;0;8;9;A01
201600045837;1;7;0;0;2;4;2;D01
201600045837;1;7;0;4;2;1;1;A01
201600045837;1;7;0;0;2;4;2;B01
201600045837;1;7;0;4;2;4;2;C01
201600045838;1;7;0;0;2;5;0;A01
201600045838;1;7;0;0;2;3;0;B01
201600045839;1;10;0;3;0;5;2;A01
201600045840;2;7;0;3;0;0;2;A01
201600045841;2;7;0;0;2;3;1;B01
201600045841;2;7;0;0;2;2;21;A01
201600045842;1;7;0;4;0;1;1;A01
201600045843;2;7;0;4;0;3;13;A01
201600045844;1;7;0;0;2;4;2;C01
201600045844;1;7;0;0;2;1;1;A01
201600045844;1;7;0;0;2;4;2;E01
201600045844;1;7;0;0;2;1;2;B01
201600045844;1;7;0;0;2;4;2;D01
201600045845;2;7;0;4;0;1;16;A01
201600045846;2;7;0;4;0;7;14;A01
201600045847;2;7;0;6;0;7;0;A01
201600045848;2;7;0;4;0;1;12;A01
201600045849;2;7;0;3;0;2;12;A01
201600045850;2;34;0;0;0;0;0;A01
201600045851;1;7;0;0;2;1;1;A01
201600045851;1;7;0;0;2;4;2;B01
201600045851;1;7;0;0;2;4;2;C01
201600045852;1;7;0;0;2;6;2;B01
201600045852;1;33;0;0;2;1;3;A01
201600045853;1;7;0;0;2;1;2;A01
201600045853;1;7;0;0;2;4;2;B01
201600045854;1;7;0;0;2;3;2;A01
201600045854;1;7;0;0;2;6;2;B01
201600045855;1;15;0;0;2;2;12;B01
201600045855;1;15;0;0;2;1;1;C01
201600045855;1;7;0;4;2;6;1;A01
201600045856;2;34;0;0;2;0;0;A01
201600045856;2;7;0;0;2;0;0;B01
201600045857;1;7;0;4;0;1;9;A01
201600045858;2;10;0;0;2;5;1;C01
201600045858;2;7;0;0;2;1;2;A01
201600045858;2;10;0;0;2;2;1;B01
201600045858;2;7;0;0;2;4;1;D01
201600045859;1;7;0;0;2;2;0;A01
201600045859;1;33;0;0;2;1;0;B01
201600045860;2;33;0;0;0;7;0;A01
201600045861;2;33;0;4;0;2;14;A01
201600045862;1;7;0;0;2;2;1;B01
201600045862;1;7;0;0;2;6;0;A01
201600045863;2;33;0;0;2;7;1;B01
201600045863;2;7;0;0;2;8;11;A01
201600045864;2;10;0;0;2;8;1;C01
201600045864;2;33;0;0;2;7;3;B01
201600045864;2;7;0;0;2;8;11;A01
201600045865;2;7;0;4;0;9;1;A01
201600045866;2;7;0;0;2;8;0;B01
201600045866;2;14;0;0;2;7;0;A01
201600045867;2;7;0;0;2;1;1;A01
201600045867;2;7;0;0;2;4;2;B01
201600045868;2;33;0;0;2;0;0;B01
201600045868;2;7;0;0;2;2;0;A01
201600045869;2;7;0;0;2;4;2;A01
201600045869;2;33;0;0;2;1;1;B01
201600045870;1;7;0;0;2;4;2;D01
201600045870;1;7;0;0;2;4;2;B01
201600045870;1;7;0;0;2;4;2;C01
201600045870;1;7;0;0;2;1;2;A01
201600045871;2;32;0;0;2;3;3;B01
201600045871;2;7;0;0;2;5;12;A01
201600045872;2;33;0;0;2;0;0;A01
201600045872;2;7;0;0;2;4;0;C01
201600045872;2;7;0;0;2;8;0;B01
201600045873;1;34;0;3;0;7;1;A01
201600045874;2;7;0;4;0;7;0;A01
201600045875;1;7;0;4;0;1;11;A01
201600045876;1;7;0;3;0;1;1;A01
201600045877;2;7;0;0;2;1;1;A01
201600045877;2;7;0;0;2;4;2;C01
201600045877;2;7;0;0;2;4;2;B01
201600045878;1;7;0;0;2;4;2;C01
201600045878;1;7;0;0;2;1;2;A01
201600045878;1;7;0;0;2;4;2;B01
201600045879;1;10;0;16;0;2;1;A01
201600045880;2;7;0;0;2;1;0;B01
201600045880;1;7;0;0;0;6;0;A01
201600045881;1;7;0;0;2;4;2;A01
201600045882;2;7;0;16;0;9;1;A01
201600045883;2;7;0;0;2;3;11;A01
201600045883;2;7;0;0;2;2;1;B01
201600045884;1;7;0;0;9;1;2;A01
201600045885;2;7;0;4;0;1;14;A01
201600045886;2;33;0;6;2;1;3;A01
201600045886;2;10;0;0;2;5;2;B01
201600045887;1;33;0;0;0;7;1;A01
201600045888;1;7;0;0;2;4;1;C01
201600045888;1;7;0;0;2;8;1;B01
201600045888;1;7;0;0;2;2;17;A01
201600045889;2;10;0;0;2;7;12;A01
201600045889;2;33;0;0;2;8;0;B01
201600045890;2;33;0;0;2;4;1;A01
201600045890;2;7;0;0;2;1;14;Z01
201600045891;1;7;0;0;2;4;1;C01
201600045891;1;7;0;0;2;7;12;B01
201600045891;1;33;0;0;2;8;3;A01
201600045892;1;7;0;0;2;0;0;A01
201600045892;1;7;0;0;2;0;0;C01
201600045892;1;7;0;0;2;0;0;B01
201600045893;1;31;0;0;2;0;0;A01
201600045894;1;7;0;0;0;7;2;A01
201600045895;2;33;0;0;0;0;0;A01
201600045896;2;7;0;0;2;3;2;C01
201600045896;2;33;0;0;2;1;3;B01
201600045896;2;7;0;0;2;4;2;D01
201600045896;2;7;0;0;2;2;1;A01
201600045897;2;33;0;0;2;7;3;A01
201600045898;1;7;0;0;2;4;0;A01
201600045899;1;33;0;0;2;1;2;A01
201600045899;1;7;0;0;2;5;1;B01
201600045900;1;34;0;0;0;1;3;B01
201600045900;1;7;0;0;2;5;12;A01
201600045901;2;7;0;16;0;9;1;A01
201600045902;0;7;0;0;2;3;12;A01
201600045902;0;7;0;0;2;5;2;B01
201600045903;1;7;0;4;0;7;0;A01
201600045904;1;7;0;0;9;6;2;A01
201600045904;1;7;0;0;2;2;0;Z01
201600045905;2;7;0;0;2;2;1;A01
201600045905;2;7;0;0;2;3;11;C01
201600045905;2;7;0;0;2;1;1;B01
201600045906;0;33;0;0;9;8;1;A01
201600045907;2;33;0;0;2;1;3;A01
201600045907;2;7;0;0;2;7;12;B01
201600045907;2;7;0;0;2;4;2;C01
201600045908;2;7;0;0;2;3;2;A01
201600045908;2;15;0;0;0;0;0;B01
201600045909;1;7;0;0;2;8;13;Z01
201600045909;1;31;0;0;2;7;17;A01
201600045910;2;7;0;0;2;1;1;A01
201600045910;2;7;0;0;2;4;2;B01
201600045911;1;7;0;0;2;1;1;A01
201600045911;1;7;0;0;2;4;14;B01
201600045912;1;7;0;0;2;2;1;B01
201600045912;1;7;0;0;2;6;11;A01
201600045913;2;7;0;0;0;4;2;A01
201600045913;2;7;0;0;2;1;2;B01
201600045914;1;7;0;0;2;8;2;A01
201600045914;1;33;0;0;2;4;0;B01
201600045914;1;7;0;0;0;0;0;Z01
201600045915;1;7;0;0;0;0;0;C01
201600045915;1;7;0;0;2;4;0;B01
201600045915;1;7;0;0;2;4;0;D01
201600045915;1;7;0;0;2;1;1;A01
201600045916;1;7;0;0;2;8;0;B01
201600045916;1;33;0;0;2;1;3;A01
201600045917;2;7;0;4;0;1;13;A01
201600045918;1;15;0;0;2;6;12;B01
201600045918;1;33;0;0;2;1;18;A01
201600045919;1;33;0;4;0;8;1;A01
201600045920;1;7;0;4;0;1;11;A01
201600045921;1;10;0;0;2;1;2;A01
201600045921;1;7;0;0;2;4;2;B01
201600045921;1;10;0;0;2;4;2;C01
201600045921;1;10;0;0;2;4;2;D01
201600045922;1;7;0;0;2;5;12;A01
201600045922;1;34;0;0;2;1;2;B01
201600045923;1;34;0;0;2;1;3;B01
201600045923;1;7;0;0;9;6;11;A01
201600045924;2;33;0;0;2;7;1;B01
201600045924;2;7;0;0;2;8;9;A01
201600045925;1;7;0;0;2;1;2;A01
201600045925;1;15;0;0;2;4;2;B01
201600045926;1;7;0;0;2;4;2;A01
201600045926;1;7;0;0;2;1;1;C01
201600045926;1;7;0;0;2;1;2;B01
201600045927;1;34;0;0;0;7;21;A01
201600045928;1;7;0;0;2;8;11;A01
201600045928;1;33;0;0;2;1;3;B01
201600045928;1;7;0;0;2;4;2;C01
201600045929;1;33;0;0;2;1;3;A01
201600045929;1;7;0;0;2;7;12;B01
201600045930;1;7;0;14;0;1;1;A01
201600045931;1;7;0;3;0;8;13;A01
201600045932;2;7;0;3;2;9;12;B01
201600045932;2;10;0;0;2;8;9;A01
201600045933;2;7;0;4;0;1;11;A01
201600045934;2;7;0;0;2;4;0;A01
201600045934;2;7;0;0;2;1;0;B01
201600045935;1;33;0;4;0;7;1;A01
201600045936;2;7;0;4;0;2;0;A01
201600045937;2;7;0;3;0;6;21;A01
201600045938;1;7;0;0;2;4;0;C01
201600045938;1;7;0;0;2;4;2;B01
201600045938;1;7;0;0;2;1;1;A01
201600045939;2;7;0;6;0;3;1;A01
201600045940;2;7;0;4;0;1;13;A01
201600045941;1;7;0;0;2;1;1;A01
201600045941;1;7;0;0;2;4;2;B01
201600045942;2;7;0;0;2;4;2;A01
201600045942;2;7;0;0;2;9;1;B01
201600045942;2;7;0;0;2;9;1;E01
201600045942;2;7;0;0;2;9;1;D01
201600045942;2;7;0;0;2;1;1;F02
201600045942;2;7;0;0;2;9;1;C01
201600045943;1;33;0;0;2;9;3;A01
201600045943;1;10;0;0;2;7;12;B01
201600045944;1;7;0;1;2;1;1;A01
201600045944;1;10;0;0;2;9;24;B01
201600045945;2;7;0;0;2;8;0;A01
201600045945;1;15;0;0;2;7;14;Z01
201600045946;1;10;0;0;2;1;1;A01
201600045946;1;7;0;0;2;4;1;B01
201600045946;1;7;0;0;2;4;1;C01
201600045947;1;7;0;4;0;3;13;A01
201600045948;1;33;0;4;0;3;0;A01
201600045949;1;7;0;0;2;1;1;A01
201600045949;1;7;0;;2;8;1;C01
201600045949;1;7;0;;2;8;1;B01
201600045949;1;7;0;;2;1;1;D01
201600045950;1;7;0;0;2;4;2;C01
201600045950;1;7;0;0;2;1;1;A01
201600045950;1;10;0;0;2;4;2;B01
201600045951;1;7;0;3;2;0;0;A01
201600045951;1;7;0;4;2;4;0;C01
201600045951;1;7;0;4;2;1;0;B01
201600045952;1;7;0;0;2;1;0;Z01
201600045952;1;7;0;0;2;4;1;B01
201600045952;1;7;0;0;2;4;1;A01
201600045953;1;7;0;4;0;9;1;A01
201600045954;1;33;0;0;2;1;3;B01
201600045954;1;7;0;0;2;5;12;A01
201600045955;0;7;0;0;0;4;2;A01
201600045956;1;7;0;4;0;8;0;A01
201600045957;1;15;0;0;2;3;0;A01
201600045957;1;7;0;0;2;5;0;B01
201600045958;1;7;0;0;2;8;0;A01
201600045958;1;33;0;0;2;7;0;B01
201600045959;1;7;0;4;0;1;1;A01
201600045960;1;7;0;0;2;4;2;A01
201600045960;1;7;0;0;2;2;1;B01
201600045961;1;33;0;0;2;0;0;B01
201600045961;1;33;0;0;2;0;0;A01
201600045961;1;7;0;0;2;0;0;C01
201600045962;2;33;0;0;2;1;1;A01
201600045962;2;33;0;0;2;4;2;B01
201600045962;2;33;0;0;2;4;2;D01
201600045962;2;33;0;0;2;1;2;C01
201600045963;2;7;0;0;2;6;2;B01
201600045963;2;7;0;0;2;1;1;A01
201600045964;1;7;0;0;2;1;2;A01
201600045964;1;7;0;0;0;4;2;B01
201600045965;1;7;0;0;2;0;0;C01
201600045965;1;7;0;0;2;4;0;B01
201600045965;1;14;0;0;2;0;1;A01
201600045966;2;7;0;0;2;7;12;B01
201600045966;2;33;0;0;2;8;1;A01
201600045967;1;7;0;4;0;3;13;A01
201600045968;2;7;0;0;2;4;1;B01
201600045968;2;7;0;0;2;4;2;C01
201600045968;2;7;0;0;2;1;11;A01
201600045969;2;7;0;4;0;1;0;A01
201600045969;2;7;0;0;2;1;0;C01
201600045969;2;7;0;0;2;3;0;B01
201600045970;2;7;0;0;2;4;2;B01
201600045970;2;7;0;4;2;4;2;A01
201600045970;2;7;0;0;2;1;1;Z01
201600045971;1;7;0;3;0;8;12;A01
201600045972;2;7;0;0;2;4;2;C01
201600045972;1;7;0;0;2;4;2;B01
201600045972;1;7;0;0;2;1;1;A01
201600045973;2;7;0;0;2;0;0;C01
201600045973;2;7;0;0;2;0;0;B01
201600045973;2;34;0;0;2;0;0;A01
201600045974;2;33;0;0;2;0;0;B01
201600045974;2;7;0;0;2;3;0;A01
201600045975;2;7;0;0;2;4;2;C01
201600045975;2;7;0;0;2;2;12;B01
201600045975;2;34;0;0;2;1;3;A01
201600045976;2;7;0;4;0;1;1;A01
201600045977;2;7;0;0;2;8;9;A01
201600045977;2;7;0;0;2;1;1;B01
201600045978;1;7;0;1;0;1;1;A01
201600045978;1;7;0;0;2;4;2;B01
201600045979;1;7;0;1;2;1;1;A01
201600045979;1;7;0;1;0;4;2;B01
201600045980;1;33;0;4;0;3;0;A01
201600045981;2;7;0;0;2;4;2;B01
201600045981;2;33;0;0;2;1;2;A01
201600045982;1;15;0;0;2;3;0;A01
201600045982;1;7;0;0;2;4;1;D01
201600045982;1;14;0;0;2;7;0;B01
201600045982;1;15;0;0;2;6;0;C01