Num_Acc;senc;catv;occutc;obs;obsm;choc;manv;num_veh
201600046294;2;7;0;0;2;4;12;A01
201600046295;2;7;0;4;0;3;13;A01
201600046296;1;7;0;0;2;4;2;B01
201600046296;1;10;0;0;2;1;2;A01
201600046297;1;10;0;0;2;5;2;B01
201600046297;1;7;0;0;2;1;1;A01
201600046298;2;7;0;4;0;1;15;A01
201600046299;2;7;0;0;2;6;11;A01
201600046299;2;31;0;0;2;1;1;B01
201600046300;2;7;0;0;2;1;2;C01
201600046300;2;7;0;0;2;4;2;B01
201600046300;2;7;0;0;2;4;2;A01
201600046300;2;7;0;0;2;1;2;D01
201600046301;2;33;0;0;2;1;2;A01
201600046301;2;7;0;0;2;4;12;B01
201600046302;1;7;0;0;2;0;1;B01
201600046302;1;7;0;0;2;0;0;Z01
201600046302;1;7;0;4;2;6;1;A01
201600046303;2;7;0;0;2;4;2;A01
201600046303;2;17;0;0;2;1;1;B01
201600046304;2;7;0;4;0;2;14;A01
201600046305;2;7;0;0;2;4;2;B01
201600046305;2;33;0;0;2;1;1;A01
201600046306;2;7;0;4;0;2;9;A01
201600046307;2;15;0;0;2;2;12;B01
201600046307;1;7;0;0;2;3;2;A01
201600046308;1;33;0;0;0;0;21;A01
201600046309;0;31;0;0;2;1;2;B01
201600046309;0;13;0;0;2;4;2;A01
201600046310;1;32;0;0;2;1;1;A01
201600046310;1;7;0;0;2;4;2;B01
201600046311;1;7;0;0;2;7;0;A01
201600046311;1;7;0;0;2;1;0;B01
201600046311;1;7;0;0;2;0;0;Z01
201600046312;2;7;0;4;0;3;13;A01
201600046313;2;7;0;0;2;4;2;B01
201600046313;2;33;0;0;2;1;1;A01
201600046314;1;7;0;0;2;6;2;A01
201600046314;1;34;0;0;2;2;3;B01
201600046315;2;10;0;0;2;1;0;A01
201600046315;2;7;0;0;2;4;0;B01
201600046315;2;7;0;0;2;4;0;C01
201600046316;1;33;0;0;2;2;3;B01
201600046316;1;7;0;0;2;6;11;A01
201600046317;1;7;0;0;2;1;2;A01
201600046317;1;7;0;0;2;4;2;B01
201600046318;1;7;0;0;2;4;2;C01
201600046318;1;10;0;0;2;1;2;A01
201600046318;1;10;0;0;2;4;2;B01
201600046318;1;10;0;0;2;4;2;D01
201600046319;2;33;0;0;9;0;0;A01
201600046320;1;7;0;0;2;1;2;A01
201600046320;1;7;0;0;2;4;2;B01
201600046321;2;34;0;0;2;0;0;A01
201600046321;2;7;0;0;2;0;0;Z01
201600046322;1;7;0;4;0;1;11;A01
201600046323;2;33;0;0;2;1;3;A01
201600046323;2;33;0;0;2;4;3;B01
201600046323;2;7;0;0;2;6;11;C01
201600046324;1;7;0;0;1;2;1;A01
201600046324;1;7;0;14;0;1;14;B01
201600046325;2;7;0;5;2;6;1;B01
201600046325;2;7;0;0;2;2;21;A01
201600046326;2;7;0;0;2;1;2;A01
201600046326;2;7;0;0;2;4;2;B01
201600046326;2;7;0;0;2;4;2;C01
201600046326;2;7;0;0;2;4;2;D01
201600046326;2;7;0;0;2;4;2;E01
201600046327;1;7;0;3;0;9;12;A01
201600046328;2;7;0;0;2;1;1;A01
201600046328;2;7;0;0;2;4;2;B01
201600046329;1;7;0;4;2;4;0;A01
201600046329;1;1;0;0;0;0;0;Z01
201600046330;1;7;0;10;0;1;12;A01
201600046331;2;7;0;0;2;1;11;A01
201600046331;2;7;0;0;2;4;1;B01
201600046331;2;7;0;0;2;4;0;C01
201600046331;0;7;0;0;2;4;1;D01
201600046332;1;7;0;0;2;1;2;A01
201600046332;1;7;0;0;2;8;18;D01
201600046332;1;7;0;0;2;4;2;C01
201600046332;1;7;0;0;2;4;2;B01
201600046333;2;17;0;0;2;0;2;B01
201600046333;2;10;0;0;2;4;2;A01
201600046334;1;34;0;0;0;0;0;A01
201600046335;2;33;0;4;0;9;21;A01
201600046336;2;34;0;0;2;4;2;A01
201600046336;2;7;0;0;2;2;2;B01
201600046337;2;7;0;0;2;1;1;A01
201600046337;2;7;0;0;2;5;2;C01
201600046337;2;7;0;0;2;4;2;B01
201600046338;2;7;0;0;2;8;1;A01
201600046338;2;7;0;;;0;0;Z01
201600046338;2;7;0;0;2;6;2;B01
201600046339;2;7;0;0;2;1;0;A01
201600046339;2;15;0;0;2;2;0;B01
201600046340;2;33;0;0;9;2;1;A01
201600046341;1;7;0;0;2;7;1;A01
201600046341;1;7;0;0;2;7;1;B01
201600046342;2;32;0;4;0;8;0;A01
201600046343;2;7;0;4;0;1;11;A01
201600046344;2;10;0;4;0;3;0;A01
201600046345;1;7;0;4;2;6;1;B01
201600046345;1;7;0;4;2;1;14;A01
201600046346;2;7;0;4;0;1;11;A01
201600046347;1;7;0;4;0;1;13;A01
201600046348;1;7;0;0;2;8;11;A01
201600046348;1;7;0;0;2;7;1;B01
201600046349;1;7;0;0;2;3;1;B01
201600046349;1;7;0;0;2;1;12;A01
201600046350;2;7;0;4;0;1;0;A01
201600046351;2;7;0;13;0;1;0;A01
201600046352;1;17;0;4;0;3;9;A01
201600046353;1;7;0;0;2;4;11;A01
201600046353;1;33;0;0;2;1;1;B01
201600046354;2;7;0;0;2;8;3;A01
201600046354;2;33;0;0;2;1;3;B01
201600046355;1;15;0;0;2;1;1;A01
201600046355;1;7;0;0;2;4;2;B01
201600046356;1;10;0;0;2;1;1;A01
201600046356;1;10;0;0;2;4;2;B01
201600046356;1;7;0;0;2;4;2;C01
201600046357;2;7;0;0;2;4;2;C01
201600046357;2;7;0;0;2;1;1;A01
201600046357;2;7;0;0;2;4;2;B01
201600046358;2;7;0;0;2;6;2;B01
201600046358;2;33;0;0;2;1;3;A01
201600046359;1;7;0;0;2;6;2;A01
201600046359;1;13;0;0;2;2;2;B01
201600046360;1;7;0;4;0;2;13;A01
201600046361;2;7;0;0;0;6;1;A01
201600046361;2;15;0;0;2;7;12;B01
201600046362;1;10;0;0;0;1;11;A01
201600046363;1;7;0;0;2;1;1;B01
201600046363;1;10;0;0;2;1;2;D01
201600046363;1;10;0;0;2;4;2;A01
201600046363;1;7;0;0;2;1;2;C01
201600046363;1;7;0;0;2;1;2;E01
201600046364;1;7;0;0;2;6;2;D01
201600046364;1;10;0;0;2;4;2;B01
201600046364;1;7;0;0;2;1;2;C01
201600046364;1;10;0;0;2;1;1;A01
201600046365;1;7;0;0;2;6;1;A01
201600046365;1;99;0;0;0;0;0;Z01
201600046366;1;15;0;0;2;1;2;A01
201600046366;1;15;0;0;2;4;2;B01
201600046367;2;32;0;0;2;1;3;A01
201600046367;2;17;0;0;2;6;1;B01
201600046368;1;31;0;0;2;7;12;A01
201600046368;1;7;0;0;2;3;1;B01
201600046369;1;7;0;4;0;1;14;A01
201600046370;1;7;0;0;2;1;1;A01
201600046370;1;10;0;0;2;4;2;B01
201600046371;1;7;0;1;2;1;1;A01
201600046371;1;10;0;0;2;6;23;B01
201600046372;2;7;0;0;0;1;15;A01
201600046373;1;7;0;0;2;1;2;A01
201600046373;1;7;0;0;2;4;2;B01
201600046374;2;7;0;0;2;1;2;A01
201600046374;2;7;0;0;2;4;2;B01
201600046375;1;34;0;0;2;1;3;A01
201600046375;1;7;0;0;2;7;12;B01
201600046376;1;7;0;0;2;4;2;D01
201600046376;1;7;0;0;2;4;2;B01
201600046376;1;7;0;0;2;1;1;A01
201600046376;1;7;0;0;2;4;2;C01
201600046376;1;7;0;0;2;4;2;E01
201600046377;1;7;0;0;2;0;0;Z01
201600046377;1;10;0;1;0;1;2;A01
201600046378;2;7;0;0;2;4;23;A01
201600046378;2;7;0;0;2;1;1;B01
201600046379;1;10;0;4;0;1;1;A01
201600046380;1;7;0;1;0;1;2;A01
201600046380;1;10;0;0;2;4;2;Z01
201600046381;1;7;0;4;0;9;13;A01
201600046382;1;7;0;3;0;1;1;A01
201600046383;2;7;0;0;2;1;1;A01
201600046383;2;7;0;0;2;4;2;B01
201600046384;1;7;0;0;2;4;2;A01
201600046384;1;7;0;0;2;1;1;B01
201600046385;1;7;0;3;0;1;12;A01
201600046386;2;7;0;4;0;1;0;A01
201600046387;1;7;0;4;0;1;0;A01
201600046388;1;7;0;4;0;3;13;A01
201600046389;2;7;0;4;0;1;0;A01
201600046390;2;7;0;0;2;1;2;A01
201600046390;2;7;0;0;2;4;2;B01
201600046390;2;7;0;0;2;4;2;C01
201600046391;2;7;0;4;0;3;13;A01
201600046392;1;7;0;4;0;2;21;A01
201600046393;2;7;0;3;0;9;18;A01
201600046394;2;7;0;4;0;2;14;A01
201600046395;2;7;0;4;0;3;1;A01
201600046396;1;7;0;10;0;9;21;A01
201600046397;1;7;0;3;0;2;1;A01
201600046398;2;31;0;0;2;7;2;A01
201600046398;2;7;0;0;2;2;3;B01
201600046398;2;7;0;0;2;6;1;C01
201600046399;2;7;0;4;2;4;2;A01
201600046399;2;7;0;0;2;4;2;C01
201600046399;2;7;0;0;2;8;11;B01
201600046399;2;7;0;0;2;1;1;D01
201600046400;1;7;0;4;0;1;21;A01
201600046401;2;7;0;4;0;1;11;A01
201600046402;1;7;0;4;0;2;14;A01
201600046403;2;14;0;0;2;2;2;A01
201600046403;2;7;0;0;2;4;2;B01
201600046404;2;33;0;0;0;7;3;A01
201600046405;1;7;0;4;0;1;2;A01
201600046406;2;32;0;0;2;1;2;A01
201600046406;2;10;0;0;2;7;2;B01
201600046406;2;7;0;0;2;0;0;C01
201600046407;2;7;0;4;0;2;1;A01
201600046408;1;7;0;3;0;8;14;A01
201600046409;1;14;0;0;2;4;2;A01
201600046409;1;7;0;0;2;1;2;B01
201600046409;1;14;0;0;2;3;2;C01
201600046410;1;7;0;4;0;9;0;A01
201600046411;2;7;0;0;2;4;2;A01
201600046411;2;7;0;0;2;4;0;B01
201600046411;2;7;0;14;0;1;2;C01
201600046412;2;7;0;0;2;1;0;A01
201600046412;2;7;0;0;2;4;0;B01
201600046412;2;7;0;0;2;4;0;C01
201600046413;2;7;0;3;0;3;11;A01
201600046414;2;7;0;0;2;1;0;A01
201600046414;2;7;0;0;2;4;0;B01
201600046415;1;7;0;4;0;2;1;A01
201600046416;1;7;0;0;0;0;0;A01
201600046417;1;7;0;4;0;2;1;A01
201600046418;2;7;0;0;2;4;2;B01
201600046418;2;7;0;0;2;1;1;A01
201600046419;1;7;0;0;2;2;14;A01
201600046419;1;7;0;0;2;8;1;C01
201600046419;1;33;0;0;2;3;3;B01
201600046419;1;7;0;0;2;5;2;D01
201600046420;1;34;0;0;0;1;1;A01
201600046421;2;33;0;0;2;2;1;B01
201600046421;2;7;0;0;2;7;1;C01
201600046421;2;34;0;0;2;3;11;A01
201600046422;1;14;0;0;2;2;16;A01
201600046422;1;7;0;0;2;8;0;B01
201600046423;1;7;0;0;2;8;11;A01
201600046423;1;33;0;0;2;7;1;B01
201600046424;2;7;0;0;2;1;2;A01
201600046424;2;7;0;0;2;4;2;B01
201600046424;2;7;0;0;2;4;2;C01
201600046425;2;7;0;3;0;1;12;A01
201600046426;2;7;0;0;2;1;1;A01
201600046426;2;7;0;0;2;4;2;B01
201600046427;2;7;0;3;0;1;2;A01
201600046428;1;7;0;0;0;2;12;A01
201600046429;1;7;0;4;0;1;21;A01
201600046430;1;7;0;4;0;1;2;A01
201600046431;2;7;0;4;0;1;1;A01
201600046432;1;7;0;16;0;9;11;A01
201600046433;2;7;0;0;2;5;2;A01
201600046433;2;7;0;0;2;5;2;B01
201600046433;2;7;0;0;2;5;21;C01
201600046433;2;7;0;0;2;1;21;D01
201600046434;2;7;0;4;0;3;13;A01
201600046435;2;7;0;4;0;2;1;A01
201600046436;1;7;0;0;0;4;2;C01
201600046436;1;7;0;0;2;3;2;B01
201600046436;1;7;0;0;0;2;0;A01
201600046437;2;7;0;0;2;4;2;B01
201600046437;2;7;0;0;2;1;2;A01
201600046438;1;7;0;4;0;1;12;A01
201600046439;2;7;0;0;2;1;2;A01
201600046439;2;7;0;0;2;4;2;B01
201600046440;2;7;0;3;0;3;13;A01
201600046441;1;33;0;0;2;8;2;A01
201600046442;1;7;0;0;2;1;1;A01
201600046442;1;7;0;0;2;4;2;B01
201600046443;2;32;0;0;2;3;0;A01
201600046444;1;7;0;0;2;4;2;B01
201600046444;1;7;0;0;2;1;1;A01
201600046444;1;7;0;0;2;4;2;C01
201600046445;1;7;0;4;0;1;0;A01
201600046446;2;33;0;0;2;6;3;B01
201600046446;2;7;0;0;2;2;12;A01
201600046446;2;7;0;0;2;4;1;C01
201600046447;2;7;0;2;0;1;1;A01
201600046448;1;7;0;0;2;6;11;A01
201600046448;1;33;0;0;2;2;1;B01
201600046449;2;33;0;0;2;7;2;A01
201600046449;2;7;0;0;2;3;11;B01
201600046450;1;7;0;0;9;9;1;A01
201600046451;2;7;0;0;2;0;0;A01
201600046451;2;31;0;0;2;0;0;B01
201600046452;1;15;0;0;2;1;1;A01
201600046452;1;7;0;0;2;4;2;B01
201600046452;1;7;0;0;2;4;2;C01
201600046453;2;7;0;4;0;3;13;A01
201600046454;1;7;0;4;0;3;21;A01
201600046455;1;10;0;0;2;7;1;A01
201600046455;1;7;0;0;2;0;11;Z01
201600046456;2;7;0;0;2;7;12;A01
201600046456;2;33;0;0;2;8;3;B01
201600046457;1;7;0;0;2;3;0;A01
201600046457;1;14;0;0;2;2;0;B01
201600046457;1;7;0;0;2;6;0;C01
201600046458;1;33;0;14;0;1;1;A01
201600046459;1;7;0;0;0;1;1;A01
201600046460;1;7;0;4;0;9;0;A01
201600046461;2;7;0;0;2;1;1;C01
201600046461;2;7;0;1;0;1;1;A01
201600046461;2;10;0;0;2;4;23;B01
201600046462;2;7;0;0;2;1;1;A01
201600046462;2;7;0;0;2;4;2;B01
201600046463;1;33;0;3;0;1;12;A01
201600046464;2;7;0;0;2;1;2;A01
201600046464;2;7;0;0;2;4;1;B01
201600046464;2;7;0;0;2;4;2;C01
201600046465;2;10;0;3;2;3;2;A01
201600046465;2;7;0;0;2;6;1;B01
201600046465;1;10;0;3;0;4;1;C01
201600046466;2;7;0;4;0;3;13;A01
201600046467;1;7;0;4;0;3;1;A01
201600046468;2;7;0;0;2;4;2;B01
201600046468;2;10;0;0;2;1;1;A01
201600046468;2;7;0;0;2;4;2;C01
201600046469;2;7;0;0;2;3;0;A01
201600046469;2;7;0;0;2;5;2;B01
201600046470;2;7;0;16;0;9;21;A01
201600046471;2;7;0;0;0;9;12;A01
201600046472;2;7;0;0;2;7;1;B01
201600046472;2;10;0;0;2;5;1;C01
201600046472;2;33;0;0;2;3;3;A01
201600046473;1;7;0;13;2;4;1;A01
201600046473;1;10;0;0;2;1;1;Z01
201600046474;1;7;0;0;2;7;0;A01
201600046474;1;7;0;0;0;0;0;Z01
201600046475;2;7;0;0;2;1;0;A01
201600046475;2;14;0;0;2;4;0;B01
201600046476;1;7;0;0;2;8;0;A01
201600046476;1;33;0;0;2;7;0;B01
201600046477;1;7;0;0;2;1;2;A01
201600046477;1;7;0;0;2;4;2;B01
201600046478;2;7;0;0;2;1;1;A01
201600046478;2;7;0;0;2;1;2;B01
201600046478;2;7;0;0;2;4;2;C01
201600046478;2;7;0;0;2;4;2;D01
201600046478;2;7;0;0;2;4;2;E01
201600046479;2;10;0;0;2;1;12;A01
201600046479;2;7;0;0;2;4;1;B01
201600046480;2;7;0;0;2;1;1;A01
201600046480;2;7;0;0;2;1;1;C01
201600046480;2;7;0;0;2;4;23;B01
201600046481;2;31;0;0;2;3;0;A01
201600046481;2;7;0;0;2;2;0;B01
201600046482;1;7;0;3;2;3;11;A01
201600046482;1;7;0;;2;2;1;B01
201600046483;1;7;0;0;2;0;2;A01
201600046483;2;34;0;0;2;5;0;B01
201600046484;1;33;0;14;0;0;2;A01
201600046484;1;7;0;0;2;1;2;B01
201600046485;2;7;0;3;0;1;13;A01
201600046486;2;7;0;0;2;1;1;A01
201600046486;2;34;0;0;2;4;2;B01
201600046487;2;7;0;0;2;3;11;A01
201600046487;2;7;0;0;2;5;1;B01
201600046487;2;7;0;0;2;4;1;C01
201600046487;2;7;0;0;2;4;1;D01
201600046487;2;7;0;0;2;4;2;E01
201600046488;1;7;0;0;2;4;2;B01
201600046488;1;7;0;0;2;1;1;A01
201600046489;1;7;0;4;0;3;11;A01
201600046490;1;7;0;0;2;4;0;A01
201600046490;1;7;0;0;2;1;0;B01
201600046491;2;7;0;0;2;4;0;A01
201600046491;2;7;0;0;2;1;0;B01
201600046491;2;7;0;0;2;1;0;C01
201600046491;2;7;0;0;2;1;0;D01
201600046491;2;7;0;0;2;1;0;Z01
201600046492;2;7;0;0;2;1;2;A01
201600046492;2;7;0;0;2;4;2;B01
201600046492;2;7;0;0;2;4;2;C01
201600046493;2;7;0;4;0;1;0;A01
201600046494;1;7;0;0;2;1;0;A01
201600046494;1;7;0;0;2;4;0;B01
201600046495;2;7;0;0;0;6;23;A01
201600046495;2;7;0;1;0;7;0;Z01
201600046496;2;10;0;0;2;5;12;A01
201600046496;2;31;0;0;2;1;3;B01
201600046497;2;33;0;0;0;8;3;A01
201600046498;1;7;0;4;0;3;13;A01
201600046499;2;33;0;0;2;8;3;A01
201600046499;2;7;0;0;2;7;1;B01
201600046500;1;33;0;0;2;1;2;A01
201600046500;1;7;0;0;2;5;1;B01
201600046501;2;7;0;0;2;5;2;B01
201600046501;2;7;0;0;2;1;1;A01
201600046502;1;7;0;0;2;1;1;A01
201600046502;1;7;0;0;2;5;2;B01
201600046503;1;33;0;0;0;7;1;A01
201600046504;1;7;0;4;0;1;13;A01
201600046505;2;10;0;0;2;2;12;A01
201600046505;2;31;0;0;2;4;1;B01
201600046506;1;7;0;0;2;1;2;A01
201600046506;1;7;0;0;2;4;2;B01
201600046506;1;7;0;0;2;4;2;C01
201600046506;1;7;0;0;2;4;2;D01
201600046506;1;7;0;0;2;4;2;E01
201600046507;1;7;0;0;2;1;9;A01
201600046507;1;7;0;0;2;7;1;B01
201600046508;1;7;0;0;2;1;2;A01
201600046508;1;7;0;0;2;4;2;B01
201600046509;1;7;0;0;2;1;2;A01
201600046509;1;31;0;0;2;4;2;B01
201600046509;1;7;0;0;2;4;2;C01
201600046509;1;7;0;0;2;4;2;D01
201600046510;2;7;0;0;2;1;2;A01
201600046510;2;7;0;0;2;1;2;B01
201600046510;2;7;0;0;2;1;2;C01
201600046510;2;7;0;0;2;4;1;D01
201600046511;1;7;0;3;0;1;0;A01
201600046512;2;7;0;0;0;0;0;A01
201600046512;2;7;0;0;0;0;0;B01
201600046513;2;7;0;0;2;6;21;A01
201600046513;2;7;0;0;2;1;2;B01
201600046514;2;7;0;0;2;5;2;A01
201600046514;2;7;0;0;2;1;2;B01
201600046514;2;30;0;0;2;5;18;C01
201600046515;1;7;0;0;2;1;2;A01
201600046515;1;7;0;0;2;4;2;B01
201600046516;1;7;0;4;0;2;0;A01
201600046517;2;7;0;0;2;1;1;A01
201600046517;2;7;0;0;2;4;2;B01
201600046518;2;7;0;4;0;3;1;B01
201600046518;2;10;0;0;2;1;1;A01
201600046519;1;7;0;0;2;2;1;A01
201600046519;1;7;0;0;2;3;13;B01
201600046520;2;7;0;0;2;8;11;A01
201600046520;2;33;0;0;2;7;3;B01
201600046521;2;7;0;0;2;0;0;A01
201600046521;2;7;0;0;2;1;2;B01
201600046521;2;7;0;0;2;0;0;C01
201600046522;1;7;0;0;2;4;2;B01
201600046522;1;7;0;0;2;1;2;C01
201600046522;1;7;0;0;2;1;1;A01
201600046523;2;31;0;0;2;8;11;B01
201600046523;2;33;0;0;2;7;3;A01
201600046524;1;15;0;0;2;1;1;A01
201600046524;1;7;0;0;2;4;2;B01
201600046525;2;7;0;0;2;4;2;B01
201600046525;2;7;0;0;2;1;1;A01
201600046526;1;7;0;0;2;4;2;B01
201600046526;1;7;0;0;2;1;1;A01
201600046527;2;7;0;4;0;2;14;A01
201600046528;1;7;0;4;0;1;1;A01
201600046529;1;7;0;0;2;4;2;A01
201600046529;1;15;0;0;2;1;0;B01
201600046530;1;15;0;0;2;3;11;A01
201600046530;1;7;0;0;2;5;1;B01
201600046531;1;7;0;4;0;1;13;A01
201600046532;1;99;0;0;2;1;2;A01
201600046532;1;7;0;0;2;4;2;B01
201600046533;1;32;0;0;2;2;2;A01
201600046533;1;7;0;0;2;6;0;B01
201600046534;2;13;0;0;2;3;1;B01
201600046534;2;7;0;0;2;5;2;A01
201600046535;1;7;0;0;2;2;2;B01
201600046535;1;7;0;0;2;6;11;Z01
201600046536;1;7;0;4;0;1;0;A01
201600046537;1;7;0;3;0;3;13;A01
201600046538;1;7;0;16;0;9;1;A01
201600046539;2;34;0;4;2;1;18;A01
201600046539;2;33;0;0;2;1;18;B01
201600046540;2;7;0;0;2;8;0;A01
201600046540;2;7;0;0;2;1;0;B01
201600046540;2;33;0;0;2;1;0;C01
201600046541;2;7;0;0;2;3;0;A01
201600046541;2;7;0;0;2;5;0;B01
201600046541;1;33;0;0;2;1;0;C01
201600046542;2;7;0;0;2;1;1;A01
201600046542;2;7;0;0;2;4;2;B01
201600046542;2;7;0;0;2;4;2;C01
201600046543;1;10;0;0;2;7;12;A01
201600046543;1;14;0;0;2;1;1;B01
201600046544;1;32;0;0;9;7;0;A01
201600046545;1;10;0;0;2;1;2;A01
201600046545;1;7;0;0;2;4;0;B01
201600046546;2;7;0;0;2;8;1;A01
201600046546;2;32;0;0;2;7;2;B01
201600046547;2;7;0;0;2;1;1;A01
201600046547;2;7;0;0;2;4;2;B01
201600046548;2;7;0;0;2;1;1;B01
201600046548;2;7;0;0;2;4;2;A01
201600046549;2;33;0;0;2;1;1;A01
201600046549;2;7;0;0;2;6;11;B01
201600046550;1;15;0;0;2;1;0;A01
201600046550;1;7;0;0;2;4;11;B01
201600046551;2;10;0;0;2;6;23;A01
201600046551;2;31;0;1;0;1;9;B01
201600046552;2;7;0;0;2;1;2;A01
201600046552;2;7;0;0;2;4;2;B01
201600046553;2;7;0;0;2;4;2;B01
201600046553;2;7;0;0;2;1;1;A01
201600046554;1;7;0;3;0;3;16;A01
201600046555;1;15;0;0;2;2;0;A01
201600046555;1;7;0;0;2;8;11;B01
201600046556;1;14;0;0;2;7;17;A01
201600046556;1;7;0;0;2;8;2;B01
201600046557;1;7;0;0;2;3;11;A01
201600046557;1;14;0;0;2;0;0;B01
201600046558;2;7;0;0;2;4;2;B01
201600046558;2;10;0;3;2;1;1;A01
201600046559;2;7;0;3;0;1;14;A01
201600046560;2;7;0;0;2;8;2;A01
201600046560;2;33;0;0;2;1;3;B01
201600046561;1;7;0;0;0;0;0;A01
201600046562;1;7;0;4;0;3;0;A01
201600046563;1;7;0;6;0;3;0;A01
201600046564;2;15;0;0;2;2;12;A01
201600046564;2;7;0;0;2;6;1;B01
201600046565;1;7;0;0;2;6;1;A01
201600046565;1;7;0;0;2;2;12;B01
201600046566;2;7;0;0;2;4;11;A01
201600046566;2;7;0;0;2;1;1;B01
201600046566;2;15;0;0;2;8;1;C01
201600046567;1;7;0;16;0;9;21;A01
201600046568;1;10;0;0;2;2;2;A01
201600046568;1;7;0;0;2;3;2;B01
201600046569;1;10;0;4;0;1;1;A01
201600046570;1;10;0;3;0;2;1;A01
201600046571;1;31;0;0;2;2;3;B01
201600046571;1;7;0;0;2;8;1;A01
201600046572;2;38;0;0;2;1;1;A01
201600046572;2;7;0;0;2;4;1;B01
201600046572;2;7;0;0;2;1;1;C01
201600046572;2;7;0;0;2;8;1;D01
201600046573;2;7;0;4;0;2;14;A01
201600046574;2;7;0;0;2;4;2;A01
201600046574;2;7;0;0;2;1;2;B01
201600046574;2;7;0;0;2;1;2;C01
201600046575;1;7;0;0;2;2;12;A01
201600046575;1;33;0;0;2;1;3;B01
201600046576;2;33;0;0;9;2;1;A01
201600046577;1;7;0;0;2;4;2;B01
201600046577;1;7;0;0;2;1;1;A01
201600046578;2;7;0;0;2;4;2;A01
201600046578;2;15;0;0;2;1;2;Z01
201600046579;1;31;0;0;0;7;14;A01
201600046580;2;7;0;16;0;9;1;A01
201600046581;1;7;0;0;2;3;1;B01
201600046581;1;7;0;0;2;2;9;A01
201600046582;1;7;0;0;2;8;2;A01
201600046582;1;7;0;0;2;1;2;B01
201600046582;1;7;0;0;2;8;0;C01
201600046583;1;7;0;3;0;1;9;A01
201600046583;1;7;0;1;2;4;14;B01
201600046583;1;7;0;0;2;1;2;C01
201600046584;2;7;0;4;0;1;2;A01
201600046585;2;7;0;0;2;4;0;A01
201600046585;2;7;0;0;2;1;0;B01
201600046586;2;7;0;0;0;0;0;A01
201600046587;2;7;0;0;0;0;0;A01
201600046588;2;7;0;0;0;0;0;A01
201600046589;0;7;0;0;0;0;0;A01
201600046589;1;7;0;0;0;0;0;B01
201600046590;1;7;0;0;2;0;0;B01
201600046590;1;7;0;0;0;6;0;A01
201600046591;2;31;0;3;0;3;12;A01
201600046592;1;10;0;0;2;6;2;B01
201600046592;1;7;0;0;2;1;2;A01
201600046593;2;7;0;0;2;3;0;B01
201600046593;2;7;0;0;2;2;0;A01
201600046594;1;7;0;4;0;3;0;A01
201600046595;1;7;0;0;2;6;24;B01
201600046595;1;7;0;0;2;3;21;A01
201600046595;1;7;0;0;2;7;1;C01
201600046596;1;20;0;3;0;6;2;A01
201600046597;2;17;0;0;2;7;12;B01
201600046597;2;7;0;0;2;3;18;A01
201600046598;1;7;0;0;0;0;0;B01
201600046598;1;7;0;0;2;0;0;A01
201600046598;1;7;0;0;2;0;0;C01
201600046599;1;7;0;0;2;8;0;A01
201600046599;1;17;0;0;2;2;1;B01
201600046600;1;15;0;0;2;8;2;C01
201600046600;1;15;0;0;2;2;2;B01
201600046600;1;7;0;0;2;6;11;A01
201600046601;2;7;0;0;2;5;11;B01
201600046601;2;31;0;0;2;1;3;A01
201600046602;2;7;0;0;2;1;2;A01
201600046602;2;7;0;0;2;4;2;B01
201600046603;2;34;0;0;2;6;0;A01
201600046603;2;7;0;0;2;6;0;B01
201600046604;2;7;0;0;2;1;2;A01
201600046604;1;7;0;0;2;4;2;B01
201600046605;1;33;0;0;2;2;3;A01
201600046605;1;7;0;0;2;8;11;B01
201600046606;2;7;0;4;0;3;0;A01
201600046607;1;7;0;3;2;1;2;A01
201600046607;1;7;0;6;0;3;1;B01
201600046608;1;7;0;4;0;1;1;A01
201600046609;2;7;0;3;2;6;0;A01
201600046609;2;7;0;0;2;1;2;B01
201600046610;2;7;0;3;2;6;1;B01
201600046610;2;7;0;3;2;2;14;A01
201600046611;2;33;0;0;0;3;11;A01
201600046611;2;7;0;0;2;0;11;B01
201600046612;1;7;0;3;0;1;0;A01
201600046613;1;7;0;0;2;4;2;B01
201600046613;1;7;0;0;2;4;2;C01
201600046613;1;7;0;0;2;1;2;A01
201600046614;1;33;0;0;2;1;1;A01
201600046614;1;7;0;0;2;6;11;B01
201600046615;2;10;0;4;0;0;0;A01
201600046616;2;7;0;0;2;4;1;C01
201600046616;2;7;0;0;2;4;1;B01
201600046616;2;7;0;0;2;1;1;A01
201600046617;2;7;0;0;2;3;1;A01
201600046618;1;33;0;16;0;7;1;A01
201600046619;2;33;0;0;2;6;2;A01
201600046620;2;7;0;13;0;1;0;A01
201600046621;2;7;0;0;2;1;0;A01
201600046621;2;7;0;0;2;9;14;B01
201600046621;2;15;0;0;2;1;1;D01
201600046621;2;7;0;0;2;9;0;C01
201600046622;1;33;0;0;2;1;3;A01
201600046622;1;7;0;0;2;5;12;B01
201600046623;1;7;0;0;2;1;2;A01
201600046623;1;7;0;0;2;4;2;C01
201600046623;1;7;0;0;2;4;2;B01
201600046624;2;7;0;0;2;3;14;B01
201600046624;2;7;0;0;2;8;1;C01
201600046624;2;7;0;0;2;5;23;A01
201600046625;1;7;0;4;0;9;17;A01
201600046626;2;7;0;3;0;1;0;A01
201600046627;1;7;0;4;0;1;0;A01
201600046628;2;7;0;0;2;1;2;A01
201600046628;2;7;0;0;2;4;2;B01
201600046629;1;33;0;0;2;1;11;A01