Num_Acc;senc;catv;occutc;obs;obsm;choc;manv;num_veh
201600047570;2;10;0;0;2;1;2;D01
201600047570;2;7;0;0;2;4;2;C01
201600047571;2;7;0;0;2;8;1;A01
201600047571;2;7;0;0;2;1;1;B01
201600047572;2;7;0;0;2;6;11;A01
201600047572;2;33;0;0;2;2;3;B01
201600047573;1;7;0;0;2;0;0;A01
201600047573;1;7;0;0;2;0;0;B01
201600047573;1;7;0;0;2;1;1;C01
201600047573;1;13;0;0;2;0;0;D01
201600047574;2;10;0;0;0;0;11;A01
201600047574;2;33;0;4;0;8;3;B01
201600047575;2;7;0;0;2;1;2;A01
201600047575;2;7;0;0;2;9;2;B01
201600047575;2;7;0;0;2;9;2;C01
201600047575;2;7;0;0;2;4;1;D01
201600047576;1;10;0;0;2;2;12;A01
201600047576;1;33;0;0;2;4;1;B01
201600047577;1;7;0;0;2;4;2;B01
201600047577;1;7;0;0;2;1;1;A01
201600047578;2;7;0;0;2;8;1;B01
201600047578;2;7;0;0;2;2;12;A01
201600047579;2;33;0;14;0;7;1;A01
201600047580;1;7;0;0;2;4;9;A01
201600047580;1;7;0;0;2;1;2;B01
201600047581;1;7;0;0;2;1;1;A01
201600047581;1;7;0;0;2;6;1;B01
201600047582;2;13;0;0;2;4;1;A01
201600047582;2;10;0;0;2;1;2;B01
201600047583;2;10;0;0;2;8;1;B01
201600047583;2;7;0;0;2;7;12;C01
201600047583;2;33;0;0;2;1;3;D01
201600047583;2;7;0;0;2;4;1;A01
201600047584;1;10;0;0;2;1;1;A01
201600047584;1;7;0;0;2;4;2;B01
201600047584;1;7;0;0;2;4;2;C01
201600047585;2;7;0;0;2;5;1;A01
201600047585;2;13;0;0;2;2;12;B01
201600047585;2;7;0;0;2;1;1;C01
201600047586;2;7;0;0;2;1;1;A01
201600047586;2;7;0;0;2;7;23;B01
201600047587;2;10;0;0;2;4;2;B01
201600047587;2;33;0;0;2;1;1;A01
201600047588;2;7;0;0;2;7;12;A01
201600047588;2;34;0;0;2;8;3;B01
201600047589;1;7;0;0;2;4;2;C01
201600047589;1;7;0;0;2;1;1;A01
201600047589;1;7;0;0;2;4;2;B01
201600047590;2;33;0;0;2;1;3;A01
201600047590;2;7;0;0;2;5;1;B01
201600047591;1;7;0;0;2;7;1;C01
201600047591;1;34;0;0;2;1;3;A01
201600047591;1;7;0;0;2;6;1;B01
201600047592;1;31;0;0;2;7;3;A01
201600047592;1;7;0;0;2;8;11;B01
201600047593;1;7;0;0;2;7;12;A01
201600047593;1;33;0;0;2;8;3;B01
201600047594;1;7;0;0;2;4;1;A01
201600047594;1;7;0;0;2;1;2;C01
201600047594;1;7;0;0;2;4;2;B01
201600047595;1;10;0;0;2;1;1;A01
201600047595;1;7;0;0;2;4;2;B01
201600047596;2;7;0;0;2;1;2;A01
201600047596;2;10;0;0;2;4;1;B01
201600047597;1;7;0;16;0;9;1;A01
201600047598;1;7;0;13;0;9;1;A01
201600047599;2;7;0;16;0;9;1;A01
201600047600;2;7;0;0;2;6;12;A01
201600047600;2;34;0;0;2;1;3;B01
201600047601;2;33;0;16;0;0;3;A01
201600047601;2;7;0;0;0;0;12;B01
201600047602;2;31;0;0;2;1;1;A01
201600047602;2;7;0;0;2;4;1;B01
201600047602;2;7;0;0;2;4;1;C01
201600047603;2;7;0;0;2;8;1;B01
201600047603;2;32;0;0;2;7;3;A01
201600047604;2;10;0;0;2;0;0;C01
201600047604;2;7;0;0;2;0;0;B01
201600047604;2;7;0;0;2;0;0;A01
201600047605;1;7;0;0;2;5;1;A01
201600047605;1;33;0;0;2;3;3;B01
201600047606;1;7;0;16;0;9;19;A01
201600047607;2;7;0;0;2;2;12;A01
201600047607;2;33;0;0;2;1;3;B01
201600047608;2;7;0;0;2;4;1;A01
201600047608;2;7;0;0;2;1;2;B01
201600047609;1;7;0;0;2;8;19;B01
201600047609;1;14;0;0;2;1;1;A01
201600047610;1;7;0;15;0;1;19;A01
201600047611;2;7;0;13;0;1;1;A01
201600047612;2;7;0;0;2;4;2;B01
201600047612;2;7;0;0;2;1;1;A01
201600047613;1;7;0;0;2;1;1;B01
201600047613;1;10;0;0;2;7;1;A01
201600047614;2;10;0;0;2;1;2;C01
201600047614;2;7;0;0;2;4;1;A01
201600047614;2;7;0;0;2;1;2;B01
201600047614;2;7;0;0;2;4;2;D01
201600047614;2;7;0;0;2;1;2;E01
201600047615;2;7;0;0;2;8;11;A01
201600047615;2;31;0;0;2;7;3;B01
201600047616;1;33;0;0;2;1;3;B01
201600047616;1;7;0;0;2;3;11;A01
201600047617;2;7;0;0;2;8;12;B01
201600047617;2;33;0;0;2;7;3;A01
201600047618;2;31;0;0;2;1;1;A01
201600047618;2;7;0;0;2;1;2;E01
201600047618;2;7;0;0;2;8;2;B01
201600047618;2;7;0;0;2;4;2;D01
201600047618;2;7;0;0;2;1;1;C01
201600047618;2;7;0;0;2;4;2;F02
201600047619;1;7;0;0;2;1;1;A01
201600047619;1;7;0;0;2;4;12;B01
201600047620;2;7;0;0;2;8;13;A01
201600047620;2;31;0;0;2;2;1;B01
201600047621;2;7;0;0;2;1;2;C01
201600047621;2;7;0;0;2;4;2;B01
201600047621;2;14;0;0;2;8;1;D01
201600047621;2;7;0;0;2;4;1;A01
201600047622;1;14;0;0;2;8;21;B01
201600047622;2;33;0;0;2;7;1;C01
201600047622;1;7;0;16;0;0;13;A01
201600047623;2;33;0;0;2;1;2;B01
201600047623;2;10;0;0;2;4;2;A01
201600047624;2;7;0;0;2;0;0;A01
201600047624;2;33;0;0;2;0;0;B01
201600047625;2;7;0;0;2;7;12;B01
201600047625;2;33;0;0;2;8;1;A01
201600047626;2;33;0;16;0;7;3;A01
201600047627;1;7;0;0;2;4;1;B01
201600047627;1;7;0;0;2;1;1;A01
201600047628;1;7;0;0;2;6;9;A01
201600047628;1;13;0;0;2;2;1;B01
201600047629;1;33;0;0;2;1;3;A01
201600047629;1;7;0;0;2;5;12;B01
201600047630;1;7;0;0;2;8;1;B01
201600047630;1;7;0;0;2;1;12;A01
201600047631;2;33;0;0;2;8;3;A01
201600047631;2;7;0;0;2;2;12;B01
201600047632;2;7;0;0;2;1;0;A01
201600047632;2;7;0;0;2;4;2;B01
201600047633;1;7;0;0;2;4;2;B01
201600047633;1;7;0;0;2;1;1;A01
201600047634;1;31;0;16;0;7;3;A01
201600047635;1;14;0;0;2;6;1;B01
201600047635;1;7;0;0;2;1;12;A01
201600047636;1;7;0;0;2;4;2;B01
201600047636;1;7;0;0;2;4;2;C01
201600047636;1;7;0;0;2;1;1;A01
201600047637;2;33;0;0;2;3;11;A01
201600047637;2;7;0;0;2;5;1;B01
201600047638;2;7;0;0;2;7;12;A01
201600047638;2;34;0;0;2;8;1;B01
201600047639;1;33;0;0;2;1;18;D01
201600047639;1;7;0;0;2;5;1;A01
201600047639;1;7;0;0;2;6;1;B01
201600047639;1;7;0;0;2;2;1;C01
201600047640;2;33;0;0;2;7;3;A01
201600047640;2;7;0;0;2;4;1;B01
201600047640;2;7;0;0;2;8;11;C01
201600047641;1;7;0;0;2;7;19;A01
201600047641;1;7;0;0;2;8;1;B01
201600047642;2;33;0;0;2;8;3;A01
201600047642;2;7;0;0;2;5;14;B01
201600047643;1;7;0;0;2;2;14;A01
201600047643;1;33;0;0;2;8;1;B01
201600047643;1;7;0;0;2;4;1;C01
201600047644;1;32;0;0;2;1;1;A01
201600047644;1;7;0;0;2;4;1;B01
201600047645;1;7;0;0;2;4;12;B01
201600047645;1;33;0;0;2;1;3;A01
201600047646;1;33;0;16;0;7;1;A01
201600047647;2;33;0;16;0;7;1;A01
201600047648;2;7;0;0;2;4;1;B01
201600047648;2;7;0;4;2;1;17;A01
201600047649;2;33;0;0;2;8;1;B01
201600047649;2;10;0;0;2;2;12;A01
201600047650;2;7;0;0;2;7;12;A01
201600047650;2;7;0;0;2;3;1;B01
201600047651;2;7;0;0;2;1;1;A01
201600047651;2;7;0;0;2;4;2;B01
201600047652;2;10;0;0;2;4;1;A01
201600047652;2;31;0;0;2;1;2;B01
201600047653;2;7;0;0;2;4;1;A01
201600047653;2;7;0;0;2;1;2;Z01
201600047654;1;7;0;0;2;2;2;A01
201600047654;1;7;0;0;2;6;2;B01
201600047655;1;7;0;0;2;6;1;B01
201600047655;1;13;0;0;2;1;2;Z01
201600047656;2;33;0;0;2;7;3;A01
201600047656;2;7;0;0;2;8;11;Z01
201600047657;2;7;0;0;2;7;1;B01
201600047657;2;10;0;0;2;1;13;A01
201600047658;2;33;0;0;2;1;1;B01
201600047658;2;13;0;0;2;7;12;A01
201600047659;2;10;0;0;2;4;1;D01
201600047659;2;7;0;0;2;8;1;B01
201600047660;1;33;0;0;2;7;3;B01
201600047660;1;7;0;0;2;8;11;A01
201600047661;1;10;0;0;2;4;2;B01
201600047661;1;7;0;0;2;4;2;D01
201600047661;1;7;0;0;2;1;1;A01
201600047661;1;7;0;0;2;1;2;E01
201600047661;1;7;0;0;2;4;2;C01
201600047662;1;33;0;0;2;8;1;B01
201600047662;1;7;0;0;2;2;11;A01
201600047662;1;10;0;0;2;6;1;C01
201600047663;1;31;0;16;0;8;3;A01
201600047664;1;33;0;16;0;7;1;A01
201600047665;1;7;0;0;2;1;13;A01
201600047665;1;7;0;0;2;1;1;B01
201600047665;1;7;0;0;2;1;1;C01
201600047666;1;7;0;16;0;1;13;A01
201600047667;2;10;0;0;2;2;14;A01
201600047667;2;10;0;0;2;6;24;B01
201600047668;2;7;0;0;2;8;1;A01
201600047668;2;7;0;0;2;2;9;B01
201600047669;2;10;0;0;2;1;2;A01
201600047669;2;7;0;0;2;4;1;C01
201600047669;2;10;0;0;2;9;2;B01
201600047670;2;7;0;0;2;2;12;B01
201600047670;2;33;0;0;2;8;18;A01
201600047671;1;7;0;0;2;4;2;B01
201600047671;1;7;0;0;2;4;1;A01
201600047671;1;13;0;0;2;1;2;D01
201600047671;1;7;0;0;2;4;2;C01
201600047672;2;10;0;13;0;8;1;A01
201600047673;2;7;0;0;2;4;1;B01
201600047673;2;13;0;0;2;1;9;A01
201600047674;1;7;0;4;0;1;1;A01
201600047675;2;7;0;3;0;9;1;A01
201600047676;2;7;0;7;0;9;17;A01
201600047677;1;7;0;0;2;4;2;B01
201600047677;1;10;0;0;2;1;1;A01
201600047678;1;10;0;0;2;2;1;B01
201600047678;1;7;0;0;2;3;18;A01
201600047679;2;7;0;3;0;1;19;A01
201600047680;1;33;0;0;2;7;17;B01
201600047680;1;7;0;0;2;3;13;A01
201600047681;1;10;0;0;2;4;1;A01
201600047681;1;7;0;0;2;1;2;B01
201600047682;1;10;0;0;2;4;1;A01
201600047682;1;33;0;0;2;1;2;B01
201600047683;2;7;0;4;0;8;1;A01
201600047684;2;32;0;16;0;7;1;A01
201600047685;2;13;0;0;2;2;12;A01
201600047685;2;7;0;0;2;3;1;B01
201600047686;1;7;0;0;2;4;2;B01
201600047686;1;7;0;0;2;1;1;A01
201600047687;2;7;0;0;2;4;2;B01
201600047687;2;7;0;0;2;1;1;A01
201600047688;1;7;0;0;2;1;1;A01
201600047688;1;7;0;0;2;4;2;B01
201600047688;1;7;0;0;2;4;2;C01
201600047688;1;7;0;0;2;4;2;D01
201600047688;1;7;0;0;2;1;2;E01
201600047689;2;33;0;0;2;4;3;B01
201600047689;2;7;0;0;2;7;1;C01
201600047689;2;34;0;0;2;1;3;A01
201600047690;2;13;0;15;0;8;1;C01
201600047690;2;13;0;16;0;3;1;E01
201600047690;2;7;0;14;0;1;2;D01
201600047690;2;7;0;14;0;1;1;B01
201600047690;2;7;0;0;2;1;1;A01
201600047691;2;34;0;0;2;1;3;B01
201600047691;2;7;0;0;2;5;1;A01
201600047692;1;7;0;0;2;1;1;A01
201600047692;1;7;0;0;2;4;2;B01
201600047693;2;33;0;16;0;8;3;A01
201600047694;2;7;0;0;2;8;9;A01
201600047694;2;7;0;0;2;1;1;B01
201600047695;1;14;0;0;2;2;21;C01
201600047695;1;14;0;4;2;2;14;B01
201600047695;1;7;0;0;2;7;1;A01
201600047695;1;13;0;0;2;6;23;D01
201600047696;2;10;0;0;2;1;2;B01
201600047696;2;7;0;0;2;4;1;A01
201600047697;2;7;0;0;2;8;11;A01
201600047697;2;33;0;0;2;7;3;B01
201600047698;2;7;0;0;2;8;11;B01
201600047698;2;33;0;0;2;7;1;A01
201600047699;1;7;0;0;2;1;1;A01
201600047699;1;7;0;0;2;4;2;B01
201600047699;1;7;0;0;2;4;2;C01
201600047700;2;7;0;0;2;6;11;A01
201600047700;2;7;0;0;2;2;1;B01
201600047701;1;13;0;0;2;2;1;B01
201600047701;1;7;0;0;2;6;9;A01
201600047702;2;33;0;0;2;1;1;A01
201600047702;2;7;0;0;2;4;2;B01
201600047703;2;10;0;2;0;1;1;A01
201600047704;2;7;0;0;2;2;1;B01
201600047704;2;7;0;0;2;8;1;C01
201600047704;2;33;0;0;2;1;3;A01
201600047704;2;7;0;0;2;5;1;D01
201600047705;2;7;0;0;2;4;19;A01
201600047705;2;13;0;0;2;1;21;B01
201600047705;2;10;0;0;2;7;1;C01
201600047706;1;7;0;16;0;1;1;A01
201600047707;2;10;0;0;2;1;2;A01
201600047707;2;7;0;0;2;4;1;B01
201600047708;1;34;0;0;2;7;3;A01
201600047708;1;38;1;0;2;8;1;B01
201600047709;2;7;0;0;2;4;2;B01
201600047709;2;15;0;0;2;1;1;A01
201600047710;2;7;0;0;2;1;1;A01
201600047710;2;7;0;0;2;4;2;B01
201600047711;2;33;0;0;2;1;3;A01
201600047711;2;7;0;0;2;7;12;B01
201600047712;1;33;0;0;2;4;1;A01
201600047713;1;33;0;0;0;1;1;A01
201600047714;1;7;0;0;2;1;2;A01
201600047714;1;7;0;4;2;4;1;B01
201600047715;2;15;0;0;2;1;2;C01
201600047715;2;7;0;0;2;4;2;B01
201600047715;2;7;0;0;2;4;1;A01
201600047716;1;7;0;16;0;9;1;A01
201600047717;2;7;0;0;2;5;1;A01
201600047717;2;7;0;0;2;1;2;B01
201600047718;2;7;0;0;2;4;2;B01
201600047718;2;7;0;0;2;1;1;A01
201600047718;2;7;0;0;2;4;2;C01
201600047719;1;13;0;0;2;6;23;B01
201600047719;1;33;0;0;2;1;18;A01
201600047720;2;7;0;3;0;1;1;A01
201600047721;1;7;0;16;0;2;1;A01
201600047722;2;7;0;4;0;1;1;A01
201600047723;1;7;0;2;0;9;0;A01
201600047724;1;7;0;4;0;7;1;A01
201600047725;2;33;0;14;0;1;14;A01
201600047726;2;7;0;0;2;8;1;B01
201600047726;2;7;0;0;2;7;1;A01
201600047727;2;33;0;0;2;1;2;B01
201600047727;2;7;0;0;2;4;1;A01
201600047728;2;7;0;0;2;7;1;A01
201600047728;2;31;0;0;2;8;21;B01
201600047729;1;7;0;16;0;9;1;A01
201600047730;1;7;0;4;0;1;1;A01
201600047731;1;7;0;0;2;4;1;A01
201600047731;1;7;0;0;2;1;2;Z01
201600047732;1;7;0;0;2;3;14;B01
201600047732;1;7;0;0;2;6;13;A01
201600047733;2;10;0;0;2;8;11;A01
201600047733;2;31;0;0;2;7;3;B01
201600047734;1;33;0;0;2;8;3;B01
201600047734;1;10;0;0;2;5;1;A01
201600047735;1;7;0;0;2;4;1;A01
201600047735;1;7;0;0;2;1;12;B01
201600047736;1;7;0;4;0;1;21;A01
201600047737;1;20;0;1;0;5;23;B01
201600047737;1;7;0;0;2;3;13;A01
201600047738;1;7;0;0;2;4;1;A01
201600047738;1;7;0;0;2;1;2;C01
201600047738;1;7;0;0;2;4;2;B01
201600047739;2;7;0;0;2;4;2;D01
201600047739;2;7;0;0;2;4;2;E01
201600047739;2;7;0;0;2;4;2;B01
201600047739;2;7;0;0;2;4;2;C01
201600047739;2;7;0;0;2;1;1;A01
201600047740;1;7;0;0;2;4;2;C01
201600047740;1;7;0;0;2;4;2;B01
201600047740;1;7;0;0;2;1;1;A01
201600047741;2;7;0;0;2;4;1;A01
201600047741;2;7;0;0;2;1;1;B01
201600047742;2;10;0;0;2;7;1;A01
201600047742;2;7;0;0;2;8;11;B01
201600047743;2;10;0;0;2;4;23;B01
201600047743;2;10;0;1;0;1;1;A01
201600047744;2;7;0;0;2;4;1;B01
201600047744;2;7;0;0;2;1;1;A01
201600047745;2;7;0;0;2;9;9;A01
201600047745;2;13;0;0;2;1;1;B01
201600047746;2;7;0;0;2;7;12;B01
201600047746;2;32;0;0;2;8;3;A01
201600047747;2;7;0;3;0;2;1;A01
201600047748;2;7;0;4;0;1;1;A01
201600047749;2;7;0;0;2;7;14;A01
201600047749;2;33;0;0;2;8;3;B01
201600047750;1;7;0;0;2;4;2;F02
201600047750;1;7;0;0;2;4;2;B01
201600047750;1;7;0;0;2;1;1;A01
201600047750;1;7;0;0;2;4;2;D01
201600047750;1;7;0;0;2;4;2;E01
201600047750;1;7;0;0;2;4;2;C01
201600047751;1;7;0;0;2;4;1;A01
201600047751;1;10;0;0;2;1;1;B01
201600047752;2;7;0;0;2;3;9;B01
201600047752;2;13;0;0;2;2;1;A01
201600047753;2;7;0;0;2;6;11;B01
201600047753;2;33;0;0;2;1;3;A01
201600047754;1;7;0;0;2;6;13;A01
201600047754;1;7;0;0;2;2;1;B01
201600047755;2;7;0;0;2;9;2;B01
201600047755;2;10;0;0;2;1;2;C01
201600047755;2;7;0;0;2;4;1;A01
201600047756;2;7;0;0;2;7;12;A01
201600047756;2;33;0;0;2;8;1;B01
201600047757;2;14;0;0;2;2;12;A01
201600047757;2;7;0;0;2;8;1;B01
201600047758;2;7;0;0;2;4;2;C01
201600047758;2;7;0;0;2;4;2;B01
201600047758;2;7;0;0;2;1;1;A01
201600047759;2;7;0;0;2;1;1;A01
201600047759;2;7;0;0;2;4;2;B01
201600047760;1;33;0;16;0;7;1;A01
201600047761;2;37;1;0;2;1;2;A01
201600047761;2;13;0;0;2;4;1;B01
201600047762;2;31;0;0;2;1;3;A01
201600047762;2;7;0;0;2;7;12;B01
201600047763;2;7;0;0;2;8;11;A01
201600047763;2;33;0;0;2;1;3;B01
201600047764;1;33;0;16;0;8;17;A01
201600047764;2;7;0;0;2;1;1;B01
201600047765;2;7;0;0;2;4;2;B01
201600047765;2;7;0;0;2;1;1;A01
201600047766;1;10;0;0;2;4;11;A01
201600047766;1;33;0;0;2;1;1;B01
201600047767;2;10;0;0;2;1;5;B01
201600047767;2;7;0;0;2;1;1;A01
201600047768;2;7;0;0;2;4;2;B01
201600047768;2;7;0;0;2;1;1;A01
201600047769;2;7;0;0;2;6;1;C01
201600047769;2;33;0;0;2;8;3;A01
201600047769;2;10;0;0;2;8;11;B01
201600047770;1;10;0;0;2;7;1;A01
201600047770;1;34;0;0;2;8;3;B01
201600047771;2;7;0;0;2;4;2;C01
201600047771;2;10;0;0;2;1;2;D01
201600047771;2;7;0;0;2;4;2;B01
201600047771;2;7;0;0;2;4;1;A01
201600047772;1;7;0;0;2;5;1;A01
201600047772;1;7;0;0;2;1;2;B01
201600047773;2;7;0;0;2;2;13;A01
201600047773;2;14;0;0;2;6;1;B01
201600047774;1;33;0;0;2;1;3;B01
201600047774;1;7;0;0;2;4;11;A01
201600047775;1;7;0;3;0;1;1;A01
201600047776;2;7;0;0;2;1;2;B01
201600047776;2;7;0;0;2;4;1;A01
201600047777;2;32;0;0;2;1;1;A01
201600047777;2;33;0;0;2;4;11;B01
201600047778;2;31;0;0;2;8;3;A01
201600047778;2;7;0;0;2;7;12;B01
201600047779;2;13;0;0;2;1;2;B01
201600047779;2;7;0;0;2;4;1;A01
201600047780;2;7;0;0;2;4;2;C01
201600047780;2;14;0;0;2;1;2;B01
201600047780;2;34;0;0;2;2;14;A01
201600047781;2;7;0;0;2;5;1;A01
201600047781;2;7;0;0;2;3;11;B01
201600047782;1;7;0;0;2;4;2;B01
201600047782;1;7;0;0;2;1;1;A01
201600047783;1;33;0;0;2;4;1;A01
201600047783;1;7;0;0;2;1;2;Z01
201600047784;1;7;0;3;0;1;1;A01
201600047785;2;7;0;4;2;6;1;A01
201600047785;2;13;0;0;2;2;14;Z01
201600047786;1;7;0;4;0;1;1;A01
201600047786;1;7;0;0;2;7;1;B01
201600047787;2;7;0;13;0;1;1;A01
201600047788;2;33;0;16;0;7;1;A01
201600047789;2;33;0;0;2;7;3;B01
201600047789;2;7;0;0;2;8;11;A01
201600047790;1;33;0;0;2;8;3;B01
201600047790;1;7;0;0;2;2;12;A01
201600047791;2;7;0;0;2;8;1;B01
201600047791;2;7;0;0;2;7;21;A01
201600047792;2;10;0;0;2;4;1;C01
201600047792;2;33;0;0;2;5;1;B01
201600047792;2;7;0;0;2;3;11;A01
201600047793;2;7;0;0;2;1;2;B01
201600047793;2;7;0;0;2;4;1;A01
201600047794;1;33;0;0;2;3;13;A01
201600047794;1;7;0;0;2;6;23;B01
201600047795;1;7;0;0;1;2;21;A01
201600047796;1;7;0;3;0;8;1;A01
201600047797;1;7;0;0;2;2;13;A01
201600047797;1;7;0;0;2;4;1;B01
201600047797;1;7;0;0;2;1;1;C01
201600047798;1;7;0;16;0;6;1;A01
201600047799;2;7;0;4;0;1;1;A01
201600047800;1;7;0;0;2;1;2;C01
201600047800;1;7;0;0;2;1;2;B01
201600047800;1;7;0;0;2;4;1;A01
201600047801;1;33;0;0;2;8;3;C01
201600047801;1;7;0;0;2;4;2;B01
201600047801;1;13;0;0;2;1;2;A01
201600047802;2;7;0;0;2;4;1;A01
201600047802;2;7;0;0;2;1;2;C01
201600047802;2;7;0;0;2;4;2;B01
201600047803;2;7;0;0;2;1;2;B01
201600047803;2;13;0;0;2;4;1;A01
201600047804;1;7;0;0;2;1;2;A01
201600047804;1;7;0;0;2;4;1;B01
201600047805;2;13;0;0;2;5;18;Z01
201600047805;2;33;0;0;2;3;1;A01
201600047806;1;33;0;0;2;8;3;B01
201600047806;1;7;0;0;2;7;12;C01
201600047806;1;15;0;0;2;6;1;A01
201600047807;2;33;0;0;2;1;3;A01
201600047807;2;7;0;0;2;5;12;B01
201600047808;2;33;0;4;0;8;1;A01
201600047809;1;33;0;13;0;1;18;A01
201600047810;2;7;0;0;2;2;17;A01
201600047810;2;15;0;0;2;6;1;B01
201600047811;2;33;0;16;0;8;1;A01
201600047812;1;31;0;0;2;1;3;B01
201600047812;1;7;0;0;2;5;12;A01
201600047813;1;13;0;0;2;6;1;B01
201600047813;1;33;0;0;2;7;1;A01
201600047814;2;7;0;0;2;6;11;B01
201600047814;2;33;0;0;2;1;3;A01
201600047815;2;7;0;0;2;4;2;B01
201600047815;2;7;0;0;2;4;2;C01
201600047815;2;7;0;0;2;4;1;A01
201600047815;2;7;0;0;2;1;2;D01
201600047816;2;7;0;0;2;1;1;A01
201600047816;2;7;0;0;2;4;2;B01
201600047817;2;7;0;4;0;8;1;A01
201600047818;2;32;0;0;2;3;1;B01
201600047818;2;7;0;0;2;2;12;A01
201600047819;2;33;0;0;2;7;3;B01
201600047819;2;7;0;0;2;3;11;A01
201600047820;2;7;0;0;2;1;13;B01
201600047820;2;33;0;0;2;1;3;A01
201600047820;2;7;0;0;2;5;1;C01
201600047821;1;7;0;0;2;4;2;B01
201600047821;1;10;0;0;2;1;2;D01
201600047821;1;7;0;0;2;4;2;C01
201600047821;1;7;0;0;2;4;1;A01
201600047822;2;7;0;0;2;4;11;A01
201600047822;2;31;0;0;2;8;1;B01
201600047823;2;7;0;0;2;4;2;B01
201600047823;2;7;0;0;2;4;2;C01
201600047823;2;7;0;0;2;1;2;A01
201600047824;1;15;0;4;0;7;1;A01
201600047825;1;7;0;0;2;4;2;B01
201600047825;1;7;0;0;2;1;11;C01
201600047825;1;10;0;0;2;4;1;A01
201600047826;1;13;0;0;2;7;21;A01
201600047826;1;33;0;0;2;8;1;B01
201600047827;2;7;0;0;2;1;1;A01
201600047827;2;7;0;0;2;4;2;C01
201600047827;2;7;0;0;2;4;2;B01
201600047828;1;7;0;13;0;2;1;A01
201600047829;2;10;0;0;2;4;2;A01
201600047829;2;33;0;0;2;1;2;B01
201600047830;1;7;0;0;2;4;12;B01
201600047830;1;33;0;0;2;1;3;A01
201600047831;2;7;0;6;0;9;13;A01
201600047832;1;7;0;0;2;4;1;C01
201600047832;1;7;0;0;2;1;2;A01
201600047832;1;7;0;0;2;9;2;B01
201600047833;2;7;0;0;2;3;1;C01
201600047833;2;7;0;0;2;4;2;B01
201600047833;2;7;0;0;2;8;1;A01
201600047833;2;7;0;0;2;2;1;D01
201600047834;2;7;0;0;2;4;2;B01
201600047834;2;7;0;0;2;4;2;C01
201600047834;2;7;0;0;2;1;2;E01
201600047834;2;7;0;0;2;4;1;A01
201600047834;2;7;0;0;2;1;2;D01
201600047835;2;33;0;0;2;1;3;A01
201600047835;2;7;0;0;2;6;11;B01
201600047836;2;7;0;0;2;4;1;C01
201600047836;2;7;0;0;2;8;11;A01
201600047836;2;32;0;0;2;7;3;B01
201600047837;2;32;0;16;0;7;3;A01
201600047838;1;7;0;0;2;4;1;B01
201600047838;1;10;0;0;2;1;2;A01
201600047839;1;7;0;16;0;9;1;A01
201600047840;1;7;0;0;2;1;1;A01
201600047840;1;7;0;0;2;4;2;B01
201600047841;2;7;0;0;2;3;1;A01
201600047841;2;13;0;0;2;1;12;B01
201600047842;2;7;0;0;2;1;1;A01
201600047842;2;10;0;0;2;4;2;B01
201600047843;2;13;0;0;2;3;1;A01
201600047843;2;7;0;0;2;7;19;B01
201600047844;1;10;0;0;2;1;2;A01
201600047844;1;7;0;0;2;4;1;C01
201600047844;1;7;0;0;2;9;2;B01
201600047845;1;7;0;0;2;4;1;C01
201600047845;1;7;0;0;2;9;2;B01
201600047845;1;13;0;0;2;1;2;A01
201600047846;2;7;0;3;0;8;1;A01
201600047847;2;33;0;16;0;8;1;A01
201600047848;2;33;0;16;0;7;1;A01
201600047849;2;33;0;0;2;7;3;B01
201600047849;2;7;0;0;2;8;11;A01
201600047850;1;7;0;0;2;4;2;C01
201600047850;1;7;0;0;2;4;2;B01
201600047850;1;7;0;0;2;1;1;A01
201600047851;1;7;0;14;0;3;19;A01
201600047852;2;7;0;0;2;4;2;B01
201600047852;2;7;0;0;2;1;1;A01
201600047853;1;7;0;0;2;9;2;C01
201600047853;1;7;0;0;2;9;2;B01
201600047853;1;7;0;0;2;4;1;A01
201600047853;1;7;0;0;2;9;2;D01
201600047853;1;7;0;0;2;1;2;E01
201600047854;1;7;0;3;0;3;14;A01
201600047855;2;10;0;0;2;4;2;B01
201600047855;2;7;0;0;2;1;1;A01
201600047856;1;7;0;0;2;4;1;A01
201600047856;1;7;0;0;2;1;2;B01
201600047857;2;10;0;0;2;4;2;B01
201600047857;2;10;0;0;2;1;1;A01
201600047857;2;7;0;0;2;4;2;C01
201600047858;2;7;0;4;0;3;1;A01
201600047859;2;33;0;0;2;8;1;A01
201600047859;2;7;0;0;2;7;12;Z01
201600047860;2;33;0;0;2;1;3;B01
201600047860;2;7;0;0;2;8;11;A01
201600047861;2;33;0;0;2;1;1;A01
201600047861;2;7;0;0;2;4;2;B01
201600047862;1;31;0;16;2;7;3;A01
201600047862;1;7;0;0;2;2;1;B01
201600047863;1;13;0;0;2;4;1;A01
201600047863;1;10;0;0;2;1;2;B01
201600047864;2;7;0;0;2;4;1;B01
201600047864;2;7;0;0;2;1;2;A01
201600047865;2;7;0;0;2;4;2;B01
201600047865;2;7;0;0;2;4;2;C01
201600047865;2;7;0;0;2;4;1;A01
201600047865;2;10;0;0;2;1;2;D01
201600047866;2;34;0;0;2;2;1;B01
201600047866;2;10;0;0;2;8;11;A01
201600047867;2;7;0;0;2;4;1;B01
201600047867;2;17;0;0;2;3;12;A01
201600047868;2;10;0;0;2;6;1;C01
201600047868;2;10;0;0;2;4;12;A01
201600047868;2;34;0;0;2;1;3;B01