Num_Acc;senc;catv;occutc;obs;obsm;choc;manv;num_veh
201600048550;1;7;0;0;2;8;2;A01
201600048551;1;1;0;0;1;0;0;Z01
201600048552;1;7;0;0;2;5;11;A01
201600048552;1;33;0;0;2;1;1;B01
201600048553;1;10;0;0;2;1;2;A01
201600048553;1;7;0;0;2;4;2;B01
201600048553;1;7;0;0;2;4;2;C01
201600048554;2;7;0;0;1;0;0;A01
201600048555;1;7;0;0;2;4;2;B01
201600048555;1;7;0;0;2;0;0;A01
201600048556;1;7;0;0;1;2;16;A01
201600048557;1;7;0;16;2;2;1;A01
201600048558;2;7;0;0;0;5;2;B01
201600048558;2;33;0;0;2;1;2;A01
201600048559;2;7;0;0;2;1;2;A01
201600048559;2;7;0;0;2;4;23;B01
201600048560;1;7;0;0;2;0;0;Z01
201600048560;1;30;0;0;2;4;2;B01
201600048561;1;7;0;0;2;3;1;B01
201600048561;0;7;0;0;2;2;15;A01
201600048562;2;7;0;0;2;7;1;A01
201600048562;2;7;0;0;2;1;1;B01
201600048563;1;32;0;0;1;3;3;A01
201600048564;2;7;0;0;1;4;20;A01
201600048565;2;33;0;0;2;1;0;B01
201600048565;1;7;0;0;2;2;15;A01
201600048566;1;7;0;0;1;1;1;A01
201600048567;1;7;0;0;1;0;0;A01
201600048568;1;3;0;0;1;2;2;A01
201600048569;1;7;0;0;2;1;1;A01
201600048569;1;7;0;0;2;3;1;B01
201600048570;0;7;0;12;0;5;1;A01
201600048571;2;7;0;0;2;1;2;A01
201600048571;1;7;0;0;2;7;2;B01
201600048572;1;7;0;6;0;1;1;A01
201600048573;1;7;0;14;0;1;1;A01
201600048573;1;7;0;14;2;4;1;C01
201600048573;1;7;0;14;2;4;1;B01
201600048574;1;7;0;0;1;4;4;A01
201600048575;1;7;0;0;1;1;0;A01
201600048576;1;1;0;0;2;4;1;B01
201600048576;1;7;0;0;2;2;2;A01
201600048577;0;10;0;0;2;1;2;A01
201600048577;0;7;0;0;0;4;23;B01
201600048578;1;7;0;0;2;1;2;A01
201600048578;1;7;0;0;2;4;2;B01
201600048578;1;7;0;0;2;4;2;C01
201600048579;2;1;0;0;1;2;1;A01
201600048580;1;10;0;0;2;7;19;A01
201600048580;1;2;0;0;2;1;0;B01
201600048581;1;7;0;0;2;8;1;B01
201600048581;1;7;0;0;2;1;15;A01
201600048582;1;7;0;0;2;2;15;A01
201600048582;2;7;0;0;2;1;2;B01
201600048583;1;7;0;0;1;1;15;A01
201600048584;1;7;0;0;1;8;15;A01
201600048585;2;1;0;0;2;1;0;B01
201600048585;1;1;0;0;2;1;0;A01
201600048586;1;7;0;0;2;4;2;B01
201600048586;1;30;0;0;2;1;2;A01
201600048587;2;31;0;14;0;0;0;A01
201600048588;2;1;0;0;2;0;17;B01
201600048588;2;7;0;0;2;8;13;A01
201600048589;1;1;0;1;2;1;2;A01
201600048590;1;1;0;0;1;0;0;A01
201600048591;1;7;0;0;2;3;10;A01
201600048591;1;30;0;0;2;7;1;B01
201600048592;1;7;0;0;2;3;2;A01
201600048593;1;30;0;1;0;1;1;A01
201600048593;1;10;0;0;9;6;1;B01
201600048594;1;7;0;8;2;1;14;A01
201600048595;2;7;0;0;2;3;1;B01
201600048595;2;1;0;0;2;5;19;A01
201600048596;1;7;0;0;1;1;16;A01
201600048597;1;7;0;13;2;9;2;A01
201600048598;1;7;0;0;2;7;0;B01
201600048598;1;2;0;0;2;0;1;A01
201600048599;1;7;0;0;1;1;1;A01
201600048600;2;7;0;0;1;2;17;A01
201600048601;0;33;0;12;0;9;0;A01
201600048602;2;34;0;0;0;3;0;A01
201600048602;1;7;0;0;9;0;0;B01
201600048603;1;10;0;0;2;5;15;A01
201600048603;2;32;0;0;2;1;1;B01
201600048604;1;7;0;0;2;1;1;B01
201600048604;1;7;0;0;2;3;11;A01
201600048605;1;33;0;0;2;1;1;B01
201600048605;1;7;0;0;2;8;15;A01
201600048606;1;30;0;0;2;0;0;B01
201600048606;1;7;0;0;2;2;2;A01
201600048607;1;7;0;0;9;1;15;A01
201600048607;1;1;0;0;2;0;0;B01
201600048608;1;33;0;0;2;1;15;A01
201600048608;2;32;0;0;2;1;2;B01
201600048609;2;30;0;0;0;0;0;A01
201600048610;2;7;0;15;1;2;1;A01
201600048611;2;33;0;0;2;1;1;B01
201600048611;2;7;0;0;2;3;20;A01
201600048612;1;32;0;1;2;0;3;B01
201600048612;1;7;0;1;2;6;5;C01
201600048612;1;7;0;1;2;1;1;A01
201600048613;1;33;0;0;2;1;17;B01
201600048613;2;7;0;0;2;3;15;A01
201600048614;2;7;0;8;0;1;1;A01
201600048615;1;7;0;0;2;0;1;B01
201600048615;1;2;0;0;2;1;0;A01
201600048616;1;37;45;0;2;7;7;B01
201600048616;1;1;0;0;2;8;13;A01
201600048617;1;1;0;0;2;2;5;B01
201600048617;1;13;0;0;2;6;14;A01
201600048618;1;1;0;0;2;8;1;B01
201600048618;1;7;0;0;2;2;1;A01
201600048619;1;7;0;0;2;1;1;B01
201600048619;1;2;0;0;2;8;1;A01
201600048620;1;7;0;0;2;1;2;A01
201600048620;1;32;0;0;0;4;23;B01
201600048621;2;7;0;4;0;3;0;A01
201600048622;1;7;0;0;1;1;5;A01
201600048623;1;7;0;0;2;6;15;A01
201600048623;2;1;0;0;2;2;3;B01
201600048624;2;7;0;0;1;2;20;A01
201600048625;1;7;0;0;1;4;4;A01
201600048626;2;1;0;0;1;1;1;A01
201600048627;1;1;0;0;2;7;1;A01
201600048627;2;7;0;0;2;2;15;B01
201600048628;2;2;0;0;2;1;15;A01
201600048628;1;7;0;0;2;8;1;B01
201600048629;1;7;0;0;1;1;0;A01
201600048630;1;33;0;0;2;4;4;A01
201600048631;1;2;0;0;2;3;1;A01
201600048631;2;7;0;0;2;3;15;Z01
201600048632;1;7;0;0;2;3;19;A01
201600048632;1;7;0;0;2;1;1;B01
201600048633;1;32;0;0;2;1;1;B01
201600048633;1;7;0;0;2;2;15;A01
201600048634;1;7;0;0;2;3;13;A01
201600048634;1;31;0;0;2;7;3;B01
201600048635;1;30;0;0;1;7;1;A01
201600048636;1;7;0;0;2;1;15;A01
201600048636;1;30;0;0;2;8;1;B01
201600048637;2;1;0;1;0;7;1;B01
201600048637;2;7;0;0;2;8;22;A01
201600048638;1;7;0;0;1;3;1;A01
201600048639;1;7;0;8;2;3;1;A01
201600048640;1;1;0;0;2;7;1;B01
201600048640;1;7;0;0;2;5;4;A01
201600048641;1;7;0;0;2;6;2;B01
201600048641;1;7;0;0;2;1;15;Z01
201600048642;2;33;0;0;9;8;16;A01
201600048643;1;33;0;0;2;1;1;B01
201600048643;1;7;0;0;2;5;10;A01
201600048644;1;1;0;0;2;8;9;B01
201600048644;1;7;0;0;9;1;15;A01
201600048645;1;7;0;0;9;2;1;A01
201600048645;1;1;0;0;2;4;1;B01
201600048646;1;7;0;0;2;0;0;B01
201600048646;1;32;0;0;2;0;0;A01
201600048647;1;7;0;0;1;1;19;A01
201600048648;1;7;0;0;0;4;1;B01
201600048648;1;7;0;0;2;1;1;A01
201600048649;1;7;0;1;0;2;14;A01
201600048650;2;30;0;0;2;1;1;A01
201600048650;2;7;0;0;2;5;2;B01
201600048651;1;10;0;0;1;0;0;A01
201600048652;2;33;0;0;2;1;17;A01
201600048652;2;7;0;0;2;3;9;B01
201600048653;1;1;0;0;2;8;15;A01
201600048653;1;7;0;0;2;1;2;B01
201600048654;1;7;0;0;2;4;2;B01
201600048654;1;7;0;0;2;1;2;A01
201600048655;1;10;0;0;2;2;2;B01
201600048655;2;7;0;0;2;3;1;A01
201600048656;1;1;0;0;1;0;0;A01
201600048657;2;7;0;14;0;1;2;A01
201600048657;2;7;0;0;0;4;23;B01
201600048658;1;7;0;0;9;7;4;A01
201600048658;1;1;0;0;2;1;1;B01
201600048659;1;7;0;0;2;3;1;B01
201600048659;2;7;0;0;2;1;13;A01
201600048660;1;7;0;0;2;3;6;A01
201600048660;2;7;0;0;2;8;0;B01
201600048661;1;2;0;0;2;2;2;A01
201600048662;1;7;0;8;0;1;1;A01
201600048663;1;7;0;0;2;1;2;B01
201600048663;1;7;0;0;2;4;2;A01
201600048664;1;1;0;0;2;0;17;B01
201600048664;1;7;0;0;2;3;23;A01
201600048665;2;7;0;0;2;3;1;B01
201600048665;2;33;0;0;2;1;17;A01
201600048666;2;7;0;0;2;4;1;B01
201600048666;2;33;0;0;2;0;0;A01
201600048667;1;7;0;0;1;7;1;A01
201600048668;2;7;0;0;1;0;0;A01
201600048669;2;7;0;0;1;1;15;A01
201600048670;2;37;50;0;2;3;1;B01
201600048670;1;7;0;14;0;3;13;A01
201600048671;1;7;0;0;9;3;1;B01
201600048671;2;1;0;1;0;0;0;A01
201600048672;2;7;0;0;2;8;24;B01
201600048672;1;7;0;1;0;8;0;A01
201600048673;1;1;0;0;2;7;2;B01
201600048673;1;7;0;0;9;1;2;Z01
201600048674;2;7;0;0;1;1;21;A01
201600048675;2;7;0;0;2;4;0;B01
201600048675;2;7;0;0;2;1;1;A01
201600048676;2;7;0;0;1;3;1;A01
201600048677;2;7;0;0;1;3;2;A01
201600048678;2;31;0;0;2;3;8;A01
201600048678;1;7;0;0;2;3;1;B01
201600048679;1;7;0;0;1;8;0;A01
201600048680;2;32;0;0;2;3;15;B01
201600048680;1;7;0;0;2;1;1;A01
201600048681;1;7;0;0;2;0;0;B01
201600048681;1;7;0;0;0;0;0;A01
201600048682;1;30;0;0;1;0;0;Z01
201600048683;2;33;0;0;2;1;1;B01
201600048683;2;7;0;0;2;6;20;A01
201600048684;1;7;0;0;2;2;2;B01
201600048684;1;1;0;0;2;8;13;A01
201600048685;2;7;0;0;1;2;1;A01
201600048686;2;7;0;0;2;6;15;B01
201600048686;2;2;0;0;2;1;23;A01
201600048687;1;3;0;0;2;9;13;A01
201600048688;1;7;0;0;2;2;1;A01
201600048688;1;1;0;0;2;4;19;B01
201600048689;1;7;0;1;2;9;1;A01
201600048690;2;7;0;0;2;0;0;B01
201600048690;1;30;0;0;2;1;1;A01
201600048691;1;7;0;0;2;3;7;A01
201600048691;1;1;0;0;2;1;8;B01
201600048692;1;7;0;0;1;2;0;A01
201600048693;2;10;0;0;2;4;4;A01
201600048693;2;20;0;0;2;7;21;B01
201600048694;1;30;0;0;1;1;1;A01
201600048695;1;7;0;0;9;2;1;B01
201600048695;1;1;0;0;2;1;15;A01
201600048696;2;7;0;0;2;1;1;B01
201600048696;1;7;0;0;2;1;13;A01
201600048697;2;7;0;0;2;1;2;A01
201600048697;2;7;0;0;2;4;2;B01
201600048698;2;7;0;8;0;2;1;A01
201600048699;1;7;0;0;2;4;1;B01
201600048699;2;30;0;0;2;1;1;A01
201600048700;1;7;0;0;1;1;1;A01
201600048701;1;7;0;0;2;0;0;B01
201600048701;1;7;0;0;2;1;11;A01
201600048702;2;7;0;0;2;7;1;B01
201600048702;2;7;0;0;2;8;11;A01
201600048703;1;7;0;0;2;2;9;A01
201600048703;0;7;0;0;2;3;1;B01
201600048704;1;1;0;0;2;0;5;A01
201600048704;1;7;0;0;2;3;15;B01
201600048705;1;10;0;1;0;4;4;A01
201600048705;1;1;0;0;2;1;23;B01
201600048706;1;33;0;0;2;1;1;A01
201600048706;1;1;0;0;2;8;15;B01
201600048707;1;7;0;0;1;1;1;A01
201600048708;2;7;0;0;1;1;15;A01
201600048709;2;7;0;0;2;5;15;A01
201600048709;1;2;0;0;2;1;1;B01
201600048710;1;33;0;0;2;1;1;B01
201600048710;2;7;0;0;2;1;1;A01
201600048711;2;7;0;0;2;2;16;B01
201600048711;2;32;0;0;2;1;18;A01
201600048712;2;7;0;0;1;4;0;A01
201600048713;2;7;0;0;2;1;0;B01
201600048713;1;20;0;0;2;1;1;A01
201600048714;1;33;0;0;0;8;1;A01
201600048715;1;7;0;0;2;3;0;A01
201600048715;2;7;0;0;2;1;15;B01
201600048716;0;7;0;0;2;8;14;B01
201600048716;1;3;0;0;2;3;5;A01
201600048717;1;33;0;0;0;0;0;A01
201600048718;1;7;0;0;2;1;1;B01
201600048718;1;7;0;0;2;7;15;A01
201600048719;2;2;0;0;2;1;17;B01
201600048719;2;7;0;0;2;3;15;A01
201600048720;1;7;0;0;1;2;1;A01
201600048721;1;7;0;0;2;8;23;B01
201600048721;1;37;0;1;0;7;12;A01
201600048722;2;7;0;0;2;1;9;A01
201600048722;1;33;0;0;2;1;3;B01
201600048723;1;7;0;0;2;0;0;B01
201600048723;1;7;0;0;2;0;0;A01
201600048723;1;7;0;0;2;0;0;C01
201600048724;1;7;0;0;1;0;0;A01
201600048725;2;10;0;0;1;3;1;A01
201600048726;2;10;0;0;1;4;4;A01
201600048727;2;7;0;0;1;2;1;A01
201600048728;1;7;0;0;1;3;15;A01
201600048729;2;30;0;0;0;0;1;A01
201600048730;1;7;0;0;2;1;2;A01
201600048730;1;7;0;0;2;8;15;B01
201600048731;1;7;0;0;1;3;1;A01
201600048732;2;14;0;0;2;3;10;A01
201600048732;2;7;0;0;2;3;2;B01
201600048733;0;7;0;0;2;0;0;Z01
201600048733;2;1;0;0;2;4;0;B01
201600048734;1;2;0;0;2;7;2;A01
201600048735;1;7;0;0;1;0;0;A01
201600048736;1;7;0;0;2;1;2;B01
201600048736;1;7;0;0;2;7;19;A01
201600048737;2;7;0;0;1;1;1;A01
201600048738;2;37;0;0;1;7;1;A01
201600048739;1;7;0;0;2;8;1;B01
201600048739;1;33;0;11;0;1;2;A01
201600048740;1;33;0;0;2;0;0;B01
201600048740;1;7;0;0;2;8;11;A01
201600048741;0;7;0;0;0;0;0;A01
201600048742;1;33;0;0;2;4;0;B01
201600048742;1;7;0;0;2;8;1;C01
201600048742;1;7;0;0;2;0;0;Z01
201600048743;1;10;0;0;2;8;15;B01
201600048743;1;2;0;0;2;1;17;A01
201600048744;2;7;0;0;2;1;0;A01
201600048744;2;7;0;0;2;0;0;C01
201600048744;2;7;0;0;2;2;0;B01
201600048745;1;7;0;0;1;8;1;A01
201600048746;1;7;0;6;0;1;15;A01
201600048747;0;7;0;0;1;2;19;A01
201600048748;2;7;0;0;2;1;2;A01
201600048748;2;7;0;0;2;4;2;B01
201600048749;2;7;0;0;2;1;1;B01
201600048749;1;10;0;0;2;3;13;A01
201600048750;1;7;0;0;2;1;1;B01
201600048750;1;7;0;0;2;4;1;A01
201600048750;1;7;0;0;2;1;1;C01
201600048751;1;7;0;0;1;1;9;A01
201600048752;2;7;0;0;1;1;16;A01
201600048753;1;7;0;0;1;1;15;A01
201600048754;1;7;0;0;2;1;2;A01
201600048754;1;10;0;0;2;4;2;B01
201600048755;1;1;0;1;0;1;1;B01
201600048755;1;7;0;0;2;3;22;A01
201600048756;2;7;0;0;1;1;1;A01
201600048757;1;7;0;0;2;4;2;B01
201600048757;1;7;0;3;2;1;0;A01
201600048758;1;7;0;0;2;3;23;A01
201600048758;2;31;0;0;2;1;13;B01
201600048759;1;7;0;0;2;7;2;A01
201600048759;1;1;0;1;2;2;2;B01
201600048760;1;1;0;0;2;0;2;A01
201600048760;1;7;0;0;9;3;1;B01
201600048761;1;10;0;0;2;1;2;A01
201600048761;1;37;0;0;0;4;2;B01
201600048762;2;7;0;0;2;3;9;A01
201600048762;2;32;0;0;2;1;17;B01
201600048763;2;7;0;0;2;3;9;A01
201600048763;0;2;0;0;2;1;1;B01
201600048764;1;7;0;0;1;1;17;A01
201600048765;1;7;0;0;1;2;0;A01
201600048766;2;7;0;0;2;4;2;B01
201600048766;2;7;0;0;2;4;2;C01
201600048766;2;7;0;0;2;2;1;A01
201600048767;1;7;0;0;1;2;1;A01
201600048768;1;7;0;0;1;1;1;A01
201600048769;1;7;0;0;2;3;1;A01
201600048769;1;7;0;0;2;3;1;B01
201600048770;1;7;0;0;2;1;2;A01
201600048770;1;7;0;0;9;4;1;B01
201600048771;2;7;0;0;1;3;15;A01
201600048772;1;7;0;0;2;7;2;A01
201600048772;1;7;0;0;2;1;2;B01
201600048773;1;37;0;0;2;4;1;B01
201600048773;1;37;0;0;2;1;1;A01
201600048774;1;7;0;0;2;2;15;A01
201600048774;1;7;0;0;2;3;1;B01
201600048775;1;7;0;0;2;1;15;A01
201600048775;0;33;0;15;2;1;3;B01
201600048776;1;37;0;0;1;3;9;A01
201600048777;1;7;0;0;1;3;1;A01
201600048778;2;7;0;0;2;1;1;B01
201600048778;1;7;0;0;2;7;15;A01
201600048779;2;7;0;0;2;1;2;Z01
201600048779;2;7;0;0;2;4;23;B01
201600048780;0;7;0;0;1;2;2;A01
201600048781;1;1;0;0;1;0;0;Z01
201600048782;1;1;0;0;1;1;1;A01
201600048783;1;7;0;0;2;1;1;B01
201600048783;2;7;0;0;2;3;9;A01
201600048784;1;7;0;4;0;3;0;A01
201600048785;2;7;0;0;2;5;12;A01
201600048785;2;7;0;0;2;5;1;B01
201600048786;1;7;0;0;2;1;2;B01
201600048786;1;7;0;4;0;3;0;A01
201600048787;1;7;0;0;0;0;0;A01
201600048787;1;33;0;0;0;0;0;B01
201600048788;2;7;0;3;0;8;13;A01
201600048789;1;7;0;4;0;7;14;A01
201600048790;1;7;0;0;0;0;0;A01
201600048791;2;7;0;4;0;3;0;A01
201600048792;1;7;0;0;2;1;1;C01
201600048792;1;7;0;0;2;4;1;B01
201600048792;1;7;0;0;2;1;0;A01
201600048793;2;7;0;0;2;1;2;A01
201600048793;2;7;0;0;2;4;2;B01
201600048793;2;7;0;0;2;4;2;C01
201600048794;2;7;0;0;2;4;2;C01
201600048794;2;7;0;0;2;4;2;B01
201600048794;2;7;0;0;2;1;2;A01
201600048795;2;33;0;0;0;7;3;A01
201600048796;2;7;0;0;2;1;2;A01
201600048796;2;15;0;0;2;4;2;B01
201600048796;2;7;0;0;2;0;2;C01
201600048796;2;7;0;0;2;4;2;D01
201600048796;2;15;0;0;2;4;2;E01
201600048797;1;15;0;0;2;1;2;C01
201600048797;1;15;0;0;2;1;5;A01
201600048797;1;7;0;0;2;4;2;D01
201600048797;1;7;0;0;2;4;2;B01
201600048798;1;7;0;3;0;0;0;A01
201600048799;2;15;0;0;2;4;2;B01
201600048799;2;7;0;0;2;1;2;A01
201600048800;1;7;0;4;0;0;15;A01
201600048801;2;7;0;0;2;1;2;A01
201600048801;2;7;0;0;2;4;2;B01
201600048801;2;7;0;0;2;4;2;C01
201600048802;1;7;0;0;2;4;2;C01
201600048802;1;7;0;0;2;1;2;A01
201600048802;1;7;0;0;2;4;2;B01
201600048803;1;7;0;0;1;2;13;A01
201600048804;1;7;0;3;0;8;13;A01
201600048805;1;7;0;4;0;8;13;A01
201600048806;2;7;0;0;2;1;2;A01
201600048806;2;7;0;0;2;4;2;B01
201600048807;2;7;0;0;2;0;1;B01
201600048807;2;15;0;0;2;0;0;A01
201600048808;1;7;0;0;2;4;2;B01
201600048808;1;7;0;0;2;1;2;C01
201600048808;1;7;0;0;2;1;2;A01
201600048809;1;7;0;0;0;0;0;F02
201600048809;1;7;0;0;0;0;0;B01
201600048809;1;7;0;0;0;0;0;D01
201600048809;1;7;0;0;0;0;0;C01
201600048809;1;14;0;0;0;0;0;A01
201600048809;1;7;0;0;0;0;0;E01
201600048810;1;7;0;0;2;1;5;A01
201600048810;1;7;0;0;0;0;0;B01
201600048811;1;7;0;0;0;0;0;C01
201600048811;1;7;0;0;2;1;2;B01
201600048811;1;7;0;6;0;1;2;A01
201600048812;1;7;0;0;2;5;2;B01
201600048812;1;7;0;0;2;4;2;C01
201600048812;2;17;0;0;0;2;11;A01
201600048813;2;34;0;0;0;0;0;A01
201600048814;2;7;0;4;0;0;0;A01
201600048815;2;7;0;0;2;1;2;A01
201600048815;2;7;0;0;2;4;2;B01
201600048816;1;7;0;0;2;1;14;A01
201600048816;1;7;0;0;2;4;1;B01
201600048817;2;7;0;0;2;1;13;A01
201600048817;2;15;0;0;2;8;1;C01
201600048817;2;7;0;0;2;7;1;B01
201600048818;1;7;0;4;0;8;0;A01
201600048819;2;7;0;7;0;1;14;A01
201600048820;1;7;0;4;0;3;13;A01
201600048821;1;34;0;0;2;0;3;A01
201600048821;1;7;0;0;2;0;0;B01
201600048822;2;33;0;0;2;1;2;B01
201600048822;2;7;0;0;2;4;4;A01
201600048823;2;33;0;0;2;4;2;B01
201600048823;2;33;0;0;2;1;2;A01
201600048824;1;7;0;16;0;9;19;A01
201600048825;1;33;0;0;0;7;1;A01
201600048826;1;33;0;0;0;0;0;A01
201600048827;2;15;0;0;0;0;0;A01
201600048828;1;7;0;0;2;4;2;C01
201600048828;1;7;0;0;2;1;2;A01
201600048828;1;7;0;0;2;4;2;D01
201600048828;1;7;0;0;2;4;2;B01
201600048829;1;7;0;0;2;4;2;C01
201600048829;1;7;0;0;2;1;2;A01
201600048829;1;7;0;0;2;4;2;B01
201600048830;2;7;0;0;2;8;2;B01
201600048830;2;7;0;0;2;7;14;A01
201600048831;2;99;0;0;1;1;2;A01
201600048832;1;7;0;0;2;1;2;D01
201600048832;1;7;0;0;2;4;2;C01
201600048832;1;7;0;0;2;1;2;A01
201600048832;1;7;0;0;2;4;2;B01
201600048833;2;15;0;0;2;1;2;A01
201600048833;1;15;0;0;2;4;2;B01
201600048834;2;33;0;14;0;1;1;A01
201600048835;1;33;0;0;0;0;1;A01
201600048836;2;10;0;0;0;8;1;A01
201600048837;2;7;0;0;2;9;21;A01
201600048838;1;15;0;0;0;4;2;B01
201600048838;1;15;0;0;2;1;1;C01
201600048838;1;15;0;0;2;1;2;A01
201600048838;1;7;0;0;0;2;1;D01
201600048839;1;33;0;0;0;0;0;A01
201600048840;2;7;0;4;0;0;0;A01
201600048841;2;7;0;3;0;0;0;A01
201600048842;1;7;0;0;2;8;11;A01
201600048842;1;33;0;0;2;7;3;B01
201600048843;2;7;0;4;0;0;1;A01
201600048844;1;15;0;3;2;2;21;A01
201600048844;1;7;0;0;2;6;23;B01
201600048845;2;7;0;0;2;0;11;B01
201600048845;2;33;0;0;2;0;3;A01
201600048846;1;7;0;4;2;0;0;A01
201600048846;1;33;0;0;2;8;1;B01
201600048847;1;7;0;7;0;1;14;A01
201600048848;1;7;0;4;0;3;13;A01
201600048849;2;7;0;4;0;3;13;A01
201600048850;2;15;0;0;1;2;1;A01
201600048851;2;7;0;0;2;4;1;A01
201600048851;2;7;0;0;2;1;2;B01
201600048852;2;7;0;0;2;1;2;A01
201600048852;2;7;0;0;0;4;2;B01
201600048853;2;7;0;0;2;4;11;B01
201600048853;2;33;0;0;2;1;3;A01
201600048854;2;33;0;0;2;1;3;A01
201600048854;2;7;0;0;2;6;1;B01
201600048855;2;15;0;0;0;6;2;B01
201600048855;1;33;0;0;2;1;13;A01
201600048856;2;7;0;4;2;0;17;A01
201600048856;2;7;0;0;2;1;21;B01
201600048857;1;7;0;0;2;0;17;A01
201600048857;1;7;0;0;2;8;1;B01
201600048858;2;7;0;0;2;4;2;Z01
201600048858;2;7;0;0;2;0;2;A01
201600048859;2;7;0;0;2;7;14;B01
201600048859;2;33;0;0;2;0;3;A01
201600048860;2;7;0;0;2;4;1;C01
201600048860;2;7;0;0;2;4;1;B01
201600048860;2;7;0;0;2;1;12;A01
201600048861;1;33;0;0;2;8;15;A01
201600048861;1;7;0;0;2;7;1;B01
201600048862;1;33;0;0;2;1;3;A01
201600048862;1;7;0;0;2;6;13;B01
201600048863;1;7;0;4;0;1;1;A01
201600048864;2;15;0;0;2;1;2;A01
201600048864;2;10;0;0;2;4;2;B01
201600048864;2;7;0;0;2;4;2;C01
201600048864;2;15;0;0;2;4;2;D01
201600048864;2;13;0;0;2;4;2;E01
201600048864;2;7;0;0;2;4;2;F02
201600048865;2;7;0;0;9;0;0;A01
201600048866;2;7;0;0;2;1;0;A01
201600048866;2;7;0;0;2;1;0;B01
201600048867;2;15;0;0;2;1;2;A01
201600048867;2;7;0;0;2;4;23;B01
201600048867;2;15;0;0;2;0;23;C01
201600048867;2;7;0;0;2;4;23;D01
201600048868;1;33;0;0;2;1;3;A01
201600048868;1;7;0;0;2;8;22;B01
201600048869;2;7;0;0;2;5;12;B01
201600048869;2;33;0;0;2;1;3;A01
201600048870;2;7;0;0;2;4;1;B01
201600048870;2;33;0;0;2;1;14;A01
201600048871;1;7;0;0;0;9;16;A01
201600048872;1;10;0;0;2;4;2;F02
201600048872;1;7;0;0;2;4;2;E01
201600048872;1;7;0;0;2;4;2;D01
201600048872;1;7;0;0;2;4;2;B01
201600048872;1;7;0;0;2;4;2;C01
201600048872;1;7;0;0;2;1;2;A01
201600048873;1;7;0;0;2;1;2;A01
201600048873;1;7;0;0;2;4;2;B01
201600048874;1;7;0;3;0;7;14;A01
201600048875;2;7;0;0;2;7;14;A01
201600048876;1;7;0;0;2;4;2;B01
201600048876;1;7;0;0;2;1;2;A01
201600048877;1;7;0;3;0;7;14;A01
201600048878;2;33;0;0;9;1;1;A01
201600048879;1;7;0;0;2;1;0;C01
201600048879;1;7;0;0;2;4;2;A01
201600048879;1;7;0;0;2;2;2;B01
201600048880;2;31;0;0;9;0;15;A01
201600048881;1;15;0;0;2;4;2;C01
201600048881;1;15;0;0;2;4;2;B01
201600048881;1;15;0;0;2;4;2;D01
201600048881;1;15;0;0;2;1;2;A01
201600048882;1;7;0;0;2;8;0;C01
201600048882;1;33;0;0;2;4;2;B01
201600048882;1;33;0;0;2;1;2;A01
201600048882;1;7;0;0;2;8;2;D01
201600048883;1;7;0;0;2;3;2;A01
201600048883;1;7;0;0;2;4;2;B01
201600048883;1;10;0;0;2;4;2;C01
201600048884;2;15;0;0;0;0;1;A01
201600048885;1;7;0;0;2;4;2;A01
201600048885;1;7;0;0;2;4;2;B01
201600048886;2;7;0;0;2;4;2;B01
201600048886;2;7;0;0;2;1;2;D01
201600048886;2;7;0;0;2;4;2;C01
201600048886;2;7;0;0;2;4;2;A01
201600048887;2;7;0;0;0;0;0;A01
201600048888;2;15;0;0;2;4;1;B01
201600048888;2;7;0;0;2;1;14;A01
201600048889;1;10;0;0;2;1;5;A01
201600048889;1;10;0;0;2;1;1;B01
201600048890;2;7;0;13;0;7;14;A01
201600048891;2;33;0;0;0;0;0;B01
201600048891;2;37;0;0;9;2;2;A01
201600048892;2;7;0;0;9;2;2;A01
201600048892;2;33;0;0;2;7;2;B01
201600048893;1;31;0;0;0;7;1;A01
201600048894;2;7;0;0;0;0;1;A01
201600048895;2;7;0;0;0;0;15;A01
201600048896;1;7;0;0;1;1;0;A01
201600048897;1;7;0;0;2;4;2;B01
201600048897;1;7;0;0;2;1;1;A01
201600048898;1;33;0;0;0;0;0;A01
201600048899;2;7;0;0;0;0;0;A01
201600048900;2;7;0;0;2;4;2;C01
201600048900;2;7;0;0;2;1;2;A01
201600048900;2;7;0;0;2;4;2;B01
201600048901;1;33;0;0;2;7;1;B01
201600048901;1;7;0;0;2;1;2;A01
201600048902;2;7;0;0;2;1;2;A01
201600048902;2;7;0;0;2;4;2;B01
201600048903;1;7;0;0;2;4;23;A01
201600048903;1;7;0;0;2;1;2;B01
201600048904;2;13;0;0;2;1;2;A01
201600048904;2;7;0;0;2;4;2;B01
201600048905;2;33;0;0;0;0;0;A01
201600048906;1;13;0;0;2;1;12;A01
201600048906;1;7;0;0;2;4;1;B01
201600048907;2;7;0;0;2;4;23;A01
201600048907;2;33;0;0;2;1;0;B01
201600048908;1;33;0;0;2;7;3;A01
201600048908;1;7;0;0;2;8;1;B01
201600048909;1;7;0;0;2;1;2;A01
201600048909;1;7;0;0;2;4;2;B01
201600048910;2;7;0;0;2;4;0;C01
201600048910;2;33;0;0;2;7;3;A01
201600048910;2;7;0;0;2;8;2;B01
201600048911;2;7;0;0;2;1;1;B01
201600048911;1;7;0;0;2;1;5;A01
201600048911;2;7;0;0;2;0;1;C01
201600048912;1;7;0;0;2;8;1;B01
201600048912;1;33;0;0;2;5;3;A01
201600048913;2;33;0;0;0;0;3;A01
201600048914;1;7;0;0;2;1;2;A01