Num_Acc;senc;catv;occutc;obs;obsm;choc;manv;num_veh
201600049278;1;7;0;0;2;2;1;A01
201600049279;1;10;0;14;0;1;1;A01
201600049280;0;7;0;0;1;3;1;A01
201600049281;2;7;0;0;2;6;1;B01
201600049281;1;7;0;0;2;1;1;A01
201600049282;2;33;0;0;2;1;1;B01
201600049282;2;7;0;0;2;3;19;A01
201600049283;1;1;0;0;0;0;0;B01
201600049283;0;7;0;0;2;2;16;Z01
201600049284;1;7;0;0;2;2;20;A01
201600049284;1;33;0;0;2;1;18;B01
201600049285;2;7;0;0;2;0;0;A01
201600049285;2;33;0;0;2;0;0;B01
201600049286;2;1;0;0;2;0;0;B01
201600049286;2;33;0;0;2;4;0;A01
201600049287;2;7;0;0;1;1;1;A01
201600049288;1;10;0;0;2;1;1;A01
201600049288;1;7;0;0;1;8;1;B01
201600049289;2;37;0;0;9;7;16;A01
201600049289;2;1;0;0;2;1;1;B01
201600049290;2;7;0;0;2;1;19;A01
201600049290;1;7;0;0;2;8;1;B01
201600049291;1;1;0;0;1;1;0;A01
201600049292;1;7;0;0;2;2;15;A01
201600049292;2;7;0;0;2;0;0;B01
201600049293;1;7;0;0;0;1;1;B01
201600049293;1;7;0;0;0;2;1;A01
201600049294;0;7;0;0;0;0;0;A01
201600049294;0;1;0;0;0;4;0;B01
201600049295;1;7;0;0;2;1;19;A01
201600049295;0;33;0;0;2;7;1;B01
201600049296;0;7;0;0;1;1;15;A01
201600049297;1;33;0;0;2;0;0;A01
201600049297;1;7;0;0;2;0;0;B01
201600049298;1;7;0;0;9;3;15;A01
201600049298;1;1;0;0;2;7;0;B01
201600049299;1;7;0;0;0;0;0;A01
201600049300;1;10;0;0;2;7;1;A01
201600049300;1;10;0;0;2;2;1;B01
201600049301;1;7;0;0;0;0;0;A01
201600049301;0;2;0;0;0;0;0;B01
201600049302;0;7;0;0;2;2;2;B01
201600049302;2;1;0;0;2;8;11;A01
201600049303;1;1;0;0;2;8;13;A01
201600049303;1;7;0;0;2;7;1;B01
201600049304;1;7;0;0;1;2;1;A01
201600049305;0;7;0;0;2;1;1;A01
201600049305;0;7;0;1;2;8;1;B01
201600049306;1;10;0;0;9;1;16;A01
201600049307;0;7;0;0;1;2;1;A01
201600049308;2;1;0;0;1;7;2;A01
201600049309;0;1;0;0;0;0;0;B01
201600049309;2;7;0;0;2;3;0;A01
201600049310;0;30;0;0;2;7;1;B01
201600049310;0;7;0;0;2;3;15;A01
201600049311;1;2;0;0;2;1;14;A01
201600049311;2;7;0;1;0;6;0;B01
201600049312;0;33;0;0;2;1;1;A01
201600049312;0;7;0;0;2;6;15;B01
201600049313;2;30;0;0;0;1;19;A01
201600049313;0;7;0;0;0;2;2;B01
201600049314;1;7;0;0;1;0;0;A01
201600049315;1;7;0;0;1;7;1;A01
201600049316;1;2;0;0;1;1;2;A01
201600049317;1;7;0;0;1;1;1;A01
201600049318;2;7;0;0;2;1;1;B01
201600049318;1;7;0;0;2;1;13;A01
201600049319;1;1;0;0;0;0;0;B01
201600049319;0;7;0;0;0;0;0;A01
201600049320;0;7;0;0;0;0;0;A01
201600049320;0;7;0;0;0;0;0;B01
201600049321;2;1;0;0;2;7;1;B01
201600049321;2;7;0;14;2;1;1;A01
201600049322;1;2;0;0;2;2;8;A01
201600049322;1;7;0;0;2;3;15;B01
201600049323;2;10;0;6;0;2;1;A01
201600049324;1;7;0;0;2;4;16;B01
201600049324;1;34;0;0;2;1;1;A01
201600049325;1;7;0;0;1;1;0;A01
201600049326;1;10;0;0;2;1;2;A01
201600049326;2;7;0;1;2;4;20;C01
201600049327;2;7;0;0;1;7;2;A01
201600049328;2;7;0;0;2;3;15;B01
201600049328;0;33;0;0;2;2;15;A01
201600049329;2;7;0;12;0;1;1;A01
201600049330;2;30;0;0;2;1;1;B01
201600049330;1;7;0;0;2;2;1;A01
201600049331;0;32;0;0;1;0;0;A01
201600049332;1;33;0;0;2;0;0;B01
201600049332;2;7;0;0;0;0;0;A01
201600049333;0;7;0;0;0;7;15;A01
201600049333;0;7;0;0;2;2;0;B01
201600049334;2;40;0;0;1;7;1;A01
201600049335;0;7;0;0;2;1;2;A01
201600049335;0;7;0;0;2;4;0;C01
201600049335;0;7;0;0;0;4;2;B01
201600049336;1;7;0;1;0;3;0;A01
201600049336;1;1;0;0;2;7;2;B01
201600049337;2;7;0;0;2;1;2;A01
201600049337;2;7;0;0;2;4;2;B01
201600049337;2;7;0;0;2;4;1;C01
201600049338;1;7;0;0;2;1;1;A01
201600049338;1;7;0;0;2;1;1;B01
201600049339;2;7;0;0;1;1;1;A01
201600049340;1;31;0;0;2;0;0;B01
201600049340;1;7;0;0;2;0;0;A01
201600049341;0;7;0;0;1;7;1;A01
201600049342;2;7;0;0;1;0;0;A01
201600049343;1;15;0;0;2;1;1;B01
201600049343;1;7;0;0;2;5;1;A01
201600049344;1;10;0;0;1;7;16;A01
201600049345;2;7;0;0;2;1;16;A01
201600049345;2;37;0;0;2;7;1;B01
201600049346;1;7;0;0;2;7;15;A01
201600049346;1;7;0;0;2;2;1;B01
201600049347;1;7;0;0;2;7;6;B01
201600049347;1;7;0;0;2;1;1;A01
201600049348;2;7;0;0;0;0;0;A01
201600049348;1;7;0;0;0;0;0;B01
201600049349;0;7;0;0;1;0;0;A01
201600049350;1;7;0;0;1;1;2;A01
201600049351;1;2;0;0;1;0;0;Z01
201600049352;2;7;0;8;0;5;0;B01
201600049352;1;7;0;0;2;1;0;A01
201600049353;1;7;0;0;2;4;21;B01
201600049353;1;3;0;0;2;1;1;A01
201600049354;1;7;0;0;2;0;0;B01
201600049354;1;30;0;0;2;0;0;A01
201600049355;1;7;0;0;2;7;19;B01
201600049355;1;7;0;0;2;1;1;A01
201600049356;1;7;0;0;2;6;2;B01
201600049356;1;7;0;0;2;2;2;A01
201600049357;2;7;0;0;2;3;1;A01
201600049357;1;31;0;0;2;1;1;B01
201600049358;1;10;0;0;1;1;1;A01
201600049359;2;7;0;0;2;7;15;A01
201600049359;1;33;0;0;2;1;1;B01
201600049360;1;30;0;8;0;1;0;A01
201600049361;2;7;0;0;2;8;0;B01
201600049361;1;7;0;0;2;1;0;A01
201600049362;0;7;0;9;2;3;1;B01
201600049362;0;7;0;0;2;1;1;A01
201600049363;0;7;0;8;2;7;12;A01
201600049363;0;7;0;0;2;8;1;B01
201600049364;0;31;0;0;1;1;1;A01
201600049365;1;1;0;0;2;4;19;B01
201600049365;1;7;0;0;2;1;1;A01
201600049366;0;7;0;0;2;2;15;A01
201600049366;0;7;0;0;2;3;2;B01
201600049367;1;7;0;0;0;4;4;A01
201600049367;1;33;0;0;2;1;0;B01
201600049368;1;7;0;2;0;1;0;A01
201600049369;0;7;0;0;2;8;0;B01
201600049369;0;7;0;0;2;1;0;A01
201600049370;2;7;0;0;2;8;1;B01
201600049370;1;7;0;0;2;1;15;A01
201600049371;0;7;0;0;9;0;0;Z01
201600049371;0;1;0;0;2;4;1;A01
201600049372;2;7;0;0;2;8;1;B01
201600049372;1;7;0;0;2;7;15;A01
201600049373;2;7;0;0;1;3;1;A01
201600049374;1;34;0;0;2;1;1;B01
201600049374;2;7;0;0;2;3;10;A01
201600049375;1;7;0;0;2;7;16;A01
201600049375;1;1;0;0;2;1;16;B01
201600049376;1;7;0;0;1;1;0;A01
201600049377;1;7;0;0;2;1;2;A01
201600049377;1;33;0;0;0;4;23;B01
201600049378;1;7;0;0;2;2;1;B01
201600049378;2;7;0;0;2;6;15;A01
201600049379;1;7;0;0;2;6;1;B01
201600049379;1;32;0;0;2;1;1;A01
201600049380;0;7;0;0;0;0;23;C01
201600049380;0;7;0;0;2;0;2;B01
201600049380;0;7;0;0;0;2;15;A01
201600049381;2;7;0;0;2;2;1;A01
201600049381;2;1;0;0;9;4;15;B01
201600049382;0;40;0;0;1;2;1;A01
201600049383;0;7;0;0;1;0;0;A01
201600049384;0;7;0;0;1;2;0;A01
201600049385;2;7;0;0;0;0;0;B01
201600049385;1;33;0;0;0;0;0;A01
201600049386;2;7;0;0;2;2;15;B01
201600049386;2;7;0;0;2;3;1;A01
201600049387;2;7;0;0;2;0;0;B01
201600049387;2;7;0;0;2;0;0;A01
201600049388;1;7;0;0;0;0;0;A01
201600049388;0;7;0;0;0;0;0;B01
201600049389;1;7;0;0;0;0;0;A01
201600049389;1;7;0;0;0;0;0;B01
201600049390;0;7;0;0;2;1;15;A01
201600049390;0;33;0;0;2;8;16;B01
201600049391;2;1;0;0;0;0;0;B01
201600049391;2;7;0;0;0;0;16;A01
201600049392;0;7;0;0;0;0;0;A01
201600049392;0;7;0;0;0;0;0;B01
201600049393;0;1;0;0;2;1;0;B01
201600049393;0;7;0;0;2;8;15;A01
201600049394;1;10;0;0;2;3;1;A01
201600049394;1;1;0;0;0;0;0;B01
201600049395;2;7;0;0;0;0;0;A01
201600049395;2;31;0;0;0;0;0;B01
201600049396;0;7;0;2;0;9;19;A01
201600049397;2;7;0;0;2;7;2;A01
201600049397;1;30;0;0;2;1;1;B01
201600049398;2;33;0;0;2;2;1;B01
201600049398;2;1;0;0;2;3;19;A01
201600049399;1;7;0;2;0;8;1;A01
201600049400;1;7;0;0;2;2;15;A01
201600049400;2;37;25;0;2;0;0;B01
201600049401;0;7;0;0;0;0;0;B01
201600049401;0;30;0;0;0;1;2;A01
201600049402;0;7;0;0;2;6;22;A01
201600049402;1;1;0;1;0;1;1;B01
201600049403;1;7;0;15;1;2;0;A01
201600049404;1;31;0;0;2;0;0;A01
201600049404;2;7;0;0;2;2;1;B01
201600049405;1;7;0;0;2;1;1;A01
201600049405;1;7;0;0;2;3;1;B01
201600049406;1;31;0;0;2;1;1;A01
201600049406;1;7;0;0;2;4;2;B01
201600049407;1;10;0;0;2;1;2;A01
201600049407;1;7;0;0;2;6;0;B01
201600049408;1;7;0;0;1;2;2;A01
201600049409;1;7;0;0;2;3;1;A01
201600049409;0;31;0;0;2;2;1;B01
201600049410;1;10;0;0;1;1;16;A01
201600049411;2;31;0;0;1;1;0;A01
201600049412;2;33;0;0;2;1;1;B01
201600049412;1;7;0;0;2;3;15;A01
201600049413;2;7;0;0;1;0;1;A01
201600049414;1;30;0;0;2;2;9;A01
201600049414;1;7;0;0;2;2;1;B01
201600049415;1;1;0;0;2;7;1;A01
201600049415;2;7;0;0;9;1;1;B01
201600049416;2;1;0;0;2;1;1;A01
201600049416;1;30;0;0;2;8;1;B01
201600049417;0;1;0;0;0;0;0;B01
201600049417;0;10;0;0;2;5;15;A01
201600049418;0;7;0;0;2;4;2;A01
201600049418;1;7;0;0;2;4;20;B01
201600049419;1;7;0;15;0;3;1;A01
201600049420;1;7;0;0;0;0;0;C01
201600049420;0;7;0;0;0;0;0;A01
201600049420;1;7;0;0;0;0;0;B01
201600049421;1;7;0;0;0;0;0;C01
201600049421;0;7;0;0;0;0;0;D01
201600049421;1;7;0;0;0;0;0;A01
201600049421;1;7;0;0;0;0;0;B01
201600049422;2;7;0;0;1;0;0;A01
201600049423;2;30;0;0;1;1;1;Z01
201600049424;1;7;0;0;0;0;0;A01
201600049424;2;7;0;0;0;0;0;B01
201600049425;1;7;0;0;2;7;15;A01
201600049425;2;7;0;0;2;1;0;B01
201600049426;1;7;0;4;0;9;14;A01
201600049427;2;7;0;0;2;3;1;A01
201600049427;2;7;0;0;0;0;0;B01
201600049428;1;7;0;0;2;8;1;B01
201600049428;1;7;0;0;2;1;1;A01
201600049429;2;7;0;0;2;3;23;B01
201600049429;1;1;0;0;2;1;21;A01
201600049430;1;7;0;0;0;4;2;A01
201600049430;1;7;0;0;2;4;2;B01
201600049430;1;7;0;0;2;1;2;C01
201600049431;1;7;0;0;0;8;20;A01
201600049431;0;30;0;0;2;2;1;B01
201600049432;1;1;0;0;2;8;13;B01
201600049432;1;7;0;0;2;2;16;A01
201600049433;0;7;0;1;2;6;24;C01
201600049433;1;7;0;1;2;3;1;B01
201600049433;1;7;0;1;0;0;0;D01
201600049433;1;14;0;0;2;2;12;A01
201600049434;2;7;0;0;1;0;0;A01
201600049435;0;7;0;0;2;4;0;B01
201600049435;0;30;0;0;2;1;1;A01
201600049436;0;7;0;1;0;3;13;A01
201600049437;0;7;0;0;2;1;0;A01
201600049437;2;7;0;0;0;4;23;B01
201600049438;2;1;0;0;1;1;1;A01
201600049439;2;7;0;0;2;1;1;B01
201600049439;1;7;0;1;2;8;19;A01
201600049440;1;10;0;0;2;2;14;A01
201600049440;1;30;0;0;2;3;18;B01
201600049441;1;37;40;0;1;2;19;A01
201600049442;1;7;0;0;1;7;0;A01
201600049443;2;7;0;2;0;6;0;A01
201600049444;2;33;0;0;2;7;15;B01
201600049444;2;7;0;0;0;8;15;A01
201600049445;1;7;0;0;2;1;1;A01
201600049445;1;7;0;0;2;4;1;B01
201600049446;2;10;0;0;1;2;1;A01
201600049447;0;7;0;0;2;0;0;B01
201600049447;1;7;0;0;2;0;0;A01
201600049448;1;7;0;0;1;4;4;A01
201600049449;2;7;0;0;1;0;0;A01
201600049450;1;30;0;0;2;1;1;B01
201600049450;1;7;0;0;9;1;15;A01
201600049451;1;1;0;0;1;1;1;A01
201600049452;1;32;0;0;2;7;2;B01
201600049452;1;7;0;0;0;3;15;A01
201600049453;1;1;0;0;2;1;1;A01
201600049453;2;7;0;0;9;2;15;B01
201600049454;0;33;0;0;1;1;2;A01
201600049455;1;7;0;0;2;3;15;A01
201600049455;1;32;0;0;2;1;1;B01
201600049456;0;7;0;0;1;0;0;A01
201600049457;1;7;0;0;9;2;1;A01
201600049457;1;1;0;0;2;8;18;B01
201600049458;2;7;0;0;0;3;2;B01
201600049458;1;7;0;1;2;3;15;A01
201600049459;2;33;0;0;1;2;1;A01
201600049460;2;7;0;0;9;8;0;A01
201600049460;2;1;0;1;0;1;1;B01
201600049461;1;37;30;0;1;0;1;A01
201600049462;0;1;0;0;2;0;2;A01
201600049462;1;7;0;0;2;1;2;B01
201600049463;1;7;0;0;2;3;10;A01
201600049463;1;33;0;0;2;7;17;B01
201600049464;1;7;0;0;1;3;1;A01
201600049465;2;7;0;9;0;1;1;A01
201600049466;1;7;0;0;1;2;1;B01
201600049467;2;10;0;0;2;2;16;A01
201600049467;2;13;0;0;2;8;1;B01
201600049468;0;7;0;0;1;1;2;A01
201600049469;0;7;0;0;2;1;15;A01
201600049469;0;1;0;0;2;1;1;Y01
201600049470;0;7;0;0;1;0;0;A01
201600049471;2;34;0;0;2;1;15;A01
201600049472;0;7;0;0;2;8;15;B01
201600049472;2;10;0;0;2;2;1;A01
201600049473;1;7;0;0;1;1;0;A01
201600049474;1;7;0;0;1;1;0;A01
201600049475;1;1;0;0;1;1;1;A01
201600049476;0;33;0;0;0;0;0;A01
201600049476;0;33;0;0;0;1;0;B01
201600049477;1;7;0;0;1;1;15;A01
201600049478;0;2;0;0;1;0;0;A01
201600049479;0;1;0;0;2;1;1;B01
201600049479;0;7;0;0;9;5;16;A01
201600049480;1;1;0;0;2;0;0;B01
201600049480;1;7;0;0;2;1;1;A01
201600049481;1;7;0;0;2;4;1;B01
201600049481;1;7;0;0;1;4;1;C01
201600049481;1;10;0;0;2;1;1;A01
201600049482;2;33;0;0;2;1;0;A01
201600049482;2;7;0;0;2;0;0;B01
201600049483;0;7;0;0;0;4;2;B01
201600049483;0;7;0;0;2;1;2;A01
201600049484;1;34;0;0;2;7;1;B01
201600049484;1;7;0;0;2;1;0;A01
201600049485;0;30;0;0;1;1;1;A01
201600049486;1;7;0;0;1;0;0;A01
201600049487;2;7;0;0;1;7;1;A01
201600049488;1;33;0;0;2;1;1;A01
201600049488;2;37;0;0;2;8;23;B01
201600049489;1;7;0;0;1;2;1;A01
201600049490;1;33;0;1;2;2;2;A01
201600049490;1;7;0;0;0;4;0;B01
201600049491;1;7;0;0;0;7;1;B01
201600049491;1;7;0;0;0;1;1;A01
201600049492;2;7;0;0;2;2;15;A01
201600049492;1;7;0;0;2;1;1;B01
201600049493;1;7;0;1;2;1;1;B01
201600049493;0;7;0;0;2;7;15;A01
201600049493;0;14;0;0;2;5;24;C01
201600049494;2;40;60;0;1;0;1;A01
201600049495;1;7;0;0;1;0;0;A01
201600049496;2;1;0;0;2;1;1;A01
201600049496;2;7;0;0;2;3;1;B01
201600049497;1;7;0;0;1;3;1;A01
201600049498;1;7;0;8;0;1;1;A01
201600049499;2;7;0;0;2;3;15;A01
201600049499;1;1;0;0;2;3;0;B01
201600049500;1;7;0;0;2;8;0;B01
201600049500;1;7;0;0;2;3;1;A01
201600049501;1;10;0;0;2;1;0;B01
201600049501;1;7;0;0;2;2;2;A01
201600049501;0;7;0;0;2;0;0;C01
201600049502;1;15;0;0;2;7;0;A01
201600049502;1;7;0;0;2;8;22;B01
201600049503;2;7;0;0;1;1;16;A01
201600049504;0;30;0;1;1;9;1;B01
201600049504;0;7;0;0;2;1;1;A01
201600049505;0;10;0;0;1;6;4;A01
201600049506;0;7;0;0;9;6;20;A01
201600049506;0;1;0;0;2;1;1;B01
201600049507;2;7;0;1;9;8;22;A01
201600049507;1;1;0;1;0;0;0;Y01
201600049508;2;1;0;0;0;5;0;B01
201600049508;2;7;0;1;0;3;13;A01
201600049509;1;7;0;0;0;3;1;A01
201600049509;1;1;0;0;0;0;0;B01
201600049510;1;1;0;0;2;7;2;A01
201600049510;1;7;0;0;9;2;9;B01
201600049511;0;7;0;0;1;1;0;Z01
201600049512;0;7;0;0;2;3;2;B01
201600049512;0;7;0;0;2;7;2;A01
201600049513;1;7;0;0;2;7;0;A01
201600049513;2;7;0;0;2;1;0;B01
201600049514;0;1;0;0;2;3;1;B01
201600049514;0;7;0;0;2;2;16;A01
201600049515;1;7;0;0;1;1;1;A01
201600049516;1;30;0;1;0;1;2;Z01
201600049516;1;7;0;0;2;2;24;A01
201600049517;2;7;0;0;0;0;0;B01
201600049517;2;2;0;0;2;1;2;A01
201600049518;0;7;0;0;2;4;2;B01
201600049518;0;7;0;0;2;1;2;A01
201600049518;0;7;0;0;2;4;2;C01
201600049519;1;10;0;0;2;3;10;B01
201600049519;0;1;0;0;2;9;13;A01
201600049520;1;7;0;0;1;1;1;A01
201600049521;2;7;0;0;2;4;2;A01
201600049521;2;3;0;0;2;1;2;B01
201600049522;1;7;0;0;1;5;15;A01
201600049523;1;2;0;0;2;1;17;A01
201600049523;1;7;0;0;2;2;15;B01
201600049524;2;33;0;0;1;1;8;A01
201600049525;0;7;0;0;2;3;1;B01
201600049525;0;7;0;0;2;2;15;A01
201600049526;2;7;0;0;1;3;1;A01
201600049527;2;7;0;0;2;6;1;B01
201600049527;1;30;0;0;2;2;12;A01
201600049528;1;7;0;0;2;1;1;B01
201600049528;2;10;0;0;2;1;1;A01
201600049529;2;40;80;0;2;2;1;B01
201600049529;1;7;0;0;4;6;10;A01
201600049530;1;7;0;0;0;0;0;A01
201600049530;1;7;0;0;0;0;0;B01
201600049531;1;7;0;1;2;6;23;B01
201600049531;1;7;0;1;0;2;2;A01
201600049531;1;7;0;1;0;5;23;C01
201600049532;1;7;0;0;1;7;0;A01
201600049533;0;7;0;0;1;2;0;A01
201600049534;0;31;0;0;0;0;0;B01
201600049534;0;7;0;0;0;0;0;A01
201600049535;2;1;0;0;2;1;1;B01
201600049535;2;7;0;0;2;2;16;A01
201600049536;1;7;0;0;0;0;0;B01
201600049536;1;7;0;0;0;0;0;A01
201600049537;0;7;0;0;9;8;9;A01
201600049537;0;1;0;0;2;7;1;B01
201600049538;1;13;0;0;2;1;2;A01
201600049538;1;7;0;0;2;4;2;B01
201600049539;1;31;0;0;9;7;0;B01
201600049539;1;1;0;0;2;0;0;A01
201600049540;1;34;0;0;2;7;2;B01
201600049540;1;7;0;0;2;8;15;A01
201600049541;2;34;0;1;0;1;17;A01
201600049542;0;7;0;1;1;9;0;A01
201600049542;0;37;0;0;2;6;0;B01
201600049543;1;13;0;0;1;4;4;A01
201600049544;1;10;0;0;0;4;2;B01
201600049544;1;7;0;0;2;1;2;A01
201600049545;2;7;0;0;2;0;11;A01
201600049545;2;7;0;0;2;7;1;B01
201600049546;1;7;0;0;2;4;2;A01
201600049546;1;7;0;0;2;0;0;C01
201600049546;1;7;0;0;2;1;2;B01
201600049547;1;7;0;0;9;1;0;A01
201600049547;1;1;0;0;2;1;19;B01
201600049548;2;7;0;0;2;2;13;B01
201600049548;2;7;0;0;2;3;15;A01
201600049549;0;10;0;0;0;2;15;A01
201600049549;0;7;0;0;0;3;1;B01
201600049550;1;7;0;0;1;3;19;A01
201600049551;2;7;0;0;2;3;16;A01
201600049551;2;7;0;0;2;7;1;B01
201600049552;2;7;0;0;2;1;19;A01
201600049552;2;7;0;0;2;5;19;B01
201600049553;2;7;0;0;2;0;0;B01
201600049553;2;7;0;0;2;0;0;A01
201600049553;0;7;0;0;2;0;0;C01
201600049554;1;7;0;0;1;2;1;A01
201600049555;1;7;0;0;2;3;23;C01
201600049555;1;7;0;0;2;2;23;A01
201600049555;1;33;0;0;2;3;3;B01
201600049556;1;7;0;0;1;0;0;A01
201600049557;2;7;0;0;2;1;1;B01
201600049557;1;7;0;0;2;5;15;A01
201600049558;1;33;0;0;0;0;0;B01
201600049558;1;7;0;0;2;1;19;A01
201600049559;2;7;0;0;1;3;15;A01
201600049560;0;7;0;0;2;7;15;B01
201600049560;0;33;0;0;2;1;1;A01
201600049561;2;7;0;0;2;2;15;A01
201600049561;2;7;0;0;2;3;1;B01
201600049562;0;7;0;0;1;3;0;A01
201600049563;1;7;0;0;1;2;15;A01
201600049564;0;1;0;0;0;0;0;B01
201600049564;1;7;0;0;0;8;0;A01
201600049565;1;7;0;0;9;2;2;A01
201600049565;1;1;0;0;2;1;1;B01
201600049566;1;7;0;0;1;3;1;A01
201600049567;1;7;0;0;1;1;15;A01
201600049568;1;13;0;0;2;0;2;A01
201600049568;1;7;0;0;2;4;2;C01
201600049568;1;7;0;0;2;4;2;B01
201600049569;0;2;0;0;1;0;0;Z01
201600049570;2;7;0;0;1;2;1;A01
201600049571;0;7;0;0;1;2;0;A01
201600049572;0;7;0;0;0;0;0;B01
201600049572;2;7;0;0;2;2;12;A01
201600049573;1;7;0;0;2;4;2;C01
201600049573;1;7;0;0;2;1;1;A01
201600049573;1;7;0;0;2;4;2;B01
201600049574;1;7;0;0;2;2;0;A01
201600049574;1;1;0;0;2;1;0;B01
201600049575;1;7;0;0;2;2;15;B01
201600049575;1;7;0;6;2;3;1;A01
201600049576;0;7;0;15;0;2;0;A01
201600049577;1;17;0;16;0;8;16;A01
201600049578;1;7;0;1;0;4;0;C01
201600049578;1;7;0;0;2;2;1;B01
201600049578;1;7;0;0;2;3;13;A01
201600049579;1;7;0;0;2;8;9;A01
201600049579;1;7;0;0;2;1;1;B01
201600049580;1;7;0;0;2;6;0;B01
201600049580;1;7;0;0;2;1;0;A01
201600049581;1;1;0;0;0;0;0;B01
201600049581;1;7;0;0;0;0;0;A01
201600049582;1;1;0;0;0;0;0;Y01
201600049582;1;7;0;0;0;0;0;A01
201600049583;1;30;0;0;1;0;0;A01
201600049584;0;7;0;0;2;3;2;B01
201600049584;0;7;0;0;2;2;15;A01
201600049585;1;7;0;0;1;1;0;A01
201600049586;0;32;0;0;2;3;1;A01
201600049586;1;7;0;0;2;1;15;B01
201600049587;2;7;0;0;2;3;0;B01
201600049587;1;7;0;0;2;1;0;A01
201600049588;0;7;0;0;2;7;16;A01
201600049588;0;33;0;0;2;8;0;B01
201600049589;1;7;0;0;1;0;0;A01
201600049590;0;7;0;0;0;0;0;B01
201600049590;1;7;0;0;2;0;0;A01
201600049591;1;2;0;0;2;8;7;A01
201600049591;1;7;0;0;2;7;0;Z01
201600049592;2;31;0;0;2;7;1;B01
201600049592;2;7;0;1;0;3;11;A01
201600049593;1;31;0;0;2;1;17;B01
201600049593;1;7;0;0;2;3;15;A01
201600049594;1;7;0;0;1;7;1;A01
201600049595;1;7;0;0;2;7;1;B01
201600049595;1;7;0;0;2;1;19;A01
201600049596;2;7;0;0;1;3;15;A01
201600049597;0;7;0;0;2;1;2;B01
201600049597;0;7;0;0;0;0;0;A01
201600049598;0;7;0;0;2;1;0;C01
201600049598;0;7;0;0;2;3;15;A01
201600049598;0;7;0;0;2;1;0;B01
201600049599;2;7;0;0;0;0;0;Z01
201600049599;0;1;0;0;0;0;0;B01
201600049600;0;7;0;0;0;0;12;B01
201600049600;0;7;0;0;1;1;1;A01
201600049601;1;10;0;4;0;2;1;A01
201600049602;2;7;0;0;1;3;15;A01
201600049603;1;33;0;0;2;1;18;A01
201600049603;1;7;0;0;0;5;23;B01
201600049604;0;32;0;12;0;1;0;A01
201600049604;0;7;0;0;0;0;0;B01
201600049605;1;1;0;0;2;0;0;C01
201600049605;1;1;0;0;2;3;19;A01
201600049605;1;34;0;0;2;0;0;B01
201600049606;1;7;0;0;1;3;2;A01
201600049607;0;7;0;0;2;1;2;A01
201600049607;0;7;0;0;2;4;2;B01
201600049608;2;7;0;0;1;2;1;B01
201600049609;1;2;0;0;2;1;1;B01
201600049609;1;7;0;0;2;5;16;A01
201600049610;0;7;0;1;1;1;13;A01
201600049610;0;7;0;0;2;0;0;B01
201600049611;2;7;0;0;1;3;1;A01
201600049612;1;1;0;0;4;1;1;B01
201600049612;2;40;0;0;2;2;1;A01
201600049613;1;7;0;0;2;4;23;B01
201600049613;1;7;0;0;2;1;15;A01
201600049614;2;7;0;0;1;1;15;A01
201600049615;1;10;0;0;1;2;16;A01
201600049616;1;1;0;0;4;8;19;B01
201600049616;1;40;40;0;2;1;1;A01
201600049617;0;7;0;0;1;7;0;A01
201600049618;2;33;0;0;2;1;1;A01
201600049618;1;10;0;0;2;8;9;B01
201600049619;1;7;0;1;9;8;1;A01
201600049619;1;1;0;0;2;0;1;B01
201600049620;0;7;0;0;0;1;2;A01
201600049620;0;7;0;0;0;4;2;B01
201600049621;1;37;0;0;1;2;7;A01
201600049622;2;30;0;0;2;7;9;A01
201600049622;0;7;0;0;0;0;0;B01
201600049623;1;40;0;0;2;2;1;B01
201600049623;1;7;0;0;4;3;9;A01
201600049624;0;7;0;0;2;1;16;A01
201600049624;0;7;0;0;2;4;12;B01
201600049625;2;7;0;0;1;0;1;Z01
201600049626;1;7;0;0;1;3;1;A01
201600049627;0;7;0;0;2;1;2;Z01
201600049627;0;1;0;0;2;6;2;A01
201600049628;1;7;0;0;2;1;1;A01
201600049628;1;7;0;0;1;8;1;B01
201600049629;0;7;0;0;1;1;1;A01
201600049630;2;30;0;0;2;0;0;B01
201600049630;2;37;15;0;2;2;1;A01
201600049631;2;7;0;0;0;1;1;B01
201600049631;0;7;0;0;0;2;15;A01
201600049632;1;7;0;1;0;2;1;A01
201600049633;1;7;0;0;0;3;17;A01
201600049633;1;1;0;0;0;0;0;B01
201600049634;0;7;0;0;2;2;2;B01
201600049634;0;7;0;0;2;1;13;A01
201600049635;2;7;0;15;0;1;2;A01
201600049636;2;7;0;0;0;4;2;B01
201600049636;2;7;0;0;2;1;2;A01
201600049637;2;7;0;0;2;1;2;A01
201600049637;2;7;0;0;0;4;2;B01
201600049638;2;7;0;0;2;8;2;B01
201600049638;2;7;0;0;2;6;2;C01
201600049638;2;7;0;0;2;1;13;A01
201600049639;1;7;0;4;0;1;2;A01
201600049640;2;7;0;0;2;4;2;B01
201600049640;2;7;0;0;2;1;2;A01
201600049640;2;7;0;0;2;4;2;C01
201600049641;1;7;0;4;0;1;2;A01
201600049642;2;7;0;3;0;1;1;A01
201600049643;2;7;0;15;0;1;0;A01
201600049644;1;7;0;4;0;4;2;A01
201600049645;2;7;0;0;2;1;2;C01
201600049645;2;15;0;0;2;2;2;B01
201600049645;2;7;0;0;2;6;9;A01
201600049646;2;15;0;0;2;1;2;A01
201600049646;2;14;0;0;2;4;2;B01
201600049646;2;15;0;0;2;4;2;C01
201600049647;1;7;0;0;1;1;15;A01
201600049648;1;14;0;0;0;4;0;B01