Num_Acc;senc;catv;occutc;obs;obsm;choc;manv;num_veh
201600049648;1;7;0;0;0;2;0;A01
201600049649;2;17;0;0;0;3;2;C01
201600049649;2;7;0;0;2;4;2;B01
201600049649;2;7;0;0;2;1;2;A01
201600049650;2;15;0;0;2;6;11;B01
201600049650;2;7;0;0;2;1;2;A01
201600049651;2;7;0;0;2;8;11;A01
201600049651;2;14;0;0;2;8;2;B01
201600049651;2;99;0;0;0;0;0;Z01
201600049652;2;7;0;4;0;1;0;A01
201600049653;1;7;0;0;2;4;2;B01
201600049653;1;10;0;0;2;1;2;A01
201600049653;1;7;0;0;2;4;2;C01
201600049654;1;15;0;0;0;4;0;B01
201600049654;1;7;0;0;2;1;0;A01
201600049655;1;7;0;0;2;1;2;A01
201600049655;1;7;0;0;2;4;2;B01
201600049656;1;7;0;3;2;1;0;A01
201600049656;1;7;0;0;2;2;0;B01
201600049657;2;7;0;4;0;1;2;A01
201600049658;1;10;0;0;2;1;2;A01
201600049658;1;7;0;0;2;4;2;B01
201600049659;2;7;0;4;2;8;2;B01
201600049659;2;15;0;0;2;2;12;A01
201600049660;2;15;0;0;2;7;12;A01
201600049660;2;7;0;3;2;8;2;B01
201600049661;2;7;0;0;2;8;9;A01
201600049661;2;15;0;0;2;2;2;B01
201600049662;2;7;0;0;2;1;2;A01
201600049662;2;7;0;0;2;4;2;B01
201600049663;1;14;0;0;2;4;2;B01
201600049663;1;14;0;0;2;1;2;A01
201600049664;1;33;0;0;2;2;2;A01
201600049665;1;7;0;4;0;2;13;A01
201600049666;2;31;0;0;2;3;3;B01
201600049666;2;7;0;0;2;5;12;A01
201600049667;2;33;0;0;0;8;2;A01
201600049668;1;7;0;3;2;4;2;B01
201600049668;1;7;0;0;2;2;2;A01
201600049669;2;7;0;0;2;1;2;A01
201600049669;2;7;0;0;2;4;2;B01
201600049669;2;7;0;0;2;4;2;D01
201600049669;2;7;0;0;2;4;2;C01
201600049670;2;10;0;0;2;4;2;B01
201600049670;2;7;0;0;2;1;2;A01
201600049671;2;7;0;0;2;1;2;A01
201600049671;2;7;0;0;2;4;2;B01
201600049672;1;15;0;0;2;2;2;A01
201600049672;1;15;0;0;2;4;2;B01
201600049672;1;99;0;0;0;0;0;Z01
201600049673;2;7;0;3;2;4;0;B01
201600049673;2;7;0;1;0;1;11;A01
201600049673;2;7;0;0;2;3;1;C01
201600049674;1;7;0;14;2;1;2;A01
201600049674;1;7;0;0;2;1;2;B01
201600049675;1;7;0;0;2;4;2;B01
201600049675;1;7;0;0;2;3;2;A01
201600049676;1;31;0;4;2;1;1;A01
201600049676;1;7;0;0;2;8;2;B01
201600049677;2;7;0;3;0;1;2;A01
201600049678;1;7;0;4;0;1;1;A01
201600049679;2;7;0;0;2;4;2;B01
201600049679;2;7;0;0;2;1;2;C01
201600049679;2;7;0;0;2;1;2;A01
201600049680;2;7;0;0;2;1;2;A01
201600049680;2;7;0;3;2;4;2;B01
201600049681;2;7;0;0;2;4;2;B01
201600049681;2;7;0;0;2;1;0;A01
201600049682;2;33;0;0;0;5;0;A01
201600049682;2;99;0;0;0;0;0;Z01
201600049683;1;7;0;4;0;1;0;A01
201600049684;1;7;0;0;2;4;0;B01
201600049684;1;7;0;0;2;1;0;A01
201600049685;2;14;0;0;2;1;2;B01
201600049685;2;15;0;0;0;4;0;A01
201600049686;1;7;0;0;2;6;1;B01
201600049686;1;33;0;0;2;1;1;A01
201600049687;2;7;0;4;0;3;2;B01
201600049687;2;7;0;0;2;2;2;A01
201600049688;1;7;0;3;0;1;0;A01
201600049689;2;7;0;3;2;1;2;A01
201600049689;2;7;0;0;0;4;0;B01
201600049690;1;7;0;0;0;1;0;A01
201600049691;1;7;0;0;0;8;0;A01
201600049692;1;7;0;0;2;7;1;B01
201600049692;1;7;0;4;2;1;11;A01
201600049693;1;7;0;0;0;1;0;A01
201600049693;1;7;0;0;0;4;0;B01
201600049694;2;7;0;3;0;0;0;A01
201600049695;1;33;0;0;0;4;0;B01
201600049696;1;10;0;0;0;5;0;B01
201600049696;1;7;0;0;0;3;0;A01
201600049697;1;7;0;0;0;7;0;A01
201600049698;1;33;0;0;0;1;1;A01
201600049699;1;33;0;0;0;8;0;A01
201600049700;1;7;0;0;0;1;0;C01
201600049700;1;7;0;0;2;3;0;B01
201600049700;1;14;0;0;0;2;0;A01
201600049701;1;7;0;0;2;4;17;A01
201600049701;1;7;0;0;0;3;1;B01
201600049702;2;34;0;0;0;0;3;B01
201600049702;2;7;0;0;0;0;11;A01
201600049703;1;7;0;0;2;4;0;B01
201600049703;1;7;0;0;0;4;0;C01
201600049703;1;7;0;0;2;1;0;A01
201600049704;1;7;0;0;2;8;11;A01
201600049704;1;33;0;0;2;7;1;B01
201600049705;1;7;0;0;0;7;0;B01
201600049705;1;7;0;0;0;1;0;A01
201600049706;2;7;0;0;0;4;2;C01
201600049706;2;7;0;0;2;4;2;B01
201600049706;2;7;0;0;2;1;2;A01
201600049707;2;7;0;0;0;1;1;B01
201600049707;2;7;0;0;0;0;0;A01
201600049708;1;7;0;0;2;1;0;A01
201600049708;1;7;0;0;0;6;0;B01
201600049708;1;7;0;0;0;4;0;D01
201600049708;1;7;0;0;2;1;0;C01
201600049709;1;7;0;0;2;1;2;A01
201600049709;1;7;0;0;2;4;1;B01
201600049710;1;7;0;0;0;4;1;B01
201600049710;1;7;0;0;2;1;1;A01
201600049711;1;7;0;0;2;1;2;A01
201600049711;1;10;0;0;2;1;2;F01
201600049711;1;7;0;0;2;4;2;C01
201600049711;1;7;0;0;2;4;0;B01
201600049711;1;31;0;0;2;4;2;D01
201600049711;1;7;0;0;2;4;2;E02
201600049712;2;33;0;0;0;8;0;A01
201600049713;1;7;0;0;0;4;2;C01
201600049713;1;7;0;0;2;4;2;B01
201600049713;1;7;0;0;2;1;2;A01
201600049714;1;7;0;0;0;0;0;Z01
201600049714;1;7;0;0;0;4;0;A01
201600049715;2;17;0;3;0;1;14;A01
201600049716;2;10;0;0;2;4;2;B01
201600049716;2;7;0;0;2;1;2;A01
201600049717;1;10;0;0;2;1;2;A01
201600049717;1;7;0;0;0;4;1;B01
201600049718;2;17;0;0;2;1;2;A01
201600049718;2;17;0;0;2;4;2;B01
201600049718;2;17;0;0;2;4;2;C01
201600049719;1;17;0;0;2;2;1;B01
201600049719;1;7;0;4;2;5;9;A01
201600049720;2;7;0;0;2;4;1;B01
201600049720;2;7;0;0;2;3;2;A01
201600049721;1;7;0;0;2;4;2;B01
201600049721;1;7;0;0;2;1;2;A01
201600049722;2;33;0;7;2;1;1;A01
201600049722;2;7;0;0;2;5;18;B01
201600049723;2;7;0;0;2;4;2;B01
201600049723;2;7;0;0;2;3;2;A01
201600049724;1;7;0;4;0;1;1;A01
201600049725;1;7;0;0;2;1;2;A01
201600049725;1;7;0;0;2;4;1;B01
201600049726;1;7;0;0;2;7;12;A01
201600049726;1;33;0;0;2;1;1;B01
201600049727;1;7;0;4;0;4;0;A01
201600049727;1;7;0;0;0;0;0;Z01
201600049728;1;7;0;0;2;1;1;A01
201600049728;1;7;0;0;2;6;1;B01
201600049729;2;17;0;0;2;7;12;A01
201600049729;2;7;0;0;2;8;1;B01
201600049730;2;7;0;0;2;4;23;F02
201600049730;2;10;0;0;2;4;23;C01
201600049730;2;10;0;0;2;4;23;E01
201600049730;2;7;0;0;2;4;23;B01
201600049730;2;17;0;0;2;2;23;A01
201600049730;2;7;0;0;2;4;23;D01
201600049731;1;10;0;0;0;5;0;C01
201600049731;1;7;0;0;2;3;0;A01
201600049731;1;33;0;0;2;7;0;B01
201600049732;1;33;0;0;0;1;0;A01
201600049732;1;10;0;0;2;5;0;B01
201600049733;2;7;0;4;2;6;1;B01
201600049733;2;17;0;0;2;2;12;A01
201600049734;1;14;0;0;0;0;18;A01
201600049734;1;33;0;0;0;0;3;B01
201600049735;1;7;0;0;2;2;2;A01
201600049735;1;7;0;0;2;4;1;B01
201600049736;1;7;0;0;2;7;0;A01
201600049736;1;14;0;0;0;3;0;B01
201600049737;2;10;0;0;2;0;0;Z01
201600049737;2;33;0;0;2;4;1;A01
201600049738;1;7;0;0;2;4;2;B01
201600049738;1;10;0;0;2;4;2;C01
201600049738;1;7;0;0;2;1;2;A01
201600049739;1;17;0;0;0;0;0;B01
201600049739;1;34;0;0;0;0;0;A01
201600049740;1;33;0;0;2;6;1;A01
201600049740;1;7;0;0;2;2;14;B01
201600049740;1;7;0;0;2;6;1;C01
201600049741;1;33;0;0;2;1;3;C01
201600049741;1;99;0;0;2;4;23;B01
201600049741;1;7;0;0;2;1;2;A01
201600049741;1;7;0;0;2;4;1;D01
201600049742;1;7;0;0;0;0;0;C01
201600049742;1;7;0;0;0;0;0;A01
201600049742;1;7;0;0;0;0;0;D01
201600049742;1;7;0;0;0;0;0;B01
201600049743;2;7;0;3;0;3;1;A01
201600049743;2;7;0;3;0;1;2;B01
201600049743;1;99;0;0;9;1;1;C01
201600049744;1;14;0;0;2;1;2;B01
201600049744;1;7;0;0;2;1;2;C01
201600049744;1;7;0;0;0;4;2;D01
201600049744;1;7;0;0;2;8;9;A01
201600049745;2;17;0;0;2;7;1;B01
201600049745;2;7;0;3;2;6;0;A01
201600049746;2;7;0;0;2;4;23;B01
201600049746;2;7;0;0;2;4;23;C01
201600049746;2;7;0;0;2;1;2;A01
201600049746;2;7;0;0;2;4;23;D01
201600049747;2;7;0;7;0;1;1;A01
201600049748;2;7;0;0;0;0;0;A01
201600049748;2;7;0;0;0;0;0;B01
201600049749;1;33;0;0;0;7;1;A01
201600049750;2;17;0;0;2;2;12;B01
201600049750;2;33;0;0;2;4;1;A01
201600049751;2;10;0;0;2;4;23;B01
201600049751;2;10;0;0;2;1;2;A01
201600049751;2;7;0;0;2;4;23;C01
201600049752;1;7;0;4;0;1;1;A01
201600049753;2;17;0;0;2;8;1;C01
201600049753;2;7;0;0;2;1;11;A01
201600049753;2;7;0;0;2;2;1;B01
201600049754;2;7;0;0;0;3;0;A01
201600049755;1;7;0;0;2;8;1;B01
201600049755;1;17;0;0;2;1;12;A01
201600049756;2;14;0;0;0;1;12;A01
201600049756;2;7;0;0;2;8;1;B01
201600049757;2;15;0;0;0;3;0;B01
201600049757;2;7;0;0;0;6;0;A01
201600049758;1;7;0;0;2;8;0;A01
201600049758;1;15;0;0;0;3;0;B01
201600049759;2;7;0;0;2;4;23;C01
201600049759;2;7;0;0;2;4;2;B01
201600049759;2;7;0;0;2;1;2;A01
201600049759;2;7;0;0;2;4;23;D01
201600049760;1;7;0;0;2;1;14;A01
201600049760;1;10;0;0;2;4;23;B01
201600049760;1;38;3;0;2;4;1;C01
201600049760;1;7;0;0;2;2;13;D01
201600049760;1;7;0;0;2;1;1;E01
201600049760;1;10;0;0;2;1;1;F02
201600049760;1;7;0;0;2;4;1;G02
201600049761;1;7;0;0;2;4;0;B01
201600049761;1;31;0;0;2;1;3;A01
201600049762;2;7;0;0;2;1;2;B01
201600049762;2;7;0;0;2;4;0;A01
201600049763;2;7;0;0;2;1;2;A01
201600049763;2;7;0;0;2;6;2;B01
201600049764;2;7;0;0;2;1;1;C01
201600049764;2;7;0;4;2;8;11;A01
201600049764;2;14;0;0;2;2;1;B01
201600049765;1;10;0;0;2;2;14;A01
201600049765;1;7;0;0;2;6;23;B01
201600049766;1;33;0;0;0;7;0;A01
201600049767;1;7;0;0;0;5;0;E01
201600049767;2;10;0;0;0;1;0;A01
201600049767;1;7;0;0;2;0;0;C01
201600049767;1;15;0;0;0;5;0;D01
201600049767;1;7;0;0;0;4;0;B01
201600049768;1;7;0;4;2;8;9;A01
201600049768;1;17;0;0;2;2;1;B01
201600049769;1;7;0;0;2;2;14;A01
201600049769;1;10;0;0;2;6;1;B01
201600049770;1;7;0;0;2;4;1;B01
201600049770;1;7;0;0;2;2;2;A01
201600049771;2;7;0;0;2;1;2;A01
201600049771;2;7;0;0;2;4;23;B01
201600049771;2;10;0;0;2;4;23;C01
201600049772;1;31;0;0;2;8;3;B01
201600049772;1;7;0;0;2;7;12;A01
201600049773;2;7;0;4;0;0;0;A01
201600049774;1;17;0;0;2;0;0;Z01
201600049774;1;7;0;6;2;6;1;A01
201600049775;1;7;0;0;2;1;2;B01
201600049775;1;10;0;0;0;6;23;A01
201600049776;2;7;0;0;0;0;0;Z01
201600049776;2;31;0;0;2;4;0;A01
201600049777;2;10;0;0;2;1;0;A01
201600049777;2;7;0;0;0;4;0;B01
201600049778;1;7;0;0;0;4;0;B01
201600049778;1;7;0;0;0;1;0;A01
201600049778;1;7;0;0;0;4;0;C01
201600049779;1;7;0;0;2;5;1;B01
201600049779;1;7;0;0;2;1;2;A01
201600049780;2;33;0;0;0;0;0;A01
201600049781;2;10;0;0;2;1;0;A01
201600049781;2;7;0;0;2;4;0;B01
201600049782;1;33;0;0;2;8;2;A01
201600049782;1;7;0;0;0;5;0;B01
201600049782;1;15;0;0;0;8;0;C01
201600049783;1;33;0;0;0;8;0;B01
201600049783;1;7;0;0;2;2;0;A01
201600049784;1;7;0;0;0;1;0;A01
201600049784;1;10;0;0;0;4;0;C01
201600049784;1;7;0;0;0;1;0;B01
201600049785;1;33;0;0;0;7;0;A01
201600049786;2;7;0;0;0;1;0;A01
201600049786;2;7;0;0;0;4;0;B01
201600049786;2;7;0;0;0;4;0;C01
201600049787;2;31;0;0;0;1;0;A01
201600049787;2;7;0;0;0;4;0;B01
201600049788;2;7;0;3;0;0;0;A01
201600049788;2;7;0;0;0;1;0;B01
201600049789;2;33;0;0;0;3;0;A01
201600049790;1;7;0;0;0;0;0;B01
201600049790;1;7;0;0;0;0;0;A01
201600049791;1;7;0;0;0;4;0;B01
201600049791;1;7;0;0;0;1;0;A01
201600049791;1;7;0;0;0;5;0;C01
201600049792;2;7;0;0;0;1;0;B01
201600049792;2;17;0;0;0;2;0;A01
201600049793;1;15;0;0;2;2;12;A01
201600049793;1;7;0;0;2;6;1;B01
201600049794;1;7;0;6;0;4;0;B01
201600049794;1;15;0;0;2;1;0;A01
201600049795;2;7;0;0;2;5;1;B01
201600049795;1;7;0;0;2;1;1;A01
201600049796;1;7;0;0;2;4;2;B01
201600049796;1;10;0;0;2;4;2;C01
201600049796;1;7;0;0;2;1;2;A01
201600049797;2;10;0;0;2;4;21;B01
201600049797;2;7;0;0;2;1;1;A01
201600049798;1;7;0;0;2;6;1;A01
201600049798;1;17;0;0;2;2;12;B01
201600049799;1;15;0;0;2;4;0;C01
201600049799;1;7;0;0;0;1;0;A01
201600049799;1;7;0;0;0;4;0;B01
201600049800;2;7;0;0;2;1;2;A01
201600049800;2;7;0;0;2;4;2;C01
201600049800;2;7;0;0;2;4;2;B01
201600049800;2;7;0;0;2;1;2;D01
201600049801;1;7;0;0;0;2;0;B01
201600049801;1;15;0;0;0;8;0;C01
201600049801;1;10;0;0;2;6;0;A01
201600049802;1;10;0;3;0;1;0;A01
201600049802;1;10;0;0;2;4;0;B01
201600049802;1;7;0;0;0;4;0;D01
201600049802;1;7;0;0;0;4;0;C01
201600049803;1;7;0;0;2;4;2;C01
201600049803;1;7;0;0;2;2;2;D01
201600049803;1;7;0;0;2;4;2;B01
201600049803;1;7;0;0;2;1;2;A01
201600049804;1;15;0;0;2;0;0;A01
201600049804;1;33;0;0;0;0;0;C01
201600049804;1;7;0;0;0;0;0;B01
201600049805;2;7;0;0;2;4;23;B01
201600049805;2;7;0;0;2;1;2;A01
201600049806;1;7;0;0;0;0;0;B01
201600049806;1;15;0;0;0;0;0;A01
201600049807;2;7;0;0;0;0;0;A01
201600049808;2;7;0;0;2;6;2;D01
201600049808;2;7;0;0;0;0;0;B01
201600049808;2;7;0;0;0;0;0;C01
201600049808;2;7;0;0;0;0;0;A01
201600049809;1;7;0;3;2;4;1;A01
201600049809;2;7;0;0;2;7;1;B01
201600049809;2;33;0;0;2;1;1;C01
201600049810;1;10;0;0;0;0;0;B01
201600049810;1;7;0;0;0;0;0;A01
201600049811;1;7;0;4;2;1;0;A01
201600049811;1;33;0;0;2;4;1;B01
201600049812;1;7;0;0;2;4;23;B01
201600049812;1;7;0;0;2;4;23;C01
201600049812;1;7;0;0;2;1;2;E01
201600049812;1;7;0;0;2;1;2;A01
201600049812;1;7;0;0;2;1;2;D01
201600049813;1;7;0;4;2;4;1;B01
201600049813;1;17;0;0;2;2;12;A01
201600049814;1;7;0;0;2;4;2;C01
201600049814;1;7;0;0;2;4;2;B01
201600049814;1;7;0;0;2;1;2;A01
201600049815;2;7;0;0;2;4;23;B01
201600049815;2;7;0;0;2;4;23;C01
201600049815;2;7;0;0;2;1;2;A01
201600049816;2;7;0;0;2;7;11;A01
201600049816;2;31;0;0;2;8;1;B01
201600049817;2;7;0;0;2;1;2;A01
201600049817;2;7;0;0;2;4;1;B01
201600049817;2;7;0;0;2;4;1;C01
201600049818;1;7;0;0;2;4;1;B01
201600049818;1;7;0;0;2;1;2;A01
201600049818;1;7;0;0;2;4;2;C01
201600049819;2;7;0;0;2;4;1;A01
201600049819;2;7;0;0;2;1;1;B01
201600049820;2;7;0;0;2;4;2;B01
201600049820;2;7;0;0;9;6;2;C01
201600049820;2;7;0;0;2;1;2;A01
201600049821;2;7;0;16;0;9;19;A01
201600049822;2;7;0;0;2;4;23;D01
201600049822;2;7;0;0;2;1;2;A01
201600049822;2;7;0;0;2;4;23;B01
201600049822;2;7;0;0;2;4;23;E01
201600049822;2;7;0;0;2;4;23;C01
201600049823;2;7;0;0;2;1;23;B01
201600049823;2;17;0;0;2;4;4;A01
201600049824;1;7;0;0;2;4;1;B01
201600049824;1;7;0;0;2;1;2;A01
201600049825;2;7;0;0;2;4;23;B01
201600049825;2;7;0;0;2;4;23;C01
201600049825;2;10;0;0;2;1;2;A01
201600049826;2;17;0;0;2;3;11;A01
201600049826;2;7;0;4;2;5;1;B01
201600049827;2;7;0;0;2;1;2;A01
201600049827;2;7;0;0;2;4;2;B01
201600049828;2;7;0;0;2;2;2;A01
201600049828;2;10;0;0;2;4;1;B01
201600049829;2;31;0;0;0;8;0;A01
201600049830;2;7;0;0;0;4;0;B01
201600049830;2;7;0;0;0;0;0;A01
201600049831;1;7;0;0;0;8;0;B01
201600049831;1;7;0;0;2;9;0;A01
201600049831;1;7;0;0;0;1;0;C01
201600049832;2;17;0;0;2;6;1;B01
201600049832;2;10;0;0;2;1;1;A01
201600049833;2;7;0;0;2;1;0;A01
201600049833;2;7;0;0;2;4;1;B01
201600049834;2;7;0;0;0;1;0;A01
201600049834;2;7;0;0;0;6;0;B01
201600049835;2;7;0;0;0;1;0;A01
201600049836;1;7;0;0;0;4;2;C01
201600049836;1;7;0;0;2;6;2;A01
201600049836;1;7;0;0;2;2;2;B01
201600049837;2;7;0;0;2;1;2;A01
201600049837;2;7;0;0;2;4;23;B01
201600049838;2;33;0;0;0;8;0;A01
201600049839;2;33;0;0;0;7;0;A01
201600049840;2;7;0;0;0;0;0;A01
201600049840;2;7;0;0;0;0;0;B01
201600049841;2;7;0;0;2;4;2;C01
201600049841;2;7;0;0;2;4;2;B01
201600049841;2;7;0;0;2;1;2;A01
201600049842;1;7;0;0;0;7;0;A01
201600049843;2;33;0;4;0;1;1;A01
201600049844;2;17;0;0;2;2;0;A01
201600049844;2;7;0;0;2;4;0;B01
201600049844;2;7;0;0;2;5;0;C01
201600049844;2;7;0;0;2;1;0;D01
201600049845;2;7;0;0;0;1;0;B01
201600049845;2;7;0;0;0;1;0;A01
201600049846;2;14;0;0;2;4;23;B01
201600049846;2;7;0;0;2;1;13;A01
201600049846;2;7;0;0;2;1;2;C01
201600049846;2;7;0;0;2;1;2;D01
201600049847;1;7;0;0;0;4;0;B01
201600049847;1;7;0;0;0;1;0;A01
201600049848;2;7;0;0;0;1;1;A01
201600049848;2;7;0;0;0;4;0;B01
201600049849;2;7;0;0;2;8;9;A01
201600049849;2;17;0;0;2;2;1;B01
201600049850;2;15;0;0;0;0;0;B01
201600049850;2;7;0;0;0;0;0;A01
201600049851;2;7;0;0;2;8;11;A01
201600049851;2;33;0;0;2;7;3;B01
201600049852;1;7;0;0;0;0;0;A01
201600049852;1;7;0;0;0;0;0;C01
201600049852;1;33;0;0;0;1;0;B01
201600049853;1;7;0;0;2;1;1;A01
201600049853;1;7;0;0;2;4;1;B01
201600049854;2;33;0;13;0;0;1;A01
201600049855;2;7;0;3;2;6;1;B01
201600049855;2;7;0;0;2;1;14;A01
201600049856;2;7;0;0;2;4;23;B01
201600049856;2;7;0;0;2;4;23;C01
201600049856;2;7;0;0;2;1;2;A01
201600049857;2;10;0;0;2;4;2;C01
201600049857;2;7;0;0;2;1;2;A01
201600049857;2;7;0;0;2;4;2;B01
201600049858;1;14;0;0;2;2;12;A01
201600049858;1;7;0;0;2;8;1;B01
201600049859;2;7;0;0;2;1;1;C01
201600049859;2;7;0;0;2;1;2;A01
201600049859;2;7;0;0;2;4;1;B01
201600049860;2;7;0;3;2;8;0;B01
201600049860;2;17;0;0;2;2;0;A01
201600049861;1;7;0;0;2;4;23;B01
201600049861;1;7;0;0;2;1;2;A01
201600049862;1;7;0;0;2;1;14;A01
201600049862;1;17;0;0;2;6;1;B01
201600049863;2;31;0;3;0;0;11;A01
201600049864;1;7;0;0;0;0;0;A01
201600049865;1;7;0;7;0;1;13;A01
201600049866;2;17;0;0;2;2;12;A01
201600049866;2;7;0;3;2;6;1;B01
201600049867;2;33;0;0;9;1;1;B01
201600049867;2;7;0;0;0;0;1;A01
201600049868;1;7;0;0;2;8;11;A01
201600049868;1;33;0;0;2;1;3;B01
201600049869;2;7;0;0;2;5;2;B01
201600049869;2;10;0;0;2;1;2;A01
201600049870;2;7;0;0;2;1;2;Z01
201600049870;2;7;0;0;2;4;1;A01
201600049871;2;33;0;0;0;9;0;A01
201600049871;2;7;0;0;0;5;0;B01
201600049872;2;7;0;0;0;1;0;A01
201600049873;1;15;0;0;0;5;0;B01
201600049873;1;7;0;0;0;1;0;A01
201600049874;1;33;0;0;0;9;0;B01
201600049874;1;7;0;0;0;0;0;Z01
201600049875;2;7;0;0;0;4;0;A01
201600049875;2;34;0;0;0;1;0;B01
201600049876;1;31;0;0;0;1;0;A01
201600049877;2;15;0;0;2;6;13;A01
201600049877;2;10;0;0;2;2;1;B01
201600049878;1;10;0;0;2;1;1;C01
201600049878;1;7;0;0;2;8;1;B01
201600049878;1;17;0;0;2;2;14;A01
201600049879;1;7;0;0;2;1;2;A01
201600049879;1;7;0;0;2;4;2;B01
201600049880;2;7;0;0;0;1;0;A01
201600049880;2;7;0;0;0;4;0;B01
201600049881;2;7;0;0;0;4;0;B01
201600049881;2;7;0;0;0;0;0;A01
201600049882;2;7;0;0;2;8;11;A01
201600049882;2;31;0;0;0;0;3;B01
201600049883;1;7;0;0;0;6;0;B01
201600049883;1;17;0;0;2;2;1;A01
201600049884;1;14;0;0;0;2;0;A01
201600049884;1;7;0;0;0;8;1;B01
201600049885;2;7;0;0;0;4;0;D01
201600049885;2;7;0;0;0;1;0;A01
201600049885;2;7;0;0;0;1;0;B01
201600049885;2;7;0;0;0;0;0;C01
201600049886;2;33;0;0;2;1;2;A01
201600049886;2;7;0;0;2;6;2;B01
201600049887;2;7;0;0;0;0;0;B01
201600049887;2;7;0;0;0;1;0;A01
201600049888;1;7;0;4;0;1;13;A01
201600049889;1;7;0;0;0;1;0;A01
201600049889;1;7;0;0;0;5;0;C01
201600049889;1;7;0;0;0;4;0;B01
201600049890;2;7;0;0;2;1;2;A01
201600049890;2;7;0;0;2;4;23;D01
201600049890;2;7;0;0;2;4;23;C01
201600049890;2;7;0;0;2;4;2;B01
201600049891;2;7;0;0;0;1;0;C01
201600049891;2;33;0;0;0;7;0;D01
201600049891;2;7;0;0;0;1;0;B01
201600049891;2;7;0;0;0;1;0;A01
201600049891;2;7;0;0;0;4;0;E01
201600049892;1;7;0;0;0;1;0;B01
201600049892;1;7;0;0;0;0;0;D01
201600049892;1;7;0;0;0;0;0;C01
201600049892;1;33;0;0;0;0;0;A01
201600049893;2;7;0;0;0;0;0;A01
201600049893;2;7;0;0;0;4;0;B01
201600049894;1;7;0;0;0;9;0;A01
201600049895;1;7;0;0;2;4;1;A01
201600049895;1;7;0;0;2;0;2;Z01
201600049896;1;7;0;3;2;6;1;B01
201600049896;1;17;0;0;2;2;14;A01
201600049897;1;7;0;0;0;1;0;A01
201600049897;1;7;0;0;0;4;0;C01
201600049897;1;15;0;0;0;3;0;B01
201600049898;1;15;0;0;0;1;0;A01
201600049898;1;7;0;0;0;4;0;B01
201600049898;1;7;0;0;0;4;0;D01
201600049898;1;7;0;0;0;0;0;C01
201600049899;2;33;0;0;0;9;0;B01
201600049899;2;7;0;0;0;0;0;A01
201600049900;2;33;0;0;0;1;0;A01
201600049901;2;7;0;0;2;1;13;A01
201600049901;2;7;0;0;2;6;14;B01
201600049902;2;17;0;0;2;2;14;A01
201600049902;2;7;0;0;2;6;1;B01
201600049903;1;15;0;0;0;8;0;D01
201600049903;1;7;0;0;0;8;0;A01
201600049903;1;7;0;0;0;5;0;C01
201600049903;1;31;0;0;0;9;0;B01
201600049904;1;7;0;0;0;2;0;A01
201600049904;1;33;0;0;0;8;0;B01
201600049905;1;7;0;0;0;1;0;A01
201600049906;1;7;0;0;0;1;0;A01
201600049907;1;7;0;0;0;1;0;A01
201600049908;2;7;0;7;0;1;13;A01
201600049909;1;7;0;0;0;5;0;C01
201600049909;1;10;0;0;0;3;0;B01
201600049909;1;31;0;0;0;8;0;A01
201600049910;2;7;0;0;0;9;0;A01
201600049911;2;7;0;0;0;8;0;A01
201600049912;1;7;0;0;0;6;1;C01
201600049912;1;7;0;0;2;2;1;B01
201600049912;1;7;0;0;2;8;13;A01
201600049913;2;7;0;0;0;3;0;A01
201600049913;2;33;0;0;0;9;0;B01
201600049914;1;10;0;0;0;4;0;B01
201600049914;1;7;0;0;0;1;0;A01
201600049915;2;7;0;0;2;4;2;B01
201600049915;2;7;0;0;2;5;2;D01
201600049915;2;10;0;0;2;4;2;C01
201600049915;2;14;0;0;2;1;2;A01
201600049915;2;7;0;0;2;6;2;E01
201600049916;2;7;0;0;2;6;0;B01
201600049916;2;7;0;0;2;1;0;A01
201600049917;1;31;0;0;0;7;0;A01
201600049918;1;33;0;0;2;1;3;B01
201600049918;1;7;0;0;2;6;13;A01
201600049919;1;14;0;0;2;2;12;A01
201600049919;1;7;0;4;2;8;1;B01
201600049920;1;15;0;0;2;5;23;B01
201600049920;1;7;0;0;2;1;2;A01
201600049921;2;7;0;0;0;1;0;A01
201600049922;1;15;0;0;0;3;0;A01
201600049922;1;7;0;0;0;8;0;B01
201600049923;2;7;0;0;2;1;2;Z01
201600049923;1;7;0;0;0;4;2;A01
201600049924;2;15;0;0;0;2;0;B01
201600049924;2;7;0;0;0;2;0;A01
201600049925;1;7;0;0;0;0;0;B01
201600049925;1;31;0;0;0;7;0;A01
201600049925;1;7;0;0;0;0;0;C01
201600049926;1;7;0;0;0;1;0;A01
201600049927;1;33;0;0;0;3;0;A01
201600049927;1;7;0;0;0;7;0;B01
201600049928;2;7;0;0;0;4;0;B01
201600049928;2;10;0;0;0;0;0;A01
201600049928;1;7;0;0;2;4;0;C01
201600049929;1;7;0;0;0;1;0;A01
201600049929;1;7;0;0;0;3;0;C01
201600049929;1;7;0;0;0;4;0;B01
201600049930;1;7;0;0;0;4;0;B01
201600049930;2;7;0;0;0;1;0;A01
201600049931;2;34;0;0;2;8;1;B01
201600049931;2;7;0;0;2;5;14;A01
201600049932;1;7;0;0;0;4;0;D01
201600049932;1;7;0;0;0;1;0;B01
201600049932;1;7;0;0;0;1;0;C01
201600049932;1;7;0;0;0;1;0;A01
201600049933;2;7;0;0;0;6;0;B01
201600049933;2;32;0;0;2;1;0;A01
201600049934;1;7;0;0;2;4;23;C01
201600049934;1;7;0;0;0;4;0;B01
201600049934;1;10;0;0;0;1;0;A01