Num_Acc;senc;catv;occutc;obs;obsm;choc;manv;num_veh
201600049934;1;10;0;0;2;4;23;D01
201600049935;1;7;0;0;0;4;0;B01
201600049935;1;7;0;0;0;7;0;A01
201600049936;1;7;0;0;0;0;0;C01
201600049936;1;7;0;0;0;1;0;A01
201600049936;1;7;0;0;2;4;0;B01
201600049937;2;7;0;0;0;1;0;A01
201600049937;2;7;0;0;0;4;0;C01
201600049937;2;7;0;0;0;1;0;B01
201600049938;2;7;0;0;2;4;1;B01
201600049938;2;33;0;0;2;1;2;A01
201600049939;2;7;0;0;2;4;23;B01
201600049939;2;7;0;0;2;1;2;A01
201600049940;2;7;0;0;2;1;2;A01
201600049940;2;7;0;0;2;5;2;B01
201600049941;1;7;0;0;2;1;1;A01
201600049941;1;7;0;0;2;4;23;B01
201600049942;1;33;0;0;0;0;0;B01
201600049942;1;7;0;0;0;0;13;A01
201600049943;1;7;0;0;2;3;13;A01
201600049943;1;31;0;0;2;1;3;B01
201600049944;2;7;0;0;2;2;12;A01
201600049944;2;33;0;0;2;3;3;B01
201600049944;2;7;0;0;2;3;1;C01
201600049945;1;7;0;0;0;1;0;A01
201600049945;1;7;0;0;0;4;0;B01
201600049946;2;7;0;0;0;0;0;A01
201600049946;2;7;0;0;0;4;0;B01
201600049947;2;17;0;0;2;1;1;B01
201600049947;2;7;0;3;2;4;12;A01
201600049948;1;7;0;0;0;4;0;C01
201600049948;1;7;0;0;0;0;0;E01
201600049948;1;7;0;0;0;1;0;B01
201600049948;1;7;0;0;0;0;0;F01
201600049948;1;7;0;0;0;1;0;D01
201600049948;1;7;0;0;0;0;0;G02
201600049949;2;33;0;0;0;0;0;B01
201600049949;2;33;0;0;2;1;3;A01
201600049949;2;7;0;0;0;0;0;C01
201600049950;2;7;0;0;2;4;1;B01
201600049950;2;7;0;0;2;1;2;A01
201600049950;2;7;0;0;2;4;2;C01
201600049951;1;15;0;0;2;4;1;B01
201600049951;1;7;0;0;0;4;1;A01
201600049952;1;7;0;3;2;4;1;B01
201600049952;1;10;0;0;2;2;2;A01
201600049953;2;10;0;0;2;1;2;A01
201600049953;2;7;0;0;2;4;23;B01
201600049953;2;10;0;0;2;4;23;D01
201600049953;2;7;0;0;2;4;23;C01
201600049954;1;33;0;0;2;8;3;B01
201600049954;1;10;0;0;2;2;12;A01
201600049955;2;17;0;0;2;8;1;C01
201600049955;2;7;0;3;2;1;1;B01
201600049955;2;7;0;0;5;1;21;A01
201600049956;2;7;0;0;0;1;0;A01
201600049956;2;7;0;0;0;4;0;C01
201600049956;2;7;0;0;0;1;0;B01
201600049957;2;7;0;0;2;1;2;A01
201600049957;2;7;0;0;2;4;2;B01
201600049958;1;15;0;0;0;0;0;A01
201600049958;1;7;0;0;0;4;0;B01
201600049959;2;7;0;3;0;1;1;A01
201600049960;1;7;0;0;0;4;0;B01
201600049960;1;7;0;0;0;1;0;A01
201600049961;2;33;0;0;0;8;2;A01
201600049962;1;7;0;3;2;0;0;A01
201600049962;1;17;0;0;2;0;0;B01
201600049962;1;17;0;0;2;0;0;C01
201600049963;1;7;0;13;0;2;1;A01
201600049964;2;7;0;0;0;9;1;A01
201600049965;1;7;0;3;2;4;13;A01
201600049965;1;14;0;0;2;1;0;B01
201600049965;1;10;0;0;2;7;1;C01
201600049966;2;17;0;0;2;4;2;A01
201600049966;2;7;0;0;2;1;2;B01
201600049967;1;7;0;4;0;1;1;A01
201600049968;2;7;0;0;2;4;2;A01
201600049968;2;7;0;0;2;4;2;B01
201600049968;2;7;0;0;2;1;2;C01
201600049969;2;7;0;0;2;5;1;A01
201600049969;2;33;0;0;2;1;1;B01
201600049970;1;7;0;0;2;6;1;A01
201600049970;1;17;0;0;2;2;12;B01
201600049971;1;7;0;0;2;6;1;A01
201600049971;1;7;0;3;2;2;12;B01
201600049972;2;99;0;0;2;4;2;A01
201600049972;2;7;0;0;2;4;2;B01
201600049972;2;7;0;0;2;1;2;C01
201600049973;1;7;0;0;2;4;23;A01
201600049973;1;7;0;0;2;1;0;B01
201600049974;1;7;0;0;2;4;2;A01
201600049974;1;7;0;0;2;1;2;B01
201600049974;1;7;0;0;2;0;0;C01
201600049975;1;7;0;0;2;4;2;A01
201600049975;1;7;0;0;2;1;2;B01
201600049975;1;10;0;0;2;1;2;C01
201600049976;1;7;0;13;0;1;14;A01
201600049977;2;7;0;0;2;4;23;A01
201600049977;2;7;0;0;2;4;23;B01
201600049977;2;7;0;0;2;4;23;C01
201600049977;2;7;0;0;2;1;2;D01
201600049978;2;7;0;0;2;4;2;A01
201600049978;2;7;0;0;2;4;2;B01
201600049978;2;10;0;0;2;1;2;C01
201600049979;2;10;0;0;2;4;23;A01
201600049979;2;7;0;0;2;4;2;B01
201600049979;2;10;0;0;2;1;2;C01
201600049980;1;7;0;7;0;8;1;A01
201600049981;2;7;0;0;2;4;23;A01
201600049981;2;7;0;0;2;1;2;B01
201600049982;2;7;0;0;2;6;1;A01
201600049982;2;15;0;0;2;2;12;B01
201600049983;2;7;0;0;2;5;2;A01
201600049983;1;7;0;0;2;1;2;B01
201600049984;2;7;0;0;2;8;9;A01
201600049984;2;17;0;0;2;2;1;B01
201600049984;2;7;0;3;2;2;1;C01
201600049985;2;7;0;0;2;4;0;A01
201600049985;2;7;0;0;2;1;0;B01
201600049985;2;7;0;0;2;1;0;C01
201600049986;2;7;0;0;0;0;12;A01
201600049986;2;33;0;0;0;0;21;B01
201600049987;2;33;0;0;0;0;2;A01
201600049988;1;7;0;0;2;6;1;A01
201600049988;1;17;0;0;2;2;12;B01
201600049989;2;31;0;0;0;1;1;A01
201600049990;2;10;0;0;2;6;11;A01
201600049990;2;15;0;0;2;2;1;B01
201600049991;2;10;0;4;0;0;1;A01
201600049992;2;7;0;13;0;1;17;A01
201600049993;1;33;0;0;0;0;1;A01
201600049994;1;7;0;0;2;4;2;A01
201600049994;1;7;0;0;2;4;2;B01
201600049994;1;7;0;0;2;4;2;C01
201600049994;1;7;0;0;2;1;1;D01
201600049995;1;33;0;0;0;7;1;A01
201600049996;1;7;0;0;9;6;1;A01
201600049996;2;14;0;0;2;2;12;B01
201600049997;1;7;0;0;2;4;1;A01
201600049997;1;7;0;0;2;4;2;B01
201600049997;1;10;0;0;2;1;2;C01
201600049998;1;7;0;0;2;4;2;A01
201600049998;1;7;0;0;2;1;2;B01
201600049999;1;33;0;0;2;7;3;A01
201600049999;1;33;0;0;2;8;11;B01
201600049999;1;7;0;0;2;7;1;C01
201600050000;2;7;0;4;2;6;2;A01
201600050000;2;7;0;0;2;2;2;B01
201600050001;2;7;0;0;2;4;1;A01
201600050001;2;7;0;0;2;0;0;B01
201600050001;2;7;0;0;2;4;1;C01
201600050002;1;10;0;0;2;3;1;A01
201600050002;1;7;0;0;2;2;0;B01
201600050003;1;7;0;0;2;0;0;C01
201600050003;1;7;0;0;2;0;0;D01
201600050003;1;7;0;0;2;4;2;E01
201600050003;1;7;0;0;2;0;0;F01
201600050003;1;7;0;0;2;1;2;G01
201600050003;1;7;0;0;2;4;0;A02
201600050003;1;7;0;0;2;4;2;B02
201600050004;2;7;0;0;2;4;23;A01
201600050004;2;7;0;0;2;1;1;B01
201600050005;2;7;0;0;0;0;0;T01
201600050005;2;7;0;13;9;9;14;A01
201600050006;2;7;0;0;2;3;11;A01
201600050006;2;33;0;0;2;7;1;B01
201600050007;1;10;0;4;0;1;1;A01
201600050008;1;7;0;0;2;4;23;A01
201600050008;1;7;0;0;2;4;23;B01
201600050008;1;15;0;0;2;1;2;C01
201600050009;2;7;0;0;2;4;23;A01
201600050009;2;7;0;0;2;3;1;B01
201600050010;2;7;0;4;0;1;1;A01
201600050011;1;7;0;0;2;4;1;A01
201600050011;1;10;0;0;2;1;2;B01
201600050012;1;7;0;3;0;8;0;A01
201600050013;2;7;0;0;2;4;2;A01
201600050013;2;7;0;0;2;4;2;B01
201600050013;2;7;0;0;2;4;2;C01
201600050013;2;7;0;0;2;4;2;D01
201600050013;2;7;0;0;2;1;1;E01
201600050014;2;10;0;0;2;4;2;A01
201600050014;2;7;0;0;2;4;2;B01
201600050014;2;7;0;0;2;1;2;C01
201600050015;1;14;0;0;2;4;2;A01
201600050015;1;14;0;0;2;4;2;B01
201600050016;2;7;0;0;2;5;0;A01
201600050016;2;7;0;0;2;0;0;B01
201600050017;2;7;0;0;2;4;2;A01
201600050017;2;7;0;0;2;4;1;B01
201600050017;2;7;0;0;2;1;12;C01
201600050018;2;7;0;0;2;4;1;A01
201600050018;2;7;0;0;2;1;1;D01
201600050018;2;7;0;0;2;4;1;C01
201600050018;2;7;0;0;2;4;1;B01
201600050019;1;7;0;5;2;3;5;A01
201600050019;2;7;0;3;2;3;2;B01
201600050020;1;7;0;0;2;1;2;C01
201600050020;1;7;0;0;2;4;23;B01
201600050020;1;7;0;0;2;4;23;A01
201600050021;2;7;0;0;2;1;12;A01
201600050021;2;7;0;0;0;6;1;B01
201600050022;2;10;0;0;0;0;0;Z01
201600050022;2;7;0;0;2;8;2;A01
201600050023;1;7;0;0;2;1;2;A01
201600050023;1;7;0;0;2;4;2;B01
201600050024;2;7;0;0;2;1;2;A01
201600050024;2;7;0;0;2;4;0;C01
201600050024;2;7;0;0;2;4;2;B01
201600050025;1;7;0;0;2;4;2;B01
201600050025;1;7;0;0;2;1;2;A01
201600050025;1;7;0;0;2;4;2;C01
201600050026;1;10;0;0;2;4;1;B01
201600050026;1;10;0;3;2;1;11;A01
201600050027;1;7;0;0;1;3;1;A01
201600050028;2;7;0;0;2;5;2;E01
201600050028;2;7;0;0;2;4;2;C01
201600050028;2;10;0;0;2;3;2;D02
201600050028;2;7;0;0;2;4;2;F01
201600050028;1;7;0;0;2;4;2;B01
201600050028;2;7;0;0;2;2;2;A01
201600050029;1;7;0;0;0;0;0;B01
201600050029;1;7;0;0;2;8;1;A01
201600050030;1;10;0;0;2;8;11;A01
201600050030;1;17;0;0;2;1;2;B01
201600050030;1;10;0;0;2;4;2;C01
201600050031;2;7;0;0;2;8;0;B01
201600050031;2;15;0;0;2;2;12;A01
201600050032;2;7;0;0;2;4;2;D01
201600050032;2;7;0;0;2;1;2;A01
201600050032;2;7;0;0;2;4;2;C01
201600050032;2;7;0;0;2;4;2;B01
201600050032;2;7;0;0;2;4;2;E01
201600050033;1;7;0;0;2;1;2;A01
201600050033;1;7;0;0;2;4;2;B01
201600050033;1;7;0;0;2;4;2;C01
201600050034;2;7;0;0;0;4;2;B01
201600050034;2;7;0;0;2;1;2;A01
201600050035;2;7;0;0;2;1;2;D01
201600050035;2;7;0;0;2;4;2;B01
201600050035;2;7;0;0;2;4;2;C01
201600050035;2;7;0;0;2;1;2;A01
201600050036;2;7;0;3;0;2;14;A01
201600050037;1;10;0;3;0;3;13;A01
201600050038;2;31;0;3;0;7;1;A01
201600050039;2;7;0;0;2;6;2;B01
201600050039;2;7;0;0;9;5;2;C01
201600050039;2;7;0;0;2;2;2;A01
201600050040;2;10;0;0;2;2;2;A01
201600050040;2;7;0;0;2;1;1;C01
201600050040;2;10;0;0;2;6;1;B01
201600050041;1;7;0;0;2;1;2;A01
201600050041;1;7;0;0;2;4;2;B01
201600050042;2;7;0;0;2;4;2;C01
201600050042;2;7;0;0;2;3;2;A01
201600050042;2;7;0;0;2;5;2;B01
201600050043;2;7;0;0;2;8;1;B01
201600050043;2;15;0;0;2;2;17;A01
201600050044;2;7;0;3;0;1;13;A01
201600050045;2;7;0;0;2;4;2;B01
201600050045;2;10;0;0;2;1;2;A01
201600050046;2;7;0;0;2;1;2;A01
201600050046;2;7;0;0;2;4;2;C01
201600050046;2;7;0;0;2;4;2;B01
201600050047;1;33;0;0;0;8;2;A01
201600050048;2;7;0;0;2;4;2;A01
201600050049;2;7;0;0;2;1;5;B01
201600050049;2;7;0;0;2;1;5;A01
201600050050;1;7;0;0;2;8;2;B01
201600050050;1;7;0;3;0;7;2;A01
201600050051;1;7;0;14;0;1;2;A01
201600050051;1;7;0;0;2;4;23;B01
201600050052;2;7;0;0;2;8;0;B01
201600050052;2;15;0;0;2;2;1;A01
201600050053;2;7;0;0;2;8;2;B01
201600050053;2;15;0;0;2;7;12;A01
201600050054;2;10;0;0;2;6;23;B01
201600050054;2;7;0;14;0;1;13;A01
201600050055;2;15;0;0;1;2;0;A01
201600050056;1;7;0;0;2;8;11;B01
201600050056;1;7;0;0;2;2;1;A01
201600050057;2;15;0;0;1;3;11;A01
201600050058;1;7;0;4;2;2;2;A01
201600050058;1;15;0;0;2;2;12;B01
201600050059;2;7;0;11;0;1;6;A01
201600050060;1;10;0;0;2;1;2;A01
201600050060;1;7;0;0;2;4;2;B01
201600050061;1;7;0;0;2;3;0;A01
201600050061;1;7;0;0;2;0;0;Z01
201600050062;2;7;0;0;2;7;3;A01
201600050062;2;7;0;0;2;5;1;C01
201600050062;2;10;0;0;2;6;2;E01
201600050062;2;7;0;0;2;4;1;D01
201600050062;2;15;0;0;2;8;1;B01
201600050063;1;7;0;0;2;2;13;A01
201600050063;1;15;0;0;2;6;1;B01
201600050064;1;7;0;3;0;1;13;A01
201600050065;1;33;0;0;2;4;2;B01
201600050065;1;7;0;0;2;2;2;A01
201600050066;1;15;0;3;0;1;13;A01
201600050067;1;7;0;0;2;4;1;B01
201600050067;1;7;0;0;2;1;14;A01
201600050068;2;7;0;0;2;4;2;B01
201600050068;2;7;0;0;2;1;2;A01
201600050069;1;7;0;0;2;5;2;B01
201600050069;1;7;0;4;2;4;1;C01
201600050069;1;7;0;0;2;3;14;A01
201600050070;2;7;0;0;2;1;2;A01
201600050070;2;7;0;0;2;4;2;B01
201600050071;1;10;0;0;2;9;14;A01
201600050071;1;10;0;0;2;8;1;B01
201600050072;2;7;0;3;0;1;16;A01
201600050073;1;7;0;0;2;4;23;C01
201600050073;1;7;0;0;2;2;17;D01
201600050073;1;7;0;0;2;4;23;B01
201600050073;1;7;0;0;2;2;15;A01
201600050074;1;7;0;0;2;1;2;A01
201600050074;1;7;0;0;2;4;2;B01
201600050074;1;7;0;0;2;4;2;C01
201600050075;1;33;0;0;0;8;17;A01
201600050076;2;7;0;0;2;4;1;B01
201600050076;2;7;0;0;2;1;2;A01
201600050077;2;15;0;0;2;2;17;A01
201600050077;2;7;0;3;2;6;1;B01
201600050078;1;7;0;0;2;4;2;C01
201600050078;1;7;0;0;2;4;2;A01
201600050078;1;7;0;0;2;4;2;B01
201600050079;2;7;0;0;0;6;1;B01
201600050079;1;7;0;0;2;3;13;A01
201600050079;2;7;0;0;0;0;0;C01
201600050080;1;33;0;0;2;1;3;A01
201600050080;1;7;0;0;2;7;12;B01
201600050081;1;7;0;0;2;3;10;A01
201600050081;1;34;0;0;2;1;0;B01
201600050082;1;33;0;0;2;8;1;B01
201600050082;1;7;0;0;2;7;12;A01
201600050083;1;7;0;0;2;7;1;B01
201600050083;1;7;0;0;2;8;11;A01
201600050084;2;14;0;0;2;2;12;A01
201600050084;2;7;0;0;2;6;1;B01
201600050085;2;33;0;0;2;1;3;B01
201600050085;2;7;0;0;2;4;1;C01
201600050085;2;7;0;0;2;8;1;A01
201600050086;2;10;0;0;2;8;1;B01
201600050086;2;14;0;0;2;2;12;A01
201600050087;2;33;0;0;2;1;12;A01
201600050087;2;15;0;0;2;5;2;B01
201600050088;2;7;0;14;0;2;2;B01
201600050088;2;7;0;0;2;7;0;A01
201600050089;1;7;0;0;2;1;2;A01
201600050089;1;7;0;0;2;4;2;B01
201600050090;1;15;0;0;2;4;2;C01
201600050090;1;7;0;0;2;4;2;B01
201600050090;1;10;0;0;2;4;2;D01
201600050090;1;15;0;0;2;1;2;A01
201600050091;1;7;0;3;0;3;13;A01
201600050092;1;7;0;0;2;1;2;B01
201600050092;1;7;0;3;2;4;2;A01
201600050092;1;7;0;3;2;3;12;C01
201600050093;1;7;0;16;0;0;12;A01
201600050093;1;10;0;0;2;1;2;C01
201600050093;1;7;0;0;2;4;2;B01
201600050094;2;7;0;0;2;1;2;A01
201600050094;2;7;0;0;2;4;2;B01
201600050095;1;7;0;0;2;1;2;A01
201600050095;1;7;0;0;2;4;2;D01
201600050095;1;7;0;0;2;4;2;B01
201600050095;1;7;0;0;2;4;2;C01
201600050096;1;15;0;3;0;7;0;A01
201600050097;2;7;0;6;2;0;17;B01
201600050097;2;7;0;6;2;0;1;A01
201600050098;1;7;0;0;2;1;2;Z01
201600050098;1;7;0;0;2;4;2;B01
201600050099;1;7;0;0;2;4;2;B01
201600050099;1;7;0;14;0;1;2;A01
201600050100;1;7;0;0;2;4;2;A01
201600050100;1;15;0;0;2;6;2;B01
201600050101;2;7;0;13;0;7;14;A01
201600050102;1;7;0;1;1;1;2;A01
201600050103;1;7;0;0;2;6;2;C01
201600050103;1;7;0;0;2;4;2;B01
201600050103;1;7;0;0;2;1;2;A01
201600050104;1;14;0;0;2;3;1;B01
201600050104;1;15;0;0;2;1;2;C01
201600050104;1;7;0;0;2;5;13;A01
201600050105;2;7;0;3;2;8;1;B01
201600050105;2;7;0;0;2;2;11;A01
201600050106;2;7;0;4;0;3;1;A01
201600050107;2;7;0;0;0;9;0;A01
201600050108;1;7;0;0;2;4;0;C01
201600050108;1;7;0;0;2;1;9;A01
201600050108;1;7;0;0;2;4;0;B01
201600050109;2;7;0;0;2;4;2;B01
201600050109;2;7;0;0;2;1;2;A01
201600050109;2;7;0;0;0;4;2;C01
201600050110;1;7;0;4;2;2;2;A01
201600050110;1;7;0;4;2;4;2;B01
201600050111;1;7;0;0;2;7;11;A01
201600050111;1;7;0;0;0;4;1;B01
201600050112;2;7;0;0;2;4;2;B01
201600050112;2;7;0;0;2;1;2;A01
201600050113;1;33;0;2;0;9;1;A01
201600050114;2;7;0;4;2;2;19;A01
201600050114;2;7;0;0;2;4;1;B01
201600050115;1;7;0;0;9;6;23;B01
201600050115;1;7;0;1;0;2;21;A01
201600050116;2;33;0;0;0;0;0;A01
201600050116;2;99;0;0;0;0;0;Z01
201600050117;1;10;0;0;2;1;2;A01
201600050117;1;7;0;0;2;4;1;B01
201600050118;1;7;0;0;2;1;2;A01
201600050118;1;7;0;0;2;4;2;B01
201600050119;1;7;0;4;0;9;2;A01
201600050120;1;7;0;0;0;1;12;A01
201600050121;2;10;0;0;0;1;14;A01
201600050122;2;7;0;0;2;1;2;A01
201600050122;2;7;0;0;2;4;2;B01
201600050122;2;7;0;0;2;4;2;C01
201600050123;1;15;0;0;2;4;2;C01
201600050123;1;7;0;0;2;1;2;A01
201600050123;1;7;0;0;2;6;2;B01
201600050124;2;7;0;0;2;1;2;A01
201600050124;2;17;0;0;2;4;2;B01
201600050125;2;7;0;0;2;4;2;A01
201600050125;2;7;0;0;2;1;2;B01
201600050126;1;7;0;0;2;6;1;B01
201600050126;1;17;0;0;2;7;12;A01
201600050127;1;7;0;6;0;4;1;B01
201600050127;1;7;0;4;2;3;0;A01
201600050128;2;7;0;4;0;3;2;A01
201600050129;1;7;0;0;2;6;3;C01
201600050129;1;7;0;0;2;2;2;D01
201600050129;1;7;0;0;2;4;2;B01
201600050129;1;7;0;0;2;1;3;A01
201600050130;2;7;0;0;2;7;1;A01
201600050130;2;17;0;0;2;8;2;B01
201600050131;2;10;0;0;2;4;2;D01
201600050131;2;10;0;0;2;4;2;B01
201600050131;2;7;0;0;2;0;0;C01
201600050131;2;7;0;0;2;1;2;A01
201600050132;1;7;0;0;2;1;1;B01
201600050132;1;7;0;4;2;1;1;A01
201600050133;1;17;0;3;0;5;2;A01
201600050134;1;17;0;0;2;8;0;B01
201600050134;1;7;0;0;2;2;17;A01
201600050135;1;7;0;4;0;9;21;B01
201600050135;0;7;0;4;0;3;3;A01
201600050136;1;7;0;0;2;4;2;B01
201600050136;1;7;0;0;2;1;2;A01
201600050137;2;7;0;0;2;7;17;A01
201600050137;2;33;0;0;2;8;17;B01
201600050138;1;33;0;0;2;1;2;A01
201600050138;1;7;0;0;9;6;2;B01
201600050138;1;7;0;0;9;4;2;C01
201600050139;2;7;0;0;2;6;2;B01
201600050139;2;7;0;0;2;2;1;A01
201600050140;2;15;0;1;0;2;2;A01
201600050140;2;7;0;0;2;6;23;B01
201600050141;1;7;0;4;0;3;13;A01
201600050142;2;7;0;0;2;1;2;A01
201600050142;2;7;0;0;2;2;2;B01
201600050142;2;7;0;0;0;4;2;C01
201600050143;1;7;0;0;2;0;9;Z01
201600050143;1;7;0;3;2;5;14;A01
201600050144;2;14;0;3;0;2;1;C01
201600050144;2;17;0;0;2;2;2;B01
201600050144;1;7;0;14;0;1;21;D01
201600050144;1;17;0;3;2;1;6;A01
201600050145;2;7;0;4;0;4;2;B01
201600050145;2;7;0;0;2;1;2;A01
201600050146;1;7;0;0;9;4;2;B01
201600050146;1;7;0;0;2;1;2;A01
201600050146;1;10;0;0;2;4;2;C01
201600050147;2;7;0;0;2;2;1;A01
201600050147;2;7;0;3;0;4;1;B01
201600050148;1;7;0;4;2;1;9;A01
201600050148;1;7;0;3;0;4;9;B01
201600050148;1;7;0;0;2;1;1;C01
201600050149;2;3;0;0;2;1;0;Z01
201600050149;2;7;0;0;2;1;2;B01
201600050149;2;7;0;0;2;4;2;C01
201600050150;1;7;0;0;2;8;1;B01
201600050150;1;15;0;0;2;2;12;A01
201600050151;1;10;0;0;2;4;2;C01
201600050151;1;7;0;0;2;4;2;B01
201600050151;1;7;0;0;2;1;2;A01
201600050151;1;10;0;0;2;4;2;D01
201600050152;2;7;0;0;2;6;1;B01
201600050152;2;17;0;0;2;2;12;A01
201600050153;2;7;0;0;1;2;1;Z01
201600050154;1;7;0;0;2;3;1;B01
201600050154;1;15;0;0;2;2;12;A01
201600050155;1;33;0;0;6;1;1;A01
201600050156;2;10;0;4;0;3;1;A01
201600050157;2;7;0;0;2;1;17;A01
201600050157;2;7;0;0;2;3;2;B01
201600050158;2;7;0;0;1;1;1;A01
201600050159;1;7;0;0;2;2;11;A01
201600050159;1;10;0;0;2;6;2;B01
201600050160;2;7;0;4;0;2;0;A01
201600050161;1;7;0;4;0;3;13;A01
201600050162;1;7;0;0;2;6;11;A01
201600050162;1;33;0;0;2;7;1;B01
201600050163;1;13;0;0;2;7;12;A01
201600050163;1;7;0;0;2;8;1;B01
201600050164;1;7;0;0;2;4;2;B01
201600050164;1;7;0;0;2;1;2;A01
201600050164;1;7;0;0;2;4;2;C01
201600050164;1;7;0;0;2;4;2;D01
201600050165;2;7;0;4;0;3;1;A01
201600050166;1;10;0;0;0;1;0;A01
201600050167;2;7;0;0;2;5;2;B01
201600050167;2;33;0;0;2;1;2;A01
201600050168;2;10;0;0;9;4;23;B01
201600050168;2;10;0;0;2;1;2;A01
201600050169;2;7;0;13;0;1;1;A01
201600050170;2;7;0;14;0;0;0;C01
201600050170;2;7;0;14;0;4;2;B01
201600050170;2;7;0;14;0;1;2;A01
201600050171;1;7;0;12;2;2;1;A01
201600050171;1;7;0;2;2;5;1;B01
201600050172;2;7;0;0;0;9;2;A01
201600050173;1;7;0;0;2;3;1;B01
201600050173;1;7;0;0;2;2;0;A01
201600050174;2;7;0;0;2;1;14;A01
201600050174;2;7;0;0;2;6;1;B01
201600050175;2;7;0;0;2;3;1;B01
201600050175;2;7;0;0;2;5;12;A01
201600050176;1;7;0;0;2;1;2;A01
201600050176;1;7;0;0;2;6;2;B01
201600050177;1;7;0;4;2;3;13;A01
201600050177;1;7;0;0;0;2;1;B01
201600050178;1;7;0;0;2;5;18;A01
201600050178;1;7;0;0;2;5;1;B01
201600050179;1;7;0;0;2;8;1;B01
201600050179;1;7;0;4;2;3;11;A01
201600050180;2;10;0;0;2;2;1;B01
201600050180;2;14;0;0;2;1;1;C01
201600050180;2;7;0;0;0;6;23;A01
201600050181;2;7;0;0;2;3;1;B01
201600050181;2;7;0;4;2;2;19;A01
201600050182;0;7;0;0;2;4;2;C01
201600050182;1;10;0;0;2;1;2;A01
201600050182;1;7;0;0;2;4;2;B01
201600050183;2;7;0;0;2;4;2;Z01
201600050183;2;34;0;0;2;1;2;A01
201600050183;2;7;0;0;0;4;2;B01
201600050184;2;7;0;0;2;1;2;A01
201600050184;2;7;0;0;2;4;1;B01
201600050185;2;7;0;0;2;1;2;A01
201600050185;2;7;0;14;2;1;2;C01
201600050185;2;7;0;0;2;6;2;B01
201600050186;2;15;0;0;2;1;0;B01
201600050186;2;10;0;3;2;9;17;A01
201600050187;2;7;0;7;0;1;1;A01
201600050188;1;7;0;0;2;9;2;B01
201600050188;1;7;0;0;2;9;2;A01
201600050189;1;17;0;0;2;2;2;A01
201600050189;1;7;0;0;0;4;2;D01
201600050189;1;7;0;0;2;0;2;C01
201600050189;1;7;0;0;2;6;2;B01
201600050190;2;16;0;0;2;2;1;B01
201600050190;2;7;0;0;2;8;11;A01
201600050191;2;7;0;0;0;3;2;B01
201600050191;2;33;0;0;2;1;2;A01
201600050192;1;99;0;0;0;0;0;Z01
201600050192;1;7;0;0;9;1;11;A01
201600050193;2;10;0;0;2;1;1;A01
201600050193;2;7;0;0;2;3;14;C01
201600050193;2;7;0;0;2;4;23;B01
201600050194;2;7;0;0;2;4;23;C01
201600050194;2;7;0;0;2;1;2;A01
201600050194;2;10;0;0;2;4;23;B01
201600050195;1;7;0;0;2;5;2;B01
201600050195;1;1;0;0;0;0;0;Z01
201600050195;1;7;0;0;2;4;2;A01
201600050196;1;10;0;0;2;6;2;B01
201600050196;1;7;0;0;2;1;2;A01
201600050197;1;33;0;0;2;1;2;A01
201600050197;1;7;0;4;0;1;12;B01
201600050197;1;10;0;0;2;4;2;C01
201600050198;1;7;0;0;2;1;2;A01
201600050198;1;7;0;0;2;4;2;B01
201600050199;2;7;0;3;0;0;0;B01
201600050199;2;7;0;0;2;1;1;A01
201600050200;1;7;0;0;2;4;0;A01
201600050200;2;7;0;0;2;0;0;Z01
201600050201;2;15;0;4;2;3;11;A01
201600050201;2;7;0;4;0;7;1;B01
201600050202;1;33;0;14;0;8;21;A01
201600050203;2;15;0;0;2;2;1;A01
201600050203;2;34;0;0;2;3;11;B01
201600050204;1;7;0;0;2;1;2;A01
201600050204;1;7;0;0;2;4;2;B01
201600050205;1;7;0;6;0;1;1;A01
201600050206;1;7;0;0;2;5;1;B01
201600050206;1;33;0;0;2;1;11;A01
201600050207;2;7;0;0;2;1;2;A01
201600050207;2;7;0;0;2;4;2;B01
201600050207;2;7;0;0;2;4;1;C01
201600050208;1;7;0;0;2;2;14;A01
201600050208;1;17;0;0;2;3;1;B01
201600050209;2;10;0;0;0;0;0;A01
201600050210;2;31;0;0;2;3;0;B01
201600050210;2;7;0;0;2;5;12;A01
201600050211;1;7;0;1;0;3;2;C01
201600050211;1;7;0;0;2;6;23;B01
201600050211;1;7;0;1;0;2;14;A01
201600050212;2;7;0;0;2;4;2;B01
201600050212;2;7;0;0;2;4;2;A01
201600050212;2;7;0;0;9;4;2;C01
201600050213;1;7;0;0;2;9;2;A01
201600050213;1;7;0;0;2;1;2;B01
201600050213;1;15;0;0;2;1;2;C01
201600050214;1;7;0;0;2;0;0;C01
201600050214;1;7;0;0;2;4;2;B01
201600050214;1;7;0;0;2;1;2;A01
201600050215;2;7;0;0;2;3;0;Z01
201600050215;2;7;0;3;2;6;1;A01
201600050216;1;7;0;1;0;2;2;A01
201600050216;1;7;0;0;2;6;0;B01
201600050216;1;7;0;0;2;2;1;C01
201600050217;0;7;0;0;2;4;2;C01
201600050217;1;7;0;0;2;1;2;A01
201600050217;1;7;0;0;2;4;2;B01
201600050218;1;7;0;4;0;3;2;A01
201600050219;2;7;0;0;2;1;5;A01
201600050219;2;10;0;0;2;8;2;B01
201600050220;2;7;0;0;2;1;2;A01
201600050220;2;10;0;0;2;4;2;B01
201600050220;2;7;0;0;2;4;2;C01
201600050221;1;7;0;0;2;4;1;B01
201600050221;1;16;0;0;2;1;1;A01
201600050222;1;7;0;0;2;4;2;C01
201600050222;1;7;0;0;2;1;2;A01