Num_Acc;senc;catv;occutc;obs;obsm;choc;manv;num_veh
201600050222;1;7;0;0;2;4;2;B01
201600050223;1;7;0;0;2;4;2;B01
201600050223;1;7;0;0;2;1;2;A01
201600050224;1;7;0;0;2;1;2;A01
201600050224;1;7;0;0;9;4;2;B01
201600050225;2;7;0;0;2;1;2;A01
201600050225;2;7;0;0;2;5;1;D01
201600050225;2;7;0;0;2;4;2;C01
201600050225;2;7;0;0;2;4;2;B01
201600050226;2;7;0;0;9;1;0;D01
201600050226;2;7;0;14;0;1;1;C01
201600050226;2;7;0;6;2;1;2;A01
201600050226;2;7;0;3;2;5;2;B01
201600050227;1;7;0;0;2;3;1;C01
201600050227;2;7;0;0;2;1;5;A01
201600050227;1;7;0;0;2;1;1;B01
201600050228;1;33;0;0;0;0;11;A01
201600050229;1;7;0;0;2;4;2;B01
201600050229;1;7;0;0;2;1;2;A01
201600050229;1;7;0;0;2;4;2;C01
201600050230;2;7;0;0;2;4;2;B01
201600050230;2;7;0;0;2;1;2;A01
201600050230;2;7;0;0;2;4;2;C01
201600050231;0;33;0;0;0;0;0;A01
201600050232;1;14;0;0;0;0;0;Z01
201600050232;1;7;0;4;2;6;1;B01
201600050233;1;15;0;0;2;2;2;A01
201600050233;1;33;0;0;2;4;2;C01
201600050233;0;1;0;0;2;4;2;D01
201600050233;1;7;0;0;2;4;2;B01
201600050234;2;33;0;0;2;1;1;B01
201600050234;2;7;0;0;0;6;11;A01
201600050235;2;34;0;0;2;3;3;B01
201600050235;2;7;0;0;2;7;12;A01
201600050235;2;7;0;0;2;5;2;C01
201600050236;2;15;0;0;2;4;2;B01
201600050236;2;7;0;0;2;1;1;A01
201600050237;1;7;0;0;2;4;0;B01
201600050237;1;31;0;0;2;7;0;A01
201600050238;2;33;0;0;0;0;1;A01
201600050239;1;7;0;4;0;8;13;A01
201600050240;2;99;0;0;2;1;2;Z01
201600050240;2;7;0;0;2;4;2;A01
201600050241;1;10;0;12;0;2;2;A01
201600050242;1;15;0;0;2;1;2;A01
201600050242;1;7;0;0;2;4;2;B01
201600050242;1;7;0;0;2;4;2;C01
201600050243;2;7;0;0;2;0;0;B01
201600050243;2;7;0;0;2;0;0;A01
201600050244;2;7;0;4;0;2;2;A01
201600050244;2;38;0;1;0;1;1;B01
201600050245;1;7;0;8;0;8;1;A01
201600050246;1;7;0;4;0;1;23;B01
201600050246;1;10;0;1;1;3;13;A01
201600050247;1;1;0;0;1;0;0;Z01
201600050247;1;1;0;0;0;0;0;T01
201600050248;1;7;0;4;0;3;0;A01
201600050249;1;10;0;0;2;1;2;A01
201600050249;1;31;0;0;2;4;2;B01
201600050250;2;7;0;0;2;2;1;B01
201600050250;1;7;0;0;2;0;0;Z01
201600050251;1;7;0;4;0;3;9;A01
201600050252;1;7;0;3;2;8;1;A01
201600050252;1;7;0;0;2;0;17;Z01
201600050253;1;7;0;1;0;3;1;A01
201600050253;1;7;0;1;0;4;24;B01
201600050253;1;7;0;4;0;7;1;C01
201600050254;2;7;0;4;0;4;0;A01
201600050255;2;7;0;0;2;2;12;A01
201600050255;2;10;0;4;0;5;1;B01
201600050256;1;10;0;4;0;2;0;A01
201600050257;1;7;0;0;0;0;12;A01
201600050257;1;33;0;0;2;1;1;B01
201600050258;1;7;0;4;0;2;1;A01
201600050259;1;7;0;0;2;1;2;A01
201600050259;1;7;0;0;2;4;1;B01
201600050260;2;7;0;4;0;3;0;A01
201600050261;2;7;0;0;2;6;16;A01
201600050261;2;33;0;0;2;4;1;B01
201600050262;1;7;0;0;2;4;2;B01
201600050262;1;7;0;0;2;4;2;C01
201600050262;1;7;0;0;2;1;1;A01
201600050262;1;7;0;0;0;4;2;D01
201600050263;1;7;0;4;0;1;1;A01
201600050264;2;33;0;0;2;7;0;A01
201600050264;2;10;0;0;2;8;1;B01
201600050265;1;7;0;0;2;5;2;C01
201600050265;1;7;0;0;2;4;2;B01
201600050265;1;7;0;0;2;1;2;A01
201600050266;1;38;45;0;2;0;0;B01
201600050266;1;7;0;4;2;9;0;A01
201600050266;1;7;0;0;2;0;0;C01
201600050267;2;7;0;0;2;3;2;B01
201600050267;2;7;0;0;2;4;2;C01
201600050267;2;7;0;0;2;2;2;A01
201600050268;2;7;0;0;0;0;0;B01
201600050268;2;7;0;0;2;1;14;A01
201600050269;0;7;0;0;2;8;0;B01
201600050269;1;7;0;0;2;5;2;A01
201600050270;2;10;0;0;2;8;1;B01
201600050270;2;17;0;0;2;3;1;C01
201600050270;2;10;0;3;2;1;19;A01
201600050271;2;7;0;0;2;4;2;C01
201600050271;2;7;0;0;2;1;2;A01
201600050271;2;10;0;0;2;4;2;B01
201600050272;2;10;0;6;2;7;12;A01
201600050272;2;10;0;6;0;1;1;B01
201600050273;1;7;0;0;0;4;2;B01
201600050273;1;7;0;0;2;1;2;A01
201600050274;2;17;0;0;2;3;0;A01
201600050274;2;7;0;0;2;0;0;B01
201600050275;1;7;0;3;0;1;14;A01
201600050276;2;7;0;4;0;7;0;A01
201600050277;2;7;0;0;2;4;1;B01
201600050277;2;7;0;0;2;1;1;A01
201600050278;1;7;0;0;0;0;0;A01
201600050278;1;7;0;0;0;0;0;B01
201600050279;2;31;0;0;2;4;2;A01
201600050279;2;7;0;0;2;4;2;B01
201600050280;1;1;0;0;2;8;19;B01
201600050280;2;7;0;0;2;2;1;A01
201600050281;2;15;0;0;0;0;0;B01
201600050281;2;33;0;0;0;0;0;A01
201600050282;1;7;0;3;0;1;0;A01
201600050283;1;7;0;0;2;1;2;A01
201600050283;1;7;0;0;2;4;2;B01
201600050284;2;7;0;0;2;5;2;B01
201600050284;2;33;0;0;2;5;3;A01
201600050285;1;7;0;14;0;9;13;A01
201600050286;1;10;0;0;2;4;23;B01
201600050286;1;7;0;0;2;1;3;A01
201600050286;1;15;0;0;2;7;1;C01
201600050287;1;17;0;0;2;0;1;A01
201600050287;1;7;0;0;2;2;17;B01
201600050288;1;7;0;3;0;6;0;B01
201600050288;1;7;0;0;2;2;12;A01
201600050289;2;7;0;3;0;2;16;A01
201600050290;2;7;0;0;2;1;2;B01
201600050290;2;10;0;0;2;4;2;A01
201600050291;1;7;0;0;2;3;5;A01
201600050291;1;7;0;0;2;8;1;B01
201600050291;1;7;0;0;2;3;1;C01
201600050292;2;7;0;13;0;9;14;A01
201600050293;2;7;0;0;9;5;2;B01
201600050293;2;31;0;0;2;1;2;A01
201600050294;2;7;0;0;2;9;2;A01
201600050294;2;7;0;0;0;4;0;B01
201600050295;1;10;0;0;2;4;1;B01
201600050295;1;7;0;0;2;3;1;A01
201600050296;1;7;0;3;0;1;1;A01
201600050297;2;7;0;0;2;3;18;A01
201600050297;2;7;0;0;2;2;1;C01
201600050297;2;7;0;0;2;2;1;B01
201600050298;1;7;0;3;0;1;2;A01
201600050299;1;7;0;0;0;0;0;A01
201600050299;1;17;0;0;2;0;2;B01
201600050299;2;7;0;0;2;1;0;C01
201600050300;1;7;0;0;2;6;2;A01
201600050300;1;7;0;0;2;2;2;B01
201600050301;1;7;0;3;0;1;11;A01
201600050302;2;7;0;0;2;8;21;B01
201600050302;2;7;0;0;2;6;2;D01
201600050302;2;10;0;0;2;2;13;E01
201600050302;2;7;0;0;2;4;1;C01
201600050302;2;17;0;0;2;4;23;A01
201600050303;1;7;0;0;2;4;1;A01
201600050303;0;10;0;0;2;1;0;Z01
201600050304;2;7;0;0;2;4;1;B01
201600050304;2;7;0;0;2;1;2;A01
201600050305;2;10;0;0;0;4;1;B01
201600050305;2;7;0;0;2;1;2;A01
201600050306;2;7;0;0;0;1;0;A01
201600050307;2;32;0;0;0;8;3;A01
201600050308;1;7;0;4;0;0;0;A01
201600050309;1;7;0;0;2;1;1;B01
201600050309;1;7;0;0;2;5;9;A01
201600050310;1;7;0;0;2;7;1;Z01
201600050310;0;30;0;0;2;3;0;B01
201600050311;2;7;0;0;2;8;1;B01
201600050311;2;17;0;0;2;2;12;A01
201600050312;2;7;0;0;2;6;1;B01
201600050312;2;15;0;0;2;2;12;A01
201600050313;2;7;0;0;2;2;1;C01
201600050313;2;7;0;0;2;8;1;B01
201600050313;2;15;0;0;2;2;12;A01
201600050314;2;7;0;0;2;4;2;B01
201600050314;2;7;0;0;2;1;2;Z01
201600050315;1;7;0;0;0;0;0;A01
201600050315;1;15;0;0;0;0;0;B01
201600050316;2;7;0;4;0;1;0;A01
201600050317;2;7;0;4;0;3;1;A01
201600050318;2;10;0;0;2;1;1;B01
201600050318;2;10;0;0;2;1;17;A01
201600050319;2;7;0;0;2;4;2;B01
201600050319;2;7;0;0;2;1;2;A01
201600050320;1;7;0;0;0;0;0;A01
201600050321;2;33;0;0;0;0;0;A01
201600050322;1;7;0;0;2;4;0;C01
201600050322;1;7;0;0;2;2;0;A01
201600050322;1;7;0;0;2;8;0;B01
201600050323;1;7;0;0;2;3;2;A01
201600050323;1;17;0;0;2;5;2;B01
201600050324;0;7;0;0;0;0;0;B01
201600050324;0;7;0;0;2;3;0;A01
201600050325;2;7;0;3;0;1;0;A01
201600050326;1;7;0;4;0;3;0;A01
201600050327;2;33;0;0;1;1;1;A01
201600050328;1;7;0;0;0;6;11;A01
201600050328;1;7;0;0;2;2;1;B01
201600050328;1;7;0;0;0;6;1;C01
201600050329;1;7;0;0;2;1;2;B01
201600050329;1;7;0;0;2;4;2;A01
201600050329;1;7;0;0;2;4;2;C01
201600050330;2;33;0;0;0;8;21;A01
201600050331;1;7;0;0;2;6;21;C01
201600050331;1;7;0;0;0;0;0;Z01
201600050331;1;7;0;0;2;1;16;B01
201600050331;1;7;0;4;0;3;1;A01
201600050332;2;7;0;0;1;2;1;A01
201600050333;2;7;0;4;0;0;0;A01
201600050334;1;7;0;0;2;6;1;B01
201600050334;1;7;0;0;2;2;2;A01
201600050335;1;7;0;3;0;2;0;A01
201600050336;1;7;0;0;0;0;0;B01
201600050336;1;7;0;0;2;1;14;A01
201600050337;1;13;0;1;0;7;21;A01
201600050337;1;10;0;0;2;6;23;B01
201600050338;0;7;0;0;2;4;2;B01
201600050338;1;7;0;0;0;4;1;C01
201600050338;0;7;0;0;2;1;1;A01
201600050339;2;10;0;0;2;1;2;A01
201600050339;2;7;0;0;0;4;2;B01
201600050340;1;7;0;0;0;0;0;T01
201600050340;2;7;0;0;2;4;11;B01
201600050340;2;31;0;0;2;1;1;A01
201600050341;1;7;0;0;2;1;2;A01
201600050341;1;7;0;4;0;4;2;B01
201600050342;1;14;0;0;2;5;24;B01
201600050342;1;7;0;1;0;3;12;A01
201600050342;1;7;0;0;2;7;1;C01
201600050343;2;10;0;1;1;1;2;A01
201600050344;1;7;0;0;2;4;2;C01
201600050344;1;7;0;0;2;4;2;B01
201600050344;1;7;0;0;2;1;2;A01
201600050345;1;7;0;4;0;2;0;A01
201600050346;1;10;0;0;2;1;2;B01
201600050346;1;7;0;0;2;4;2;A01
201600050347;2;10;0;0;2;0;0;B01
201600050347;2;7;0;1;0;2;21;A01
201600050348;2;7;0;0;2;3;13;A01
201600050348;2;33;0;0;0;2;17;B01
201600050349;2;33;0;0;2;8;3;A01
201600050349;2;7;0;0;2;8;1;B01
201600050349;2;7;0;0;2;2;12;Y01
201600050350;2;7;0;0;2;4;2;B01
201600050350;2;7;0;0;2;1;1;A01
201600050351;1;10;0;0;2;8;1;B01
201600050351;1;16;0;0;0;8;0;A01
201600050352;2;7;0;0;2;1;11;A01
201600050352;2;7;0;0;2;4;1;B01
201600050353;2;7;0;0;2;4;2;D01
201600050353;2;7;0;0;2;4;2;C01
201600050353;2;7;0;0;2;4;2;B01
201600050353;2;7;0;0;2;1;2;A01
201600050354;1;7;0;0;2;4;2;B01
201600050354;1;7;0;0;2;1;2;A01
201600050354;1;7;0;0;2;1;2;C01
201600050355;2;7;0;0;2;4;2;B01
201600050355;2;7;0;0;2;1;2;A01
201600050356;2;7;0;0;2;4;1;B01
201600050356;2;7;0;0;2;1;2;A01
201600050357;2;33;0;6;0;8;13;A01
201600050358;2;7;0;3;0;8;13;A01
201600050359;2;15;0;4;0;7;21;A01
201600050360;2;7;0;4;0;9;14;A01
201600050361;2;17;0;0;2;1;2;A01
201600050361;2;7;0;0;2;4;2;B01
201600050362;1;7;0;3;2;7;14;A01
201600050362;1;7;0;0;2;3;1;B01
201600050363;1;32;0;0;2;4;1;B01
201600050363;1;7;0;0;2;7;12;A01
201600050364;2;7;0;0;2;4;23;C01
201600050364;2;7;0;0;2;1;2;A01
201600050364;2;7;0;0;2;4;23;B01
201600050365;2;10;0;4;2;7;12;A01
201600050365;2;7;0;0;2;6;1;B01
201600050366;1;33;0;0;2;1;21;A01
201600050366;1;10;0;0;2;6;23;B01
201600050367;2;7;0;0;2;7;12;A01
201600050367;2;33;0;0;2;8;3;B01
201600050368;2;7;0;4;0;8;21;A01
201600050369;2;33;0;0;2;7;3;B01
201600050369;2;7;0;0;2;8;11;A01
201600050370;2;7;0;0;2;1;2;A01
201600050370;2;7;0;0;2;4;23;B01
201600050370;2;10;0;0;2;4;23;C01
201600050370;2;7;0;0;2;4;23;D01
201600050371;1;7;0;0;2;4;23;B01
201600050371;1;7;0;0;2;1;2;A01
201600050371;1;7;0;0;2;5;23;C01
201600050372;2;7;0;0;2;4;23;B01
201600050372;2;7;0;0;2;2;21;A01
201600050373;2;7;0;4;0;8;13;A01
201600050374;1;33;0;0;2;8;1;B01
201600050374;1;7;0;0;2;7;12;A01
201600050375;2;31;0;16;0;0;12;A01
201600050376;2;7;0;0;0;0;0;B01
201600050376;2;7;0;0;2;1;2;A01
201600050377;1;7;0;0;2;4;23;C01
201600050377;1;7;0;0;2;4;23;B01
201600050377;1;7;0;0;2;1;2;A01
201600050377;1;7;0;0;2;4;23;D01
201600050378;1;7;0;4;0;8;13;A01
201600050379;1;7;0;4;0;8;13;A01
201600050380;1;7;0;0;2;4;4;A01
201600050380;1;33;0;0;2;1;23;B01
201600050381;2;7;0;0;0;0;0;B01
201600050381;2;7;0;0;0;0;0;A01
201600050382;1;7;0;3;0;3;0;A01
201600050383;2;7;0;0;2;1;2;A01
201600050383;2;7;0;0;2;4;1;B01
201600050384;1;7;0;4;0;8;13;A01
201600050385;2;32;0;0;0;7;12;A01
201600050386;1;7;0;4;0;7;14;A01
201600050387;2;7;0;4;0;8;17;A01
201600050388;2;7;0;0;2;4;1;B01
201600050388;2;7;0;0;2;1;2;A01
201600050389;2;7;0;0;2;6;23;B01
201600050389;2;33;0;0;2;1;14;A01
201600050390;1;7;0;0;2;8;1;C01
201600050390;1;7;0;0;2;1;1;A01
201600050390;1;7;0;0;2;4;11;B01
201600050391;2;7;0;4;0;2;14;A01
201600050392;2;33;0;0;2;7;3;A01
201600050392;2;7;0;0;2;8;11;B01
201600050393;2;33;0;0;2;7;1;B01
201600050393;2;7;0;0;2;3;11;A01
201600050394;1;7;0;0;2;1;2;A01
201600050394;1;7;0;0;2;4;1;B01
201600050395;1;7;0;0;0;0;0;C01
201600050395;1;7;0;0;2;0;0;A01
201600050395;1;7;0;0;0;0;0;B01
201600050396;1;33;0;0;2;1;2;B01
201600050396;1;17;0;0;2;6;2;A01
201600050397;1;33;0;0;2;1;2;A01
201600050397;1;7;0;0;2;5;2;B01
201600050398;1;33;0;0;2;1;2;A01
201600050398;1;7;0;0;2;4;1;B01
201600050399;1;7;0;4;0;2;13;A01
201600050400;1;33;0;0;0;0;21;A01
201600050401;1;33;0;0;2;1;2;A01
201600050401;1;7;0;0;2;4;1;B01
201600050402;2;7;0;0;2;4;1;B01
201600050402;2;7;0;0;2;1;2;A01
201600050403;1;7;0;0;2;4;23;D01
201600050403;1;7;0;0;2;4;23;C01
201600050403;1;7;0;0;2;4;23;B01
201600050403;1;7;0;0;2;1;2;A01
201600050404;1;7;0;0;2;6;1;B01
201600050404;1;15;0;0;2;2;12;A01
201600050405;1;33;0;3;0;1;0;A01
201600050406;2;7;0;0;2;4;23;D01
201600050406;2;7;0;0;2;1;2;A01
201600050406;2;10;0;0;2;4;23;C01
201600050406;2;7;0;0;2;4;23;B01
201600050407;1;10;0;0;2;5;12;A01
201600050407;1;33;0;0;2;1;3;B01
201600050408;2;7;0;0;2;4;1;B01
201600050408;2;7;0;0;0;1;2;A01
201600050409;1;7;0;0;2;1;2;A01
201600050409;1;7;0;0;2;4;1;C01
201600050409;1;7;0;0;2;4;2;B01
201600050410;2;7;0;0;2;8;1;B01
201600050410;2;7;0;0;2;7;14;Z01
201600050411;1;7;0;0;2;4;23;B01
201600050411;1;7;0;0;2;1;2;A01
201600050412;1;33;0;3;0;1;14;A01
201600050413;2;7;0;3;0;2;14;A01
201600050414;1;33;0;0;2;4;1;B01
201600050414;1;7;0;0;2;1;2;A01
201600050415;1;10;0;0;2;4;1;B01
201600050415;1;31;0;0;2;1;2;A01
201600050416;2;7;0;14;2;1;2;A01
201600050416;2;10;0;0;2;4;23;B01
201600050416;2;7;0;0;2;4;23;C01
201600050416;2;7;0;0;2;4;23;D01
201600050417;2;7;0;0;2;4;23;B01
201600050417;2;7;0;0;2;1;2;A01
201600050417;2;7;0;0;2;1;2;C01
201600050418;2;33;0;0;2;1;21;B01
201600050418;2;7;0;0;2;2;1;A01
201600050419;1;7;0;0;2;1;2;A01
201600050419;1;7;0;0;2;4;23;B01
201600050420;2;33;0;3;0;1;21;A01
201600050421;2;7;0;4;0;2;14;A01
201600050422;1;7;0;0;2;4;1;B01
201600050422;2;7;0;0;2;7;1;C01
201600050422;1;7;0;0;2;1;2;A01
201600050422;1;10;0;0;2;4;1;D01
201600050423;1;7;0;3;0;3;14;A01
201600050424;1;7;0;0;2;4;1;B01
201600050424;1;10;0;0;2;1;2;A01
201600050425;2;10;0;0;2;1;2;A01
201600050425;2;7;0;0;2;4;21;B01
201600050425;2;7;0;0;2;4;1;C01
201600050425;2;7;0;0;2;4;1;D01
201600050426;2;7;0;0;2;1;2;B01
201600050426;2;7;0;0;2;4;2;A01
201600050427;2;10;0;0;2;4;12;B01
201600050427;2;33;0;3;2;1;3;A01
201600050428;1;7;0;4;0;3;21;A01
201600050429;2;7;0;0;2;1;2;A01
201600050429;2;7;0;0;2;4;1;B01
201600050430;2;7;0;0;2;4;1;B01
201600050430;2;7;0;0;2;1;2;A01
201600050431;2;7;0;0;0;0;23;C01
201600050431;2;7;0;0;2;1;21;A01
201600050431;2;7;0;0;2;4;1;B01
201600050432;2;7;0;0;2;3;9;A01
201600050432;2;7;0;0;2;5;1;B01
201600050433;2;7;0;4;2;8;11;A01
201600050433;2;7;0;0;2;7;1;B01
201600050433;2;7;0;0;2;3;1;C01
201600050434;2;7;0;0;2;7;12;A01
201600050434;2;32;0;0;2;1;1;B01
201600050435;1;10;0;0;2;1;2;A01
201600050435;1;7;0;0;2;6;1;B01
201600050436;2;7;0;0;2;4;1;B01
201600050436;2;7;0;0;2;4;1;C01
201600050436;2;7;0;0;2;1;2;A01
201600050436;2;7;0;0;2;4;1;D01
201600050437;2;31;0;0;2;1;1;B01
201600050437;2;7;0;0;2;7;12;A01
201600050438;1;7;0;0;2;8;1;B01
201600050438;1;7;0;3;2;2;14;A01
201600050439;2;7;0;0;2;4;23;D01
201600050439;2;7;0;0;2;4;23;B01
201600050439;2;7;0;0;2;1;2;A01
201600050439;2;7;0;0;2;4;23;C01
201600050440;2;7;0;0;2;1;1;A01
201600050440;2;7;0;0;2;4;23;B01
201600050440;2;7;0;0;2;4;23;C01
201600050441;1;10;0;0;2;4;1;B01
201600050441;1;7;0;0;2;2;21;E01
201600050441;1;7;0;0;2;1;1;A01
201600050441;1;7;0;0;2;2;21;C01
201600050441;1;10;0;0;2;2;21;D01
201600050442;2;14;0;0;2;1;2;A01
201600050442;2;33;0;0;2;4;1;B01
201600050443;1;7;0;0;2;4;23;F02
201600050443;1;10;0;0;2;4;23;E01
201600050443;1;7;0;0;2;4;23;D01
201600050443;1;14;0;3;2;1;2;A01
201600050443;1;7;0;0;2;4;2;B01
201600050443;1;7;0;0;2;4;23;C01
201600050444;1;7;0;0;2;4;23;C01
201600050444;1;7;0;0;2;4;23;B01
201600050444;1;7;0;0;2;1;2;A01
201600050445;2;7;0;0;2;4;1;B01
201600050445;2;7;0;0;2;1;2;A01
201600050446;2;7;0;0;2;1;2;A01
201600050446;2;7;0;0;2;1;2;B01
201600050446;2;7;0;0;2;4;1;C01
201600050447;2;17;0;0;2;7;12;A01
201600050447;2;7;0;0;2;8;1;B01
201600050448;1;7;0;2;0;5;0;A01
201600050449;1;10;0;4;0;3;1;A01
201600050450;1;10;0;4;0;1;0;A01
201600050451;1;7;0;4;0;1;14;A01
201600050452;1;7;0;0;2;1;1;B01
201600050452;1;7;0;0;2;1;1;Z01
201600050452;1;33;0;0;2;4;2;A01
201600050453;1;7;0;4;0;2;2;A01
201600050454;1;33;0;0;0;0;1;A01
201600050455;0;7;0;0;0;4;2;C01
201600050455;2;38;0;0;2;4;2;A01
201600050455;2;7;0;0;2;1;2;B01
201600050456;1;7;0;0;2;4;1;A01
201600050456;0;7;0;0;2;1;1;B01
201600050457;1;7;0;3;0;3;13;A01
201600050458;1;14;0;0;2;7;14;B01
201600050458;1;7;0;3;2;8;1;A01
201600050459;1;7;0;0;2;4;2;B01
201600050459;1;7;0;0;2;1;2;A01
201600050459;1;7;0;0;2;4;2;D01
201600050459;1;7;0;0;2;4;2;C01
201600050460;1;31;0;0;2;1;1;B01
201600050460;1;7;0;0;2;4;1;A01
201600050461;2;7;0;0;2;4;2;B01
201600050461;2;7;0;0;2;1;2;D01
201600050461;2;7;0;0;2;4;2;A01
201600050461;2;7;0;0;2;4;2;C01
201600050462;1;7;0;4;0;1;14;A01
201600050463;1;7;0;0;2;4;2;B01
201600050463;1;7;0;0;2;1;2;A01
201600050464;2;7;0;3;0;1;1;A01
201600050465;2;7;0;13;0;1;1;A01
201600050466;2;7;0;4;0;4;1;A01
201600050467;1;7;0;0;2;1;17;B01
201600050467;1;17;0;0;2;8;11;A01
201600050468;2;7;0;2;0;7;1;A01
201600050469;2;10;0;0;2;4;2;B01
201600050469;2;7;0;0;2;1;2;C01
201600050469;2;7;0;0;2;4;2;A01
201600050470;1;7;0;0;2;4;2;A01
201600050470;1;7;0;0;2;4;2;B01
201600050470;1;7;0;0;2;1;14;C01
201600050471;1;33;0;0;2;8;1;B01
201600050471;1;7;0;0;2;2;12;A01
201600050472;1;7;0;0;0;7;1;B01
201600050472;0;15;0;0;0;0;0;C01
201600050472;1;10;0;0;9;1;13;A01
201600050473;1;7;0;0;2;4;2;A01
201600050473;1;7;0;0;2;1;2;C01
201600050473;1;7;0;0;2;8;1;E01
201600050473;1;7;0;0;2;4;2;B01
201600050473;1;7;0;0;2;7;1;D01
201600050474;1;7;0;0;2;4;2;A01
201600050474;1;7;0;0;2;1;2;B01
201600050475;1;7;0;0;2;1;0;B01
201600050475;1;7;0;0;2;4;0;A01
201600050476;2;7;0;0;2;5;1;A01
201600050476;2;7;0;0;2;2;1;B01
201600050477;1;14;0;13;0;3;14;A01
201600050478;1;7;0;0;2;8;1;A01
201600050478;1;7;0;0;2;2;21;B01
201600050479;1;7;0;0;2;1;1;C01
201600050479;1;7;0;0;2;4;1;A01
201600050479;1;7;0;0;2;4;1;B01
201600050480;2;7;0;0;2;4;1;A01
201600050480;2;7;0;0;2;1;1;B01
201600050481;1;7;0;4;0;1;0;A01
201600050482;1;7;0;7;0;1;14;A01
201600050483;2;7;0;0;2;1;2;B01
201600050483;2;7;0;0;2;4;2;A01
201600050484;1;33;0;0;2;6;3;B01
201600050484;1;7;0;0;2;2;1;A01
201600050485;2;7;0;0;0;4;2;C01
201600050485;2;7;0;0;2;1;2;A01
201600050485;2;7;0;0;0;5;2;B01
201600050486;1;33;0;0;0;0;15;A01
201600050487;1;7;0;4;0;3;13;A01
201600050487;1;7;0;0;0;0;13;Z01
201600050488;2;32;0;0;0;7;1;A01
201600050489;2;7;0;0;2;1;2;D01
201600050489;2;7;0;0;2;4;2;A01
201600050489;2;7;0;0;2;4;2;B01
201600050489;2;7;0;0;2;4;0;C01
201600050490;2;33;0;0;0;0;1;A01
201600050491;2;7;0;4;0;1;13;A01
201600050492;2;7;0;4;0;4;20;A01
201600050492;2;7;0;4;0;1;0;B01
201600050493;1;7;0;0;9;1;1;A01
201600050494;1;7;0;14;0;2;14;A01
201600050495;2;7;0;4;0;3;13;A01
201600050496;1;7;0;0;2;1;1;B01
201600050496;1;7;0;0;2;4;1;A01
201600050497;2;7;0;0;2;1;1;B01
201600050497;2;7;0;0;2;4;1;A01
201600050498;2;7;0;0;2;4;2;A01
201600050498;2;7;0;0;2;1;2;C01
201600050498;2;7;0;0;2;4;1;B01
201600050499;2;7;0;4;0;0;14;A01
201600050500;2;7;0;0;2;4;2;A01
201600050500;2;7;0;0;2;1;2;B01
201600050501;1;7;0;0;2;4;2;B01
201600050501;1;7;0;0;2;4;2;A01
201600050501;1;7;0;0;2;4;2;C01
201600050501;1;7;0;0;2;1;2;D01
201600050502;1;33;0;0;2;4;2;C01
201600050502;1;7;0;0;2;4;2;A01
201600050502;1;7;0;0;2;3;1;D01
201600050502;1;7;0;0;2;6;2;B01
201600050503;2;7;0;0;0;0;0;A01
201600050504;2;7;0;4;0;3;13;A01
201600050505;1;7;0;5;0;1;14;A01
201600050506;2;33;0;0;2;2;14;B01
201600050506;2;7;0;0;2;6;1;A01
201600050507;1;7;0;4;0;1;2;B01
201600050507;1;7;0;4;0;1;0;A01
201600050508;1;7;0;0;2;5;11;A01
201600050508;2;34;0;0;2;5;2;B01
201600050509;2;7;0;4;0;1;1;A01
201600050510;1;14;0;0;2;6;2;A01
201600050510;0;10;0;0;2;1;2;B01
201600050511;2;37;0;0;2;6;2;A01
201600050511;2;7;0;0;2;2;17;B01
201600050512;1;34;0;0;0;9;1;A01
201600050513;2;7;0;0;2;4;1;B01
201600050513;2;7;0;0;2;5;1;A01
201600050513;1;7;0;0;2;1;1;C01
201600050514;1;31;0;0;0;8;21;A01
201600050515;0;7;0;0;0;1;2;C01
201600050515;1;7;0;0;0;4;1;A01
201600050515;1;7;0;0;0;1;0;B01
201600050516;1;32;0;0;0;3;1;A01
201600050517;1;10;0;0;2;6;23;A01
201600050517;1;34;0;0;2;1;2;B01
201600050518;2;34;0;0;0;8;0;A01
201600050519;2;7;0;0;0;4;2;A01
201600050519;2;7;0;0;0;1;2;B01
201600050520;1;7;0;0;2;1;2;B01
201600050520;1;7;0;0;2;6;1;A01
201600050521;2;7;0;0;2;8;2;A01
201600050521;2;7;0;0;2;1;2;C01
201600050521;2;7;0;0;2;4;2;B01
201600050522;1;7;0;0;2;2;2;B01
201600050522;1;7;0;0;2;4;2;D01
201600050522;1;7;0;0;2;4;2;C01
201600050522;1;7;0;0;2;1;2;A01
201600050523;2;33;0;0;2;1;2;B01
201600050523;2;10;0;0;0;5;1;A01
201600050524;1;7;0;3;0;1;14;A01
201600050525;1;7;0;0;2;1;2;A01
201600050525;1;7;0;0;2;4;2;B01
201600050525;1;7;0;0;2;4;2;C01
201600050526;1;7;0;4;0;1;13;A01
201600050527;2;7;0;0;2;1;2;B01
201600050527;2;7;0;0;2;4;2;A01
201600050528;2;7;0;0;0;9;2;A01
201600050529;1;7;0;0;2;4;23;B01
201600050529;1;7;0;0;2;4;23;A01
201600050529;1;7;0;0;2;1;2;C01
201600050530;1;7;0;0;2;9;1;A01
201600050531;1;10;0;0;2;1;2;B01
201600050531;1;7;0;0;2;1;2;C01
201600050531;1;10;0;0;2;0;0;A01
201600050532;2;34;0;3;0;8;0;A01
201600050533;1;7;0;0;0;3;1;A01
201600050534;2;7;0;0;0;0;0;A01
201600050535;2;33;0;0;2;8;18;A01
201600050535;2;14;0;0;2;7;14;B01
201600050536;2;7;0;0;2;3;11;A01
201600050536;2;32;0;0;2;7;1;B01
201600050537;1;7;0;13;0;1;2;A01