Num_Acc;senc;catv;occutc;obs;obsm;choc;manv;num_veh
201600050852;1;7;0;0;0;8;1;A01
201600050853;1;7;0;0;2;1;1;A01
201600050853;1;7;0;0;2;1;1;B01
201600050854;1;7;0;0;0;1;1;B01
201600050854;1;7;0;0;0;4;2;A01
201600050855;1;7;0;3;0;8;0;A01
201600050856;2;7;0;3;0;1;2;A01
201600050857;2;7;0;0;2;1;2;C01
201600050857;2;7;0;0;2;4;2;B01
201600050857;1;7;0;1;0;4;2;A01
201600050858;1;7;0;0;2;1;0;C01
201600050858;1;14;0;0;2;2;12;A01
201600050858;1;7;0;0;2;6;0;B01
201600050859;1;7;0;0;2;4;2;C01
201600050859;1;7;0;0;2;1;2;D01
201600050859;1;7;0;0;2;4;1;A01
201600050859;1;7;0;0;2;4;2;B01
201600050860;2;7;0;2;0;1;0;A01
201600050861;2;7;0;0;2;4;2;B01
201600050861;2;7;0;0;2;2;2;A01
201600050862;1;31;0;0;2;1;0;A01
201600050862;1;7;0;0;2;0;0;B01
201600050863;1;33;0;0;0;8;14;A01
201600050864;2;7;0;0;2;1;0;A01
201600050865;2;7;0;0;2;1;0;D01
201600050865;2;7;0;0;2;4;1;C01
201600050865;2;7;0;0;2;4;1;B01
201600050865;2;7;0;0;2;0;0;A01
201600050866;1;33;0;0;2;2;1;A01
201600050866;2;7;0;0;2;6;9;B01
201600050867;2;33;0;0;2;3;1;B01
201600050867;2;7;0;0;2;2;12;A01
201600050868;2;7;0;0;2;8;12;A01
201600050868;2;33;0;0;2;8;2;B01
201600050869;2;7;0;0;0;0;0;B01
201600050869;2;7;0;1;0;4;2;A01
201600050870;1;7;0;4;0;1;0;A01
201600050871;1;7;0;4;0;3;1;A01
201600050872;1;7;0;0;2;5;17;A01
201600050872;1;13;0;0;2;3;2;B01
201600050872;1;7;0;0;0;0;0;Z01
201600050873;2;7;0;0;2;4;2;B01
201600050873;2;7;0;0;2;6;1;A01
201600050873;2;7;0;0;2;1;2;C01
201600050874;2;7;0;3;0;2;1;A01
201600050875;1;7;0;6;0;8;0;A01
201600050876;1;7;0;0;0;4;1;B01
201600050876;1;7;0;0;2;1;2;A01
201600050877;1;7;0;0;0;4;1;A01
201600050877;1;10;0;0;0;0;0;B01
201600050877;1;7;0;0;0;0;0;C01
201600050878;0;7;0;0;0;0;0;B01
201600050878;2;7;0;0;2;2;9;A01
201600050879;2;33;0;0;2;7;14;A01
201600050880;1;7;0;0;2;4;2;A01
201600050880;1;7;0;0;2;1;2;B01
201600050881;2;7;0;13;0;1;1;A01
201600050882;1;33;0;0;2;2;2;A01
201600050882;1;7;0;0;2;3;11;B01
201600050883;1;7;0;0;2;4;1;A01
201600050883;1;7;0;0;2;1;2;B01
201600050883;1;7;0;0;9;1;1;C01
201600050884;1;7;0;4;0;2;1;A01
201600050885;2;7;0;0;2;0;12;A01
201600050885;0;31;0;0;2;3;0;B01
201600050886;2;34;0;16;0;9;16;A01
201600050887;2;7;0;3;0;8;1;A01
201600050888;1;7;0;0;2;6;23;A01
201600050888;1;7;0;1;0;3;1;B01
201600050889;2;7;0;0;2;4;2;B01
201600050889;2;15;0;0;2;1;2;C01
201600050889;2;7;0;0;2;4;2;A01
201600050890;2;7;0;0;2;4;1;A01
201600050890;2;7;0;0;2;1;1;C01
201600050890;2;7;0;0;2;4;2;B01
201600050891;2;33;0;0;2;1;3;B01
201600050891;2;7;0;0;2;8;11;A01
201600050892;2;33;0;0;2;1;21;A01
201600050893;2;7;0;0;0;4;2;A01
201600050893;2;7;0;0;2;1;2;B01
201600050894;2;7;0;0;0;0;0;Z01
201600050894;2;7;0;0;2;9;2;B01
201600050894;2;7;0;0;2;1;2;C01
201600050895;2;7;0;0;2;6;1;A01
201600050896;2;7;0;0;2;4;2;C01
201600050896;2;7;0;0;2;4;2;A01
201600050896;2;7;0;0;2;1;2;D01
201600050896;2;7;0;0;2;4;2;B01
201600050897;1;7;0;0;2;4;23;A01
201600050897;1;7;0;0;0;6;23;C01
201600050897;1;7;0;1;0;2;0;B01
201600050898;1;7;0;0;0;0;0;A01
201600050899;1;7;0;0;0;4;0;A01
201600050899;1;33;0;0;2;1;1;B01
201600050900;1;7;0;0;2;5;0;A01
201600050900;1;33;0;0;2;1;0;B01
201600050901;2;7;0;0;0;0;0;A01
201600050902;1;7;0;0;2;4;1;C01
201600050902;1;7;0;0;0;0;0;D01
201600050902;1;7;0;0;2;4;1;B01
201600050902;1;7;0;0;0;4;1;A01
201600050903;1;7;0;0;2;6;3;A01
201600050903;2;14;0;0;2;2;2;B01
201600050904;2;7;0;0;0;9;1;A01
201600050905;2;7;0;0;2;5;12;A01
201600050905;2;32;0;0;2;8;1;B01
201600050906;2;33;0;0;9;1;16;A01
201600050907;1;10;0;0;2;4;2;A01
201600050907;1;7;0;0;2;4;2;B01
201600050907;1;10;0;0;2;1;2;C01
201600050908;1;7;0;0;2;4;2;B01
201600050908;1;7;0;0;2;4;23;A01
201600050908;1;15;0;0;2;1;2;C01
201600050909;2;33;0;4;0;0;3;C01
201600050909;2;17;0;0;2;7;1;A01
201600050909;2;7;0;0;2;6;13;B01
201600050910;1;7;0;0;0;2;12;B01
201600050910;1;7;0;0;0;6;1;A01
201600050911;1;7;0;0;2;1;0;D01
201600050911;2;7;0;0;2;7;5;A01
201600050911;1;7;0;0;2;8;21;B01
201600050911;1;7;0;0;2;0;2;C01
201600050912;2;10;0;0;2;1;2;D01
201600050912;2;7;0;0;2;4;2;B01
201600050912;2;10;0;0;2;4;2;C01
201600050912;2;7;0;0;2;4;2;A01
201600050913;1;14;0;0;2;0;0;B01
201600050913;1;7;0;0;2;8;0;A01
201600050914;1;7;0;0;0;9;0;A01
201600050915;1;7;0;4;0;1;1;A01
201600050916;1;7;0;0;0;4;2;A01
201600050916;1;7;0;1;0;1;2;C01
201600050916;1;7;0;1;0;4;2;B01
201600050917;2;7;0;0;9;9;2;A01
201600050918;2;7;0;0;2;4;1;A01
201600050918;2;7;0;0;2;1;2;B01
201600050919;1;7;0;0;2;4;2;B01
201600050919;1;7;0;0;2;1;2;A01
201600050920;2;7;0;0;2;1;2;C01
201600050920;2;7;0;0;0;4;2;A01
201600050920;2;7;0;0;2;4;2;B01
201600050921;2;7;0;0;0;1;2;A01
201600050922;2;7;0;0;2;1;2;B01
201600050922;2;7;0;0;2;1;2;C01
201600050922;2;7;0;0;2;4;1;A01
201600050923;2;7;0;0;2;1;2;B01
201600050923;2;7;0;0;2;4;2;A01
201600050924;1;7;0;3;2;7;0;A01
201600050924;1;7;0;0;2;3;1;B01
201600050925;2;7;0;0;2;1;18;A01
201600050925;2;7;0;0;2;4;16;B01
201600050925;2;7;0;0;2;6;1;C01
201600050926;2;10;0;0;0;4;2;A01
201600050926;2;10;0;0;0;4;2;B01
201600050926;2;10;0;1;0;1;2;C01
201600050927;2;7;0;0;0;6;1;A01
201600050927;2;31;0;0;2;0;1;B01
201600050928;2;33;0;0;2;8;2;B01
201600050928;2;7;0;0;2;8;11;A01
201600050929;1;7;0;0;2;4;1;A01
201600050929;1;7;0;0;2;1;2;B01
201600050930;2;7;0;0;2;8;9;A01
201600050930;2;14;0;0;2;2;1;B01
201600050931;2;7;0;0;2;0;0;B01
201600050931;2;7;0;0;2;4;2;A01
201600050932;1;7;0;0;2;1;2;B01
201600050932;1;7;0;0;2;4;1;A01
201600050933;1;7;0;0;2;2;14;A01
201600050933;1;7;0;0;0;0;0;B01
201600050934;2;7;0;0;2;1;1;B01
201600050934;2;7;0;0;2;4;2;A01
201600050935;1;7;0;6;0;1;0;A01
201600050936;1;7;0;0;0;0;0;A01
201600050937;1;7;0;0;0;4;1;A01
201600050937;1;7;0;0;2;1;2;B01
201600050938;1;7;0;0;0;0;0;A01
201600050938;0;7;0;0;0;0;0;B01
201600050939;1;32;0;14;0;1;1;A01
201600050940;2;15;0;0;2;1;12;B01
201600050940;2;7;0;0;2;8;2;A01
201600050941;1;7;0;0;2;4;1;A01
201600050941;1;7;0;0;0;1;0;B01
201600050941;1;7;0;0;2;4;0;C01
201600050942;2;33;0;0;0;8;2;A01
201600050943;2;7;0;0;0;0;0;Z01
201600050943;2;33;0;0;2;3;2;A01
201600050944;1;7;0;0;2;1;2;B01
201600050944;1;7;0;0;2;1;2;C01
201600050944;1;7;0;0;2;4;2;A01
201600050945;2;7;0;4;0;3;21;A01
201600050946;1;7;0;0;2;1;1;D01
201600050946;1;7;0;0;2;0;0;C01
201600050946;1;7;0;0;2;4;2;A01
201600050946;1;31;0;0;2;1;1;B01
201600050947;1;7;0;0;2;1;2;C01
201600050947;1;7;0;0;2;4;2;A01
201600050947;1;7;0;0;2;1;2;B01
201600050948;2;7;0;0;0;9;1;A01
201600050949;1;7;0;0;2;4;1;B01
201600050949;1;7;0;0;2;1;14;A01
201600050950;1;7;0;0;2;9;1;A01
201600050950;1;7;0;0;2;7;1;B01
201600050951;1;7;0;0;0;0;0;Z01
201600050951;1;7;0;0;2;7;2;A01
201600050952;2;7;0;8;0;1;16;A01
201600050953;2;7;0;0;0;9;1;A01
201600050954;1;7;0;0;2;3;11;A01
201600050954;1;33;0;0;2;7;17;B01
201600050955;2;7;0;3;0;3;1;A01
201600050956;1;10;0;0;0;4;1;B01
201600050956;1;10;0;0;0;4;1;A01
201600050956;1;7;0;0;0;1;1;C01
201600050957;0;34;0;0;0;6;1;A01
201600050958;2;7;0;0;0;0;0;C01
201600050958;2;7;0;0;0;4;0;B01
201600050958;2;7;0;0;0;4;0;A01
201600050959;2;7;0;0;2;4;1;A01
201600050959;2;7;0;0;2;4;1;B01
201600050959;2;7;0;0;2;1;2;C01
201600050960;1;34;0;0;0;0;16;A01
201600050961;1;7;0;4;2;4;1;A01
201600050961;1;7;0;0;2;1;2;B01
201600050962;1;7;0;0;0;4;0;A01
201600050962;1;7;0;0;2;1;0;B01
201600050963;1;7;0;0;0;0;0;A01
201600050964;2;7;0;0;2;2;2;B01
201600050964;2;7;0;0;0;5;2;A01
201600050965;1;7;0;15;0;1;0;A01
201600050966;1;7;0;0;2;1;0;B01
201600050966;1;7;0;0;2;4;2;A01
201600050967;2;33;0;0;2;1;6;B01
201600050967;2;32;0;0;2;8;3;A01
201600050968;2;33;0;0;0;0;2;A01
201600050969;1;16;0;0;2;1;2;B01
201600050969;1;14;0;0;0;4;2;A01
201600050970;1;7;0;0;0;4;2;C01
201600050970;1;7;0;0;2;1;2;A01
201600050970;1;7;0;0;2;4;2;B01
201600050971;2;7;0;3;0;3;1;A01
201600050972;1;32;0;0;2;4;2;A01
201600050972;1;7;0;0;2;1;2;B01
201600050973;1;17;0;0;2;0;0;B01
201600050973;1;13;0;6;0;1;2;A01
201600050974;2;7;0;4;0;3;13;A01
201600050975;1;7;0;4;0;3;13;A01
201600050976;1;7;0;4;0;2;0;A01
201600050977;2;7;0;0;2;4;1;A01
201600050977;2;7;0;0;2;1;1;B01
201600050978;2;7;0;0;2;7;14;A01
201600050978;2;7;0;0;2;3;2;C01
201600050978;2;7;0;0;2;3;1;D01
201600050978;1;7;0;0;2;2;0;B01
201600050979;2;7;0;0;2;7;12;B01
201600050979;2;34;0;0;2;8;3;A01
201600050980;1;7;0;0;2;1;1;C01
201600050980;1;7;0;0;2;4;2;B01
201600050980;1;7;0;0;0;0;0;A01
201600050981;2;7;0;4;0;3;0;A01
201600050982;1;10;0;0;0;1;0;A01
201600050983;1;7;0;0;0;0;0;C01
201600050983;1;7;0;0;2;0;0;B01
201600050983;1;7;0;0;2;1;2;A01
201600050984;1;7;0;0;2;4;2;A01
201600050984;1;7;0;0;2;1;2;C01
201600050984;1;10;0;0;2;4;2;B01
201600050985;1;1;0;0;0;0;0;A01
201600050986;2;32;0;12;0;1;1;A01
201600050987;1;7;0;0;2;1;2;B01
201600050987;1;7;0;3;0;4;2;A01
201600050988;1;7;0;0;2;1;0;C01
201600050988;1;7;0;0;0;4;0;A01
201600050988;1;7;0;0;2;4;0;B01
201600050989;2;7;0;0;2;1;2;C01
201600050989;2;7;0;0;2;8;13;B01
201600050989;2;7;0;4;2;7;1;A01
201600050990;2;7;0;0;0;3;1;A01
201600050990;2;31;0;0;2;1;2;B01
201600050991;1;7;0;0;0;0;0;A01
201600050991;1;33;0;0;9;1;2;B01
201600050992;1;33;0;0;0;1;1;A01
201600050993;1;32;0;0;0;1;3;A01
201600050994;1;32;0;0;2;1;2;B01
201600050994;1;10;0;0;2;4;2;A01
201600050995;1;99;0;0;0;4;0;A01
201600050995;1;10;0;0;0;0;0;B01
201600050996;2;7;0;0;0;2;1;A01
201600050997;1;33;0;0;0;0;0;A01
201600050998;2;7;0;0;2;4;1;B01
201600050998;2;7;0;0;2;1;1;D01
201600050998;2;7;0;0;2;1;2;C01
201600050998;2;7;0;0;2;4;1;A01
201600050999;1;7;0;0;0;0;14;Z01
201600050999;1;7;0;1;0;1;0;B01
201600050999;1;7;0;0;2;1;0;A01
201600051000;2;7;0;0;0;4;2;A01
201600051000;2;7;0;0;2;1;2;C01
201600051000;2;7;0;0;2;4;2;B01
201600051001;2;7;0;1;0;1;1;A01
201600051001;2;7;0;3;0;2;14;B01
201600051002;1;7;0;0;0;2;1;B01
201600051002;1;7;0;0;0;5;1;A01
201600051002;1;7;0;0;9;2;1;C01
201600051003;1;7;0;0;2;1;1;C01
201600051003;1;7;0;0;2;4;2;B01
201600051003;1;10;0;0;2;4;1;A01
201600051004;2;7;0;0;2;4;1;A01
201600051004;2;7;0;0;2;1;1;B01
201600051005;2;14;0;0;2;2;14;B01
201600051005;2;7;0;0;2;6;1;A01
201600051006;1;7;0;4;0;2;1;A01
201600051007;2;7;0;0;2;0;0;B01
201600051007;2;7;0;0;0;0;0;A01
201600051008;1;7;0;0;0;1;1;A01
201600051009;0;15;0;0;0;8;1;A01
201600051010;1;7;0;4;0;3;0;A01
201600051011;2;7;0;0;2;1;0;C01
201600051011;2;7;0;0;2;0;0;B01
201600051011;2;7;0;0;2;4;0;A01
201600051012;1;7;0;10;0;2;0;A01
201600051013;1;7;0;0;2;1;2;B01
201600051013;1;7;0;0;2;1;0;A01
201600051014;1;7;0;0;2;5;0;B01
201600051014;1;7;0;0;2;3;13;A01
201600051015;1;10;0;3;0;7;14;A01
201600051016;2;7;0;2;0;1;14;A01
201600051017;1;7;0;0;2;1;1;C01
201600051017;1;7;0;0;2;4;1;B01
201600051017;1;7;0;0;2;4;1;A01
201600051018;2;7;0;0;2;7;14;B01
201600051018;2;7;0;0;2;8;1;A01
201600051019;1;7;0;0;0;4;23;A01
201600051019;1;7;0;14;2;4;2;B01
201600051019;1;7;0;0;2;1;1;C01
201600051020;1;10;0;0;2;3;1;B01
201600051020;1;7;0;0;2;6;1;A01
201600051021;1;7;0;14;0;0;0;A01
201600051022;1;7;0;0;2;4;0;A01
201600051022;1;7;0;0;2;1;0;B01
201600051023;1;31;0;0;2;2;12;A01
201600051023;1;7;0;0;2;6;1;Z01
201600051024;1;7;0;0;2;8;11;A01
201600051024;1;33;0;0;2;7;1;B01
201600051025;1;7;0;0;2;4;2;C01
201600051025;1;7;0;3;2;4;2;B01
201600051025;1;7;0;0;2;1;2;A01
201600051026;1;7;0;0;2;4;2;B01
201600051026;1;7;0;0;2;1;2;C01
201600051026;1;7;0;0;2;4;23;A01
201600051027;1;7;0;0;0;9;0;A01
201600051028;1;7;0;0;0;5;2;B01
201600051028;1;31;0;1;0;1;2;C01
201600051028;1;7;0;0;0;0;0;A01
201600051028;1;33;0;1;0;1;2;D01
201600051029;2;7;0;0;2;4;2;B01
201600051029;2;7;0;0;2;4;1;E01
201600051029;2;7;0;0;2;7;2;D01
201600051029;2;7;0;0;2;4;2;C01
201600051029;2;7;0;0;2;1;1;A01
201600051030;1;15;0;0;2;4;1;A01
201600051030;1;7;0;0;2;1;2;B01
201600051031;2;32;0;0;2;0;0;A01
201600051031;2;33;0;0;2;0;0;B01
201600051032;2;33;0;0;2;1;2;B01
201600051032;2;33;0;0;0;4;1;A01
201600051033;2;7;0;0;2;1;2;C01
201600051033;2;7;0;0;2;4;2;B01
201600051033;2;7;0;0;2;4;2;A01
201600051034;2;7;0;0;2;4;2;B01
201600051034;2;7;0;0;2;4;2;A01
201600051034;2;10;0;0;2;1;2;C01
201600051035;2;7;0;0;2;4;1;A01
201600051035;2;7;0;0;2;1;1;C01
201600051035;2;7;0;0;2;1;1;B01
201600051036;1;7;0;0;2;1;1;B01
201600051036;1;7;0;0;2;1;1;C01
201600051036;1;7;0;0;2;1;1;D01
201600051036;1;33;0;0;2;1;1;E01
201600051036;1;7;0;0;0;4;1;A01
201600051037;2;7;0;0;2;4;2;C01
201600051037;2;7;0;0;2;4;2;B01
201600051037;2;7;0;0;2;6;2;A01
201600051038;1;7;0;0;2;4;23;A01
201600051038;1;7;0;0;2;1;9;B01
201600051039;1;7;0;0;0;1;1;A01
201600051039;1;7;0;0;0;4;1;B01
201600051040;1;10;0;0;0;1;2;A01
201600051040;1;7;0;0;0;6;1;B01
201600051041;2;7;0;0;2;4;23;B01
201600051041;2;10;0;0;2;1;2;C01
201600051041;2;7;0;0;2;4;23;A01
201600051042;2;7;0;0;0;0;0;A01
201600051042;2;7;0;0;2;1;1;B01
201600051043;1;7;0;0;2;4;2;A01
201600051043;1;7;0;0;2;1;0;B01
201600051044;2;7;0;4;0;2;0;A01
201600051045;1;7;0;6;0;9;1;A01
201600051046;1;7;0;11;0;1;21;A01
201600051047;1;7;0;3;0;3;1;A01
201600051048;1;33;0;0;2;4;1;A01
201600051048;1;33;0;0;2;1;1;B01
201600051049;2;7;0;0;2;3;0;C01
201600051049;2;7;0;0;2;4;2;A01
201600051049;2;7;0;0;2;5;0;B01
201600051050;0;7;0;0;2;4;2;A01
201600051050;1;7;0;0;2;1;2;B01
201600051051;2;14;0;0;2;0;2;A01
201600051051;1;7;0;3;2;8;14;B01
201600051052;1;7;0;0;2;1;11;A01
201600051052;1;7;0;0;2;1;1;B01
201600051053;2;7;0;0;2;1;2;B01
201600051053;2;7;0;0;2;4;2;A01
201600051054;1;7;0;3;0;9;0;A01
201600051055;1;7;0;0;0;9;13;A01
201600051056;1;34;0;0;2;1;1;A01
201600051056;1;7;0;0;2;4;0;B01
201600051057;1;15;0;0;2;6;2;A01
201600051057;1;7;0;0;2;0;0;B01
201600051058;2;7;0;0;2;4;1;A01
201600051058;2;7;0;0;2;1;2;B01
201600051059;2;7;0;0;2;1;0;B01
201600051059;2;7;0;0;2;5;0;A01
201600051060;2;7;0;0;2;4;1;A01
201600051060;2;7;0;0;2;1;2;B01
201600051061;1;7;0;0;2;1;2;B01
201600051061;1;7;0;0;2;4;2;A01
201600051062;1;7;0;3;0;1;13;A01
201600051063;2;7;0;0;0;0;0;A01
201600051064;1;7;0;0;2;1;2;A01
201600051065;2;7;0;0;2;4;2;B01
201600051065;2;7;0;0;2;1;1;A01
201600051065;2;7;0;0;2;4;2;C01
201600051065;2;7;0;0;2;4;2;D01
201600051066;1;7;0;0;2;4;1;A01
201600051066;1;14;0;0;2;1;2;B01
201600051067;1;7;0;0;2;4;2;B01
201600051067;1;7;0;0;2;4;1;A01
201600051067;1;7;0;0;2;1;2;C01
201600051068;1;33;0;0;2;8;1;A01
201600051068;1;7;0;0;2;7;12;B01
201600051069;1;7;0;0;2;4;2;B01
201600051069;1;10;0;0;2;1;2;C01
201600051069;1;10;0;0;0;4;2;A01
201600051070;0;7;0;0;2;1;2;B01
201600051070;2;7;0;0;0;4;2;A01
201600051071;2;7;0;0;2;1;2;B01
201600051071;2;7;0;0;0;0;0;A01
201600051072;1;7;0;0;2;9;2;B01
201600051072;1;7;0;0;2;1;2;A01
201600051072;1;7;0;0;2;4;2;C01
201600051073;1;7;0;0;0;0;0;A01
201600051073;1;7;0;0;0;0;0;B01
201600051074;2;7;0;0;0;0;0;B01
201600051074;2;13;0;0;0;0;0;A01
201600051075;1;33;0;0;2;7;1;B01
201600051075;1;7;0;0;2;3;13;A01
201600051076;1;7;0;0;0;0;0;B01
201600051076;1;14;0;0;0;0;0;A01
201600051077;2;7;0;0;0;0;0;A01
201600051078;2;7;0;0;2;1;2;D01
201600051078;1;7;0;0;2;4;2;A01
201600051078;0;7;0;0;2;1;2;E01
201600051078;2;7;0;0;2;1;2;B01
201600051078;2;7;0;0;2;1;2;C01
201600051079;1;7;0;0;2;1;2;C01
201600051079;1;7;0;0;2;1;2;B01
201600051079;1;7;0;0;2;4;2;A01
201600051080;2;7;0;0;2;1;2;C01
201600051080;2;7;0;0;2;4;2;A01
201600051080;2;7;0;0;2;4;2;B01
201600051081;0;1;0;0;0;0;0;B01
201600051081;2;7;0;0;0;6;1;A01
201600051082;2;7;0;3;0;2;1;A01
201600051083;2;7;0;0;0;0;0;B01
201600051083;2;7;0;0;0;0;0;A01
201600051084;2;7;0;0;2;4;9;A01
201600051084;2;7;0;0;2;1;1;B01
201600051085;0;7;0;14;0;1;1;A01
201600051086;1;33;0;0;2;1;1;B01
201600051086;1;7;0;0;2;2;15;A01
201600051087;0;7;0;0;2;7;16;B01
201600051087;1;30;0;0;2;7;18;A01
201600051088;1;31;0;0;2;7;16;B01
201600051088;1;16;0;0;2;0;16;A01
201600051089;2;1;0;1;0;1;13;A01
201600051090;2;33;0;0;2;1;1;A01
201600051090;0;7;0;0;2;2;1;B01
201600051091;1;7;0;0;1;2;16;A01
201600051092;0;31;0;0;2;0;1;B01
201600051092;0;7;0;0;2;0;14;A01
201600051093;2;13;0;0;1;2;15;A01
201600051094;1;31;0;0;0;0;1;A01
201600051095;1;2;0;0;0;2;1;A01
201600051096;2;13;0;0;1;1;16;A01
201600051097;1;34;0;0;2;0;13;A01
201600051097;1;7;0;0;2;0;14;Z01
201600051098;1;2;0;0;0;0;1;A01
201600051099;2;7;0;0;2;5;13;B01
201600051099;2;37;0;0;2;3;1;A01
201600051100;1;7;0;0;2;0;23;B01
201600051100;1;32;0;1;2;1;1;A01
201600051101;1;33;0;0;0;0;15;A01
201600051102;1;31;0;0;2;0;15;B01
201600051102;1;7;0;0;2;0;15;A01
201600051103;1;1;0;0;2;0;7;B01
201600051103;1;1;0;0;2;0;17;A01
201600051104;1;7;0;0;2;2;7;B01
201600051104;1;1;0;0;2;8;21;A01
201600051105;1;7;0;14;0;0;12;A01
201600051106;2;33;0;11;0;3;11;A01
201600051107;2;34;0;0;2;1;1;A01
201600051107;2;7;0;0;2;7;22;B01
201600051108;1;33;0;0;2;1;1;B01
201600051108;1;7;0;0;2;8;15;A01
201600051109;2;7;0;0;2;4;23;B01
201600051109;2;7;0;0;2;1;2;A01
201600051110;2;1;0;1;2;8;15;A01
201600051110;2;32;0;0;2;1;1;B01
201600051111;1;7;0;0;2;4;23;B01
201600051111;1;7;0;0;2;1;2;A01
201600051112;1;33;0;0;2;1;1;A01
201600051112;2;10;0;0;2;3;1;B01
201600051113;1;7;0;0;2;7;16;A01
201600051113;1;33;0;0;2;0;7;B01
201600051114;2;32;0;0;0;0;1;A01
201600051115;1;34;0;0;2;1;1;B01
201600051115;1;31;0;0;2;1;1;A01
201600051116;1;31;0;0;0;7;1;A01
201600051117;1;7;0;0;2;8;15;A01
201600051117;1;33;0;0;2;2;1;B01
201600051118;1;33;0;0;2;8;1;B01
201600051118;1;7;0;0;2;7;16;A01
201600051119;1;33;0;0;1;1;1;A01
201600051120;1;7;0;0;2;3;10;A01
201600051120;1;34;0;0;2;1;1;B01
201600051121;1;7;0;0;1;3;1;A01
201600051122;1;32;0;0;2;4;15;A01
201600051122;1;7;0;0;2;0;17;B01
201600051123;1;2;0;0;0;0;1;A01
201600051124;1;38;0;0;2;2;1;A01
201600051124;1;31;0;0;2;6;18;B01
201600051125;2;7;0;0;2;3;15;B01
201600051125;2;2;0;0;2;7;5;A01
201600051126;1;32;0;0;2;1;17;A01
201600051126;1;10;0;0;2;8;15;B01
201600051127;0;10;0;0;2;1;2;A01
201600051127;0;31;0;0;2;0;23;B01
201600051128;1;7;0;14;2;3;13;B01
201600051128;1;7;0;9;2;2;15;A01
201600051129;2;7;0;8;0;1;1;A01
201600051130;1;7;0;0;2;1;1;B01
201600051130;1;33;0;0;2;4;23;A01
201600051131;2;1;0;0;1;1;1;A01
201600051132;1;7;0;0;1;0;1;A01
201600051133;1;32;0;0;0;7;1;A01
201600051134;1;10;0;0;2;2;2;A01
201600051134;1;7;0;0;2;6;23;B01
201600051135;1;33;0;0;0;2;2;A01
201600051135;1;7;0;0;2;4;2;B01
201600051136;1;31;0;0;1;1;1;A01
201600051137;1;33;0;0;0;1;1;A01
201600051138;1;32;0;0;1;1;17;A01
201600051139;1;37;0;0;2;1;7;A01
201600051139;1;1;0;0;2;0;7;B01
201600051140;1;7;0;0;2;4;2;B01
201600051140;1;33;0;0;2;1;2;A01
201600051141;2;2;0;0;1;3;1;A01
201600051142;1;10;0;0;1;2;1;A01
201600051143;2;7;0;0;2;8;15;A01
201600051143;0;2;0;0;2;0;1;B01
201600051144;1;1;0;0;2;3;18;A01
201600051144;1;7;0;0;2;5;22;B01
201600051145;1;7;0;11;0;2;1;A01
201600051146;1;7;0;0;1;4;4;A01
201600051147;2;7;0;0;1;1;5;Z01
201600051148;1;7;0;0;2;7;17;A01
201600051148;1;1;0;0;2;8;1;B01
201600051149;2;38;0;0;2;3;13;A01
201600051149;0;33;0;0;2;4;17;B01
201600051150;1;7;0;1;2;1;13;Z01
201600051150;1;7;0;0;0;4;1;A01
201600051150;1;7;0;0;2;7;1;B01
201600051151;1;31;0;0;2;7;2;A01
201600051151;0;1;0;0;2;0;2;B01
201600051152;1;2;0;0;0;0;1;A01
201600051153;0;7;0;0;2;5;1;A01
201600051153;0;13;0;0;2;3;15;B01
201600051154;1;7;0;0;2;1;2;A01
201600051154;1;7;0;0;2;4;23;B01
201600051155;1;13;0;0;2;3;15;A01
201600051155;1;31;0;0;2;7;17;B01
201600051156;1;7;0;0;2;5;1;A01
201600051156;1;2;0;0;2;1;1;B01
201600051157;0;32;0;0;0;0;21;A01
201600051158;1;20;0;0;2;2;1;A01
201600051158;1;34;0;0;2;5;1;B01
201600051159;2;32;0;0;1;1;17;A01
201600051160;2;7;0;0;2;4;23;B01
201600051160;2;2;0;0;2;1;2;A01
201600051161;1;7;0;0;2;1;2;Z01
201600051161;1;7;0;0;2;8;23;B01
201600051161;1;33;0;0;2;7;23;A01
201600051162;1;13;0;0;2;2;16;A01
201600051162;1;37;0;0;2;3;7;B01
201600051163;0;7;0;0;1;0;1;A01
201600051164;1;7;0;0;2;0;22;A01
201600051164;1;1;0;1;2;2;1;B01
201600051165;2;7;0;0;1;1;1;A01
201600051166;1;32;0;0;2;1;3;A01
201600051166;1;7;0;0;2;3;1;B01
201600051167;1;31;0;0;0;7;1;A01
201600051168;2;2;0;0;2;3;18;A01
201600051168;2;7;0;0;2;2;16;B01
201600051169;2;32;0;0;0;0;1;A01
201600051170;2;30;0;0;2;6;15;A01
201600051170;2;7;0;0;2;2;1;B01
201600051171;1;30;0;0;2;1;2;A01
201600051171;1;10;0;0;2;4;2;B01
201600051172;1;1;0;0;2;1;1;B01
201600051172;1;7;0;0;2;1;15;A01
201600051173;1;7;0;0;1;2;15;A01
201600051174;2;10;0;0;1;2;1;A01
201600051175;1;7;0;0;2;4;2;B01
201600051175;1;10;0;0;2;1;2;A01
201600051176;1;7;0;0;2;3;16;B01
201600051176;1;2;0;0;2;3;5;A01
201600051177;1;1;0;12;0;1;14;A01
201600051178;1;7;0;7;0;1;1;A01
201600051179;1;34;0;0;2;1;1;A01
201600051179;1;7;0;0;2;3;23;B01
201600051180;2;7;0;0;2;5;16;B01
201600051180;2;34;0;0;2;1;18;A01
201600051181;2;7;0;0;2;6;14;B01
201600051181;2;7;0;0;2;6;1;A01
201600051182;1;30;0;0;1;1;17;A01
201600051183;1;7;0;0;2;3;15;A01
201600051183;1;30;0;0;2;0;17;B01