Num_Acc;senc;catv;occutc;obs;obsm;choc;manv;num_veh
201600051184;1;32;0;0;0;7;1;A01
201600051185;2;30;0;0;1;1;1;A01
201600051186;1;7;0;0;1;6;4;A01
201600051187;1;7;0;0;1;3;1;A01
201600051188;2;14;0;0;2;6;10;A01
201600051188;1;33;0;0;2;1;1;B01
201600051189;0;32;0;0;2;3;18;B01
201600051189;1;31;0;0;2;0;16;A01
201600051190;1;33;0;0;2;3;18;B01
201600051190;1;7;0;0;2;5;16;A01
201600051191;1;1;0;0;2;8;1;B01
201600051191;2;7;0;0;2;1;10;A01
201600051192;1;33;0;0;0;0;21;A01
201600051193;2;30;0;0;0;2;1;A01
201600051194;2;38;0;0;2;2;1;A01
201600051194;2;13;0;0;2;6;1;B01
201600051195;1;7;0;0;1;0;1;Z01
201600051196;1;32;0;0;2;7;17;A01
201600051196;1;7;0;0;2;8;1;B01
201600051197;2;33;0;1;0;1;1;A01
201600051198;1;32;0;0;2;0;1;A01
201600051198;1;7;0;0;2;0;15;B01
201600051199;2;1;0;0;2;1;1;B01
201600051199;1;7;0;0;2;3;15;A01
201600051200;1;32;0;0;0;6;1;A01
201600051201;1;7;0;0;2;1;1;B01
201600051201;1;7;0;8;2;2;1;A01
201600051202;2;7;0;0;2;8;13;A01
201600051202;2;32;0;0;2;0;1;B01
201600051203;2;31;0;0;1;1;1;A01
201600051204;1;30;0;0;0;7;1;A01
201600051205;1;7;0;0;2;3;23;A01
201600051205;1;31;0;0;2;2;17;B01
201600051206;1;7;0;0;2;5;9;B01
201600051206;1;30;0;0;2;2;1;A01
201600051207;2;10;0;0;2;1;1;B01
201600051207;2;7;0;0;2;6;1;A01
201600051208;1;34;0;0;2;7;1;A01
201600051208;1;7;0;0;2;1;1;B01
201600051209;0;7;0;0;2;4;23;B01
201600051209;0;7;0;0;2;1;23;A01
201600051209;0;7;0;0;2;2;2;C01
201600051209;0;7;0;0;2;1;2;Z01
201600051210;2;30;0;0;2;1;1;B01
201600051210;1;33;0;0;2;7;15;A01
201600051211;1;7;0;11;0;3;14;A01
201600051212;1;33;0;0;2;8;18;A01
201600051212;1;7;0;0;2;0;16;B01
201600051213;2;34;0;0;2;1;7;A01
201600051213;2;7;0;0;2;5;16;B01
201600051214;2;1;0;0;0;0;1;A01
201600051215;0;2;0;0;2;1;1;A01
201600051215;2;31;0;0;2;7;1;B01
201600051216;2;7;0;11;0;1;13;A01
201600051217;1;10;0;0;1;7;16;A01
201600051218;1;7;0;0;1;1;15;Z01
201600051219;0;7;0;0;1;1;1;A01
201600051220;2;10;0;0;1;0;4;A01
201600051221;1;7;0;0;2;3;13;A01
201600051221;1;32;0;0;2;2;17;B01
201600051222;1;30;0;0;2;1;1;A01
201600051222;1;32;0;0;2;4;1;B01
201600051223;1;7;0;0;2;4;2;B01
201600051223;1;7;0;0;2;1;2;A01
201600051224;2;33;0;14;0;3;1;A01
201600051225;2;33;0;0;2;3;1;A01
201600051225;2;7;0;0;2;3;1;B01
201600051226;2;10;0;0;2;2;1;B01
201600051226;2;34;0;0;2;3;1;A01
201600051227;0;10;0;0;2;1;2;B01
201600051227;0;31;0;0;2;4;23;A01
201600051228;0;7;0;0;1;1;1;A01
201600051229;2;30;0;0;2;1;16;A01
201600051229;0;7;0;0;2;2;1;Z01
201600051230;0;7;0;0;2;0;1;Z01
201600051230;1;33;0;0;2;0;11;A01
201600051231;1;7;0;0;2;0;1;B01
201600051231;1;34;0;0;2;6;1;A01
201600051232;1;34;0;0;2;3;17;A01
201600051232;1;1;0;0;2;3;15;B01
201600051233;2;1;0;0;1;7;1;A01
201600051234;1;7;0;0;2;5;2;A01
201600051234;1;2;0;0;2;1;2;B01
201600051235;0;1;0;0;1;1;1;A01
201600051236;1;31;0;0;2;1;11;A01
201600051236;1;32;0;0;2;1;1;B01
201600051237;2;1;0;0;2;1;1;A01
201600051237;1;7;0;0;2;2;1;B01
201600051238;2;1;0;1;1;1;1;A01
201600051239;1;32;0;0;1;1;1;A01
201600051240;2;7;0;0;1;1;1;A01
201600051241;1;32;0;0;0;0;1;A01
201600051242;1;7;0;0;2;2;16;A01
201600051242;1;1;0;0;2;3;7;B01
201600051243;2;2;0;0;1;0;1;A01
201600051244;1;7;0;0;2;0;2;A01
201600051244;1;1;0;0;2;0;2;B01
201600051245;1;33;0;0;1;1;1;A01
201600051246;1;7;0;0;2;5;22;A01
201600051246;1;2;0;1;2;1;18;B01
201600051247;1;33;0;0;1;1;1;A01
201600051248;1;32;0;0;1;2;3;A01
201600051248;1;7;0;0;2;6;23;B01
201600051248;1;10;0;0;2;7;23;C01
201600051249;1;30;0;0;1;0;1;Z01
201600051250;1;33;0;0;2;2;2;B01
201600051250;1;7;0;0;2;8;10;A01
201600051251;2;30;0;0;2;7;1;B01
201600051251;2;7;0;0;2;0;4;A01
201600051252;1;1;0;0;1;1;1;A01
201600051253;1;7;0;0;2;6;15;A01
201600051253;1;31;0;0;2;5;17;B01
201600051254;2;1;0;0;2;1;5;A01
201600051254;0;2;0;0;2;3;1;B01
201600051255;2;33;0;0;2;1;1;B01
201600051255;2;30;0;0;2;7;16;A01
201600051256;1;31;0;0;2;3;2;A01
201600051256;1;10;0;0;2;5;2;B01
201600051257;0;7;0;0;1;1;16;A01
201600051258;1;30;0;0;2;2;1;B01
201600051258;1;7;0;0;2;6;22;A01
201600051259;1;7;0;0;2;3;13;A01
201600051259;1;33;0;0;2;2;1;B01
201600051260;1;2;0;0;2;5;17;B01
201600051260;1;7;0;0;2;3;15;A01
201600051261;1;32;0;0;1;1;17;A01
201600051262;1;2;0;0;1;1;1;A01
201600051263;1;10;0;0;1;4;4;A01
201600051264;1;1;0;0;1;1;1;A01
201600051265;2;1;0;0;2;2;1;A01
201600051265;1;10;0;0;2;1;16;B01
201600051266;1;7;0;12;2;3;15;A01
201600051266;1;30;0;9;2;0;17;B01
201600051267;1;7;0;0;1;3;16;A01
201600051268;1;10;0;0;2;3;22;A01
201600051268;1;1;0;0;2;7;1;B01
201600051269;2;33;0;12;0;7;14;A01
201600051270;2;31;0;0;0;0;1;A01
201600051271;1;7;0;0;2;4;4;A01
201600051271;1;7;0;0;2;1;1;B01
201600051272;1;7;0;0;2;6;1;B01
201600051272;2;33;0;0;2;1;1;A01
201600051273;1;7;0;0;2;1;1;A01
201600051273;1;7;0;0;2;4;1;B01
201600051274;1;7;0;0;1;1;15;A01
201600051275;0;7;0;0;1;0;1;A01
201600051276;0;34;0;0;2;8;2;A01
201600051276;0;7;0;0;2;6;23;B01
201600051277;2;7;0;0;2;1;5;A01
201600051277;1;1;0;0;2;1;1;B01
201600051278;1;7;0;0;2;2;7;B01
201600051278;1;15;0;5;2;5;4;A01
201600051279;1;2;0;0;1;1;1;Z01
201600051280;1;7;0;0;2;6;1;A01
201600051280;1;31;0;0;2;1;1;B01
201600051281;1;34;0;0;0;0;21;A01
201600051282;1;7;0;0;2;1;1;B01
201600051282;1;7;0;0;2;2;1;A01
201600051283;1;31;0;0;1;1;1;A01
201600051284;1;33;0;0;0;0;1;Z01
201600051285;1;31;0;0;2;0;21;A01
201600051286;1;1;0;0;2;1;1;B01
201600051286;1;7;0;0;2;2;16;A01
201600051287;1;7;0;11;0;0;14;A01
201600051288;1;33;0;0;2;1;1;B01
201600051288;0;1;0;0;2;1;1;A01
201600051289;2;30;0;0;1;7;1;A01
201600051290;1;37;0;0;2;0;7;B01
201600051290;1;7;0;0;2;0;16;A01
201600051291;1;30;0;0;1;3;15;A01
201600051292;2;34;0;15;0;7;1;A01
201600051293;2;7;0;0;1;2;1;A01
201600051294;2;7;0;0;1;4;4;A01
201600051295;1;1;0;0;2;3;7;A01
201600051295;1;7;0;0;2;2;7;B01
201600051296;1;7;0;12;0;1;1;A01
201600051297;2;7;0;0;2;1;15;B01
201600051297;1;1;0;0;2;1;1;A01
201600051298;2;7;0;0;2;2;15;B01
201600051298;2;7;0;0;2;3;1;A01
201600051299;2;7;0;1;2;7;1;A01
201600051299;2;10;0;0;2;7;24;B01
201600051300;1;32;0;0;2;7;1;A01
201600051300;0;32;0;0;2;2;9;Z01
201600051301;2;32;0;0;0;1;1;A01
201600051302;2;30;0;11;0;1;1;A01
201600051303;2;7;0;0;1;6;1;A01
201600051304;2;7;0;0;2;1;1;A01
201600051304;1;7;0;0;2;6;11;B01
201600051305;1;7;0;0;2;2;16;A01
201600051305;1;32;0;0;2;3;1;B01
201600051306;2;7;0;0;2;2;16;B01
201600051306;2;2;0;0;2;3;18;A01
201600051307;2;33;0;0;2;1;5;A01
201600051307;1;7;0;0;2;1;15;B01
201600051308;2;10;0;0;1;1;1;A01
201600051309;2;7;0;0;1;3;15;A01
201600051310;2;2;0;6;0;0;21;A01
201600051311;1;31;0;0;2;6;7;A01
201600051311;2;33;0;0;2;2;1;B01
201600051312;2;7;0;0;2;4;23;B01
201600051312;2;7;0;0;2;1;2;A01
201600051313;2;7;0;0;1;1;15;Z01
201600051314;1;7;0;0;1;2;1;A01
201600051315;2;31;0;0;2;1;2;A01
201600051315;2;34;0;0;2;3;23;B01
201600051316;2;31;0;0;9;2;1;A01
201600051317;1;1;0;0;2;1;17;A01
201600051317;1;7;0;0;2;6;16;B01
201600051318;0;7;0;0;2;8;22;A01
201600051318;1;1;0;0;2;1;1;B01
201600051319;2;33;0;1;2;1;1;A01
201600051319;2;7;0;0;2;1;10;B01
201600051320;2;7;0;0;2;6;23;C01
201600051320;2;7;0;0;2;1;2;A01
201600051320;2;33;0;0;2;4;23;B01
201600051321;2;33;0;0;2;1;1;B01
201600051321;1;7;0;0;2;7;15;A01
201600051322;1;7;0;0;1;3;1;A01
201600051323;1;10;0;0;2;8;13;A01
201600051323;1;31;0;2;2;2;1;B01
201600051324;2;10;0;0;1;1;1;A01
201600051325;2;30;0;0;1;1;1;A01
201600051326;1;30;0;0;1;1;17;A01
201600051327;1;7;0;7;0;1;13;A01
201600051328;2;7;0;0;1;2;1;A01
201600051329;2;30;0;0;2;3;15;A01
201600051329;2;31;0;0;2;2;1;B01
201600051330;1;7;0;0;2;1;1;A01
201600051330;1;7;0;0;2;4;1;B01
201600051331;2;7;0;0;1;1;1;A01
201600051332;2;33;0;0;2;3;1;A01
201600051332;2;7;0;0;2;2;10;Z01
201600051333;2;7;0;0;1;1;1;A01
201600051334;1;7;0;0;2;0;15;B01
201600051334;1;30;0;12;2;2;1;A01
201600051335;2;7;0;0;2;2;16;A01
201600051335;2;32;0;0;2;3;1;B01
201600051336;2;33;0;0;2;7;17;A01
201600051336;2;7;0;0;2;6;1;B01
201600051337;2;10;0;0;2;1;1;A01
201600051337;2;1;0;0;2;8;18;B01
201600051338;2;2;0;0;2;1;1;A01
201600051338;2;10;0;0;2;0;4;Z01
201600051339;2;1;0;0;2;8;7;A01
201600051339;2;7;0;0;2;2;16;B01
201600051340;2;34;0;0;2;1;1;A01
201600051340;1;30;0;0;2;8;1;B01
201600051341;2;7;0;0;2;4;23;B01
201600051341;2;7;0;0;2;7;2;A01
201600051342;2;13;0;0;2;8;22;A01
201600051342;2;1;0;0;2;1;7;B01
201600051343;1;10;0;0;2;8;24;B01
201600051343;2;7;0;0;2;1;1;A01
201600051344;2;7;0;0;2;1;1;A01
201600051344;2;7;0;0;2;4;23;B01
201600051345;2;7;0;0;1;0;1;A01
201600051346;2;7;0;0;2;7;22;A01
201600051346;2;2;0;0;2;3;18;B01
201600051347;1;1;0;0;0;1;1;A01
201600051348;2;31;0;0;1;1;1;A01
201600051349;2;7;0;2;1;1;14;A01
201600051350;2;2;0;0;0;7;1;A01
201600051351;1;2;0;0;2;4;0;B01
201600051351;2;7;0;0;2;2;1;A01
201600051352;1;7;0;0;1;4;4;A01
201600051353;2;33;0;0;1;2;1;A01
201600051354;2;1;0;0;2;3;13;A01
201600051354;2;7;0;0;2;3;13;B01
201600051355;2;7;0;0;2;5;22;A01
201600051355;2;1;0;0;2;1;7;B01
201600051356;2;7;0;0;2;6;1;B01
201600051356;2;32;0;0;2;1;1;A01
201600051357;1;1;0;0;2;7;1;A01
201600051357;1;7;0;0;2;8;22;B01
201600051358;2;7;0;0;1;3;1;A01
201600051359;2;10;0;0;1;6;4;A01
201600051360;2;1;0;0;2;1;2;A01
201600051360;2;7;0;0;2;5;23;B01
201600051361;2;34;0;0;2;1;2;A01
201600051361;2;30;0;0;2;0;2;B01
201600051362;2;30;0;0;0;0;1;A01
201600051363;2;31;0;0;2;7;1;A01
201600051363;2;7;0;0;2;3;1;B01
201600051364;2;2;0;0;2;6;13;A01
201600051364;2;7;0;0;2;7;1;B01
201600051365;1;1;0;0;1;8;1;A01
201600051366;1;10;0;0;2;2;16;A01
201600051366;1;37;0;0;2;3;7;B01
201600051367;2;2;0;1;0;2;14;A01
201600051368;2;7;0;0;2;6;23;C01
201600051368;2;31;0;0;2;1;17;A01
201600051368;1;1;0;0;2;1;17;B01
201600051369;2;7;0;0;2;2;16;A01
201600051369;2;32;0;0;2;1;1;B01
201600051370;1;33;0;0;2;2;2;A01
201600051370;1;7;0;0;2;6;2;B01
201600051371;2;13;0;0;2;8;22;A01
201600051371;2;1;0;0;2;2;17;B01
201600051371;2;37;0;0;2;0;1;C01
201600051372;1;30;0;0;2;1;1;A01
201600051372;0;7;0;0;2;0;13;Z01
201600051373;2;2;0;12;0;7;14;A01
201600051374;2;1;0;0;0;0;1;A01
201600051375;1;1;0;0;2;3;7;B01
201600051375;1;14;0;0;2;2;16;A01
201600051376;1;7;0;0;2;8;22;A01
201600051376;1;1;0;0;2;0;1;B01
201600051377;2;1;0;0;2;7;5;B01
201600051377;1;7;0;0;2;0;9;Z01
201600051378;2;7;0;0;2;3;7;B01
201600051378;2;7;0;0;2;5;16;A01
201600051379;1;7;0;0;2;0;1;A01
201600051379;1;1;0;0;2;0;13;B01
201600051380;2;10;0;0;2;8;15;A01
201600051380;2;33;0;0;2;1;1;B01
201600051381;2;31;0;14;0;1;21;A01
201600051382;1;7;0;0;1;1;2;A01
201600051383;1;1;0;0;2;1;1;B01
201600051383;1;7;0;0;2;2;9;A01
201600051384;1;7;0;0;2;1;7;A01
201600051384;1;1;0;0;2;4;7;B01
201600051385;1;7;0;0;2;2;1;C01
201600051385;1;7;0;0;2;2;1;B01
201600051385;2;7;0;0;2;1;1;A01
201600051386;2;7;0;0;1;6;4;A01
201600051387;1;7;0;9;1;2;1;A01
201600051388;2;2;0;0;2;4;18;B01
201600051388;2;1;0;0;2;1;1;A01
201600051389;2;37;0;0;1;3;1;A01
201600051390;1;7;0;0;2;1;1;A01
201600051390;1;32;0;0;2;4;23;B01
201600051391;2;1;0;0;2;2;17;B01
201600051391;2;1;0;0;2;4;15;A01
201600051392;2;10;0;0;1;3;1;A01
201600051393;1;7;0;0;1;1;1;Z01
201600051394;2;2;0;8;2;3;18;B01
201600051394;2;7;0;0;2;2;12;A01
201600051395;1;37;0;0;1;2;1;A01
201600051396;1;7;0;0;2;8;1;A01
201600051396;1;32;0;0;2;7;1;B01
201600051397;2;1;0;0;1;0;1;Z01
201600051398;2;10;0;0;2;7;14;Z01
201600051398;2;1;0;0;2;3;1;A01
201600051399;2;1;0;0;1;1;7;A01
201600051400;1;2;0;0;1;1;1;A01
201600051401;1;31;0;0;2;4;2;A01
201600051401;1;7;0;0;2;0;2;Z01
201600051402;2;2;0;0;1;1;1;A01
201600051403;1;7;0;0;2;5;22;A01
201600051403;1;1;0;0;2;0;18;B01
201600051404;2;31;0;0;1;8;1;A01
201600051405;2;7;0;0;2;7;22;A01
201600051405;2;34;0;0;2;1;18;B01
201600051406;1;7;0;0;2;1;2;A01
201600051406;1;30;0;0;2;4;23;B01
201600051407;1;31;0;0;0;0;1;A01
201600051408;2;7;0;1;0;8;16;A01
201600051409;1;7;0;0;1;4;4;Z01
201600051410;2;30;0;0;1;1;7;Z01
201600051411;2;7;0;0;2;6;1;B01
201600051411;2;33;0;0;2;1;1;A01
201600051412;2;1;0;0;2;1;2;A01
201600051412;2;7;0;0;2;4;23;B01
201600051413;2;7;0;8;0;3;1;A01
201600051414;1;7;0;0;1;3;1;A01
201600051415;2;30;0;0;2;4;1;A01
201600051415;2;7;0;14;2;1;13;Z01
201600051416;2;2;0;0;0;0;1;A01
201600051417;2;7;0;0;2;0;11;A01
201600051417;2;34;0;0;2;0;1;B01
201600051418;2;1;0;0;2;3;15;A01
201600051418;2;2;0;0;2;1;17;B01
201600051419;2;7;0;0;2;2;1;A01
201600051419;1;31;0;0;2;8;1;B01
201600051420;2;7;0;0;2;7;16;A01
201600051420;2;1;0;0;2;8;7;B01
201600051421;2;30;0;0;2;1;18;A01
201600051421;2;7;0;0;2;5;16;B01
201600051422;2;7;0;0;2;0;1;B01
201600051422;2;1;0;0;2;0;1;A01
201600051423;2;7;0;0;1;1;1;A01
201600051424;2;34;0;0;2;3;1;B01
201600051424;2;1;0;0;2;7;1;A01
201600051425;1;2;0;0;2;1;2;A01
201600051425;1;7;0;0;2;2;23;B01
201600051426;2;33;0;0;2;6;1;B01
201600051426;1;7;0;0;2;6;5;A01
201600051427;2;7;0;0;2;1;23;C01
201600051427;1;7;0;0;2;1;1;A01
201600051427;2;7;0;0;2;3;1;B01
201600051428;1;1;0;1;2;1;17;A01
201600051428;1;7;0;0;2;5;23;B01
201600051428;1;7;0;0;2;8;22;Z01
201600051429;2;30;0;0;2;1;2;A01
201600051429;2;10;0;0;2;6;23;B01
201600051430;1;31;0;11;0;1;13;A01
201600051431;1;1;0;0;2;1;23;B01
201600051431;2;1;0;0;2;1;13;A01
201600051432;1;10;0;0;2;5;23;B01
201600051432;1;30;0;0;2;1;18;A01
201600051433;1;10;0;0;2;7;1;B01
201600051433;1;31;0;0;2;3;13;A01
201600051434;1;2;0;0;2;7;2;A01
201600051434;1;7;0;0;2;6;2;B01
201600051435;2;33;0;0;1;0;1;A01
201600051436;2;2;0;0;0;8;1;A01
201600051437;1;7;0;0;2;5;16;B01
201600051437;1;37;0;0;2;3;7;A01
201600051438;1;32;0;0;2;1;1;B01
201600051438;1;7;0;0;2;7;9;A01
201600051439;2;1;0;8;0;1;5;A01
201600051440;2;1;0;0;2;1;5;A01
201600051440;1;32;0;0;2;1;1;B01
201600051441;2;32;0;0;2;6;1;A01
201600051441;2;10;0;0;2;1;1;B01
201600051442;1;7;0;0;1;4;1;Z01
201600051443;1;34;0;0;1;1;1;A01
201600051444;1;7;0;0;2;5;23;B01
201600051444;1;30;0;0;2;1;2;A01
201600051445;2;1;0;0;2;0;5;A01
201600051445;1;33;0;0;2;1;1;B01
201600051446;2;10;0;0;2;1;2;A01
201600051446;2;14;0;0;2;5;23;B01
201600051447;2;7;0;0;2;2;16;B01
201600051447;2;32;0;0;2;3;18;A01
201600051448;2;32;0;0;2;4;23;A01
201600051448;0;7;0;0;2;1;1;Z01
201600051449;2;7;0;0;2;5;16;A01
201600051449;1;33;0;0;2;3;1;B01
201600051450;2;10;0;0;2;5;1;B01
201600051450;2;30;0;0;2;3;1;A01
201600051451;2;33;0;0;2;7;5;A01
201600051451;2;7;0;0;2;3;15;B01
201600051452;2;30;0;0;2;1;2;A01
201600051452;2;7;0;0;2;4;23;B01
201600051453;2;7;0;0;2;0;22;A01
201600051453;0;1;0;0;2;0;1;B01
201600051454;2;7;0;3;0;7;14;A01
201600051455;2;10;0;15;1;5;4;A01
201600051456;2;7;0;0;2;3;15;A01
201600051456;2;33;0;0;2;1;1;B01
201600051457;2;32;0;0;2;6;18;A01
201600051457;2;10;0;0;2;7;1;B01
201600051458;2;7;0;0;2;5;15;A01
201600051458;1;34;0;0;2;1;1;B01
201600051459;2;32;0;0;2;1;1;B01
201600051459;2;7;0;0;2;7;10;A01
201600051460;2;7;0;0;2;1;1;B01
201600051460;2;30;0;0;2;8;7;A01
201600051461;2;2;0;14;0;8;2;A01
201600051462;2;7;0;0;1;8;1;A01
201600051463;1;2;0;0;2;0;2;A01
201600051463;1;7;0;0;2;7;1;C01
201600051463;1;7;0;0;2;6;2;B01
201600051464;1;7;0;0;1;2;1;A01
201600051465;2;32;0;0;2;7;1;B01
201600051465;2;7;0;0;2;3;10;A01
201600051466;2;7;0;0;1;2;17;A01
201600051467;2;33;0;0;2;1;1;B01
201600051467;2;1;0;0;2;1;19;A01
201600051468;1;7;0;8;0;0;13;A01
201600051469;1;7;0;0;2;5;1;B01
201600051469;1;30;0;0;2;1;1;A01
201600051470;0;2;0;0;2;8;18;A01
201600051470;2;7;0;0;2;2;16;B01
201600051471;1;7;0;0;2;8;15;A01
201600051471;1;33;0;0;2;7;1;B01
201600051472;1;1;0;0;1;8;7;A01
201600051473;1;7;0;0;2;0;13;A01
201600051473;1;1;0;0;2;0;15;B01
201600051474;2;7;0;0;1;6;20;A01
201600051475;1;33;0;0;2;1;2;A01
201600051475;1;7;0;0;2;5;2;B01
201600051476;2;7;0;0;2;8;22;A01
201600051476;2;32;0;0;2;7;1;B01
201600051477;1;30;0;0;2;6;18;A01
201600051477;1;15;0;0;2;2;16;B01
201600051478;2;33;0;0;2;4;2;B01
201600051478;2;10;0;0;2;1;2;A01
201600051479;1;2;0;0;2;0;5;A01
201600051479;1;7;0;0;2;0;1;B01
201600051480;2;7;0;0;2;6;1;B01
201600051480;2;34;0;0;2;1;12;A01
201600051481;1;10;0;0;2;3;22;A01
201600051481;1;1;0;0;2;1;17;B01
201600051482;2;32;0;0;0;8;1;A01
201600051483;1;34;0;0;2;1;2;A01
201600051483;1;7;0;0;2;6;2;B01
201600051484;1;7;0;0;1;2;1;A01
201600051485;0;7;0;0;2;0;15;A01
201600051485;0;34;0;0;2;3;17;B01
201600051486;1;30;0;0;2;6;15;A01
201600051486;1;7;0;0;2;5;1;B01
201600051487;2;34;0;0;1;3;1;A01
201600051488;0;30;0;0;2;8;9;A01
201600051488;1;1;0;0;2;1;1;B01
201600051489;1;7;0;0;2;2;1;A01
201600051489;1;37;0;0;2;3;1;B01
201600051490;2;1;0;0;2;1;1;B01
201600051490;1;30;0;0;2;1;13;A01
201600051491;1;7;0;0;2;3;1;A01
201600051491;1;1;0;0;2;2;1;B01
201600051492;0;30;0;0;2;7;17;B01
201600051492;2;7;0;0;2;8;13;A01
201600051493;1;7;0;0;2;6;13;A01
201600051493;1;2;0;0;2;0;1;B01
201600051494;0;7;0;0;2;3;15;B01
201600051494;2;33;0;0;2;1;5;A01
201600051495;1;30;0;0;2;1;1;B01
201600051495;2;1;0;0;2;1;5;A01
201600051496;0;7;0;0;2;1;2;A01
201600051496;0;7;0;0;2;4;23;B01
201600051497;2;10;0;0;2;1;23;C01
201600051497;2;10;0;0;2;4;23;B01
201600051497;2;7;0;0;2;4;2;A01
201600051498;1;1;0;0;1;0;1;A01
201600051499;2;33;0;0;2;1;2;A01
201600051499;2;10;0;0;2;6;15;B01
201600051500;2;1;0;0;2;1;7;A01
201600051500;2;7;0;0;2;7;7;B01
201600051501;1;7;0;0;2;0;1;B01
201600051501;1;10;0;0;2;0;10;A01
201600051502;1;34;0;0;2;1;2;A01
201600051502;1;34;0;0;2;4;2;B01
201600051503;1;7;0;0;1;4;4;A01
201600051504;1;7;0;0;2;2;16;A01
201600051504;1;31;0;0;2;3;1;B01
201600051505;1;7;0;0;2;4;23;B01
201600051505;1;30;0;0;2;4;2;A01
201600051506;0;7;0;0;1;1;15;A01
201600051507;1;1;0;0;1;2;7;A01
201600051508;2;34;0;0;0;0;1;A01
201600051509;2;7;0;0;2;1;1;A01
201600051509;2;37;0;0;2;3;7;B01
201600051510;2;7;0;0;2;0;15;B01
201600051510;1;33;0;0;2;0;8;A01
201600051511;1;30;0;0;0;0;1;A01
201600051512;1;30;0;0;1;0;1;Z01
201600051513;1;1;0;0;2;1;1;B01
201600051513;1;10;0;0;2;3;22;A01
201600051514;0;34;0;0;1;1;5;A01
201600051515;2;34;0;0;2;1;17;A01
201600051515;2;10;0;0;2;5;1;B01
201600051516;1;32;0;0;2;6;1;B01
201600051516;1;33;0;0;2;1;14;A01
201600051517;2;7;0;0;2;1;1;A01
201600051517;2;7;0;0;2;8;1;B01
201600051518;2;7;0;9;0;1;13;A01
201600051519;1;32;0;0;1;1;3;A01
201600051520;1;37;0;0;1;2;1;A01
201600051521;1;2;0;0;2;2;17;A01
201600051521;1;7;0;0;2;3;15;B01
201600051522;1;34;0;0;2;1;1;A01
201600051522;1;34;0;0;2;4;23;B01
201600051523;2;7;0;8;0;2;14;A01
201600051524;1;2;0;0;2;8;1;A01
201600051524;1;2;0;0;2;0;1;Z01
201600051525;1;1;0;0;1;0;1;A01
201600051526;2;1;0;0;2;2;1;B01
201600051526;1;7;0;0;2;2;16;A01
201600051527;2;7;0;0;1;1;1;A01
201600051528;1;31;0;0;1;2;1;A01
201600051529;1;2;0;1;2;9;14;A01
201600051530;1;10;0;0;1;3;1;A01
201600051531;1;7;0;0;2;2;16;A01
201600051531;1;34;0;0;2;3;18;B01
201600051532;1;7;0;0;2;5;2;A01
201600051532;1;7;0;0;2;0;23;B01
201600051533;1;33;0;0;0;0;1;A01
201600051534;1;7;0;0;1;2;1;A01
201600051535;1;38;0;0;1;8;15;A01
201600051536;1;33;0;0;1;2;1;A01
201600051537;1;2;0;0;0;1;16;A01
201600051538;2;31;0;1;0;1;14;A01
201600051539;1;10;0;0;2;0;1;A01
201600051539;1;7;0;0;2;0;15;B01
201600051540;2;7;0;0;2;2;12;A01
201600051540;2;31;0;0;2;3;7;B01
201600051541;1;7;0;0;1;5;4;A01
201600051542;1;7;0;0;1;1;16;Z01
201600051543;1;7;0;0;0;2;16;A01
201600051543;1;1;0;0;2;1;1;B01
201600051544;1;7;0;0;2;0;16;A01
201600051544;1;2;0;0;2;0;1;B01
201600051545;1;33;0;0;2;0;16;B01
201600051545;1;32;0;0;2;0;18;A01
201600051546;0;30;0;0;0;2;1;Z01
201600051546;0;7;0;0;0;2;15;A01
201600051547;2;32;0;12;0;0;13;A01
201600051548;2;7;0;0;2;6;1;B01
201600051548;2;30;0;1;2;7;1;A01
201600051549;1;30;0;0;2;1;1;A01
201600051549;1;7;0;0;2;4;15;B01
201600051550;1;7;0;0;2;2;1;A01
201600051550;1;1;0;0;2;8;1;B01
201600051551;1;7;0;0;2;1;1;A01
201600051551;1;10;0;8;2;8;1;B01
201600051552;1;7;0;0;1;1;1;A01
201600051553;2;31;0;0;0;0;1;A01
201600051554;2;1;0;0;2;1;17;B01
201600051554;2;7;0;0;2;6;22;A01
201600051555;1;33;0;0;1;1;1;A01
201600051556;1;33;0;0;2;2;17;B01
201600051556;1;10;0;0;2;8;15;A01
201600051557;1;7;0;0;1;0;20;Z01
201600051558;1;7;0;0;1;4;4;A01
201600051559;1;31;0;0;2;2;15;B01
201600051559;1;1;0;0;2;8;19;A01
201600051560;1;33;0;0;1;2;3;A01
201600051561;1;7;0;0;2;2;16;A01
201600051561;1;33;0;0;2;0;1;B01
201600051562;2;1;0;0;2;7;7;A01
201600051562;2;1;0;0;2;8;7;B01
201600051563;1;31;0;14;0;1;1;A01
201600051564;1;7;0;0;2;0;23;B01
201600051564;1;7;0;0;2;1;2;A01
201600051565;0;7;0;0;2;3;9;B01
201600051565;0;2;0;0;2;2;16;A01
201600051566;2;30;0;0;1;3;1;A01
201600051567;1;10;0;0;2;0;16;B01
201600051567;1;7;0;0;2;0;1;A01
201600051568;1;1;0;0;1;1;16;A01
201600051569;2;7;0;0;2;3;13;A01
201600051569;2;31;0;0;2;5;1;B01
201600051570;1;33;0;0;2;4;2;B01
201600051570;1;30;0;0;2;1;2;A01
201600051571;1;1;0;8;0;0;21;A01
201600051572;0;31;0;0;2;2;17;A01