Num_Acc;senc;catv;occutc;obs;obsm;choc;manv;num_veh
201600051572;0;7;0;0;2;3;13;B01
201600051573;2;7;0;0;2;1;9;A01
201600051573;1;33;0;0;2;7;1;B01
201600051574;1;33;0;0;2;7;1;A01
201600051574;1;7;0;0;2;0;13;Z01
201600051575;2;2;0;0;0;8;15;A01
201600051576;1;10;0;0;2;3;9;A01
201600051576;1;31;0;0;2;1;1;B01
201600051577;2;7;0;1;0;3;14;A01
201600051578;2;7;0;0;1;1;1;A01
201600051579;2;7;0;0;2;0;1;C01
201600051579;2;7;0;0;2;1;1;A01
201600051579;2;7;0;0;2;0;1;B01
201600051580;2;30;0;0;2;8;1;B01
201600051580;2;7;0;0;2;8;14;A01
201600051581;1;7;0;0;1;2;1;A01
201600051582;2;7;0;0;2;0;16;A01
201600051582;2;1;0;0;2;0;7;B01
201600051583;1;1;0;0;2;1;19;B01
201600051583;1;7;0;1;2;7;24;C01
201600051583;1;33;0;0;2;1;1;A01
201600051584;1;31;0;0;2;0;17;A01
201600051584;2;10;0;0;2;8;13;Z01
201600051585;1;31;0;0;0;0;1;A01
201600051586;1;7;0;0;1;1;1;A01
201600051587;1;1;0;0;2;5;14;B01
201600051587;1;7;0;0;2;3;1;A01
201600051588;1;30;0;0;2;7;5;A01
201600051588;1;7;0;0;2;8;15;B01
201600051589;1;7;0;0;2;4;2;B01
201600051589;1;7;0;0;2;1;2;A01
201600051590;1;7;0;0;2;6;18;A01
201600051590;1;14;0;0;2;6;15;B01
201600051591;2;2;0;0;2;4;23;A01
201600051591;1;7;0;0;2;1;1;Z01
201600051592;2;10;0;0;1;1;1;A01
201600051593;1;7;0;11;2;1;2;A01
201600051593;1;7;0;0;2;3;2;B01
201600051594;0;10;0;0;2;3;1;B01
201600051594;2;1;0;0;2;5;1;A01
201600051595;1;1;0;0;2;7;15;A01
201600051595;2;31;0;0;2;1;1;B01
201600051596;0;2;0;0;2;8;1;B01
201600051596;1;10;0;0;2;7;15;A01
201600051597;1;7;0;0;2;8;16;A01
201600051597;2;1;0;0;2;0;1;B01
201600051598;0;33;0;0;2;0;2;A01
201600051598;0;7;0;0;2;0;2;B01
201600051599;1;7;0;0;1;7;1;A01
201600051600;2;1;0;0;2;1;7;B01
201600051600;2;10;0;0;2;7;16;A01
201600051601;2;30;0;0;2;3;13;A01
201600051601;0;31;0;0;2;5;1;B01
201600051602;1;34;0;0;1;8;1;A01
201600051603;1;7;0;1;2;7;14;A01
201600051603;2;7;0;0;2;7;2;B01
201600051603;2;32;0;0;2;1;2;C01
201600051604;2;7;0;7;0;1;13;A01
201600051605;1;1;0;0;2;1;1;B01
201600051605;0;7;0;0;2;3;22;A01
201600051606;1;10;0;0;2;4;23;B01
201600051606;1;7;0;0;2;1;2;A01
201600051607;1;10;0;0;1;4;4;A01
201600051608;2;7;0;0;2;0;15;B01
201600051608;2;31;0;0;2;7;17;A01
201600051609;1;10;0;0;2;8;1;A01
201600051609;1;2;0;0;2;7;14;B01
201600051610;1;31;0;0;2;1;1;B01
201600051610;1;7;0;0;2;7;5;A01
201600051611;1;7;0;0;2;3;15;B01
201600051611;1;32;0;0;2;2;17;A01
201600051612;2;31;0;0;2;1;1;B01
201600051612;2;7;0;0;2;1;1;A01
201600051613;1;1;0;0;2;8;18;A01
201600051613;1;7;0;0;2;7;22;B01
201600051614;2;7;0;0;2;2;2;A01
201600051614;2;7;0;0;2;6;2;B01
201600051615;1;7;0;0;1;2;15;A01
201600051616;2;1;0;0;2;0;5;A01
201600051616;1;31;0;0;2;0;1;B01
201600051617;2;1;0;0;1;7;5;A01
201600051618;2;30;0;0;2;1;2;A01
201600051618;0;7;0;0;2;4;23;B01
201600051619;1;7;0;0;2;3;15;A01
201600051619;1;30;0;0;2;1;17;B01
201600051620;1;7;0;0;1;1;1;A01
201600051621;2;7;0;0;1;3;1;A01
201600051622;2;7;0;0;2;2;16;A01
201600051622;2;1;0;0;2;1;7;B01
201600051623;1;33;0;0;2;8;1;B01
201600051623;2;7;0;0;2;2;15;A01
201600051624;2;7;0;0;2;1;1;A01
201600051624;2;33;0;0;2;4;1;B01
201600051625;2;30;0;14;0;1;7;A01
201600051626;1;7;0;0;1;3;1;A01
201600051627;2;7;0;0;2;1;2;A01
201600051627;2;10;0;0;2;4;2;B01
201600051628;1;7;0;0;2;4;2;B01
201600051628;1;7;0;0;2;0;2;A01
201600051629;1;31;0;12;0;1;14;A01
201600051630;1;10;0;0;2;8;22;A01
201600051630;1;1;0;0;2;1;1;B01
201600051631;0;10;0;0;1;0;4;Z01
201600051632;2;34;0;0;2;1;16;A01
201600051632;2;34;0;0;2;6;18;B01
201600051633;1;7;0;0;2;8;10;A01
201600051633;1;2;0;0;2;1;17;B01
201600051634;1;7;0;0;2;6;2;B01
201600051634;0;7;0;0;2;5;23;C01
201600051634;2;31;0;0;2;0;1;E01
201600051634;2;38;0;0;2;2;2;A01
201600051634;2;33;0;0;2;0;1;D01
201600051635;1;31;0;0;1;1;1;A01
201600051636;1;7;0;1;1;1;1;A01
201600051637;1;7;0;0;2;0;14;A01
201600051637;1;30;0;0;2;0;1;B01
201600051638;1;1;0;0;0;8;21;A01
201600051639;1;7;0;0;2;5;15;A01
201600051639;2;30;0;0;2;2;1;B01
201600051640;0;7;0;0;2;5;22;A01
201600051640;0;1;0;0;2;8;1;B01
201600051641;2;7;0;1;0;1;1;A01
201600051642;1;7;0;0;2;3;7;A01
201600051642;1;1;0;0;2;3;1;B01
201600051643;1;30;0;0;2;2;1;A01
201600051643;2;7;0;0;2;6;10;B01
201600051644;2;30;0;0;2;7;1;B01
201600051644;1;7;0;0;2;0;15;A01
201600051645;2;7;0;0;2;1;1;B01
201600051645;1;30;0;0;2;1;1;A01
201600051646;2;7;0;0;1;2;1;A01
201600051647;2;7;0;0;2;7;16;A01
201600051647;2;1;0;0;2;0;7;B01
201600051648;2;7;0;0;1;2;16;A01
201600051649;1;7;0;0;2;1;15;A01
201600051649;2;30;0;0;2;1;15;B01
201600051650;2;31;0;0;2;6;2;A01
201600051650;2;10;0;0;2;1;2;B01
201600051651;1;1;0;0;2;1;2;A01
201600051651;1;7;0;0;2;0;23;B01
201600051652;1;7;0;0;2;7;14;A01
201600051652;1;1;0;0;2;7;1;B01
201600051653;1;30;0;0;2;2;14;A01
201600051653;1;2;0;0;2;0;1;B01
201600051654;2;2;0;0;2;5;1;A01
201600051654;2;1;0;0;2;3;1;B01
201600051655;2;7;0;0;2;3;22;A01
201600051655;2;1;0;0;2;3;1;B01
201600051656;2;32;0;0;2;1;1;B01
201600051656;2;7;0;0;2;8;15;A01
201600051657;2;30;0;0;2;1;1;B01
201600051657;2;1;0;0;2;7;15;A01
201600051658;1;30;0;0;1;1;1;Z01
201600051659;2;31;0;0;2;1;17;B01
201600051659;2;7;0;0;2;0;15;A01
201600051660;1;7;0;0;1;2;1;A01
201600051661;2;1;0;12;0;1;14;A01
201600051662;2;7;0;0;2;0;16;A01
201600051662;2;1;0;0;2;1;7;B01
201600051663;2;7;0;0;2;7;12;A01
201600051663;2;31;0;0;2;1;1;B01
201600051664;2;32;0;0;2;2;15;A01
201600051664;1;7;0;0;2;3;15;B01
201600051665;2;33;0;0;0;7;21;A01
201600051666;1;7;0;0;2;7;22;A01
201600051666;1;1;0;0;2;8;18;B01
201600051667;2;33;0;0;2;1;1;B01
201600051667;2;7;0;0;2;3;13;A01
201600051668;2;30;0;12;2;3;18;A01
201600051668;2;1;0;0;2;7;1;B01
201600051669;1;10;0;0;2;5;4;A01
201600051669;1;33;0;1;2;3;2;B01
201600051670;1;34;0;0;2;7;1;B01
201600051670;1;7;0;0;2;8;13;Z01
201600051671;1;32;0;0;2;1;17;B01
201600051671;1;7;0;0;2;8;22;A01
201600051672;2;33;0;0;2;1;1;B01
201600051672;1;7;0;0;2;7;10;A01
201600051673;2;10;0;0;2;7;16;B01
201600051673;2;7;0;0;2;3;7;A01
201600051674;2;7;0;0;1;2;1;Z01
201600051675;2;7;0;0;1;1;1;Z01
201600051676;1;1;0;0;1;0;1;Z01
201600051677;2;33;0;0;2;2;17;B01
201600051677;2;7;0;0;2;3;15;A01
201600051678;1;7;0;0;2;2;14;A01
201600051678;1;31;0;0;2;3;1;B01
201600051679;2;30;0;0;1;1;1;A01
201600051680;1;7;0;0;1;3;4;A01
201600051681;2;32;0;0;1;1;1;A01
201600051682;2;7;0;0;2;2;16;B01
201600051682;1;33;0;0;2;3;18;A01
201600051683;2;7;0;0;1;4;4;A01
201600051684;2;7;0;0;1;0;1;Z01
201600051685;1;33;0;0;2;8;1;B01
201600051685;1;7;0;0;2;2;10;A01
201600051686;2;33;0;0;1;3;1;A01
201600051687;1;7;0;0;2;6;1;B01
201600051687;1;1;0;0;2;2;1;A01
201600051688;2;7;0;0;2;2;16;A01
201600051688;2;1;0;0;2;1;1;B01
201600051689;1;7;0;0;2;3;1;A01
201600051689;1;7;0;0;2;1;1;B01
201600051690;1;7;0;0;2;1;1;C01
201600051690;2;7;0;0;2;1;1;B01
201600051690;1;1;0;0;2;1;5;A01
201600051691;2;7;0;0;1;3;1;A01
201600051692;1;7;0;0;2;1;1;A01
201600051692;1;34;0;0;2;5;1;B01
201600051693;1;33;0;0;2;7;1;B01
201600051693;2;7;0;0;2;1;15;A01
201600051694;1;7;0;0;2;3;9;A01
201600051694;1;32;0;0;2;1;21;B01
201600051695;1;7;0;0;1;4;4;Z01
201600051696;1;10;0;0;2;3;1;B01
201600051696;1;7;0;0;2;7;1;A01
201600051697;2;7;0;0;2;3;13;Z01
201600051697;1;7;0;0;2;3;1;A01
201600051698;2;7;0;0;2;3;14;A01
201600051698;2;30;0;0;2;3;1;B01
201600051699;2;7;0;0;1;6;20;A01
201600051700;2;1;0;0;2;8;1;A01
201600051700;2;7;0;0;2;2;16;Z01
201600051701;1;1;0;0;2;3;19;B01
201600051701;1;32;0;0;2;1;3;A01
201600051702;2;7;0;0;2;5;22;A01
201600051702;2;33;0;0;2;8;3;B01
201600051702;2;7;0;0;2;8;1;C01
201600051703;2;32;0;0;1;1;1;A01
201600051704;1;7;0;0;2;5;1;B01
201600051704;1;34;0;0;2;1;15;A01
201600051705;1;1;0;0;1;1;1;A01
201600051706;2;7;0;9;0;2;1;A01
201600051707;2;7;0;0;1;1;1;A01
201600051708;1;34;0;14;2;3;18;B01
201600051708;1;7;0;0;2;7;22;A01
201600051709;1;7;0;0;1;6;4;A01
201600051710;1;7;0;0;2;3;22;A01
201600051710;1;1;0;1;2;0;1;B01
201600051711;1;1;0;0;2;3;11;A01
201600051711;1;7;0;0;2;5;1;B01
201600051712;1;7;0;0;1;5;4;A01
201600051713;2;32;0;0;2;1;1;A01
201600051713;2;1;0;0;2;8;1;B01
201600051714;0;7;0;0;2;1;1;A01
201600051714;0;7;0;0;2;2;1;B01
201600051715;1;7;0;0;2;1;15;A01
201600051715;2;7;0;0;2;1;1;B01
201600051716;1;30;0;0;2;3;1;B01
201600051716;1;7;0;0;2;1;1;A01
201600051717;2;10;0;0;2;8;10;A01
201600051717;2;33;0;0;2;3;1;B01
201600051718;1;32;0;0;1;2;1;A01
201600051719;1;7;0;0;2;8;1;B01
201600051719;2;7;0;0;2;2;1;A01
201600051720;2;7;0;0;2;8;15;A01
201600051720;2;32;0;0;2;1;1;B01
201600051721;1;1;0;0;2;5;1;B01
201600051721;1;7;0;0;2;6;4;A01
201600051722;2;2;0;0;2;2;17;A01
201600051722;2;7;0;0;2;3;9;B01
201600051723;1;2;0;0;2;4;23;B01
201600051723;1;7;0;0;2;1;2;A01
201600051724;1;7;0;0;2;2;14;A01
201600051724;0;7;0;0;2;3;24;B01
201600051725;1;1;0;0;2;1;18;B01
201600051725;1;7;0;0;2;2;22;A01
201600051726;2;37;0;0;2;5;17;A01
201600051726;2;1;0;0;2;0;7;B01
201600051727;2;7;0;0;2;0;22;A01
201600051727;2;1;0;0;2;1;1;B01
201600051728;2;7;0;0;2;1;9;A01
201600051728;2;7;0;0;2;6;1;B01
201600051729;0;7;0;0;2;8;15;B01
201600051729;0;32;0;0;2;1;17;A01
201600051730;1;30;0;0;2;8;1;B01
201600051730;1;7;0;0;2;2;15;A01
201600051731;2;7;0;0;2;8;9;A01
201600051731;1;1;0;0;2;1;5;B01
201600051732;1;7;0;6;0;1;13;A01
201600051733;2;1;0;0;2;3;16;B01
201600051733;2;1;0;0;2;2;16;A01
201600051734;1;33;0;0;2;7;15;A01
201600051734;0;7;0;0;2;0;17;Z01
201600051735;2;32;0;0;2;2;17;B01
201600051735;2;10;0;0;2;8;15;A01
201600051736;2;33;0;0;1;1;1;A01
201600051737;0;7;0;1;2;5;24;B01
201600051737;2;2;0;1;2;1;1;A01
201600051738;1;2;0;0;1;8;8;A01
201600051739;1;7;0;0;2;1;1;A01
201600051739;2;7;0;0;2;1;1;B01
201600051740;1;7;0;1;0;1;14;A01
201600051741;2;7;0;0;1;1;1;A01
201600051742;2;7;0;0;2;8;9;A01
201600051742;2;2;0;0;2;1;1;B01
201600051743;2;1;0;0;2;3;13;A01
201600051743;2;7;0;0;2;2;1;B01
201600051744;2;30;0;0;2;1;1;B01
201600051744;1;7;0;0;2;2;10;A01
201600051745;2;1;0;0;1;1;5;A01
201600051746;1;7;0;0;2;0;22;A01
201600051746;1;1;0;0;2;0;1;B01
201600051747;2;7;0;16;2;3;15;B01
201600051747;1;32;0;0;2;8;1;A01
201600051748;2;2;0;0;1;1;1;A01
201600051749;1;32;0;0;2;1;1;B01
201600051749;2;7;0;0;2;5;15;A01
201600051750;1;7;0;0;2;1;1;A01
201600051750;1;31;0;8;1;8;1;B01
201600051751;2;30;0;0;0;8;15;A01
201600051752;2;7;0;0;1;3;1;Z01
201600051753;0;1;0;0;2;1;7;B01
201600051753;2;7;0;0;2;5;22;A01
201600051754;2;31;0;0;2;6;1;A01
201600051754;1;7;0;0;2;6;15;B01
201600051755;1;10;0;0;1;4;4;A01
201600051756;1;30;0;0;2;3;1;A01
201600051756;1;7;0;0;2;3;16;Z01
201600051757;0;1;0;0;2;7;19;A01
201600051757;1;32;0;0;2;7;1;B01
201600051758;2;7;0;0;2;6;11;A01
201600051758;2;32;0;0;2;2;1;B01
201600051759;1;31;0;0;2;7;16;B01
201600051759;1;31;0;0;2;0;18;A01
201600051760;1;7;0;0;2;2;1;B01
201600051760;1;7;0;0;2;0;1;A01
201600051761;2;7;0;0;2;3;15;B01
201600051761;2;1;0;0;2;1;5;A01
201600051762;1;1;0;0;1;1;15;A01
201600051763;1;7;0;0;2;3;23;B01
201600051763;1;7;0;0;2;2;1;A01
201600051764;1;33;0;0;2;4;2;A01
201600051764;1;10;0;0;2;1;2;Z01
201600051765;0;7;0;0;2;2;2;A01
201600051765;1;33;0;0;2;4;23;B01
201600051766;2;7;0;0;1;1;1;Z01
201600051767;1;38;0;0;1;3;15;A01
201600051768;2;31;0;0;2;1;1;A01
201600051768;2;7;0;0;2;7;1;B01
201600051769;2;7;0;0;1;2;16;A01
201600051770;1;1;0;0;1;1;1;A01
201600051771;2;7;0;0;2;4;15;A01
201600051771;2;7;0;0;2;1;1;B01
201600051772;2;2;0;0;2;1;18;A01
201600051772;2;10;0;0;2;2;1;B01
201600051773;1;7;0;0;2;1;15;B01
201600051773;1;33;0;0;2;7;1;A01
201600051774;2;1;0;0;2;0;15;A01
201600051774;2;30;0;0;2;1;1;B01
201600051775;1;31;0;1;2;2;17;B01
201600051775;1;7;0;0;2;5;13;A01
201600051776;2;7;0;0;1;0;16;Z01
201600051777;2;7;0;0;2;3;11;A01
201600051777;2;31;0;0;2;2;1;B01
201600051778;1;1;0;0;1;1;1;A01
201600051779;2;34;0;0;2;1;1;A01
201600051779;1;7;0;0;2;3;1;Z01
201600051780;1;7;0;0;2;3;10;A01
201600051780;1;30;0;0;2;1;1;B01
201600051781;2;30;0;0;2;2;13;A01
201600051781;1;31;0;0;2;1;23;B01
201600051782;2;7;0;0;2;7;15;A01
201600051782;2;33;0;0;2;8;17;B01
201600051783;1;7;0;0;1;8;1;A01
201600051784;1;7;0;0;2;4;1;B01
201600051784;1;1;0;0;2;2;1;A01
201600051785;2;34;0;0;2;1;1;B01
201600051785;2;32;0;0;2;3;9;A01
201600051786;1;30;0;12;0;1;14;A01
201600051787;1;2;0;0;1;0;1;A01
201600051788;2;7;0;0;2;2;1;A01
201600051788;1;7;0;0;2;3;10;B01
201600051789;2;30;0;0;2;1;17;A01
201600051789;2;7;0;0;2;8;15;B01
201600051790;2;7;0;0;2;4;23;B01
201600051790;2;2;0;0;2;1;2;A01
201600051791;2;7;0;0;1;2;1;A01
201600051792;1;30;0;0;0;8;21;A01
201600051793;1;7;0;0;1;1;4;A01
201600051794;2;33;0;0;1;8;1;A01
201600051795;2;33;0;0;1;3;1;A01
201600051796;1;7;0;0;2;2;1;A01
201600051796;1;7;0;0;2;3;1;B01
201600051797;2;7;0;0;1;1;1;A01
201600051798;1;7;0;0;2;0;16;B01
201600051798;1;33;0;0;2;1;18;A01
201600051799;1;31;0;14;0;3;1;A01
201600051800;1;7;0;0;1;1;1;A01
201600051801;1;33;0;0;2;7;1;A01
201600051801;2;10;0;0;2;7;1;Z01
201600051802;2;2;0;0;2;1;2;A01
201600051802;2;7;0;0;2;6;23;B01
201600051803;2;37;0;0;2;2;1;B01
201600051803;2;37;0;0;2;3;15;A01
201600051804;2;7;0;0;2;4;23;B01
201600051804;2;7;0;0;2;2;2;A01
201600051805;1;2;0;0;2;1;2;A01
201600051805;1;10;0;0;2;6;23;B01
201600051806;1;7;0;6;1;1;20;A01
201600051807;1;34;0;0;1;0;1;A01
201600051808;1;7;0;0;1;1;18;A01
201600051809;1;7;0;0;1;3;15;A01
201600051810;1;31;0;8;0;0;14;A01
201600051811;2;30;0;0;2;1;18;A01
201600051811;2;10;0;0;2;1;16;Z01
201600051812;2;7;0;0;1;1;7;A01
201600051813;1;7;0;0;1;4;4;A01
201600051814;1;1;0;8;0;1;1;A01
201600051815;2;7;0;0;2;8;7;B01
201600051815;2;10;0;0;2;0;16;A01
201600051816;1;7;0;0;2;7;16;A01
201600051816;1;1;0;0;2;7;18;B01
201600051817;2;1;0;0;2;0;1;B01
201600051817;0;7;0;0;2;5;23;A01
201600051818;1;7;0;0;2;8;23;B01
201600051818;1;7;0;0;2;3;23;C01
201600051818;2;33;0;0;2;8;13;A01
201600051819;1;7;0;0;2;2;1;A01
201600051819;1;34;0;0;2;4;23;B01
201600051820;1;32;0;0;1;1;1;A01
201600051821;1;7;0;0;1;3;1;A01
201600051822;2;7;0;1;2;0;1;B01
201600051822;2;10;0;0;2;0;22;A01
201600051823;2;33;0;0;1;1;1;A01
201600051824;0;7;0;0;2;3;13;B01
201600051824;0;30;0;0;2;2;17;A01
201600051825;2;31;0;0;1;1;1;A01
201600051826;2;31;0;0;1;1;1;A01
201600051827;2;1;0;0;1;1;1;A01
201600051828;2;7;0;0;2;6;10;A01
201600051828;2;31;0;0;2;1;1;B01
201600051829;1;7;0;0;1;3;16;A01
201600051830;1;37;0;0;1;2;1;A01
201600051831;2;7;0;0;1;3;16;A01
201600051832;2;33;0;0;2;3;1;B01
201600051832;2;7;0;0;2;3;15;A01
201600051833;1;30;0;0;2;3;11;A01
201600051833;1;33;0;0;2;5;1;B01
201600051834;2;30;0;0;2;1;5;A01
201600051834;2;7;0;0;2;3;15;B01
201600051835;1;1;0;0;2;1;1;A01
201600051835;1;7;0;0;2;3;15;B01
201600051836;1;31;0;0;1;1;1;A01
201600051837;2;1;0;0;2;0;1;B01
201600051837;2;7;0;0;2;2;15;A01
201600051838;2;7;0;0;2;7;15;A01
201600051838;2;7;0;0;2;1;1;B01
201600051839;0;7;0;0;1;3;9;A01
201600051840;0;7;0;0;2;2;16;A01
201600051840;0;30;0;0;2;8;1;B01
201600051841;1;7;0;15;2;8;9;A01
201600051841;2;1;0;0;2;0;5;B01
201600051842;1;30;0;0;2;1;2;A01
201600051842;1;7;0;0;2;6;23;B01
201600051843;1;37;0;0;0;0;1;A01
201600051844;1;34;0;0;2;1;1;A01
201600051844;1;7;0;0;2;4;1;B01
201600051845;2;14;0;0;1;1;16;A01
201600051846;0;1;0;0;2;1;1;A01
201600051846;1;7;0;0;2;1;15;B01
201600051847;1;7;0;0;1;0;4;A01
201600051848;1;1;0;0;2;8;15;B01
201600051848;1;33;0;0;2;7;17;A01
201600051849;2;7;0;0;2;4;23;B01
201600051849;2;14;0;0;2;1;2;A01
201600051850;2;1;0;0;1;7;1;A01
201600051851;2;33;0;0;2;2;17;B01
201600051851;1;7;0;0;2;3;10;A01
201600051852;0;33;0;0;2;1;9;A01
201600051852;1;30;0;0;2;2;1;B01
201600051853;2;1;0;0;2;3;1;B01
201600051853;2;7;0;0;2;5;16;A01
201600051854;1;37;0;0;2;4;11;B01
201600051854;1;33;0;0;2;2;1;A01
201600051855;2;32;0;0;2;3;1;A01
201600051855;0;7;0;0;2;2;17;B01
201600051856;2;7;0;0;2;1;1;A01
201600051856;2;7;0;0;2;4;23;B01
201600051857;2;2;0;0;0;0;21;A01
201600051858;1;31;0;0;2;7;5;A01
201600051858;1;7;0;0;2;8;1;B01
201600051859;1;7;0;0;2;0;1;A01
201600051859;1;1;0;0;2;0;13;B01
201600051860;2;7;0;0;1;0;1;A01
201600051861;2;7;0;0;1;1;1;A01
201600051862;1;7;0;0;1;2;1;A01
201600051863;0;7;0;0;2;0;23;B01
201600051863;1;7;0;14;2;1;1;A01
201600051864;2;32;0;0;2;8;1;B01
201600051864;2;7;0;0;2;5;12;A01
201600051865;2;1;0;0;2;8;1;A01
201600051865;1;7;0;0;2;1;1;B01
201600051866;2;30;0;1;0;2;14;A01
201600051867;2;37;0;0;1;2;1;A01
201600051868;2;7;0;0;2;7;16;A01
201600051868;2;1;0;0;2;1;7;B01
201600051869;2;1;0;0;0;0;1;A01
201600051870;2;7;0;0;2;5;2;B01
201600051870;2;33;0;0;2;1;23;A01
201600051871;2;7;0;0;2;3;15;A01
201600051871;1;32;0;0;2;2;17;B01
201600051872;1;7;0;0;1;1;1;A01
201600051873;1;1;0;0;1;0;1;A01
201600051874;2;7;0;0;2;7;16;A01
201600051874;2;1;0;0;2;8;23;B01
201600051875;2;7;0;0;1;2;16;A01
201600051876;2;7;0;0;1;1;1;Z01
201600051877;2;7;0;0;2;3;1;B01
201600051877;2;14;0;0;2;2;1;A01
201600051878;1;7;0;1;2;2;1;B01
201600051878;1;7;0;0;2;3;9;A01
201600051879;2;10;0;0;1;0;16;Z01
201600051880;1;2;0;0;2;1;1;A01
201600051880;1;7;0;0;2;1;9;B01
201600051881;1;7;0;0;2;2;16;A01
201600051881;1;7;0;0;2;3;7;B01
201600051882;2;7;0;0;2;3;15;A01
201600051882;1;7;0;0;2;2;7;B01
201600051883;2;30;0;0;2;5;15;A01
201600051883;2;7;0;0;2;2;1;B01
201600051884;1;7;0;0;2;2;15;A01
201600051884;2;2;0;0;2;1;1;B01
201600051885;2;1;0;0;2;1;5;A01
201600051885;2;7;0;0;2;3;1;B01
201600051886;2;7;0;0;2;6;15;A01
201600051886;2;32;0;0;2;1;17;B01
201600051887;1;7;0;0;1;3;1;A01
201600051888;2;37;0;0;2;7;14;A01
201600051888;2;1;0;0;2;8;1;B01
201600051889;2;7;0;0;1;2;1;A01
201600051890;1;7;0;0;2;8;22;A01
201600051890;1;1;0;1;2;7;1;B01
201600051891;1;7;0;0;2;8;1;B01
201600051891;2;7;0;0;2;1;1;A01
201600051892;2;30;0;0;0;0;1;A01
201600051893;1;7;0;0;2;4;2;A01
201600051893;1;33;0;0;2;1;2;B01
201600051894;1;7;0;0;2;7;17;A01
201600051894;1;1;0;0;2;3;13;B01
201600051895;1;1;0;0;2;7;1;B01
201600051895;1;7;0;0;2;8;22;A01
201600051896;1;37;0;0;1;2;7;A01
201600051897;1;7;0;0;2;2;1;A01
201600051897;2;1;0;0;2;8;1;B01
201600051898;1;7;0;0;2;2;1;B01
201600051898;1;7;0;0;2;3;10;A01
201600051899;2;7;0;0;2;2;16;A01
201600051899;2;2;0;0;2;8;7;B01
201600051900;2;14;0;0;2;2;2;A01
201600051900;2;33;0;0;2;6;2;B01
201600051901;2;7;0;0;1;1;1;A01
201600051902;2;7;0;0;1;1;15;A01
201600051903;2;31;0;0;1;1;17;A01
201600051904;2;7;0;0;1;2;1;A01
201600051905;1;37;0;0;2;7;7;Z01
201600051905;1;99;0;0;2;0;7;A01
201600051906;1;7;0;0;1;1;1;A01
201600051907;2;1;0;0;0;0;1;A01
201600051908;0;7;0;0;2;8;22;Z01
201600051908;2;1;0;1;2;7;1;A01
201600051909;2;32;0;11;0;2;1;A01
201600051910;2;1;0;0;1;1;1;A01
201600051911;1;7;0;0;2;1;1;A01
201600051911;1;1;0;0;2;8;1;B01
201600051912;2;7;0;0;2;6;23;B01
201600051912;2;7;0;0;2;6;23;C01
201600051912;2;7;0;1;2;2;14;A01
201600051913;1;7;0;0;1;2;1;A01
201600051914;2;34;0;0;1;1;1;A01
201600051915;2;32;0;0;1;3;1;A01
201600051916;1;7;0;0;2;1;1;A01
201600051916;2;1;0;0;2;0;0;B01
201600051917;1;7;0;0;1;2;16;A01
201600051918;1;32;0;0;2;1;1;B01
201600051918;2;7;0;0;2;5;15;A01
201600051919;1;7;0;0;2;6;15;A01
201600051919;1;34;0;0;2;3;17;B01
201600051920;1;1;0;0;1;1;1;A01
201600051921;1;1;0;0;1;1;1;Z01
201600051922;1;7;0;0;2;0;16;B01
201600051922;1;1;0;0;2;1;2;A01
201600051923;1;37;0;0;1;5;8;A01
201600051924;1;10;0;0;1;6;4;A01
201600051925;2;7;0;0;2;3;22;A01
201600051925;2;1;0;0;2;0;1;B01
201600051926;2;10;0;0;1;4;24;A01
201600051927;1;2;0;12;0;1;14;A01
201600051928;1;30;0;16;0;7;16;A01
201600051929;1;1;0;12;0;1;14;A01
201600051930;1;30;0;0;2;2;1;A01
201600051930;1;2;0;0;2;2;1;B01
201600051930;1;10;0;0;2;0;10;C01
201600051931;1;7;0;0;2;6;15;A01
201600051931;0;30;0;0;2;0;1;B01
201600051932;1;7;0;0;1;2;8;A01
201600051933;1;7;0;0;2;8;15;A01
201600051933;2;32;0;0;2;1;17;B01
201600051934;1;7;0;0;1;2;15;A01
201600051935;1;32;0;0;2;8;1;B01
201600051935;1;7;0;0;2;0;9;A01
201600051936;2;37;0;0;1;0;1;A01
201600051937;2;2;0;0;0;0;1;A01
201600051938;2;2;0;0;2;1;3;A01
201600051938;2;7;0;0;2;6;13;B01
201600051939;2;7;0;0;1;2;15;A01
201600051940;2;32;0;0;0;0;7;A01
201600051941;2;10;0;0;2;2;1;A01
201600051941;1;2;0;0;2;4;1;B01
201600051942;2;7;0;0;2;1;2;A01
201600051942;2;7;0;0;2;4;2;B01
201600051943;2;10;0;0;2;2;1;C01
201600051943;2;31;0;0;2;8;3;A01
201600051943;2;7;0;0;2;0;7;B01
201600051944;2;2;0;0;1;1;8;Z01
201600051945;2;7;0;0;2;2;17;A01
201600051945;2;1;0;0;2;8;0;B01
201600051946;2;7;0;0;1;2;1;A01
201600051947;2;30;0;0;2;1;1;A01
201600051947;1;10;0;0;2;3;1;B01
201600051948;2;34;0;0;2;2;1;B01
201600051948;2;33;0;0;1;3;21;A01
201600051949;2;31;0;0;2;1;5;A01
201600051949;2;10;0;0;2;3;15;B01
201600051950;1;37;0;0;2;6;23;B01
201600051950;1;33;0;0;2;7;17;A01
201600051951;2;31;0;0;2;7;17;B01
201600051951;2;10;0;0;2;8;15;A01
201600051952;2;7;0;0;1;0;1;Z01