Num_Acc;senc;catv;occutc;obs;obsm;choc;manv;num_veh
201600051953;1;10;0;0;2;3;22;A01
201600051953;1;1;0;0;2;1;1;B01
201600051954;1;1;0;0;2;1;17;A01
201600051954;1;7;0;0;2;3;15;B01
201600051955;2;1;0;0;2;3;19;A01
201600051955;0;2;0;0;2;0;1;B01
201600051956;1;33;0;0;0;0;1;A01
201600051957;2;1;0;0;1;1;1;A01
201600051958;1;10;0;0;2;3;1;A01
201600051958;2;30;0;0;2;6;15;B01
201600051959;1;7;0;0;2;1;1;A01
201600051959;1;37;0;14;2;2;1;B01
201600051960;1;14;0;0;2;7;1;B01
201600051960;1;7;0;0;2;2;1;A01
201600051961;2;30;0;7;2;1;1;A01
201600051961;0;7;0;0;2;0;17;Z01
201600051962;1;10;0;0;1;8;1;A01
201600051963;1;32;0;12;0;8;1;A01
201600051964;1;7;0;0;2;5;1;B01
201600051964;1;30;0;0;2;1;1;A01
201600051965;1;30;0;0;2;1;17;A01
201600051965;1;13;0;0;2;6;1;B01
201600051966;2;32;0;0;2;1;17;B01
201600051966;2;7;0;0;2;8;13;A01
201600051967;1;10;0;0;2;1;1;A01
201600051967;1;7;0;0;2;4;1;B01
201600051968;1;34;0;0;2;7;5;A01
201600051968;1;7;0;0;2;1;15;B01
201600051969;0;7;0;0;2;7;15;A01
201600051969;0;32;0;0;2;1;1;B01
201600051970;1;7;0;0;1;2;15;A01
201600051971;1;7;0;0;2;1;2;A01
201600051971;1;7;0;0;2;4;2;B01
201600051972;2;31;0;14;0;1;14;A01
201600051973;1;30;0;0;1;1;1;A01
201600051974;2;32;0;0;2;7;5;A01
201600051975;1;34;0;0;2;2;17;A01
201600051975;1;7;0;0;2;6;15;B01
201600051976;2;1;0;0;2;0;1;B01
201600051976;1;10;0;0;2;3;15;A01
201600051977;1;7;0;0;2;6;1;B01
201600051977;2;7;0;7;2;1;1;A01
201600051978;2;7;0;0;2;3;13;A01
201600051978;2;32;0;0;2;2;17;B01
201600051979;2;33;0;0;2;5;1;B01
201600051979;2;10;0;0;2;3;10;A01
201600051980;1;10;0;0;2;4;15;B01
201600051980;1;31;0;0;2;7;2;A01
201600051981;1;10;0;0;2;3;15;B01
201600051981;1;33;0;0;2;1;17;A01
201600051982;0;7;0;9;0;1;1;A01
201600051983;2;31;0;0;0;0;21;A01
201600051984;1;7;0;0;2;6;10;A01
201600051984;1;31;0;0;2;1;1;B01
201600051985;0;7;0;0;2;2;1;A01
201600051985;2;2;0;0;2;8;1;B01
201600051986;2;32;0;0;2;1;17;A01
201600051986;2;7;0;0;2;3;15;B01
201600051987;1;7;0;0;2;4;1;B01
201600051987;1;37;0;0;2;1;1;A01
201600051988;0;7;0;0;2;0;2;A01
201600051988;0;2;0;0;2;0;23;B01
201600051989;2;7;0;0;2;1;1;Z01
201600051989;1;7;0;0;2;6;1;B01
201600051990;0;7;0;0;2;2;1;A01
201600051990;0;1;0;14;2;6;13;B01
201600051991;0;32;0;12;0;1;1;A01
201600051992;2;7;0;0;2;2;22;A01
201600051992;2;1;0;0;2;1;7;B01
201600051993;2;2;0;0;2;0;2;A01
201600051993;2;7;0;0;2;0;15;B01
201600051994;1;7;0;0;2;4;23;C01
201600051994;1;7;0;0;2;4;23;B01
201600051994;1;7;0;0;2;1;1;A01
201600051995;2;7;0;0;2;5;22;B01
201600051995;2;30;0;1;2;1;18;A01
201600051996;1;1;0;0;1;2;1;A01
201600051997;2;32;0;0;0;8;21;A01
201600051998;2;32;0;1;2;3;1;A01
201600051998;1;7;0;0;2;7;9;B01
201600051999;2;30;0;12;0;7;14;A01
201600052000;1;37;0;0;1;2;7;A01
201600052001;1;7;0;0;1;2;1;A01
201600052002;0;33;0;0;2;8;1;B01
201600052002;1;7;0;0;2;0;15;A01
201600052003;1;32;0;0;2;0;1;B01
201600052003;1;1;0;0;2;0;13;A01
201600052004;2;34;0;1;2;7;11;A01
201600052004;2;7;0;0;2;8;1;B01
201600052005;2;31;0;0;1;8;1;Z01
201600052006;1;31;0;0;2;8;18;A01
201600052006;1;7;0;0;2;2;16;B01
201600052007;2;32;0;0;2;3;1;A01
201600052007;2;7;0;0;2;5;23;B01
201600052008;1;33;0;0;2;7;1;A01
201600052008;1;7;0;0;2;8;1;B01
201600052009;2;7;0;0;1;4;4;A01
201600052010;1;31;0;0;2;1;2;A01
201600052010;1;34;0;0;2;4;23;B01
201600052011;1;7;0;0;2;1;1;A01
201600052011;2;7;0;0;2;2;15;Z01
201600052012;1;31;0;0;0;0;1;A01
201600052013;1;1;0;0;2;7;1;B01
201600052013;1;10;0;0;2;8;22;A01
201600052014;0;2;0;0;1;1;1;A01
201600052015;0;7;0;0;2;3;1;B01
201600052015;0;30;0;0;2;2;7;A01
201600052016;0;31;0;0;1;2;1;A01
201600052017;1;7;0;0;2;3;1;A01
201600052017;1;30;0;0;2;2;5;B01
201600052018;1;7;0;7;0;1;13;A01
201600052019;1;7;0;0;2;3;10;A01
201600052019;1;34;0;0;2;2;17;B01
201600052020;2;34;0;0;1;1;1;A01
201600052021;1;10;0;0;2;1;1;B01
201600052021;1;7;0;0;2;7;1;A01
201600052022;1;1;0;0;0;0;1;A01
201600052023;1;31;0;14;0;6;15;A01
201600052024;2;32;0;0;0;8;1;A01
201600052025;1;38;0;0;2;5;17;A01
201600052025;1;1;0;0;2;6;1;B01
201600052026;0;7;0;0;1;2;1;A01
201600052027;2;7;0;0;1;7;1;A01
201600052028;1;7;0;7;0;3;15;A01
201600052029;1;31;0;0;2;1;15;B01
201600052029;1;37;0;0;2;8;15;A01
201600052030;1;1;0;0;1;0;7;Z01
201600052031;1;31;0;0;2;3;18;A01
201600052031;1;10;0;0;2;2;16;B01
201600052032;1;1;0;14;0;1;1;A01
201600052033;0;33;0;0;0;7;1;A01
201600052034;2;33;0;12;0;1;13;A01
201600052035;2;7;0;8;0;2;14;A01
201600052036;1;31;0;0;2;4;1;B01
201600052036;1;7;0;0;2;1;1;A01
201600052037;0;7;0;0;2;0;10;A01
201600052037;0;32;0;0;2;0;17;B01
201600052038;1;32;0;0;1;1;17;A01
201600052039;1;30;0;0;0;0;17;A01
201600052040;2;32;0;0;0;7;1;A01
201600052041;0;7;0;0;1;0;1;Z01
201600052042;2;1;0;1;0;1;15;A01
201600052043;1;1;0;0;2;8;18;A01
201600052043;1;1;0;0;2;7;12;B01
201600052044;2;7;0;0;2;4;1;B01
201600052044;2;7;0;0;2;1;1;A01
201600052045;1;7;0;0;2;2;15;A01
201600052045;1;30;0;0;2;8;1;B01
201600052046;1;7;0;0;2;7;1;B01
201600052046;1;32;0;0;2;8;16;A01
201600052047;0;7;0;9;0;1;1;A01
201600052048;2;30;0;0;0;1;1;A01
201600052049;0;7;0;0;1;0;4;Z01
201600052050;2;31;0;0;2;4;2;B01
201600052050;2;7;0;0;2;4;2;A01
201600052051;1;7;0;0;2;3;9;B01
201600052051;1;33;0;0;2;1;17;A01
201600052052;0;7;0;0;2;8;10;A01
201600052052;0;31;0;0;2;1;5;B01
201600052053;2;1;0;0;2;1;1;B01
201600052053;2;38;0;0;2;8;15;A01
201600052054;1;33;0;0;2;8;15;B01
201600052054;2;32;0;0;2;2;17;A01
201600052055;0;30;0;0;2;6;14;A01
201600052055;0;7;0;0;2;6;7;B01
201600052056;0;7;0;0;1;4;4;A01
201600052057;0;33;0;0;2;2;1;A01
201600052057;0;1;0;0;2;8;5;B01
201600052058;2;7;0;0;1;4;4;A01
201600052059;1;1;0;0;2;8;13;A01
201600052059;1;1;0;0;2;5;17;B01
201600052060;1;1;0;0;0;7;1;A01
201600052061;0;1;0;0;2;4;19;B01
201600052061;0;7;0;0;2;1;1;A01
201600052062;0;7;0;0;2;2;1;A01
201600052062;0;33;0;0;2;3;1;B01
201600052063;1;30;0;12;2;8;18;A01
201600052063;1;7;0;12;2;2;16;B01
201600052064;2;7;0;0;1;8;11;A01
201600052065;2;7;0;9;0;2;1;A01
201600052066;0;1;0;0;2;8;1;B01
201600052066;0;10;0;0;2;8;1;A01
201600052067;1;31;0;0;2;4;23;B01
201600052067;1;7;0;0;2;1;1;A01
201600052068;1;31;0;0;2;1;2;A01
201600052068;1;7;0;0;2;5;2;B01
201600052069;1;7;0;0;2;0;23;B01
201600052069;1;13;0;0;2;0;2;A01
201600052070;2;31;0;0;1;2;1;A01
201600052071;0;33;0;0;2;1;18;A01
201600052071;0;7;0;0;2;5;22;B01
201600052072;2;1;0;0;1;7;1;A01
201600052073;1;7;0;0;1;1;1;A01
201600052074;1;30;0;11;0;3;13;A01
201600052075;2;2;0;0;2;2;16;A01
201600052075;1;7;0;0;2;8;7;B01
201600052076;1;7;0;0;2;2;2;A01
201600052076;1;31;0;0;2;4;23;B01
201600052077;1;33;0;0;2;1;2;A01
201600052077;1;33;0;0;2;6;23;B01
201600052078;1;7;0;0;2;3;13;A01
201600052078;2;34;0;0;2;0;23;B01
201600052079;2;10;0;0;1;1;1;A01
201600052080;2;30;0;0;2;8;1;A01
201600052080;0;7;0;0;2;0;14;Z01
201600052081;1;1;0;0;2;7;1;B01
201600052081;1;7;0;0;2;8;22;A01
201600052082;1;31;0;13;0;1;1;A01
201600052083;1;7;0;0;2;6;23;B01
201600052083;1;1;0;1;2;1;1;A01
201600052084;0;7;0;0;2;1;1;A01
201600052084;0;1;0;0;2;4;1;B01
201600052085;1;32;0;0;2;0;1;B01
201600052085;2;7;0;0;2;6;15;A01
201600052086;2;30;0;0;2;3;1;B01
201600052086;2;10;0;0;2;7;9;A01
201600052087;2;32;0;0;2;1;1;A01
201600052087;1;7;0;0;2;5;15;B01
201600052088;1;1;0;0;2;8;1;B01
201600052088;0;34;0;0;2;1;15;A01
201600052089;1;7;0;0;2;5;15;B01
201600052089;2;33;0;0;2;1;1;A01
201600052090;2;7;0;0;2;3;9;A01
201600052090;2;33;0;0;2;2;1;B01
201600052091;1;7;0;0;1;2;1;A01
201600052092;0;1;0;0;2;0;16;B01
201600052092;0;7;0;0;2;1;15;A01
201600052093;0;34;0;1;0;1;1;A01
201600052094;1;7;0;0;2;7;22;A01
201600052094;1;1;0;0;2;8;18;B01
201600052095;1;32;0;0;0;7;1;A01
201600052096;1;1;0;0;2;1;13;A01
201600052096;2;1;0;0;2;1;14;B01
201600052097;2;7;0;0;2;4;23;B01
201600052097;2;32;0;0;2;1;1;A01
201600052098;1;31;0;0;2;8;1;B01
201600052098;2;1;0;0;2;0;15;A01
201600052099;0;7;0;0;2;1;13;A01
201600052099;0;1;0;0;2;4;1;B01
201600052100;0;7;0;8;0;2;14;A01
201600052101;1;7;0;0;1;0;16;A01
201600052102;1;7;0;0;1;2;8;A01
201600052103;2;7;0;0;2;7;12;B01
201600052103;2;30;0;0;2;8;18;A01
201600052104;0;7;0;0;2;1;2;A01
201600052104;0;31;0;0;2;4;23;B01
201600052105;0;30;0;0;2;8;15;A01
201600052105;0;33;0;0;2;0;1;B01
201600052106;2;7;0;0;2;4;2;A01
201600052106;2;33;0;0;2;4;15;B01
201600052107;1;1;0;0;2;0;1;B01
201600052107;1;7;0;0;2;3;22;A01
201600052108;1;2;0;0;2;9;1;A01
201600052108;1;7;0;0;2;1;1;B01
201600052109;0;30;0;0;0;7;16;A01
201600052110;0;7;0;0;2;2;16;A01
201600052110;0;37;0;0;2;3;7;B01
201600052110;0;7;0;0;2;7;1;C01
201600052111;2;7;0;3;2;3;13;A01
201600052111;2;7;0;0;2;1;8;B01
201600052112;1;10;0;0;1;3;15;A01
201600052113;1;31;0;0;0;0;1;A01
201600052114;0;30;0;0;2;1;5;A01
201600052114;0;30;0;0;2;8;15;B01
201600052115;2;7;0;0;2;3;15;B01
201600052115;1;30;0;0;2;1;1;A01
201600052116;0;30;0;1;0;0;14;A01
201600052117;2;7;0;0;2;1;1;A01
201600052117;2;7;0;0;2;0;1;D01
201600052117;2;7;0;14;2;4;1;C01
201600052117;2;7;0;14;2;4;1;B01
201600052118;2;1;0;1;2;8;13;A01
201600052118;2;7;0;0;2;5;17;B01
201600052119;0;1;0;0;2;2;19;B01
201600052119;0;30;0;0;2;1;1;A01
201600052120;1;7;0;0;2;0;23;B01
201600052120;1;10;0;1;2;6;1;A01
201600052121;2;7;0;0;2;5;23;B01
201600052121;2;33;0;0;1;3;15;A01
201600052122;2;10;0;0;2;8;13;A01
201600052122;2;34;0;0;2;1;1;B01
201600052123;2;10;0;0;2;4;23;B01
201600052123;2;7;0;0;2;1;2;A01
201600052124;2;7;0;1;0;2;14;A01
201600052125;2;32;0;0;2;6;18;A01
201600052125;2;7;0;0;2;5;16;B01
201600052126;0;7;0;0;1;0;1;Z01
201600052127;2;7;0;1;0;2;14;A01
201600052128;1;7;0;0;1;1;15;A01
201600052129;2;7;0;14;0;1;1;A01
201600052130;2;7;0;0;2;2;16;A01
201600052130;2;33;0;0;2;3;1;B01
201600052131;1;7;0;0;2;6;23;B01
201600052131;1;2;0;0;2;3;1;A01
201600052132;1;31;0;0;2;0;1;A01
201600052132;1;7;0;0;2;2;16;B01
201600052133;0;33;0;0;1;1;7;A01
201600052134;2;7;0;0;2;1;15;B01
201600052134;1;33;0;0;2;1;1;A01
201600052135;0;10;0;0;1;5;15;A01
201600052136;0;10;0;0;2;3;22;A01
201600052136;0;1;0;0;2;0;1;B01
201600052137;1;32;0;0;0;0;21;A01
201600052138;1;7;0;0;2;1;2;A01
201600052138;1;7;0;0;2;4;23;B01
201600052138;1;7;0;0;2;4;23;C01
201600052139;1;7;0;0;2;4;23;B01
201600052139;1;14;0;0;2;1;2;A01
201600052140;2;7;0;0;1;3;1;A01
201600052141;0;10;0;0;2;6;23;B01
201600052141;0;37;0;0;2;3;2;A01
201600052142;2;32;0;0;9;7;1;A01
201600052143;2;10;0;0;2;3;15;A01
201600052143;2;31;0;0;2;7;1;B01
201600052144;1;7;0;4;0;1;14;A01
201600052145;1;34;0;14;0;1;14;A01
201600052146;2;34;0;0;2;1;23;B01
201600052146;2;10;0;0;2;4;4;A01
201600052147;1;7;0;11;0;3;15;A01
201600052148;0;7;0;0;2;2;15;B01
201600052148;1;7;0;0;2;7;1;A01
201600052148;2;32;0;0;2;1;1;C01
201600052149;2;7;0;0;1;1;1;A01
201600052150;1;34;0;0;1;3;1;A01
201600052151;1;32;0;0;1;3;1;A01
201600052152;0;7;0;0;2;4;2;B01
201600052152;0;10;0;0;2;1;2;A01
201600052153;2;33;0;0;2;1;1;B01
201600052153;2;7;0;0;2;6;15;A01
201600052154;1;7;0;8;2;3;7;B01
201600052154;1;10;0;0;2;2;16;A01
201600052155;1;7;0;0;2;8;10;A01
201600052155;1;33;0;0;2;8;1;B01
201600052156;1;31;0;0;2;7;1;B01
201600052156;1;7;0;0;2;5;1;A01
201600052157;2;7;0;0;1;3;15;A01
201600052158;2;30;0;0;0;8;19;A01
201600052159;0;7;0;0;1;1;15;A01
201600052160;1;10;0;0;2;1;9;A01
201600052160;2;33;0;0;2;8;1;B01
201600052161;2;1;0;0;0;1;1;A01
201600052162;2;7;0;0;2;8;1;A01
201600052162;1;7;0;0;2;1;1;B01
201600052163;1;7;0;0;2;6;1;B01
201600052163;1;2;0;0;2;1;1;A01
201600052164;2;33;0;0;2;1;1;B01
201600052164;2;7;0;0;2;3;11;A01
201600052165;1;2;0;14;0;0;18;A01
201600052166;2;10;0;0;1;3;1;A01
201600052167;1;2;0;0;0;0;21;A01
201600052168;0;32;0;1;2;1;2;A01
201600052168;0;15;0;0;2;6;15;B01
201600052169;1;7;0;0;2;3;7;B01
201600052169;1;7;0;0;2;2;19;A01
201600052170;2;31;0;0;1;3;1;A01
201600052171;2;7;0;0;1;0;1;A01
201600052172;0;33;0;0;2;2;1;B01
201600052172;1;7;0;0;2;8;9;A01
201600052173;0;31;0;14;0;4;14;A01
201600052174;0;7;0;0;1;2;16;A01
201600052175;1;7;0;0;1;2;1;A01
201600052176;0;33;0;0;0;8;13;A01
201600052177;2;32;0;0;2;1;1;B01
201600052177;1;7;0;0;2;5;15;A01
201600052178;2;7;0;0;2;3;1;A01
201600052178;2;7;0;0;2;8;1;B01
201600052179;2;7;0;0;2;3;1;B01
201600052179;1;31;0;0;2;1;1;A01
201600052180;2;7;0;0;2;3;1;B01
201600052180;1;7;0;0;2;1;1;A01
201600052181;1;10;0;8;2;1;1;B01
201600052181;2;7;0;0;2;7;15;A01
201600052182;2;7;0;0;2;8;1;A01
201600052182;0;7;0;0;2;1;1;B01
201600052183;0;7;0;0;1;0;1;Z01
201600052184;0;10;0;0;2;1;1;A01
201600052184;0;33;0;0;2;0;9;B01
201600052185;0;2;0;0;2;4;9;A01
201600052185;0;2;0;0;2;1;1;B01
201600052186;0;33;0;0;0;7;1;A01
201600052187;1;34;0;0;2;1;1;A01
201600052187;2;1;0;0;2;3;15;B01
201600052188;0;7;0;0;2;0;1;A01
201600052188;0;31;0;0;2;6;1;B01
201600052189;1;10;0;0;2;8;15;A01
201600052189;1;33;0;0;2;1;17;B01
201600052190;2;33;0;0;2;1;2;A01
201600052190;1;7;0;0;2;5;2;B01
201600052191;2;30;0;0;2;1;1;A01
201600052191;1;7;0;0;2;7;15;Z01
201600052192;2;7;0;0;1;8;15;A01
201600052193;0;34;0;0;0;7;1;A01
201600052194;1;7;0;0;2;2;1;A01
201600052194;1;34;0;0;2;8;16;B01
201600052195;2;7;0;0;1;7;16;A01
201600052196;1;10;0;0;2;8;11;A01
201600052196;1;1;0;0;2;2;1;B01
201600052197;1;10;0;0;2;7;16;A01
201600052197;1;33;0;0;2;3;1;B01
201600052198;2;33;0;0;2;1;1;B01
201600052198;2;7;0;0;2;3;10;A01
201600052199;1;32;0;0;2;1;1;A01
201600052199;1;32;0;0;2;4;23;B01
201600052200;1;2;0;0;0;0;16;A01
201600052201;0;7;0;0;1;3;16;A01
201600052202;2;7;0;0;2;5;15;A01
201600052202;1;1;0;0;2;1;7;B01
201600052203;0;7;0;0;1;1;1;A01
201600052204;2;7;0;0;1;3;1;A01
201600052205;2;31;0;0;0;3;1;A01
201600052206;1;7;0;0;2;3;15;A01
201600052206;1;32;0;0;2;1;17;B01
201600052207;1;7;0;0;2;2;15;B01
201600052207;2;34;0;0;2;2;1;A01
201600052208;1;34;0;0;2;6;15;B01
201600052208;1;33;0;0;2;2;17;A01
201600052209;1;7;0;1;2;9;1;A01
201600052209;1;7;0;0;2;1;15;Z01
201600052210;0;7;0;0;2;0;23;B01
201600052210;2;33;0;11;2;2;2;A01
201600052211;0;33;0;0;2;3;7;A01
201600052211;0;7;0;0;2;2;12;B01
201600052212;0;7;0;0;2;0;1;B01
201600052212;0;30;0;0;2;1;1;A01
201600052213;2;7;0;0;1;6;10;A01
201600052214;0;7;0;0;2;7;1;A01
201600052214;1;1;0;0;2;0;1;B01
201600052215;0;7;0;0;2;4;23;B01
201600052215;0;7;0;0;2;4;2;A01
201600052216;1;7;0;0;1;1;15;A01
201600052217;0;37;0;0;1;1;7;A01
201600052218;1;31;0;0;1;1;5;A01
201600052219;1;7;0;0;2;3;11;A01
201600052219;1;32;0;0;2;1;1;B01
201600052220;2;7;0;7;2;1;5;A01
201600052220;1;7;0;0;2;1;1;B01
201600052221;1;7;0;0;2;4;23;B01
201600052221;1;31;0;0;2;1;2;A01
201600052222;1;7;0;0;1;2;17;A01
201600052223;1;33;0;0;2;7;1;A01
201600052223;1;1;0;0;2;3;1;B01
201600052224;0;33;0;0;2;1;1;A01
201600052224;1;7;0;0;2;8;15;B01
201600052225;0;7;0;0;1;0;1;A01
201600052226;1;31;0;0;2;4;23;A01
201600052226;1;34;0;0;2;1;2;B01
201600052227;0;7;0;0;2;7;12;A01
201600052227;0;32;0;0;2;0;1;B01
201600052228;2;34;0;0;2;3;1;A01
201600052228;2;7;0;0;2;0;23;B01
201600052229;2;33;0;1;0;2;9;A01
201600052230;1;7;0;1;0;2;5;A01
201600052231;1;34;0;0;2;2;9;A01
201600052231;1;7;0;0;2;2;23;B01
201600052232;1;10;0;0;2;2;15;A01
201600052232;2;2;0;0;2;1;1;B01
201600052233;0;7;0;0;2;7;15;A01
201600052233;0;33;0;0;2;3;1;B01
201600052234;1;7;0;0;2;3;1;B01
201600052234;2;31;0;0;2;2;1;A01
201600052235;0;10;0;0;1;3;15;A01
201600052236;1;7;0;0;2;4;23;C01
201600052236;1;7;0;0;2;1;2;A01
201600052236;1;7;0;0;2;4;23;B01
201600052237;2;1;0;0;2;1;1;B01
201600052237;1;2;0;0;2;2;15;A01
201600052238;1;7;0;0;2;2;16;A01
201600052238;1;32;0;0;2;3;1;B01
201600052239;2;33;0;0;2;3;1;B01
201600052239;2;30;0;0;2;2;1;A01
201600052240;1;7;0;0;2;2;16;A01
201600052240;1;31;0;0;2;3;7;B01
201600052241;0;33;0;0;2;1;1;B01
201600052241;0;7;0;0;2;7;1;A01
201600052242;0;31;0;14;2;2;17;A01
201600052242;0;14;0;0;2;8;1;B01
201600052243;0;7;0;0;2;1;9;A01
201600052243;2;1;0;0;2;7;1;B01
201600052244;0;7;0;0;2;5;2;B01
201600052244;0;10;0;0;2;3;2;A01
201600052245;1;7;0;0;2;3;10;A01
201600052245;1;30;0;0;2;7;1;B01
201600052246;1;7;0;1;0;1;14;A01
201600052247;1;37;0;0;2;1;2;A01
201600052247;0;7;0;0;2;4;2;B01
201600052248;1;7;0;7;0;3;15;A01
201600052249;1;7;0;0;2;6;10;A01
201600052249;1;30;0;0;2;0;17;B01
201600052250;0;7;0;0;2;3;1;A01
201600052250;0;7;0;0;2;6;2;C01
201600052250;0;10;0;0;2;6;2;B01
201600052251;1;7;0;0;2;2;2;A01
201600052251;1;31;0;0;2;4;2;B01
201600052252;2;7;0;0;2;3;10;A01
201600052252;2;31;0;0;2;1;1;B01
201600052253;2;7;0;0;2;7;1;B01
201600052253;1;7;0;0;2;1;1;A01
201600052254;2;10;0;0;2;0;1;B01
201600052254;1;7;0;0;2;1;13;A01
201600052255;1;33;0;7;0;0;21;A01
201600052256;1;1;0;0;2;8;19;A01
201600052256;1;32;0;0;2;1;1;B01
201600052257;0;34;0;0;1;1;1;A01
201600052258;0;7;0;0;2;2;16;A01
201600052258;0;32;0;0;2;6;1;B01
201600052259;1;7;0;0;1;5;4;A01
201600052260;0;31;0;0;0;8;1;A01
201600052261;1;33;0;0;1;3;17;A01
201600052262;1;31;0;1;2;0;1;B01
201600052262;2;37;0;0;2;0;15;A01
201600052263;1;7;0;0;1;3;15;A01
201600052264;2;31;0;0;1;8;1;A01
201600052265;1;37;0;0;2;0;1;B01
201600052265;1;7;0;0;2;0;16;A01
201600052266;1;33;0;0;1;1;1;A01
201600052267;2;1;0;0;2;2;16;B01
201600052267;2;7;0;0;2;3;13;A01
201600052268;1;34;0;0;2;1;1;B01
201600052268;2;7;0;0;2;2;15;A01
201600052269;1;7;0;0;1;3;15;A01
201600052270;2;30;0;0;0;0;1;A01
201600052271;1;7;0;0;1;1;1;Z01
201600052272;0;33;0;0;2;2;1;A01
201600052272;0;7;0;0;2;3;15;B01
201600052273;0;31;0;0;2;1;18;A01
201600052273;0;7;0;0;2;0;16;B01
201600052274;0;32;0;0;2;0;1;B01
201600052274;0;34;0;0;2;4;1;A01
201600052275;0;33;0;0;2;1;13;A01
201600052275;0;7;0;0;2;1;1;B01
201600052276;2;7;0;0;2;4;23;B01
201600052276;2;7;0;0;2;1;2;A01
201600052277;0;33;0;0;2;0;1;B01
201600052277;0;7;0;0;2;3;13;A01
201600052278;2;30;0;0;2;1;1;B01
201600052278;1;7;0;0;2;8;10;A01
201600052279;1;31;0;1;0;2;1;A01
201600052280;2;32;0;0;2;1;1;A01
201600052280;1;10;0;0;2;2;15;B01
201600052281;0;2;0;0;2;1;17;A01
201600052281;0;7;0;0;2;3;15;B01
201600052282;1;31;0;0;2;1;15;A01
201600052282;0;31;0;0;2;1;1;B01
201600052283;1;2;0;14;0;1;1;A01
201600052284;2;7;0;0;2;2;1;A01
201600052284;2;7;0;0;2;3;15;B01
201600052285;1;33;0;0;2;1;17;B01
201600052285;1;7;0;0;2;3;10;A01
201600052286;1;34;0;0;1;1;1;A01
201600052287;2;33;0;0;1;1;1;A01
201600052288;1;7;0;0;2;3;12;A01
201600052288;1;34;0;0;2;6;23;B01
201600052289;2;7;0;0;1;0;1;Z01
201600052290;2;7;0;0;1;1;15;A01
201600052291;2;7;0;0;2;3;15;Z01
201600052291;2;2;0;0;2;1;17;A01
201600052292;2;7;0;0;2;6;23;B01
201600052292;2;33;0;0;2;1;1;A01
201600052293;0;1;0;0;2;0;1;B01
201600052293;0;7;0;0;2;0;16;A01
201600052294;1;7;0;0;2;1;20;B01
201600052294;1;30;0;0;2;1;18;A01
201600052295;1;7;0;0;2;4;23;B01
201600052295;1;32;0;0;2;1;2;A01
201600052296;1;7;0;0;2;4;23;B01
201600052296;1;7;0;0;2;4;23;C01
201600052296;0;13;0;0;2;2;2;A01
201600052297;1;10;0;0;2;2;1;A01
201600052297;1;33;0;1;2;3;1;B01
201600052298;0;7;0;0;2;0;13;A01
201600052298;0;2;0;0;2;0;17;B01
201600052299;0;33;0;0;2;7;5;B01
201600052299;0;7;0;0;2;8;13;A01
201600052300;0;7;0;0;2;8;22;A01
201600052300;2;1;0;0;2;7;1;B01
201600052301;1;30;0;0;0;0;15;A01
201600052302;1;34;0;0;0;1;1;A01
201600052303;0;33;0;0;2;0;1;Z01
201600052303;0;30;0;0;2;7;14;A01
201600052304;1;34;0;0;2;0;1;B01
201600052304;1;7;0;0;2;0;16;A01
201600052305;0;30;0;0;2;1;1;A01
201600052305;1;7;0;0;2;8;22;B01
201600052306;1;7;0;15;2;6;10;A01
201600052306;1;2;0;0;2;2;1;B01
201600052307;0;33;0;0;2;0;1;B01
201600052307;0;1;0;0;2;0;16;A01
201600052308;2;33;0;0;1;1;18;A01
201600052309;1;2;0;0;2;2;17;B01
201600052309;1;7;0;0;2;8;11;A01
201600052310;2;30;0;0;2;1;1;A01
201600052310;2;7;0;0;2;5;23;B01
201600052311;0;7;0;9;0;1;13;A01
201600052312;2;1;0;0;1;1;1;A01
201600052313;1;7;0;0;2;1;13;A01
201600052313;2;33;0;0;2;2;1;B01
201600052314;1;31;0;0;2;1;18;A01
201600052314;1;38;0;0;2;7;16;B01
201600052315;2;30;0;0;1;1;1;A01
201600052316;1;34;0;0;2;1;5;A01
201600052316;0;10;0;0;2;1;15;B01
201600052317;1;34;0;9;0;1;1;A01
201600052318;2;7;0;0;2;8;16;B01
201600052318;0;7;0;0;2;1;1;A01
201600052319;1;30;0;0;2;3;1;B01
201600052319;1;7;0;0;2;2;1;A01
201600052320;0;7;0;0;1;1;1;A01
201600052321;1;7;0;0;2;2;1;A01
201600052321;0;7;0;1;2;3;1;B01
201600052322;2;7;0;0;2;1;15;B01
201600052322;1;30;0;0;2;7;15;A01
201600052323;0;34;0;0;2;1;9;A01
201600052323;0;1;0;0;2;1;1;B01
201600052324;2;1;0;0;2;0;1;B01
201600052324;2;7;0;0;2;3;15;A01
201600052325;0;37;0;0;1;2;1;A01
201600052326;0;7;0;0;2;8;23;C01
201600052326;2;30;0;0;2;1;15;A01
201600052326;0;7;0;0;2;2;23;B01
201600052327;1;7;0;0;2;1;2;A01
201600052327;1;33;0;0;2;4;2;B01
201600052328;0;33;0;1;0;1;13;A01
201600052329;2;7;0;0;2;1;1;A01
201600052329;2;34;0;0;2;2;1;B01
201600052330;0;7;0;0;2;2;1;A01
201600052330;0;7;0;0;2;3;1;B01
201600052331;1;33;0;0;2;1;1;A01