Num_Acc;senc;catv;occutc;obs;obsm;choc;manv;num_veh
201600052693;2;2;0;0;2;1;5;A01
201600052693;2;7;0;0;2;3;22;B01
201600052694;1;37;0;0;1;1;13;A01
201600052695;1;7;0;0;2;8;15;A01
201600052695;0;32;0;0;2;2;17;B01
201600052696;1;33;0;0;1;1;1;A01
201600052696;2;10;0;0;2;3;5;B01
201600052697;1;7;0;0;2;1;1;A01
201600052697;1;7;0;0;2;4;23;B01
201600052698;1;33;0;0;2;7;17;A01
201600052698;1;13;0;0;2;8;1;B01
201600052699;2;7;0;0;0;4;23;A01
201600052699;2;7;0;0;0;4;2;B01
201600052700;1;7;0;0;1;2;1;A01
201600052701;2;33;0;0;2;1;2;Z01
201600052701;2;1;0;0;2;4;2;A01
201600052702;1;30;0;0;2;1;1;B01
201600052702;1;10;0;0;2;7;16;A01
201600052703;0;37;0;0;1;1;1;A01
201600052704;1;31;0;0;0;0;1;A01
201600052705;1;32;0;9;0;2;1;A01
201600052706;1;34;0;0;2;1;18;A01
201600052706;2;7;0;0;2;2;15;B01
201600052707;2;30;0;0;2;0;1;A01
201600052707;0;7;0;0;2;4;1;Z01
201600052708;2;32;0;0;1;3;17;A01
201600052709;1;7;0;0;1;2;1;A01
201600052710;2;33;0;0;0;0;21;A01
201600052711;2;1;0;0;1;0;7;A01
201600052712;2;10;0;0;2;5;23;B01
201600052712;2;2;0;0;2;1;1;A01
201600052713;1;32;0;0;1;7;1;A01
201600052714;2;32;0;0;2;2;17;A01
201600052714;2;7;0;0;2;3;15;B01
201600052715;1;30;0;0;1;1;1;A01
201600052716;0;7;0;0;2;3;2;A01
201600052716;0;7;0;0;2;5;2;B01
201600052717;1;7;0;1;0;2;14;A01
201600052718;1;7;0;0;2;2;1;A01
201600052718;1;31;0;0;2;6;15;B01
201600052719;2;30;0;0;2;0;1;B01
201600052719;2;1;0;0;2;0;16;A01
201600052720;1;33;0;14;0;7;16;A01
201600052721;2;7;0;0;1;1;1;A01
201600052722;1;31;0;0;1;1;1;A01
201600052723;1;30;0;0;2;2;2;A01
201600052723;1;7;0;0;2;6;23;B01
201600052724;1;34;0;1;0;2;14;A01
201600052725;2;7;0;0;1;3;15;A01
201600052726;1;7;0;0;1;2;1;A01
201600052727;1;7;0;15;0;2;14;A01
201600052728;2;7;0;0;1;7;1;A01
201600052729;2;7;0;0;2;8;10;A01
201600052729;2;30;0;0;2;1;1;B01
201600052730;1;7;0;1;1;0;4;A01
201600052731;1;34;0;0;2;1;1;A01
201600052731;1;7;0;0;2;4;1;B01
201600052732;2;33;0;0;2;2;17;B01
201600052732;2;7;0;0;2;3;10;A01
201600052733;1;7;0;0;1;1;1;A01
201600052734;1;2;0;0;0;1;21;A01
201600052735;2;10;0;0;1;2;1;A01
201600052736;2;2;0;0;2;1;1;A01
201600052736;1;10;0;0;2;8;1;B01
201600052737;1;7;0;0;2;5;22;A01
201600052737;1;1;0;8;2;1;7;B01
201600052738;1;10;0;0;2;3;1;B01
201600052738;2;7;0;0;2;7;5;A01
201600052739;2;7;0;0;2;7;15;B01
201600052739;2;32;0;0;2;7;17;A01
201600052740;0;2;0;14;0;1;1;A01
201600052741;2;33;0;0;1;1;1;A01
201600052742;2;7;0;0;1;2;1;A01
201600052743;2;2;0;0;2;2;1;B01
201600052743;2;7;0;0;2;3;10;A01
201600052744;2;10;0;0;1;2;1;A01
201600052745;2;1;0;0;0;9;1;A01
201600052746;1;1;0;0;0;0;21;A01
201600052747;1;1;0;0;2;1;1;A01
201600052747;1;7;0;0;2;3;22;Z01
201600052748;1;7;0;0;2;1;7;B01
201600052748;2;33;0;0;2;7;15;A01
201600052749;1;30;0;0;2;1;18;A01
201600052749;0;7;0;0;2;5;22;B01
201600052750;1;37;0;0;1;8;7;A01
201600052751;1;10;0;0;1;3;1;A01
201600052752;1;34;0;0;0;9;1;A01
201600052753;2;7;0;0;1;4;4;A01
201600052754;2;7;0;0;2;7;14;A01
201600052754;2;32;0;0;2;8;18;B01
201600052755;2;7;0;14;0;3;13;A01
201600052756;2;7;0;0;2;3;1;B01
201600052756;2;30;0;0;2;1;1;A01
201600052757;1;32;0;0;1;1;17;A01
201600052758;1;30;0;0;1;0;5;A01
201600052759;2;7;0;0;2;3;10;B01
201600052759;1;30;0;0;2;1;1;A01
201600052760;1;7;0;0;2;0;2;B01
201600052760;1;31;0;0;2;4;2;A01
201600052761;2;7;0;0;1;0;1;Z01
201600052762;1;33;0;0;1;7;1;A01
201600052762;2;7;0;0;2;0;1;B01
201600052763;1;30;0;0;2;2;15;A01
201600052763;2;7;0;0;2;6;10;B01
201600052764;1;7;0;0;2;5;22;A01
201600052764;1;1;0;0;2;1;1;B01
201600052765;2;34;0;0;1;2;16;A01
201600052766;1;32;0;0;2;8;1;A01
201600052766;1;7;0;0;2;0;1;B01
201600052767;1;7;0;0;1;6;4;A01
201600052768;1;1;0;0;1;1;1;Z01
201600052769;2;7;0;0;2;4;23;A01
201600052769;2;7;0;0;2;1;1;Z01
201600052770;1;7;0;0;2;6;15;A01
201600052770;1;32;0;0;2;1;17;B01
201600052771;2;30;0;6;1;3;1;A01
201600052772;1;32;0;0;0;0;1;A01
201600052773;2;33;0;0;1;1;1;A01
201600052774;2;7;0;0;2;2;2;A01
201600052774;2;1;0;0;2;4;2;B01
201600052775;1;7;0;11;0;2;13;A01
201600052776;2;32;0;0;0;8;1;A01
201600052777;2;7;0;0;2;8;22;A01
201600052777;2;1;0;0;2;1;1;B01
201600052778;1;1;0;1;2;1;2;B01
201600052778;1;10;0;0;2;0;22;A01
201600052779;1;7;0;0;2;1;2;A01
201600052779;1;31;0;0;2;7;15;B01
201600052780;2;31;0;0;1;3;1;A01
201600052781;2;1;0;0;2;1;1;B01
201600052781;2;7;0;0;2;0;22;A01
201600052782;2;31;0;0;1;5;1;A01
201600052783;1;30;0;0;0;7;16;A01
201600052784;1;31;0;0;2;0;17;A01
201600052784;1;7;0;0;2;0;15;B01
201600052785;1;7;0;0;2;1;14;A01
201600052785;1;7;0;0;2;5;1;B01
201600052786;0;7;0;0;2;7;22;A01
201600052786;0;30;0;1;2;1;1;B01
201600052787;2;7;0;0;2;7;16;A01
201600052787;2;1;0;0;2;1;1;B01
201600052788;1;7;0;0;2;4;1;A01
201600052788;1;30;0;0;2;1;1;B01
201600052789;2;7;0;0;1;2;15;A01
201600052790;1;7;0;0;2;5;23;A01
201600052790;1;30;0;0;2;1;1;B01
201600052791;1;1;0;0;2;1;1;B01
201600052791;2;14;0;0;2;1;16;A01
201600052792;2;2;0;0;1;1;1;Z01
201600052793;2;32;0;0;0;0;21;A01
201600052794;2;1;0;0;2;1;7;A01
201600052794;2;7;0;0;2;5;16;Z01
201600052795;2;31;0;0;2;4;23;A01
201600052795;0;7;0;0;2;0;2;Z01
201600052795;2;7;0;0;2;4;23;B01
201600052796;2;31;0;0;1;3;1;A01
201600052797;2;2;0;0;0;0;1;A01
201600052798;1;7;0;0;1;0;1;Z01
201600052799;1;2;0;0;2;1;17;A01
201600052799;1;7;0;0;2;8;15;B01
201600052800;1;10;0;0;2;2;14;A01
201600052800;2;32;0;0;2;1;1;B01
201600052801;1;7;0;0;2;8;13;A01
201600052801;1;31;0;0;2;7;17;B01
201600052802;2;14;0;0;2;3;1;A01
201600052802;2;32;0;0;2;0;23;B01
201600052803;2;7;0;0;2;5;1;A01
201600052803;1;2;0;0;2;1;1;B01
201600052804;2;7;0;0;2;2;15;A01
201600052804;1;1;0;0;2;1;1;B01
201600052805;2;1;0;0;1;1;21;A01
201600052806;1;33;0;0;2;1;1;B01
201600052806;2;7;0;0;2;2;1;A01
201600052807;1;7;0;0;1;5;20;A01
201600052808;1;7;0;0;1;1;1;A01
201600052809;2;34;0;0;1;1;1;A01
201600052810;1;32;0;0;2;1;1;A01
201600052810;1;7;0;0;2;4;23;B01
201600052811;1;7;0;0;1;1;1;A01
201600052812;1;33;0;0;1;1;1;A01
201600052813;2;7;0;0;2;3;15;A01
201600052813;1;32;0;0;2;3;1;B01
201600052814;1;7;0;0;2;8;10;A01
201600052814;1;33;0;0;2;2;17;B01
201600052815;2;1;0;0;1;1;1;A01
201600052816;2;1;0;0;2;0;1;B01
201600052816;1;7;0;0;2;2;15;A01
201600052817;2;7;0;0;2;4;23;A01
201600052817;2;7;0;0;2;0;2;Z01
201600052818;1;7;0;0;1;4;20;A01
201600052819;2;34;0;0;1;1;1;A01
201600052820;0;7;0;7;0;3;7;A01
201600052821;1;7;0;16;2;3;15;A01
201600052821;1;1;0;16;2;2;19;B01
201600052822;1;31;0;0;2;2;1;A01
201600052822;1;7;0;0;2;8;13;Z01
201600052823;2;7;0;0;2;3;1;A01
201600052823;2;10;0;0;2;1;1;B01
201600052824;1;7;0;0;2;8;22;A01
201600052824;1;2;0;0;2;8;7;B01
201600052825;2;1;0;0;1;1;5;A01
201600052825;1;7;0;0;2;0;23;B01
201600052826;2;30;0;0;1;1;1;Z01
201600052827;1;34;0;0;0;0;1;A01
201600052828;2;31;0;0;2;1;2;A01
201600052828;2;30;0;0;2;4;2;B01
201600052829;2;1;0;0;2;1;13;A01
201600052829;2;37;0;0;0;5;17;B01
201600052830;2;7;0;0;1;0;7;A01
201600052831;1;7;0;0;1;1;1;A01
201600052832;1;7;0;0;1;6;4;A01
201600052833;2;33;0;0;1;1;1;Z01
201600052834;2;7;0;0;1;0;1;Z01
201600052835;1;34;0;9;0;1;9;A01
201600052836;1;7;0;0;2;0;1;A01
201600052836;1;33;0;0;1;4;23;B01
201600052837;2;32;0;0;2;1;17;A01
201600052837;2;10;0;0;2;8;9;B01
201600052838;2;34;0;0;1;1;1;A01
201600052839;2;31;0;0;1;8;1;A01
201600052840;2;7;0;0;2;3;22;A01
201600052840;2;31;0;0;2;2;17;B01
201600052841;0;10;0;0;2;0;12;A01
201600052841;1;7;0;2;2;1;7;B01
201600052842;2;7;0;0;2;2;13;A01
201600052842;2;31;0;0;2;8;17;B01
201600052843;2;7;0;0;1;2;1;A01
201600052844;2;7;0;0;1;2;1;A01
201600052845;0;30;0;0;1;0;1;Z01
201600052846;2;1;0;0;1;1;1;A01
201600052847;1;37;0;0;1;0;7;A01
201600052848;2;7;0;0;2;3;1;B01
201600052848;2;7;0;0;2;5;1;A01
201600052849;1;7;0;0;2;3;24;C01
201600052849;2;7;0;0;2;3;15;A01
201600052849;2;33;0;1;2;7;17;B01
201600052850;1;7;0;0;2;1;15;A01
201600052850;1;1;0;0;2;1;1;B01
201600052851;1;10;0;0;1;1;16;A01
201600052852;2;2;0;0;1;0;1;Z01
201600052853;1;30;0;0;2;0;18;A01
201600052853;0;10;0;0;2;7;1;B01
201600052854;1;7;0;0;2;5;15;B01
201600052854;1;32;0;0;2;1;1;A01
201600052855;2;7;0;0;1;0;1;A01
201600052856;1;10;0;0;2;2;1;A01
201600052856;1;7;0;0;2;6;23;B01
201600052857;2;10;0;0;1;1;15;A01
201600052858;2;7;0;0;2;7;15;A01
201600052858;1;7;0;0;2;1;1;B01
201600052859;1;7;0;0;1;3;1;A01
201600052860;2;7;0;11;0;0;15;A01
201600052861;1;7;0;0;2;3;17;A01
201600052861;1;31;0;0;2;3;13;B01
201600052862;1;7;0;0;1;2;1;A01
201600052863;2;30;0;0;2;3;1;B01
201600052863;1;7;0;0;2;3;15;A01
201600052864;2;7;0;0;2;2;15;A01
201600052864;1;2;0;0;2;1;1;B01
201600052865;2;7;0;0;1;2;15;A01
201600052866;2;7;0;0;1;3;1;A01
201600052867;1;7;0;0;2;7;14;A01
201600052867;1;1;0;0;2;0;1;B01
201600052868;2;1;0;8;2;1;1;B01
201600052868;2;1;0;0;2;0;19;A01
201600052869;2;31;0;0;0;7;14;A01
201600052870;1;33;0;1;1;1;1;A01
201600052871;0;7;0;0;2;0;15;B01
201600052871;1;30;0;0;2;1;1;A01
201600052872;1;2;0;0;1;1;18;A01
201600052873;1;2;0;0;2;3;7;B01
201600052873;2;10;0;0;2;1;15;A01
201600052874;1;33;0;0;2;1;17;A01
201600052874;1;7;0;0;2;6;10;B01
201600052875;2;7;0;9;2;1;1;A01
201600052875;2;13;0;9;2;0;1;B01
201600052876;1;32;0;0;2;1;17;B01
201600052876;1;7;0;0;2;3;11;A01
201600052877;1;1;0;0;1;1;1;Z01
201600052878;1;7;0;7;0;1;13;A01
201600052879;2;7;0;0;2;6;10;A01
201600052879;0;2;0;0;2;0;1;B01
201600052880;1;7;0;0;2;3;10;A01
201600052880;1;2;0;0;2;2;1;B01
201600052881;1;7;0;0;2;7;22;A01
201600052881;1;31;0;1;2;3;18;B01
201600052882;1;10;0;0;1;4;4;A01
201600052883;1;1;0;0;1;1;1;A01
201600052884;1;1;0;0;1;0;1;A01
201600052885;2;30;0;0;0;7;1;A01
201600052886;1;33;0;0;2;1;1;B01
201600052886;2;2;0;0;2;3;9;A01
201600052887;1;30;0;0;2;5;17;B01
201600052887;1;7;0;0;2;6;22;A01
201600052888;1;7;0;11;0;2;1;A01
201600052889;1;1;0;0;2;8;1;B01
201600052889;2;2;0;0;2;1;13;A01
201600052890;2;7;0;0;2;1;1;A01
201600052890;2;32;0;0;2;4;23;B01
201600052891;2;30;0;0;2;1;2;B01
201600052891;2;10;0;0;2;6;2;A01
201600052892;2;7;0;0;2;1;1;Z01
201600052892;2;31;0;0;2;4;23;A01
201600052893;2;34;0;0;2;0;10;B01
201600052893;1;34;0;0;2;0;1;A01
201600052894;1;7;0;0;1;3;1;A01
201600052895;2;10;0;0;1;4;4;A01
201600052896;1;37;0;0;1;5;1;A01
201600052897;2;37;0;0;1;3;15;A01
201600052898;2;2;0;0;2;1;1;A01
201600052899;1;10;0;0;1;1;1;A01
201600052900;1;1;0;0;1;1;2;B01
201600052900;2;34;0;0;2;0;2;A01
201600052901;2;7;0;0;2;8;10;A01
201600052901;1;34;0;0;2;2;1;B01
201600052902;2;1;0;0;1;0;7;A01
201600052903;2;1;0;0;1;0;1;A01
201600052904;2;1;0;0;0;2;18;B01
201600052904;2;10;0;0;0;2;22;A01
201600052905;1;37;0;0;2;6;23;B01
201600052905;1;7;0;0;2;1;2;A01
201600052906;1;7;0;0;2;3;1;C01
201600052906;2;7;0;0;2;3;13;A01
201600052906;1;7;0;0;2;6;1;B01
201600052907;1;33;0;0;0;0;18;A01
201600052908;1;30;0;0;2;3;1;A01
201600052908;2;7;0;0;2;2;15;Z01
201600052909;0;7;0;0;2;3;10;B01
201600052909;0;31;0;0;2;1;5;A01
201600052910;2;33;0;0;1;1;1;A01
201600052911;0;10;0;0;2;7;22;A01
201600052911;2;1;0;1;2;1;1;B01
201600052912;1;31;0;0;1;1;1;A01
201600052913;1;1;0;0;1;1;1;A01
201600052914;1;7;0;0;1;4;4;A01
201600052915;2;1;0;0;1;0;1;A01
201600052916;1;30;0;0;2;1;2;A01
201600052916;1;7;0;0;2;4;2;B01
201600052917;1;10;0;0;1;1;1;A01
201600052918;2;1;0;12;1;1;1;A01
201600052919;1;33;0;0;2;1;1;B01
201600052919;1;7;0;0;2;3;10;A01
201600052920;2;10;0;0;2;1;2;A01
201600052920;2;31;0;0;2;4;2;B01
201600052921;2;7;0;0;1;7;1;A01
201600052922;1;32;0;0;2;1;10;B01
201600052922;1;7;0;0;2;3;17;A01
201600052923;1;7;0;0;2;3;11;A01
201600052923;1;33;0;0;2;1;1;B01
201600052924;1;33;0;0;1;1;1;A01
201600052925;2;2;0;0;0;0;1;A01
201600052926;2;7;0;0;2;2;12;A01
201600052926;2;1;0;0;2;1;7;B01
201600052927;2;7;0;0;2;7;1;A01
201600052927;2;1;0;0;2;8;13;B01
201600052928;1;30;0;1;0;1;14;A01
201600052929;2;30;0;0;1;0;1;A01
201600052930;0;1;0;0;2;0;19;A01
201600052930;1;7;0;0;2;0;16;B01
201600052931;2;33;0;0;1;0;7;Z01
201600052932;1;7;0;0;2;1;16;A01
201600052932;2;1;0;0;2;7;1;B01
201600052933;2;2;0;0;1;0;1;Z01
201600052934;2;1;0;0;1;8;1;Z01
201600052935;2;31;0;0;1;1;1;A01
201600052936;1;7;0;0;2;1;1;A01
201600052936;2;7;0;0;2;0;1;B01
201600052937;1;31;0;0;0;0;1;A01
201600052938;2;1;0;0;2;1;5;A01
201600052938;1;7;0;0;2;3;1;B01
201600052939;2;32;0;0;2;1;23;B01
201600052939;2;7;0;0;2;1;2;A01
201600052940;1;31;0;0;1;1;1;Z01
201600052941;1;31;0;12;0;1;11;A01
201600052942;1;7;0;0;2;0;10;A01
201600052942;2;31;0;0;2;0;1;B01
201600052943;1;7;0;0;1;6;4;A01
201600052944;1;10;0;0;2;4;2;A01
201600052944;1;10;0;0;2;1;23;B01
201600052945;2;33;0;7;2;8;13;A01
201600052945;2;1;0;0;2;6;1;B01
201600052946;2;30;0;0;2;8;1;A01
201600052946;2;7;0;0;2;7;13;Z01
201600052947;1;7;0;0;2;1;1;B01
201600052947;0;7;0;0;2;3;1;A01
201600052948;2;1;0;0;2;1;1;B01
201600052948;2;7;0;0;2;2;16;A01
201600052949;1;2;0;0;0;0;21;A01
201600052950;1;31;0;0;2;8;1;A01
201600052950;1;7;0;0;2;7;14;Z01
201600052951;1;7;0;0;2;0;1;A01
201600052951;1;31;0;0;2;0;13;B01
201600052952;2;7;0;14;0;2;7;A01
201600052953;2;32;0;0;1;0;17;A01
201600052954;0;10;0;14;0;1;13;A01
201600052955;1;10;0;0;1;1;1;A01
201600052956;1;1;0;0;0;0;1;A01
201600052957;2;30;0;0;1;1;1;Z01
201600052958;0;7;0;0;2;3;9;A01
201600052958;0;33;0;0;2;7;1;B01
201600052959;2;7;0;1;2;2;1;A01
201600052959;2;7;0;0;2;1;1;B01
201600052960;2;7;0;0;2;6;23;B01
201600052960;2;7;0;0;2;3;1;A01
201600052961;2;1;0;0;2;2;1;B01
201600052961;2;7;0;0;2;3;9;A01
201600052962;2;7;0;0;1;1;15;A01
201600052963;1;7;0;0;2;0;22;A01
201600052963;1;34;0;1;2;0;18;B01
201600052964;2;31;0;0;2;6;15;B01
201600052964;2;34;0;0;2;7;17;A01
201600052965;1;7;0;0;1;2;1;A01
201600052966;2;7;0;0;1;1;16;A01
201600052967;2;7;0;0;2;3;1;B01
201600052967;1;7;0;0;2;2;1;A01
201600052968;1;34;0;14;0;2;1;A01
201600052969;1;7;0;0;1;2;1;A01
201600052970;2;10;0;0;2;7;1;B01
201600052970;2;33;0;0;2;8;13;A01
201600052971;1;33;0;0;2;1;5;A01
201600052971;0;7;0;0;2;0;15;Z01
201600052972;0;7;0;0;2;3;2;A01
201600052972;1;33;0;0;2;4;2;B01
201600052973;2;30;0;0;2;8;1;A01
201600052973;2;7;0;0;2;0;16;Z01
201600052974;2;31;0;14;2;7;17;B01
201600052974;2;7;0;0;2;3;13;A01
201600052975;2;32;0;0;1;1;18;A01
201600052976;2;31;0;14;2;1;1;B01
201600052976;2;10;0;0;2;0;4;A01
201600052977;2;7;0;0;2;2;1;B01
201600052977;2;2;0;0;2;8;9;A01
201600052978;1;1;0;0;0;4;15;A01
201600052979;2;31;0;0;0;0;21;A01
201600052980;2;33;0;0;2;8;1;A01
201600052980;0;10;0;0;2;7;12;B01
201600052981;2;33;0;0;2;1;17;A01
201600052981;2;7;0;0;2;6;15;B01
201600052982;1;7;0;0;2;3;15;B01
201600052982;1;31;0;0;2;1;17;A01
201600052983;1;7;0;0;1;1;7;A01
201600052984;1;7;0;0;2;1;2;A01
201600052984;1;7;0;0;2;4;23;B01
201600052985;1;31;0;0;2;1;9;B01
201600052985;2;7;0;0;2;5;4;A01
201600052986;1;31;0;0;2;4;23;C01
201600052986;1;7;0;0;2;1;2;A01
201600052986;1;7;0;0;2;4;23;B01
201600052987;2;10;0;0;2;2;15;A01
201600052987;1;33;0;0;2;8;1;B01
201600052988;2;7;0;0;1;2;15;A01
201600052989;1;7;0;0;2;3;10;A01
201600052989;1;32;0;0;2;7;1;B01
201600052990;1;13;0;0;1;8;1;A01
201600052991;2;7;0;0;2;3;16;B01
201600052991;1;34;0;0;2;1;1;A01
201600052992;2;7;0;0;2;0;15;B01
201600052992;2;31;0;0;2;0;17;A01
201600052993;2;34;0;0;1;0;1;A01
201600052994;1;7;0;0;1;3;1;A01
201600052995;2;33;0;1;0;1;1;A01
201600052996;1;7;0;0;2;7;17;A01
201600052996;1;30;0;0;2;6;1;B01
201600052997;2;7;0;0;2;2;13;A01
201600052997;2;30;0;0;2;5;17;B01
201600052998;2;30;0;0;2;1;1;A01
201600052998;2;7;0;0;2;4;1;B01
201600052999;1;32;0;0;1;1;1;A01
201600053000;2;32;0;0;1;0;5;A01
201600053001;2;7;0;0;2;8;10;A01
201600053001;2;31;0;0;2;1;17;B01
201600053002;2;7;0;0;2;1;16;A01
201600053002;2;33;0;0;2;6;18;B01
201600053003;1;14;0;0;2;3;2;A01
201600053003;1;7;0;0;2;4;23;B01
201600053004;1;7;0;0;2;3;2;A01
201600053004;2;7;0;0;2;8;1;C01
201600053004;1;7;0;0;2;0;10;B01
201600053005;1;33;0;0;2;2;17;B01
201600053005;1;10;0;0;2;8;10;A01
201600053006;2;7;0;12;2;1;2;A01
201600053006;2;1;0;0;2;4;23;B01
201600053007;2;7;0;0;2;4;1;B01
201600053007;0;7;0;0;2;1;1;A01
201600053008;2;32;0;12;0;1;16;A01
201600053009;1;7;0;0;2;1;2;A01
201600053009;0;7;0;0;2;0;23;B01
201600053010;1;2;0;0;2;6;1;B01
201600053010;1;7;0;0;2;0;10;A01
201600053011;2;7;0;0;1;1;20;A01
201600053012;1;31;0;9;0;1;1;A01
201600053013;1;13;0;0;2;8;22;A01
201600053013;1;1;0;0;2;7;1;B01
201600053014;1;7;0;0;2;5;10;A01
201600053014;2;34;0;0;2;1;1;B01
201600053015;1;33;0;0;2;4;1;B01
201600053015;2;7;0;0;2;1;1;A01
201600053016;1;10;0;15;0;2;14;A01
201600053017;2;7;0;0;2;1;15;B01
201600053017;2;33;0;0;2;2;17;A01
201600053018;1;1;0;0;1;1;1;A01
201600053019;1;1;0;0;2;8;1;B01
201600053019;1;14;0;0;2;3;16;A01
201600053020;2;32;0;0;1;1;1;A01
201600053021;2;7;0;0;1;2;1;A01
201600053022;2;7;0;0;2;2;15;A01
201600053022;2;33;0;0;2;7;1;B01
201600053023;1;1;0;1;2;1;1;A01
201600053023;1;37;0;0;2;4;23;B01
201600053024;1;7;0;1;0;1;13;A01
201600053025;1;1;0;0;0;0;1;A01
201600053026;1;30;0;0;0;0;21;A01
201600053027;1;34;0;0;2;8;1;B01
201600053027;1;10;0;0;2;2;15;A01
201600053028;2;7;0;0;2;7;15;A01
201600053028;1;33;0;0;2;1;1;B01
201600053029;1;7;0;0;2;3;9;A01
201600053029;1;33;0;0;2;1;1;B01
201600053030;1;31;0;0;1;1;1;A01
201600053031;2;7;0;0;2;8;22;A01
201600053031;2;1;0;0;2;2;1;B01
201600053032;1;2;0;0;2;1;14;A01
201600053032;0;7;0;0;2;6;24;B01
201600053033;2;7;0;0;2;2;1;A01
201600053033;2;33;0;0;2;8;1;B01
201600053034;2;33;0;0;2;4;3;B01
201600053034;2;7;0;0;2;6;23;C01
201600053034;2;7;0;0;2;1;7;A01
201600053035;1;30;0;0;2;1;1;A01
201600053036;1;31;0;11;0;1;21;A01
201600053037;2;7;0;0;2;1;2;A01
201600053037;2;33;0;0;2;4;23;B01
201600053038;2;7;0;0;1;6;4;A01
201600053039;2;2;0;0;1;1;5;A01
201600053040;1;7;0;0;1;3;22;A01
201600053041;2;32;0;0;2;1;13;A01
201600053041;1;1;0;0;2;1;1;B01
201600053042;2;7;0;0;2;7;13;A01
201600053042;2;2;0;0;2;3;1;B01
201600053043;1;32;0;0;1;2;17;A01
201600053044;1;7;0;0;2;2;15;A01
201600053044;2;31;0;0;2;1;1;B01
201600053045;1;7;0;0;2;6;23;D01
201600053045;1;31;0;0;2;1;3;B01
201600053045;1;7;0;0;2;3;23;C01
201600053045;1;7;0;0;2;5;22;A01
201600053046;2;32;0;0;2;2;1;B01
201600053046;2;10;0;0;2;3;22;A01
201600053047;1;7;0;0;2;2;15;B01
201600053047;2;1;0;0;2;1;1;A01
201600053048;2;10;0;0;2;2;12;A01
201600053048;2;2;0;0;2;1;1;B01
201600053049;2;7;0;0;2;7;1;A01
201600053049;1;2;0;0;2;1;1;B01
201600053050;2;10;0;0;2;6;2;B01
201600053050;2;33;0;0;2;1;2;A01
201600053050;2;7;0;0;2;6;23;C01
201600053051;2;7;0;0;2;7;1;B01
201600053051;1;30;0;0;2;7;1;A01
201600053052;1;2;0;0;2;1;15;Z01
201600053052;2;2;0;0;2;1;1;A01
201600053053;1;7;0;0;2;2;15;B01
201600053053;2;1;0;0;2;1;1;A01
201600053054;2;30;0;0;0;8;1;A01
201600053055;1;7;0;0;2;2;10;A01
201600053055;1;30;0;0;2;3;17;B01
201600053056;2;7;0;0;1;1;7;A01
201600053057;1;31;0;0;2;7;13;A01
201600053057;2;10;0;0;2;1;1;B01
201600053058;0;1;0;0;2;8;19;B01
201600053058;1;10;0;0;2;1;1;A01
201600053059;1;1;0;0;2;1;13;A01
201600053059;2;7;0;0;2;3;1;B01
201600053060;1;32;0;0;2;7;1;B01
201600053060;2;7;0;0;2;2;1;A01
201600053061;2;33;0;1;0;1;13;A01
201600053062;2;7;0;0;1;0;1;A01
201600053063;2;30;0;0;2;1;14;A01
201600053063;0;7;0;0;2;0;24;B01
201600053064;1;7;0;0;2;1;1;A01
201600053064;1;7;0;0;2;4;23;B01
201600053065;2;7;0;0;2;4;23;B01
201600053065;2;2;0;0;2;7;1;A01
201600053066;2;31;0;0;0;0;21;A01
201600053067;2;7;0;0;2;3;10;A01
201600053067;2;2;0;0;2;7;1;B01
201600053068;1;7;0;0;2;1;15;A01
201600053068;1;1;0;16;2;8;19;B01
201600053069;1;7;0;1;0;1;21;A01
201600053070;1;1;0;0;2;1;1;B01
201600053070;1;7;0;0;2;3;10;A01
201600053071;0;7;0;0;1;1;1;A01
201600053072;2;7;0;1;0;2;14;A01
201600053073;1;7;0;0;1;0;1;A01
201600053074;2;30;0;0;0;0;1;A01
201600053075;1;33;0;1;0;1;1;A01
201600053076;2;32;0;0;2;1;5;B01
201600053076;2;7;0;0;2;3;10;A01
201600053077;2;1;0;0;2;0;1;A01
201600053077;2;10;0;0;2;4;23;B01
201600053078;1;7;0;0;2;3;15;A01
201600053078;1;31;0;0;2;2;17;B01
201600053079;1;32;0;0;2;8;1;B01
201600053079;2;7;0;0;2;1;15;A01
201600053080;2;30;0;1;0;4;1;A01
201600053081;2;2;0;0;0;1;1;A01
201600053082;2;37;0;0;2;3;1;B01
201600053082;2;7;0;0;2;2;15;A01
201600053083;2;1;0;0;2;1;1;A01
201600053083;1;7;0;0;2;3;1;B01
201600053084;2;7;0;0;2;2;2;A01
201600053084;2;30;0;0;2;4;2;B01
201600053085;1;33;0;0;2;1;1;B01
201600053085;1;14;0;0;2;7;15;A01
201600053086;2;31;0;0;1;1;1;A01
201600053087;2;7;0;0;1;5;16;A01
201600053088;2;34;0;0;2;3;1;B01
201600053088;1;7;0;0;2;5;9;A01
201600053089;1;2;0;0;2;0;10;Z01
201600053089;2;1;0;0;2;0;1;A01
201600053090;0;7;0;0;2;2;1;A01
201600053090;2;33;0;0;2;3;16;B01
201600053091;2;31;0;0;2;1;1;B01
201600053091;1;7;0;0;2;3;15;A01
201600053092;2;7;0;0;1;3;1;A01
201600053093;2;33;0;0;2;1;1;B01
201600053093;1;31;0;0;2;7;10;A01
201600053094;1;7;0;8;2;2;1;A01