Num_Acc;senc;catv;occutc;obs;obsm;choc;manv;num_veh
201600053482;2;1;0;0;2;1;23;B01
201600053483;1;7;0;0;2;3;9;A01
201600053483;1;2;0;0;2;2;1;B01
201600053484;1;7;0;0;1;2;1;A01
201600053485;1;1;0;0;2;1;19;A01
201600053485;1;7;0;0;2;6;1;B01
201600053486;1;2;0;0;2;5;17;A01
201600053486;1;7;0;0;2;3;15;Z01
201600053487;1;30;0;0;2;3;1;B01
201600053487;1;7;0;0;2;0;10;A01
201600053488;1;7;0;0;2;3;15;A01
201600053488;1;1;0;0;2;1;1;B01
201600053489;1;7;0;0;2;2;1;B01
201600053489;1;2;0;0;2;1;1;A01
201600053490;1;7;0;0;2;1;1;A01
201600053490;1;7;0;0;2;4;1;B01
201600053491;2;33;0;0;2;1;1;B01
201600053491;2;7;0;0;2;3;9;A01
201600053492;2;7;0;0;2;3;15;A01
201600053492;1;7;0;0;2;3;1;B01
201600053493;0;7;0;0;2;4;23;B01
201600053493;2;2;0;0;2;1;1;A01
201600053494;2;37;0;0;2;0;7;B01
201600053494;2;7;0;0;2;8;16;A01
201600053495;1;33;0;0;1;1;1;A01
201600053496;1;7;0;6;0;2;14;A01
201600053497;2;7;0;0;2;2;9;A01
201600053497;1;34;0;0;2;1;1;B01
201600053498;1;10;0;0;1;8;1;A01
201600053499;1;7;0;0;1;0;1;Z01
201600053500;2;7;0;0;1;1;9;A01
201600053501;2;7;0;0;2;1;15;A01
201600053501;1;7;0;0;2;6;1;B01
201600053502;1;32;0;0;0;7;1;A01
201600053503;2;32;0;0;2;7;1;B01
201600053503;1;7;0;0;2;0;9;A01
201600053504;1;7;0;0;1;1;1;Z01
201600053505;0;33;0;0;2;1;3;A01
201600053505;2;7;0;0;2;6;1;B01
201600053506;1;1;0;0;2;8;11;B01
201600053506;1;7;0;0;2;1;1;A01
201600053507;0;1;0;0;2;1;1;A01
201600053507;0;1;0;0;2;4;1;Z01
201600053508;0;30;0;0;2;1;1;B01
201600053508;0;7;0;0;2;2;1;A01
201600053509;0;1;0;0;2;3;1;B01
201600053509;0;1;0;0;2;8;1;C01
201600053509;0;1;0;0;2;5;14;A01
201600053510;2;7;0;1;0;0;13;A01
201600053511;1;7;0;0;1;8;1;A01
201600053512;2;7;0;0;2;2;15;A01
201600053512;1;7;0;7;2;6;1;B01
201600053513;2;34;0;0;1;2;5;A01
201600053514;2;7;0;0;2;5;9;A01
201600053514;2;2;0;0;2;0;1;B01
201600053515;1;7;0;0;2;1;1;A01
201600053515;1;1;0;0;2;1;1;B01
201600053515;1;1;0;0;2;0;1;C01
201600053516;1;7;0;11;2;1;13;A01
201600053516;2;7;0;0;2;1;1;B01
201600053517;1;34;0;0;1;1;1;A01
201600053518;1;7;0;0;2;8;10;A01
201600053518;1;33;0;0;2;7;1;B01
201600053519;0;34;0;0;2;0;17;A01
201600053519;0;10;0;0;2;8;10;B01
201600053520;1;7;0;0;1;0;15;A01
201600053521;2;31;0;12;2;2;17;A01
201600053521;0;7;0;0;2;0;13;B01
201600053522;1;32;0;0;0;8;15;A01
201600053523;1;7;0;0;2;3;15;A01
201600053523;1;32;0;0;2;2;17;B01
201600053524;1;7;0;0;2;1;23;B01
201600053524;1;10;0;0;2;1;2;A01
201600053524;0;10;0;0;2;4;23;C01
201600053525;2;7;0;0;2;6;10;A01
201600053525;2;32;0;0;2;1;1;B01
201600053526;2;7;0;0;2;0;16;Z01
201600053526;2;1;0;0;2;0;17;A01
201600053527;2;10;0;8;0;1;1;A01
201600053528;1;7;0;0;1;2;1;A01
201600053529;1;31;0;0;2;4;23;A01
201600053529;1;14;0;0;2;1;2;Z01
201600053530;1;32;0;0;2;1;1;A01
201600053530;1;33;0;0;2;0;16;Z01
201600053531;1;7;0;0;2;3;15;A01
201600053531;2;7;0;0;2;8;1;B01
201600053532;1;31;0;0;1;1;1;A01
201600053532;2;7;0;0;2;3;23;B01
201600053533;2;14;0;0;2;2;16;A01
201600053533;2;1;0;0;2;8;1;B01
201600053534;1;33;0;0;2;0;1;B01
201600053534;1;7;0;0;2;3;10;A01
201600053535;1;10;0;0;1;1;1;Z01
201600053536;1;7;0;0;1;1;15;A01
201600053537;1;30;0;0;1;0;1;Z01
201600053538;1;7;0;0;2;0;15;Z01
201600053538;2;31;0;0;2;3;1;A01
201600053539;1;30;0;11;0;1;12;A01
201600053540;1;7;0;0;1;0;1;Z01
201600053541;1;10;0;0;2;6;23;C01
201600053541;1;32;0;0;2;7;14;A01
201600053541;1;31;0;0;2;8;18;B01
201600053542;2;7;0;0;1;2;1;A01
201600053543;2;7;0;0;2;2;1;A01
201600053543;1;7;0;0;2;3;1;B01
201600053544;1;7;0;0;2;3;7;B01
201600053544;1;7;0;0;2;2;16;A01
201600053545;1;7;0;0;2;1;10;A01
201600053545;2;7;0;0;2;8;1;B01
201600053546;2;7;0;0;1;0;15;Z01
201600053547;2;7;0;9;1;1;13;A01
201600053548;2;7;0;0;1;1;15;A01
201600053549;2;7;0;0;2;3;15;A01
201600053549;2;1;0;0;2;8;1;B01
201600053550;2;10;0;0;2;8;10;B01
201600053550;2;2;0;0;2;2;1;A01
201600053551;1;7;0;0;2;2;1;A01
201600053551;1;30;0;0;2;4;23;B01
201600053552;1;32;0;0;2;7;17;A01
201600053552;1;10;0;0;2;3;15;B01
201600053553;0;7;0;0;2;4;4;Z01
201600053553;1;32;0;0;2;6;15;A01
201600053554;1;7;0;0;1;2;1;A01
201600053555;2;32;0;0;2;3;1;B01
201600053555;1;10;0;0;2;2;1;A01
201600053556;1;32;0;10;0;1;10;A01
201600053557;2;10;0;0;2;8;1;B01
201600053557;1;7;0;0;2;1;1;A01
201600053558;1;7;0;0;1;7;1;A01
201600053559;1;7;0;6;0;1;1;A01
201600053560;1;7;0;0;2;3;9;A01
201600053560;1;32;0;0;2;2;1;B01
201600053561;0;7;0;0;2;1;1;A01
201600053561;0;7;0;0;2;7;15;B01
201600053561;0;7;0;0;2;1;23;C01
201600053562;1;7;0;0;1;3;0;A01
201600053563;1;7;0;12;0;3;13;A01
201600053564;0;1;0;0;1;0;1;A01
201600053565;2;7;0;0;2;0;2;B01
201600053565;0;1;0;0;2;0;2;A01
201600053566;2;7;0;0;2;7;15;A01
201600053566;1;2;0;0;2;8;1;B01
201600053567;1;32;0;0;2;7;17;A01
201600053567;1;10;0;0;2;8;15;B01
201600053568;1;33;0;0;2;5;17;A01
201600053568;1;7;0;0;2;8;15;B01
201600053569;0;7;0;0;2;5;10;A01
201600053569;2;32;0;0;2;0;1;B01
201600053570;1;7;0;0;2;6;23;A01
201600053570;1;7;0;0;2;0;1;Z01
201600053571;2;7;0;0;2;5;1;A01
201600053571;2;33;0;0;2;1;16;B01
201600053572;0;7;0;14;2;4;23;B01
201600053572;0;7;0;0;2;0;23;C01
201600053572;0;10;0;0;2;1;1;A01
201600053572;0;10;0;0;2;4;23;D01
201600053573;2;30;0;0;1;1;1;A01
201600053574;1;1;0;0;2;2;1;B01
201600053574;1;7;0;0;2;3;22;A01
201600053575;0;7;0;0;1;7;1;A01
201600053576;2;1;0;0;2;4;2;A01
201600053576;2;33;0;0;2;1;2;Z01
201600053577;1;33;0;0;1;2;1;A01
201600053578;1;7;0;1;0;2;14;A01
201600053579;2;32;0;0;2;4;23;B01
201600053579;2;7;0;0;2;1;2;A01
201600053580;2;33;0;0;2;5;16;B01
201600053580;2;2;0;0;2;4;7;A01
201600053581;2;32;0;14;0;1;13;A01
201600053582;2;31;0;0;0;0;1;A01
201600053583;1;32;0;0;0;7;21;A01
201600053584;1;33;0;0;2;7;17;B01
201600053584;2;7;0;0;2;3;15;A01
201600053585;2;33;0;0;1;7;1;A01
201600053586;1;7;0;1;2;2;14;A01
201600053586;1;7;0;0;2;3;24;B01
201600053587;1;1;0;0;1;1;18;A01
201600053588;0;37;0;0;2;1;1;A01
201600053588;0;10;0;0;2;5;1;B01
201600053589;0;1;0;0;2;1;19;B01
201600053589;1;7;0;0;2;5;1;A01
201600053590;2;32;0;0;2;2;17;A01
201600053590;2;10;0;0;2;8;15;B01
201600053591;2;7;0;0;2;6;1;B01
201600053591;1;34;0;0;2;2;1;A01
201600053592;1;1;0;0;1;1;1;A01
201600053593;1;34;0;0;2;1;1;A01
201600053593;2;7;0;0;2;3;15;B01
201600053594;1;30;0;8;0;1;14;A01
201600053595;1;37;0;0;1;8;1;A01
201600053596;1;33;0;0;1;1;18;A01
201600053597;1;31;0;14;0;1;14;A01
201600053598;0;7;0;1;0;0;14;A01
201600053599;0;7;0;0;2;1;1;A01
201600053599;0;7;0;0;2;4;23;B01
201600053599;0;7;0;0;2;3;1;C01
201600053600;1;33;0;0;2;0;18;A01
201600053600;1;7;0;0;2;0;16;B01
201600053601;1;7;0;0;2;2;14;A01
201600053601;1;30;0;0;2;8;1;B01
201600053602;2;34;0;0;2;2;1;A01
201600053602;2;7;0;0;2;3;9;B01
201600053603;1;1;0;0;2;7;19;A01
201600053603;0;7;0;0;2;7;23;B01
201600053604;2;10;0;0;2;3;10;A01
201600053604;2;31;0;0;2;7;17;B01
201600053605;1;1;0;0;2;1;1;A01
201600053605;2;7;0;0;2;2;15;B01
201600053606;1;7;0;0;2;6;22;A01
201600053606;1;1;0;1;2;2;1;B01
201600053607;1;31;0;0;2;8;1;A01
201600053607;2;7;0;0;2;3;15;B01
201600053608;1;33;0;0;1;1;1;A01
201600053609;1;7;0;0;1;1;2;A01
201600053610;2;32;0;0;0;0;1;A01
201600053611;1;1;0;0;0;1;1;A01
201600053612;2;7;0;0;2;0;15;A01
201600053612;2;30;0;0;2;0;1;B01
201600053613;2;10;0;0;1;0;1;A01
201600053614;1;7;0;0;2;2;15;A01
201600053614;2;1;0;0;2;1;5;B01
201600053615;2;33;0;0;2;7;1;B01
201600053615;2;7;0;0;2;1;15;A01
201600053616;1;1;0;0;2;1;1;B01
201600053616;1;7;0;0;2;3;15;A01
201600053617;1;7;0;0;2;6;1;B01
201600053617;1;7;0;0;2;2;1;A01
201600053618;1;1;0;0;2;4;2;A01
201600053618;1;34;0;0;2;1;2;Z01
201600053619;0;7;0;0;2;3;1;A01
201600053619;0;7;0;0;2;5;1;B01
201600053620;1;7;0;0;2;2;7;A01
201600053620;1;1;0;0;2;0;13;B01
201600053621;1;7;0;0;2;5;2;B01
201600053621;1;7;0;0;2;3;2;A01
201600053622;1;7;0;0;2;4;23;A01
201600053622;1;7;0;0;2;4;23;B01
201600053622;0;7;0;0;2;1;2;Z01
201600053623;1;30;0;15;0;1;20;A01
201600053624;2;7;0;0;1;2;15;A01
201600053625;1;32;0;0;2;2;1;A01
201600053625;1;7;0;0;2;6;15;B01
201600053626;1;31;0;0;2;1;17;A01
201600053626;1;7;0;0;2;6;15;B01
201600053627;1;33;0;0;2;2;1;B01
201600053627;0;7;0;0;2;0;10;A01
201600053628;1;34;0;0;2;8;1;B01
201600053628;1;7;0;0;2;7;14;A01
201600053629;1;7;0;0;2;8;15;A01
201600053629;1;30;0;0;2;7;17;B01
201600053630;1;1;0;1;0;3;1;A01
201600053631;2;7;0;0;2;0;15;Z01
201600053631;2;33;0;0;2;0;1;A01
201600053632;2;7;0;0;2;2;2;A01
201600053632;2;10;0;0;2;8;23;B01
201600053633;1;7;0;0;2;0;14;Z01
201600053633;1;33;0;0;2;4;1;A01
201600053633;1;7;0;0;2;6;1;B01
201600053634;1;10;0;0;1;0;4;A01
201600053635;1;13;0;0;1;5;16;A01
201600053636;1;7;0;0;2;5;16;A01
201600053636;2;31;0;0;2;3;1;B01
201600053637;2;32;0;0;0;0;13;A01
201600053638;0;7;0;0;2;3;11;A01
201600053638;0;31;0;0;2;2;1;B01
201600053639;1;2;0;0;2;3;7;A01
201600053639;1;7;0;0;2;2;16;B01
201600053640;2;7;0;1;1;2;17;A01
201600053641;2;7;0;0;2;3;1;B01
201600053641;2;7;0;0;2;5;12;Z01
201600053641;2;32;0;0;2;1;3;A01
201600053642;2;34;0;0;1;1;17;A01
201600053643;0;7;0;0;2;4;13;Z01
201600053643;0;10;0;12;2;3;1;B01
201600053643;0;7;0;0;2;7;1;A01
201600053644;1;7;0;0;2;7;16;A01
201600053644;1;30;0;0;2;5;1;B01
201600053645;1;7;0;0;2;1;2;A01
201600053645;1;7;0;0;2;4;2;B01
201600053646;1;10;0;0;1;1;16;A01
201600053647;1;7;0;0;2;8;15;B01
201600053647;1;32;0;0;2;1;17;A01
201600053648;1;7;0;0;2;6;15;B01
201600053648;1;7;0;0;2;2;2;A01
201600053649;1;32;0;12;0;8;14;A01
201600053650;1;10;0;0;2;1;2;A01
201600053650;1;7;0;0;2;0;2;B01
201600053651;2;33;0;0;0;0;1;A01
201600053652;1;32;0;0;2;7;17;A01
201600053652;1;7;0;0;2;6;11;Z01
201600053653;1;33;0;0;0;8;1;A01
201600053654;1;7;0;0;1;2;1;A01
201600053655;2;32;0;0;0;8;1;A01
201600053656;2;30;0;1;2;8;9;A01
201600053656;2;7;0;1;2;1;1;B01
201600053657;0;30;0;0;2;1;15;B01
201600053657;1;7;0;0;2;1;15;A01
201600053658;1;31;0;0;2;7;17;A01
201600053658;1;7;0;0;2;3;15;B01
201600053659;2;14;0;0;2;2;17;A01
201600053659;2;7;0;0;2;6;13;B01
201600053660;1;1;0;1;0;7;14;A01
201600053661;0;7;0;0;2;3;9;B01
201600053661;0;7;0;0;2;2;1;A01
201600053662;2;7;0;0;2;4;23;C01
201600053662;2;7;0;0;2;1;1;A01
201600053662;2;7;0;0;2;1;23;B01
201600053662;0;7;0;0;2;0;23;D01
201600053663;2;7;0;0;1;4;4;A01
201600053664;2;10;0;0;1;0;4;A01
201600053665;2;7;0;0;2;1;2;A01
201600053665;2;7;0;0;2;4;23;B01
201600053666;2;7;0;0;1;4;4;A01
201600053667;0;7;0;0;2;2;17;Z01
201600053667;2;7;0;1;2;8;23;A01
201600053668;2;7;0;0;2;8;1;B01
201600053668;1;10;0;0;2;2;1;A01
201600053669;1;7;0;0;2;8;1;B01
201600053669;1;34;0;0;2;2;1;A01
201600053670;2;1;0;1;0;0;21;A01
201600053671;0;7;0;0;2;6;23;C01
201600053671;1;7;0;0;2;5;23;B01
201600053671;1;7;0;0;2;1;1;A01
201600053672;0;7;0;0;2;7;1;B01
201600053672;0;33;0;0;2;8;15;A01
201600053673;1;7;0;0;2;5;23;B01
201600053673;1;1;0;0;2;5;1;A01
201600053674;2;7;0;11;0;2;1;A01
201600053675;1;31;0;0;0;0;1;A01
201600053676;1;7;0;0;1;2;1;A01
201600053677;0;32;0;0;1;1;2;A01
201600053678;1;7;0;0;2;3;15;B01
201600053678;1;32;0;0;2;1;17;A01
201600053679;0;7;0;0;1;0;1;Z01
201600053680;0;32;0;0;2;1;1;A01
201600053680;0;1;0;0;2;8;1;B01
201600053681;1;2;0;0;2;8;1;A01
201600053682;1;31;0;0;1;1;1;A01
201600053683;0;7;0;0;1;2;1;A01
201600053684;1;7;0;0;1;1;1;A01
201600053685;2;7;0;0;2;1;15;A01
201600053685;1;1;0;0;2;1;1;B01
201600053686;1;7;0;0;2;0;9;Z01
201600053686;1;1;0;0;2;0;1;A01
201600053687;1;33;0;0;1;3;1;A01
201600053688;1;32;0;0;1;1;16;A01
201600053689;1;3;0;0;2;7;22;A01
201600053689;1;33;0;0;2;1;18;B01
201600053689;1;38;0;0;2;5;23;C01
201600053690;1;7;0;0;1;5;20;A01
201600053691;1;7;0;0;2;6;23;B01
201600053691;1;33;0;0;2;7;3;A01
201600053692;2;32;0;0;1;7;17;A01
201600053693;2;7;0;0;2;4;23;B01
201600053693;2;30;0;0;2;1;1;A01
201600053694;1;7;0;0;1;4;4;A01
201600053695;0;30;0;0;2;7;15;B01
201600053695;0;32;0;0;2;1;1;A01
201600053696;1;7;0;0;2;4;23;B01
201600053696;1;7;0;0;2;1;1;A01
201600053697;1;7;0;0;1;2;15;A01
201600053698;2;7;0;0;2;2;14;A01
201600053698;2;33;0;0;2;3;1;B01
201600053699;2;7;0;0;2;1;2;A01
201600053699;2;7;0;0;2;4;23;D01
201600053699;2;7;0;0;2;4;23;B01
201600053699;2;7;0;0;2;4;23;C01
201600053700;1;7;0;0;1;7;1;A01
201600053701;1;7;0;0;1;4;4;A01
201600053702;1;34;0;0;2;3;18;A01
201600053702;1;1;0;0;2;2;1;B01
201600053703;2;7;0;0;2;0;2;B01
201600053703;2;7;0;0;2;1;2;A01
201600053704;1;34;0;0;2;1;17;A01
201600053704;2;1;0;0;2;1;1;B01
201600053705;1;7;0;0;1;2;1;A01
201600053706;2;10;0;0;2;3;13;A01
201600053706;2;33;0;0;2;7;1;B01
201600053707;2;7;0;0;2;3;15;A01
201600053707;1;1;0;0;2;0;1;B01
201600053708;1;1;0;0;1;1;1;A01
201600053709;1;2;0;0;2;1;2;A01
201600053709;1;7;0;0;2;4;23;B01
201600053710;1;7;0;0;2;2;15;A01
201600053710;2;7;0;0;2;1;1;B01
201600053711;2;7;0;0;2;7;16;A01
201600053711;2;31;0;0;2;3;1;B01
201600053712;1;1;0;0;0;0;7;A01
201600053713;1;38;0;0;2;2;16;A01
201600053713;1;33;0;0;2;1;18;B01
201600053714;2;1;0;0;2;2;1;B01
201600053714;2;7;0;0;2;3;9;A01
201600053715;2;1;0;0;2;1;1;B01
201600053715;1;7;0;0;2;1;15;A01
201600053716;2;2;0;0;2;2;17;A01
201600053716;2;7;0;0;2;8;15;B01
201600053717;2;32;0;0;1;0;1;Z01
201600053718;2;7;0;0;1;1;15;A01
201600053719;2;7;0;0;2;8;15;B01
201600053719;2;31;0;0;2;1;1;A01
201600053720;1;34;0;14;0;2;13;A01
201600053721;1;33;0;0;2;1;1;B01
201600053721;1;7;0;0;2;3;1;A01
201600053722;2;33;0;0;2;4;2;B01
201600053722;2;7;0;0;2;1;2;A01
201600053723;2;7;0;0;1;3;1;A01
201600053724;2;7;0;0;1;1;0;Z01
201600053725;1;7;0;0;1;5;4;A01
201600053726;1;10;0;0;2;4;2;C01
201600053726;1;17;0;0;2;1;2;A01
201600053726;1;7;0;0;2;4;2;B01
201600053727;2;7;0;0;2;2;17;A01
201600053727;1;31;0;0;2;8;1;B01
201600053728;1;7;0;11;0;3;13;A01
201600053729;0;1;0;0;2;0;1;B01
201600053729;0;7;0;0;2;0;1;A01
201600053730;2;7;0;0;2;3;10;A01
201600053730;2;31;0;0;2;2;1;B01
201600053731;2;7;0;0;1;1;1;A01
201600053732;1;7;0;0;2;2;1;A01
201600053732;1;7;0;1;2;3;1;B01
201600053733;1;7;0;0;1;1;1;A01
201600053734;2;30;0;0;1;1;1;A01
201600053735;1;7;0;8;0;1;14;A01
201600053736;1;34;0;0;1;2;1;A01
201600053737;1;7;0;0;2;4;23;C01
201600053737;1;7;0;0;2;4;23;B01
201600053737;1;7;0;0;2;1;2;A01
201600053738;1;7;0;0;2;6;15;A01
201600053738;1;30;0;0;2;1;17;B01
201600053739;2;7;0;0;2;2;2;A01
201600053739;0;34;0;0;2;4;23;B01
201600053740;1;33;0;0;0;0;3;A01
201600053741;2;7;0;0;2;8;13;A01
201600053741;2;33;0;0;2;7;1;B01
201600053742;0;7;0;0;1;1;1;Z01
201600053743;1;7;0;8;2;1;1;A01
201600053743;1;7;0;0;2;0;1;B01
201600053744;1;30;0;0;2;0;16;Z01
201600053744;1;1;0;0;2;1;1;A01
201600053745;1;7;0;0;1;1;1;A01
201600053746;2;7;0;0;2;3;13;A01
201600053746;2;31;0;0;2;7;1;B01
201600053747;2;30;0;0;1;0;7;Z01
201600053748;2;34;0;0;2;2;17;A01
201600053748;2;10;0;0;2;8;10;B01
201600053749;0;33;0;0;2;8;1;B01
201600053749;1;7;0;0;2;2;1;A01
201600053750;1;7;0;8;2;3;1;B01
201600053750;1;7;0;0;2;2;1;A01
201600053751;2;1;0;0;2;1;2;A01
201600053751;2;7;0;0;2;4;2;B01
201600053752;1;30;0;0;0;0;15;A01
201600053753;2;10;0;6;0;0;1;A01
201600053754;2;7;0;0;2;1;2;A01
201600053754;2;7;0;0;2;4;23;B01
201600053755;1;7;0;0;2;1;15;A01
201600053755;2;7;0;0;2;3;1;B01
201600053756;1;31;0;0;2;0;15;B01
201600053756;1;10;0;0;2;6;15;A01
201600053757;1;7;0;0;2;3;23;B01
201600053757;2;1;0;0;2;1;1;A01
201600053758;1;34;0;0;2;3;1;B01
201600053758;1;7;0;0;2;2;9;A01
201600053759;2;33;0;0;1;1;1;A01
201600053760;0;7;0;0;2;6;15;B01
201600053760;0;32;0;0;2;1;17;A01
201600053761;1;7;0;8;0;1;15;A01
201600053762;1;7;0;0;0;0;21;A01
201600053763;1;10;0;0;2;7;15;A01
201600053763;2;33;0;0;2;1;1;B01
201600053764;1;30;0;0;2;3;1;B01
201600053764;2;7;0;0;2;3;15;A01
201600053765;2;32;0;0;2;1;1;B01
201600053765;1;10;0;0;2;2;10;A01
201600053766;2;7;0;0;1;1;1;A01
201600053767;1;7;0;0;1;1;15;A01
201600053768;2;1;0;0;0;0;1;A01
201600053769;2;7;0;0;1;8;1;A01
201600053770;1;33;0;8;1;1;1;A01
201600053771;1;30;0;0;1;2;1;A01
201600053772;1;30;0;1;0;1;1;A01
201600053773;1;7;0;0;2;7;15;A01
201600053773;1;1;0;0;2;3;1;B01
201600053774;2;7;0;0;2;3;16;B01
201600053774;2;2;0;0;2;1;1;A01
201600053775;1;34;0;8;2;1;1;B01
201600053775;1;7;0;0;2;2;16;A01
201600053776;1;7;0;0;2;2;1;A01
201600053776;1;31;0;0;2;8;1;B01
201600053777;2;31;0;9;0;1;1;A01
201600053778;1;30;0;0;1;0;1;Z01
201600053779;1;34;0;0;2;7;1;B01
201600053779;1;7;0;0;2;3;10;A01
201600053780;2;7;0;0;2;3;1;A01
201600053780;1;33;0;0;2;6;17;Z01
201600053781;1;7;0;0;2;5;12;A01
201600053781;1;33;0;0;2;8;3;B01
201600053782;1;10;0;8;0;3;15;A01
201600053783;1;2;0;0;2;1;18;B01
201600053783;1;7;0;0;2;2;16;A01
201600053784;1;33;0;0;0;8;21;A01
201600053785;1;7;0;0;2;4;2;A01
201600053785;1;31;0;0;2;1;2;B01
201600053786;0;7;0;0;1;2;16;A01
201600053787;1;32;0;0;2;7;3;B01
201600053787;1;7;0;0;2;3;11;A01
201600053788;2;14;0;0;2;0;14;C01
201600053788;1;34;0;0;2;1;3;A01
201600053788;2;7;0;0;2;3;23;B01
201600053789;2;7;0;0;2;5;1;B01
201600053789;1;34;0;0;2;3;16;A01
201600053790;2;7;0;1;0;8;15;A01
201600053791;1;34;0;0;2;1;1;B01
201600053791;2;7;0;0;2;2;15;A01
201600053792;1;33;0;0;2;4;23;B01
201600053792;1;7;0;0;2;2;2;A01
201600053793;1;7;0;0;2;2;16;A01
201600053793;1;33;0;0;2;3;18;B01
201600053794;2;7;0;0;1;4;20;A01
201600053795;1;7;0;0;2;2;15;B01
201600053795;2;30;0;0;2;1;7;A01
201600053796;1;7;0;0;2;2;15;A01
201600053796;2;32;0;0;2;1;1;B01
201600053797;2;31;0;0;2;3;1;B01
201600053797;1;2;0;0;2;3;15;A01
201600053798;1;7;0;0;2;0;9;A01
201600053798;1;30;0;0;2;0;1;B01
201600053799;2;7;0;0;1;1;15;A01
201600053800;1;7;0;14;0;2;16;A01
201600053801;2;7;0;11;0;3;15;A01
201600053802;2;10;0;0;2;3;1;A01
201600053802;2;7;0;0;2;5;23;B01
201600053803;2;7;0;11;0;3;15;A01
201600053804;2;7;0;0;2;1;1;A01
201600053804;1;7;0;0;2;8;1;B01
201600053805;1;7;0;0;2;4;23;B01
201600053805;1;7;0;0;2;1;2;A01
201600053806;2;7;0;0;1;1;1;A01
201600053807;1;10;0;0;2;3;15;A01
201600053807;2;32;0;0;2;2;1;B01
201600053808;1;37;0;0;1;2;7;A01
201600053809;1;32;0;11;0;1;1;A01
201600053810;1;31;0;1;1;1;1;A01
201600053811;0;7;0;0;1;0;16;A01
201600053812;1;10;0;0;1;2;1;A01
201600053813;1;7;0;0;1;0;1;A01
201600053814;2;7;0;0;2;0;15;Z01
201600053814;1;30;0;0;2;7;1;A01
201600053815;2;2;0;14;0;1;7;A01
201600053816;1;7;0;0;2;7;22;A01
201600053816;1;1;0;0;2;1;1;B01
201600053817;1;33;0;11;2;8;13;A01
201600053818;1;7;0;0;1;1;1;A01
201600053819;2;33;0;0;2;1;1;B01
201600053819;1;7;0;0;2;1;17;A01
201600053820;2;7;0;8;0;1;13;A01
201600053821;1;7;0;0;2;1;1;A01
201600053821;1;1;0;0;2;7;1;B01
201600053822;1;7;0;0;2;2;15;A01
201600053822;2;7;0;0;2;3;7;B01
201600053823;1;7;0;0;2;7;15;A01
201600053823;2;1;0;0;2;3;1;B01
201600053824;1;34;0;0;1;0;1;A01
201600053825;1;2;0;0;2;1;1;B01
201600053825;1;7;0;0;2;5;15;A01
201600053826;2;31;0;0;2;3;1;B01
201600053826;1;7;0;0;2;1;15;A01
201600053827;1;7;0;0;2;5;15;A01
201600053827;2;1;0;0;2;1;1;B01
201600053828;1;33;0;0;2;3;1;B01
201600053828;1;10;0;0;2;2;9;A01
201600053829;1;7;0;0;1;3;1;A01
201600053830;1;7;0;0;2;1;1;A01
201600053830;0;7;0;0;2;0;1;B01
201600053831;2;7;0;0;1;3;1;A01
201600053832;2;7;0;0;2;0;11;Z01
201600053832;2;31;0;0;2;0;1;A01
201600053833;1;7;0;0;2;2;15;B01
201600053833;2;30;0;0;2;1;8;A01
201600053834;1;31;0;0;1;8;1;A01
201600053835;0;7;0;1;2;2;1;B01
201600053835;0;7;0;11;2;1;17;A01
201600053836;2;32;0;0;2;8;1;B01
201600053836;2;10;0;0;2;5;16;A01
201600053837;1;10;0;0;1;4;4;A01
201600053838;1;7;0;0;2;2;15;A01
201600053838;2;31;0;0;2;1;1;B01
201600053839;1;7;0;0;2;7;9;A01
201600053839;1;7;0;0;2;3;1;B01
201600053840;1;1;0;14;0;0;1;A01
201600053841;1;7;0;0;2;2;10;A01
201600053841;2;30;0;0;2;7;1;B01
201600053842;1;7;0;0;1;0;0;A01
201600053843;1;7;0;0;2;4;23;B01
201600053843;1;7;0;0;2;4;23;C01
201600053843;1;7;0;0;2;1;2;A01
201600053844;1;33;0;0;2;3;3;A01
201600053844;1;10;0;0;2;0;1;B01
201600053845;2;33;0;0;1;1;1;A01
201600053846;2;31;0;0;0;0;11;A01
201600053847;1;14;0;0;2;2;1;B01
201600053847;2;7;0;0;2;6;11;A01
201600053848;1;31;0;0;0;0;1;A01
201600053849;1;32;0;0;2;1;17;A01
201600053849;1;7;0;0;2;3;10;B01
201600053850;2;7;0;0;2;6;13;A01
201600053850;2;1;0;0;2;2;1;B01
201600053851;2;7;0;0;2;4;23;A01
201600053851;2;14;0;0;2;1;1;Z01
201600053851;2;7;0;0;2;4;23;B01
201600053852;2;7;0;0;2;2;15;A01
201600053852;0;32;0;0;2;1;7;B01
201600053853;0;7;0;0;2;2;10;A01
201600053853;1;33;0;0;2;1;1;B01
201600053854;1;10;0;0;2;5;16;A01
201600053854;1;1;0;0;2;1;1;B01
201600053855;2;10;0;0;1;4;4;A01
201600053856;1;33;0;0;2;1;1;B01
201600053856;2;10;0;0;2;7;15;A01
201600053857;1;30;0;0;1;1;7;A01
201600053858;2;7;0;0;1;1;1;A01
201600053859;1;33;0;0;1;7;1;A01
201600053860;1;38;0;0;1;2;7;A01
201600053861;1;33;0;8;2;8;1;B01
201600053861;1;7;0;0;2;2;16;A01
201600053862;2;7;0;0;1;1;1;A01
201600053863;2;33;0;0;2;1;1;A01