Num_Acc;senc;catv;occutc;obs;obsm;choc;manv;num_veh
201600055013;0;7;0;0;2;8;9;A01
201600055014;0;30;0;0;2;7;1;A01
201600055014;0;7;0;0;2;1;1;B01
201600055015;1;30;0;0;0;0;20;A01
201600055016;0;30;0;0;2;1;18;A01
201600055016;0;7;0;0;2;2;16;B01
201600055017;0;7;0;0;2;2;1;A01
201600055017;0;7;0;0;2;5;23;B01
201600055018;1;2;0;1;0;1;1;A01
201600055019;0;7;0;0;2;1;15;A01
201600055019;1;31;0;0;2;5;17;B01
201600055020;0;7;0;0;2;1;1;C01
201600055020;0;7;0;0;2;4;15;A01
201600055020;0;7;0;0;2;4;1;B01
201600055021;0;33;0;0;2;8;12;A01
201600055021;0;33;0;0;2;8;1;B01
201600055022;1;14;0;0;2;2;1;A01
201600055022;1;7;0;0;2;8;11;B01
201600055022;1;34;0;0;2;3;1;C01
201600055023;0;33;0;0;2;1;18;A01
201600055023;0;10;0;0;2;8;16;B01
201600055024;1;7;0;0;2;4;1;B01
201600055024;1;7;0;0;2;1;1;A01
201600055025;1;7;0;0;2;1;1;A01
201600055025;1;7;0;1;2;8;15;B01
201600055026;0;7;0;0;2;4;1;C01
201600055026;0;7;0;0;2;1;14;A01
201600055026;0;1;0;0;2;4;1;B01
201600055027;1;33;0;0;2;4;1;A01
201600055027;1;1;0;0;2;4;15;B01
201600055028;0;7;0;8;0;1;14;A01
201600055029;1;7;0;0;1;1;1;A01
201600055030;2;10;0;0;2;4;4;A01
201600055030;2;32;0;0;2;1;1;B01
201600055031;2;1;0;0;1;1;16;A01
201600055032;1;7;0;0;2;1;1;A01
201600055032;1;7;0;0;2;4;23;C01
201600055032;1;7;0;0;2;4;23;B01
201600055033;0;33;0;0;2;1;1;A01
201600055033;0;33;0;0;2;4;1;B01
201600055034;0;2;0;0;2;1;1;A01
201600055034;0;7;0;0;2;4;15;B01
201600055035;0;10;0;0;2;3;1;A01
201600055035;0;1;0;0;2;2;9;B01
201600055036;1;1;0;0;2;1;7;B01
201600055036;1;2;0;0;2;5;16;A01
201600055037;2;7;0;0;2;5;23;B01
201600055037;2;33;0;0;2;1;1;A01
201600055038;0;7;0;0;2;3;22;A01
201600055038;1;1;0;1;2;0;1;B01
201600055039;1;1;0;0;2;1;1;B01
201600055039;1;10;0;0;2;3;10;A01
201600055040;1;7;0;0;2;8;15;A01
201600055040;1;32;0;0;2;2;17;B01
201600055041;0;7;0;0;2;3;1;A01
201600055041;0;33;0;0;2;4;23;B01
201600055042;0;7;0;0;2;2;10;A01
201600055042;0;7;0;0;2;7;1;B01
201600055043;1;1;0;0;1;0;1;Z01
201600055044;1;1;0;0;1;0;1;A01
201600055045;1;7;0;0;2;2;10;A01
201600055045;2;7;0;0;2;3;1;B01
201600055046;2;7;0;0;1;2;1;A01
201600055047;0;10;0;0;2;1;2;A01
201600055047;0;10;0;0;2;4;23;C01
201600055047;0;10;0;0;2;4;2;B01
201600055048;0;33;0;0;2;1;1;B01
201600055048;0;10;0;0;2;8;22;A01
201600055049;2;31;0;0;1;3;1;A01
201600055050;1;7;0;0;1;1;1;A01
201600055051;0;2;0;1;0;1;14;A01
201600055052;0;7;0;0;2;3;2;A01
201600055052;0;7;0;0;2;4;23;B01
201600055053;1;7;0;15;0;2;14;A01
201600055054;0;7;0;0;2;2;1;A01
201600055054;0;33;0;0;2;4;14;B01
201600055055;0;7;0;0;1;1;1;A01
201600055056;1;33;0;0;0;8;1;A01
201600055057;1;7;0;1;0;3;13;A01
201600055058;1;7;0;0;2;2;1;B01
201600055058;0;1;0;15;2;0;9;A01
201600055059;1;1;0;0;2;8;1;B01
201600055059;1;7;0;0;2;6;22;A01
201600055060;1;33;0;0;2;2;1;B01
201600055060;0;10;0;0;2;3;13;A01
201600055061;0;7;0;0;2;1;2;A01
201600055061;0;33;0;0;2;4;2;B01
201600055062;0;10;0;0;2;3;13;A01
201600055062;1;30;0;0;2;0;17;B01
201600055063;0;32;0;0;0;0;1;A01
201600055064;1;33;0;0;0;9;1;A01
201600055065;0;10;0;0;2;7;15;A01
201600055065;0;30;0;0;2;2;1;B01
201600055066;2;31;0;1;0;7;13;A01
201600055067;1;7;0;0;2;3;10;A01
201600055067;1;31;0;0;2;3;17;B01
201600055068;2;30;0;0;2;2;17;A01
201600055068;2;7;0;0;2;1;15;B01
201600055069;1;7;0;1;0;9;1;A01
201600055070;2;7;0;0;2;6;1;C01
201600055070;1;7;0;1;2;1;13;A01
201600055070;2;10;0;0;2;0;1;B01
201600055071;1;31;0;14;0;8;1;A01
201600055072;1;1;0;1;0;2;14;A01
201600055073;2;7;0;0;2;6;1;B01
201600055073;2;7;0;0;2;2;1;A01
201600055074;0;2;0;0;2;7;1;B01
201600055074;0;7;0;0;2;5;15;A01
201600055075;1;7;0;1;0;2;1;A01
201600055076;2;7;0;0;2;3;9;A01
201600055076;1;33;0;0;2;1;17;B01
201600055077;0;7;0;2;0;1;13;A01
201600055078;2;32;0;0;2;1;1;B01
201600055078;2;7;0;0;2;5;12;A01
201600055079;1;7;0;0;2;8;1;A01
201600055079;1;33;0;0;2;1;1;B01
201600055080;1;7;0;0;1;2;1;A01
201600055081;0;7;0;0;2;5;1;A01
201600055081;0;32;0;0;2;7;1;B01
201600055082;1;7;0;8;2;8;1;B01
201600055082;2;7;0;0;2;1;1;A01
201600055083;1;30;0;1;2;2;1;A01
201600055083;1;7;0;1;2;6;23;B01
201600055084;1;7;0;0;2;5;1;A01
201600055084;2;33;0;0;2;1;1;B01
201600055085;0;37;0;9;0;1;21;A01
201600055086;1;7;0;0;2;8;15;B01
201600055086;1;2;0;0;2;1;17;A01
201600055087;1;1;0;1;2;2;1;B01
201600055087;1;7;0;0;2;0;22;A01
201600055088;1;7;0;0;2;7;15;A01
201600055088;2;2;0;0;2;1;2;B01
201600055089;1;7;0;0;1;1;1;A01
201600055090;0;10;0;0;2;3;16;A01
201600055090;0;38;0;0;2;2;16;B01
201600055091;0;7;0;0;2;1;1;A01
201600055091;0;33;0;0;2;3;1;B01
201600055092;2;33;0;16;2;3;1;B01
201600055092;1;7;0;16;2;3;9;A01
201600055093;1;7;0;0;2;3;11;A01
201600055093;1;1;0;0;2;5;12;B01
201600055094;0;17;0;8;1;8;15;A01
201600055095;1;30;0;12;0;2;1;A01
201600055096;2;31;0;0;2;1;1;B01
201600055096;1;7;0;0;2;2;15;A01
201600055097;1;7;0;0;2;7;16;A01
201600055097;1;1;0;1;2;4;1;B01
201600055098;0;2;0;0;2;1;1;B01
201600055098;0;7;0;0;2;8;10;A01
201600055099;0;7;0;0;2;6;23;B01
201600055099;0;34;0;0;2;1;2;A01
201600055100;2;34;0;0;2;1;17;A01
201600055100;0;7;0;0;2;8;15;B01
201600055101;1;31;0;0;2;1;3;A01
201600055101;1;7;0;0;2;5;12;B01
201600055102;2;7;0;0;2;2;9;A01
201600055102;2;33;0;0;2;7;1;B01
201600055103;1;34;0;0;2;1;1;A01
201600055103;1;10;0;0;2;4;13;Z01
201600055104;1;7;0;0;2;6;12;A01
201600055104;1;34;0;0;2;1;1;B01
201600055105;1;7;0;0;2;1;1;A01
201600055105;1;7;0;0;2;4;1;B01
201600055106;1;7;0;0;2;0;1;C01
201600055106;1;10;0;0;2;0;1;B01
201600055106;1;32;0;0;2;7;1;A01
201600055107;1;7;0;8;0;1;15;A01
201600055108;1;2;0;0;2;8;15;B01
201600055108;1;37;0;0;2;1;7;A01
201600055109;2;7;0;0;2;2;17;A01
201600055109;2;1;0;0;2;8;13;B01
201600055110;1;10;0;0;2;4;1;D01
201600055110;1;10;0;0;2;4;1;C01
201600055110;1;10;0;0;2;1;1;A01
201600055110;1;10;0;0;2;4;1;B01
201600055111;0;7;0;0;2;3;1;A01
201600055111;0;1;0;0;2;3;19;B01
201600055112;0;1;0;0;2;7;1;A01
201600055112;0;1;0;0;2;8;1;Z01
201600055113;2;34;0;0;2;1;14;A01
201600055113;2;7;0;0;2;4;1;B01
201600055114;1;32;0;0;0;8;1;A01
201600055115;1;1;0;0;1;7;17;A01
201600055116;0;32;0;0;2;7;1;B01
201600055116;0;7;0;0;2;3;9;A01
201600055117;1;34;0;0;2;4;1;A01
201600055117;0;32;0;0;2;1;14;Z01
201600055118;1;7;0;0;2;1;1;B01
201600055118;2;7;0;0;2;1;1;A01
201600055119;0;7;0;0;2;3;15;A01
201600055119;1;7;0;0;2;2;16;Z01
201600055120;0;30;0;0;0;7;21;A01
201600055121;0;7;0;0;2;8;15;A01
201600055121;0;33;0;0;2;7;1;B01
201600055122;2;1;0;0;1;1;1;A01
201600055123;1;33;0;1;2;8;17;A01
201600055123;1;7;0;0;2;0;1;B01
201600055124;1;33;0;1;0;1;3;A01
201600055124;1;7;0;0;2;8;22;B01
201600055124;1;7;0;0;2;7;1;C01
201600055125;1;34;0;1;2;7;1;B01
201600055125;1;7;0;0;2;3;13;A01
201600055126;0;7;0;11;0;3;10;A01
201600055127;1;31;0;0;0;7;1;A01
201600055128;2;7;0;0;2;4;2;B01
201600055128;2;37;0;0;2;1;2;A01
201600055129;1;33;0;0;9;8;1;A01
201600055130;1;7;0;1;0;2;14;A01
201600055131;0;32;0;0;0;3;1;A01
201600055132;0;7;0;0;2;2;1;A01
201600055132;0;7;0;0;2;3;1;B01
201600055133;1;7;0;1;0;2;14;A01
201600055134;0;7;0;0;2;1;10;A01
201600055134;2;33;0;0;2;4;1;B01
201600055135;0;33;0;7;0;1;13;A01
201600055136;2;31;0;0;0;8;1;A01
201600055137;2;30;0;0;0;8;1;A01
201600055138;2;32;0;0;0;8;1;A01
201600055139;2;7;0;0;1;1;16;A01
201600055140;1;1;0;0;2;1;5;B01
201600055140;2;10;0;0;2;7;9;A01
201600055141;1;7;0;0;1;2;16;A01
201600055142;0;1;0;0;2;8;19;A01
201600055142;0;31;0;0;2;1;1;B01
201600055143;1;7;0;0;1;1;16;A01
201600055144;2;7;0;0;2;4;2;C01
201600055144;2;7;0;0;2;4;2;B01
201600055144;2;10;0;0;2;1;2;A01
201600055145;1;7;0;0;2;2;2;A01
201600055145;1;7;0;0;2;4;23;B01
201600055146;1;7;0;0;2;6;1;B01
201600055146;1;7;0;0;2;2;1;A01
201600055147;1;7;0;0;2;6;23;A01
201600055147;1;37;0;0;2;1;2;B01
201600055148;2;33;0;0;2;1;1;B01
201600055148;1;7;0;0;2;1;15;A01
201600055149;0;31;0;0;2;4;23;B01
201600055149;1;37;0;0;2;2;2;A01
201600055150;1;34;0;0;1;7;1;A01
201600055151;1;7;0;0;2;3;13;A01
201600055151;1;33;0;0;2;7;17;B01
201600055152;1;2;0;14;0;1;1;A01
201600055153;0;30;0;0;2;1;1;A01
201600055153;0;7;0;0;2;4;23;B01
201600055154;0;31;0;0;2;1;12;A01
201600055154;0;1;0;0;2;4;7;B01
201600055155;0;7;0;0;2;2;1;A01
201600055155;0;7;0;0;2;3;9;B01
201600055156;1;7;0;0;2;8;13;A01
201600055156;2;7;0;0;2;8;1;B01
201600055157;1;34;0;0;2;1;1;B01
201600055157;1;7;0;1;2;3;10;A01
201600055158;1;7;0;0;2;6;16;B01
201600055158;1;30;0;0;2;1;7;A01
201600055159;1;10;0;0;2;1;1;A01
201600055159;1;7;0;0;2;7;1;B01
201600055160;0;7;0;0;2;4;23;B01
201600055160;2;32;0;0;2;1;1;A01
201600055161;2;7;0;1;0;3;13;A01
201600055162;1;7;0;0;2;2;17;A01
201600055162;0;1;0;0;2;0;19;B01
201600055163;1;7;0;8;0;3;10;A01
201600055164;2;32;0;0;2;1;1;B01
201600055164;1;7;0;0;2;2;1;A01
201600055165;1;34;0;0;0;8;16;A01
201600055166;2;10;0;0;1;3;20;A01
201600055167;0;7;0;0;2;2;1;A01
201600055167;0;33;0;0;2;5;1;B01
201600055168;0;33;0;0;1;1;17;A01
201600055169;1;34;0;0;0;0;1;A01
201600055170;2;32;0;0;1;1;1;A01
201600055171;0;30;0;0;2;0;1;A01
201600055171;0;7;0;0;2;3;15;B01
201600055172;0;2;0;0;1;1;1;A01
201600055173;0;33;0;0;2;1;1;A01
201600055173;0;7;0;0;2;6;10;Z01
201600055174;0;7;0;0;1;8;15;A01
201600055175;0;7;0;14;0;1;16;A01
201600055176;0;7;0;0;2;2;16;A01
201600055176;0;32;0;0;2;8;1;B01
201600055177;1;7;0;1;2;3;22;A01
201600055177;1;1;0;1;2;1;1;B01
201600055178;0;7;0;0;2;6;11;A01
201600055178;0;32;0;0;2;1;3;B01
201600055179;0;10;0;0;2;1;2;A01
201600055179;0;7;0;0;2;4;23;B01
201600055180;2;7;0;0;1;1;16;A01
201600055181;0;31;0;0;2;1;17;A01
201600055181;0;7;0;0;2;6;15;B01
201600055182;1;33;0;0;2;1;1;B01
201600055182;1;7;0;0;2;2;15;A01
201600055183;1;7;0;0;2;7;9;Z01
201600055183;1;32;0;0;2;2;1;A01
201600055184;0;7;0;0;1;1;1;A01
201600055185;1;7;0;0;2;2;15;A01
201600055185;1;7;0;0;2;3;1;B01
201600055186;0;7;0;0;2;8;1;A01
201600055186;0;1;0;0;2;7;14;B01
201600055187;1;7;0;15;0;1;21;A01
201600055188;1;7;0;0;2;3;1;B01
201600055188;1;7;0;0;2;2;15;A01
201600055189;2;7;0;0;1;7;16;Z01
201600055190;1;33;0;0;2;1;1;A01
201600055190;1;7;0;0;2;6;16;Z01
201600055191;0;7;0;0;2;8;13;A01
201600055191;0;32;0;0;2;7;17;B01
201600055192;1;33;0;0;2;1;1;B01
201600055192;1;10;0;0;2;2;10;A01
201600055193;1;7;0;0;2;2;2;B01
201600055193;1;7;0;0;2;1;2;C01
201600055193;2;7;0;0;2;3;9;A01
201600055194;1;7;0;0;2;3;10;A01
201600055194;1;30;0;0;2;1;17;B01
201600055195;0;7;0;0;2;3;1;B01
201600055195;0;7;0;0;2;1;15;A01
201600055196;0;7;0;0;0;1;14;A01
201600055197;0;7;0;0;2;4;1;C01
201600055197;0;7;0;0;2;9;23;B01
201600055197;0;7;0;0;2;1;1;A01
201600055198;1;10;0;0;2;2;16;A01
201600055198;1;33;0;0;2;3;1;B01
201600055199;1;7;0;0;2;7;1;A01
201600055199;1;10;0;0;2;1;1;B01
201600055200;0;7;0;0;2;1;1;B01
201600055200;0;7;0;0;2;7;1;A01
201600055201;2;7;0;0;2;4;23;C01
201600055201;2;7;0;0;2;1;2;A01
201600055201;2;7;0;0;2;4;23;B01
201600055202;1;31;0;1;2;2;17;A01
201600055202;1;7;0;0;2;3;10;B01
201600055203;1;7;0;0;2;4;2;B01
201600055203;1;7;0;0;2;2;2;A01
201600055204;1;7;0;7;0;3;1;A01
201600055205;2;1;0;0;2;7;17;A01
201600055205;2;10;0;0;2;3;10;Z01
201600055206;0;10;0;0;2;4;1;B01
201600055206;0;7;0;0;2;1;1;A01
201600055207;2;7;0;0;1;4;4;A01
201600055208;1;7;0;0;2;1;2;A01
201600055208;1;32;0;0;2;4;23;B01
201600055209;2;31;0;0;2;4;23;B01
201600055209;2;7;0;0;2;2;2;A01
201600055210;1;7;0;0;1;2;1;A01
201600055211;2;7;0;0;2;8;11;A01
201600055211;2;31;0;0;2;7;1;B01
201600055212;0;34;0;0;2;0;17;A01
201600055212;0;7;0;0;2;0;15;B01
201600055213;0;7;0;0;2;1;15;A01
201600055213;0;34;0;0;2;8;1;B01
201600055214;1;7;0;0;2;4;24;A01
201600055214;1;34;0;1;2;1;1;B01
201600055215;1;7;0;0;0;2;15;A01
201600055215;2;33;0;0;0;2;1;B01
201600055216;2;10;0;0;2;1;1;A01
201600055216;1;10;0;0;2;1;5;Z01
201600055217;1;7;0;0;2;2;16;A01
201600055217;1;7;0;0;2;3;1;B01
201600055218;2;7;0;0;2;0;2;D01
201600055218;2;7;0;0;2;0;2;B01
201600055218;1;7;0;0;2;0;13;A01
201600055218;2;7;0;0;2;0;2;C01
201600055219;1;7;0;0;2;3;13;A01
201600055219;2;33;0;0;2;1;1;B01
201600055220;0;7;0;0;1;1;15;A01
201600055221;2;1;0;0;1;1;1;A01
201600055222;2;10;0;0;1;2;1;A01
201600055223;0;7;0;0;2;2;1;A01
201600055223;0;30;0;0;2;6;1;B01
201600055224;2;7;0;0;2;7;16;A01
201600055224;2;33;0;0;2;8;1;B01
201600055225;2;7;0;0;1;7;16;A01
201600055226;1;10;0;2;2;3;1;A01
201600055226;1;7;0;0;2;2;14;Z01
201600055227;0;7;0;0;2;6;23;B01
201600055227;0;7;0;0;2;2;1;A01
201600055228;1;7;0;0;2;3;9;A01
201600055228;1;1;0;0;2;1;1;B01
201600055229;0;2;0;0;2;0;15;B01
201600055229;0;7;0;0;2;0;17;A01
201600055230;2;2;0;0;2;1;17;B01
201600055230;2;7;0;0;2;8;9;A01
201600055231;1;7;0;0;1;3;1;A01
201600055232;1;7;0;0;2;2;1;A01
201600055232;1;31;0;0;2;1;1;B01
201600055233;0;7;0;0;2;3;11;A01
201600055233;0;34;0;0;2;2;1;B01
201600055234;0;30;0;0;2;1;1;B01
201600055234;0;7;0;0;2;7;1;A01
201600055235;1;7;0;0;2;3;10;A01
201600055235;2;30;0;0;2;0;1;B01
201600055236;2;7;0;0;2;4;23;C01
201600055236;2;7;0;0;2;1;2;A01
201600055236;2;7;0;0;2;4;23;B01
201600055237;2;33;0;0;1;2;1;A01
201600055238;1;7;0;0;2;1;1;A01
201600055238;1;7;0;0;2;4;23;C01
201600055238;1;7;0;0;2;4;23;D01
201600055238;1;7;0;0;2;4;23;B01
201600055239;0;7;0;0;2;6;16;A01
201600055239;0;7;0;0;2;1;16;Z01
201600055240;0;7;0;0;2;7;23;A01
201600055240;0;1;0;0;2;8;18;B01
201600055241;1;7;0;0;2;1;1;A01
201600055241;1;7;0;0;2;1;15;B01
201600055242;0;7;0;0;1;1;1;A01
201600055243;0;31;0;0;2;7;1;B01
201600055243;0;7;0;0;2;1;1;A01
201600055244;1;31;0;0;2;1;1;A01
201600055244;0;7;0;0;2;3;15;B01
201600055245;0;33;0;0;2;0;2;A01
201600055245;0;33;0;0;2;0;2;Z01
201600055246;2;7;0;0;1;7;1;A01
201600055247;1;7;0;0;2;1;1;A01
201600055247;1;33;0;0;2;4;23;B01
201600055248;1;7;0;0;1;0;1;A01
201600055249;2;7;0;0;2;5;16;A01
201600055249;2;30;0;0;2;3;1;B01
201600055250;1;33;0;0;2;2;3;A01
201600055250;1;7;0;0;2;6;11;Z01
201600055251;2;7;0;0;2;1;1;A01
201600055251;2;30;0;0;2;1;1;B01
201600055251;2;7;0;0;2;4;23;C01
201600055252;2;31;0;0;0;1;1;A01
201600055253;1;30;0;1;0;7;1;A01
201600055254;0;1;0;1;2;1;15;B01
201600055254;0;7;0;0;2;2;22;A01
201600055255;2;7;0;0;2;4;23;B01
201600055255;2;7;0;1;1;1;1;A01
201600055255;2;7;0;0;2;6;23;C01
201600055255;2;7;0;0;2;4;23;D01
201600055256;1;32;0;0;1;1;1;A01
201600055257;0;7;0;0;2;3;9;B01
201600055257;0;33;0;0;2;5;1;A01
201600055258;2;7;0;0;2;5;23;B01
201600055258;2;7;0;9;2;1;1;A01
201600055259;1;32;0;0;2;0;1;B01
201600055259;1;7;0;0;2;2;13;A01
201600055260;1;7;0;0;2;1;15;A01
201600055260;2;30;0;0;2;1;1;B01
201600055261;1;7;0;0;2;3;2;A01
201600055261;1;7;0;0;2;5;23;B01
201600055261;1;7;0;0;2;4;23;Z01
201600055262;1;7;0;0;2;5;16;A01
201600055262;1;33;0;0;2;1;7;B01
201600055263;1;30;0;12;0;2;14;A01
201600055264;1;33;0;0;2;1;23;B01
201600055264;1;7;0;0;2;4;2;A01
201600055265;1;7;0;0;2;3;15;A01
201600055265;1;32;0;0;2;7;17;B01
201600055266;2;34;0;0;2;1;15;A01
201600055266;2;7;0;0;2;6;1;B01
201600055267;1;7;0;0;2;2;15;A01
201600055267;2;31;0;0;2;3;1;B01
201600055268;1;7;0;0;2;1;2;A01
201600055268;1;7;0;0;2;4;23;C01
201600055268;1;7;0;0;2;4;23;B01
201600055269;2;30;0;0;1;1;1;A01
201600055270;1;7;0;0;1;3;1;A01
201600055271;1;7;0;0;2;5;2;B01
201600055271;1;31;0;0;2;1;2;A01
201600055272;1;34;0;0;1;3;15;A01
201600055273;0;33;0;0;2;6;13;B01
201600055273;0;10;0;0;2;2;1;A01
201600055274;1;7;0;0;2;5;2;B01
201600055274;2;33;0;0;2;1;2;A01
201600055275;1;7;0;0;2;6;15;A01
201600055275;1;2;0;0;2;1;1;B01
201600055276;2;7;0;1;0;1;16;A01
201600055277;1;7;0;0;1;2;1;A01
201600055278;1;7;0;0;2;6;23;A01
201600055278;1;7;0;0;2;0;2;Z01
201600055278;1;7;0;0;2;6;23;B01
201600055279;2;7;0;0;1;1;16;A01
201600055280;1;31;0;0;2;3;13;A01
201600055280;1;10;0;0;2;2;23;B01
201600055281;0;7;0;0;2;3;1;A01
201600055281;0;33;0;0;2;1;1;B01
201600055282;1;7;0;0;2;4;23;B01
201600055282;1;7;0;0;2;1;2;A01
201600055283;1;7;0;0;1;2;1;A01
201600055284;1;7;0;0;2;1;2;A01
201600055284;1;7;0;0;2;1;2;B01
201600055284;1;7;0;0;2;4;23;C01
201600055285;2;30;0;0;1;0;1;Z01
201600055286;1;31;0;0;2;1;17;B01
201600055286;1;7;0;0;2;3;10;A01
201600055287;1;7;0;1;1;2;20;A01
201600055288;0;7;0;0;2;6;2;E01
201600055288;0;2;0;0;2;4;2;D01
201600055288;0;7;0;0;2;8;13;A01
201600055288;0;7;0;0;2;5;2;C01
201600055288;0;7;0;0;2;2;2;B01
201600055289;1;7;0;0;1;1;16;A01
201600055290;2;30;0;0;2;1;17;A01
201600055290;2;7;0;0;2;8;13;B01
201600055291;0;10;0;0;2;2;12;A01
201600055291;0;31;0;0;2;8;1;B01
201600055292;2;7;0;0;2;3;2;B01
201600055292;1;7;0;0;2;0;2;Z01
201600055292;2;7;0;0;2;5;12;A01
201600055293;1;1;0;0;1;7;1;Z01
201600055294;1;7;0;0;1;3;1;A01
201600055295;1;30;0;0;1;1;1;Z01
201600055296;1;7;0;0;1;2;1;A01
201600055297;1;7;0;0;2;2;13;A01
201600055297;2;7;0;0;2;3;1;B01
201600055298;0;7;0;1;0;2;14;A01
201600055299;2;33;0;0;2;1;1;B01
201600055299;2;7;0;0;2;2;15;A01
201600055300;2;2;0;0;1;1;1;A01
201600055301;1;1;0;0;2;3;13;A01
201600055301;1;7;0;0;2;7;1;B01
201600055302;1;10;0;0;1;1;1;A01
201600055303;0;7;0;0;2;1;1;A01
201600055303;0;7;0;0;2;4;23;B01
201600055304;0;32;0;0;2;8;1;A01
201600055304;1;34;0;0;2;8;1;B01
201600055305;1;7;0;0;2;5;23;B01
201600055305;1;32;0;0;2;1;2;A01
201600055306;2;7;0;1;0;2;1;A01
201600055307;2;7;0;0;2;3;23;A01
201600055307;1;33;0;0;2;1;1;B01
201600055308;1;7;0;0;1;1;1;A01
201600055309;1;7;0;0;1;3;15;A01
201600055310;2;7;0;1;1;6;4;A01
201600055311;2;7;0;0;2;6;2;B01
201600055311;1;7;0;0;2;3;2;C01
201600055311;2;7;0;0;2;3;13;A01
201600055312;2;7;0;0;2;1;2;A01
201600055312;2;7;0;0;2;4;15;B01
201600055313;1;7;0;0;2;6;23;A01
201600055313;1;7;0;0;2;1;16;Z01
201600055313;1;7;0;0;2;4;23;B01
201600055314;1;7;0;0;2;5;15;A01
201600055314;2;31;0;0;2;2;1;B01
201600055315;1;7;0;0;2;6;4;A01
201600055315;2;33;0;0;2;1;2;B01
201600055316;2;30;0;0;0;3;15;A01
201600055317;2;7;0;0;2;2;1;B01
201600055317;2;7;0;0;2;8;10;A01
201600055318;0;1;0;0;1;1;1;A01
201600055319;0;7;0;0;2;3;1;B01
201600055319;0;2;0;0;2;7;1;A01
201600055320;2;37;0;0;2;5;23;B01
201600055320;2;13;0;0;2;5;4;A01
201600055321;1;7;0;0;2;1;15;A01
201600055321;2;2;0;0;2;1;1;B01
201600055322;0;7;0;0;2;6;15;A01
201600055322;0;33;0;0;2;1;17;B01
201600055323;2;7;0;0;2;6;10;A01
201600055323;2;30;0;0;2;1;1;B01
201600055324;1;7;0;0;2;1;1;Z01
201600055324;1;7;0;0;2;4;23;B01
201600055324;1;7;0;0;2;4;23;A01
201600055325;0;1;0;0;2;8;23;C01
201600055325;0;7;0;0;2;3;15;A01
201600055325;0;32;0;0;2;3;1;B01
201600055326;2;34;0;0;1;3;1;A01
201600055327;2;7;0;0;2;3;23;B01
201600055327;1;30;0;0;2;1;10;A01
201600055328;2;7;0;0;1;1;1;Z01
201600055329;2;33;0;0;2;4;1;B01
201600055329;2;7;0;0;2;0;1;Z01
201600055329;2;33;0;0;2;4;1;A01
201600055330;2;32;0;0;1;1;17;A01
201600055331;0;32;0;1;1;3;1;A01
201600055332;2;1;0;0;2;2;1;B01
201600055332;0;1;0;1;2;1;9;A01
201600055333;1;7;0;0;2;4;1;B01
201600055333;1;7;0;0;2;1;1;A01
201600055334;1;7;0;0;1;1;1;A01
201600055335;1;7;0;0;2;7;1;B01
201600055335;1;7;0;0;2;1;16;A01
201600055336;0;30;0;0;2;6;1;B01
201600055336;1;7;0;0;2;2;1;A01
201600055337;1;7;0;0;2;8;15;B01
201600055337;1;30;0;0;2;1;17;A01
201600055338;1;2;0;0;2;2;21;A01
201600055338;2;7;0;0;2;3;10;B01
201600055339;1;7;0;0;2;4;23;B01
201600055339;1;7;0;0;2;4;2;A01
201600055340;1;31;0;0;2;1;1;A01
201600055340;2;10;0;0;2;3;1;B01
201600055341;1;1;0;0;2;0;1;B01
201600055341;1;14;0;0;2;4;16;A01
201600055342;1;7;0;0;2;1;1;A01
201600055342;1;7;0;0;2;4;23;C01
201600055342;1;7;0;0;2;9;23;B01
201600055343;1;31;0;0;2;7;0;B01
201600055343;1;7;0;0;2;3;15;A01
201600055344;1;7;0;0;2;7;17;A01
201600055344;1;1;0;0;2;3;1;B01
201600055345;2;2;0;0;2;2;17;A01
201600055345;2;10;0;0;2;6;1;B01
201600055346;0;7;0;0;0;0;1;Z01
201600055346;0;10;0;0;2;1;23;B01
201600055346;1;32;0;0;2;5;1;A01
201600055347;2;7;0;6;2;7;1;A01
201600055347;1;7;0;8;2;1;1;B01
201600055348;1;31;0;0;2;1;1;B01
201600055348;0;7;0;0;2;5;16;A01
201600055349;0;7;0;0;1;2;1;A01
201600055350;1;7;0;0;2;3;15;B01
201600055350;0;2;0;0;2;2;15;A01
201600055351;1;7;0;0;2;8;10;A01
201600055351;1;2;0;0;2;2;17;B01
201600055352;2;1;0;0;1;0;1;Z01
201600055353;1;7;0;0;1;2;1;A01
201600055354;1;33;0;0;2;1;1;A01
201600055354;2;7;0;0;2;5;15;B01
201600055355;1;7;0;0;1;3;16;A01
201600055356;1;10;0;0;2;8;22;A01
201600055356;1;1;0;0;2;1;17;B01
201600055357;1;32;0;0;1;3;1;A01
201600055358;1;30;0;0;1;1;1;A01
201600055359;1;30;0;0;2;3;1;A01
201600055359;1;7;0;0;2;3;14;Z01
201600055360;1;7;0;0;1;1;16;A01
201600055361;2;34;0;0;2;1;1;B01
201600055361;1;7;0;0;2;2;15;A01
201600055362;1;2;0;0;2;1;18;A01
201600055362;1;7;0;0;2;2;16;B01
201600055363;0;32;0;0;2;0;1;B01
201600055363;0;33;0;0;2;0;1;A01
201600055364;1;31;0;0;0;0;1;A01
201600055365;0;7;0;0;1;0;1;A01
201600055366;1;32;0;0;2;0;1;B01
201600055366;2;7;0;0;2;2;1;A01
201600055367;2;7;0;0;2;2;1;A01
201600055367;2;32;0;0;2;8;1;B01