Num_Acc;senc;catv;occutc;obs;obsm;choc;manv;num_veh
201600055749;1;7;0;0;1;5;1;A01
201600055750;1;7;0;0;1;3;15;Z01
201600055751;2;7;0;14;0;1;1;A01
201600055752;0;7;0;0;2;0;1;Z01
201600055752;1;32;0;0;2;3;1;A01
201600055753;1;1;0;14;2;3;13;B01
201600055753;1;7;0;0;2;2;1;A01
201600055754;1;10;0;0;2;2;10;A01
201600055754;2;33;0;0;2;1;1;B01
201600055755;2;7;0;0;2;1;1;A01
201600055755;2;7;0;0;2;8;1;B01
201600055756;1;10;0;0;1;1;1;A01
201600055757;1;31;0;0;0;0;21;A01
201600055758;2;7;0;0;2;2;1;B01
201600055758;1;31;0;0;2;1;1;A01
201600055758;1;7;0;0;2;6;1;C01
201600055759;1;7;0;0;2;7;10;A01
201600055759;2;33;0;0;2;1;1;B01
201600055760;1;7;0;0;1;2;1;A01
201600055761;2;7;0;0;1;3;1;A01
201600055762;1;7;0;0;2;2;15;B01
201600055762;2;30;0;0;2;1;1;A01
201600055763;1;7;0;0;1;4;20;A01
201600055764;2;32;0;0;1;2;17;A01
201600055765;2;7;0;0;1;6;4;A01
201600055766;2;7;0;0;2;3;13;A01
201600055766;2;32;0;0;2;1;17;B01
201600055767;1;33;0;0;2;3;1;B01
201600055767;1;7;0;0;2;2;1;A01
201600055768;1;7;0;0;1;6;4;A01
201600055769;2;7;0;0;1;3;1;A01
201600055770;1;1;0;0;1;1;1;A01
201600055771;2;7;0;0;2;7;1;A01
201600055771;2;1;0;0;2;8;1;B01
201600055772;1;7;0;0;2;1;1;A01
201600055772;0;1;0;0;2;8;19;B01
201600055773;2;7;0;0;1;3;1;A01
201600055774;1;37;0;0;1;7;1;A01
201600055775;1;7;0;0;2;1;2;A01
201600055775;1;7;0;0;2;0;23;C01
201600055775;1;10;0;0;2;3;23;B01
201600055776;1;31;0;0;2;1;1;A01
201600055776;2;7;0;0;2;2;15;B01
201600055777;1;37;0;0;1;1;1;A01
201600055778;1;7;0;0;2;3;9;B01
201600055778;1;7;0;0;2;2;1;A01
201600055779;1;37;0;0;1;1;1;A01
201600055780;2;32;0;0;2;1;7;A01
201600055780;2;7;0;0;2;7;16;B01
201600055781;2;1;0;0;2;0;1;B01
201600055781;1;7;0;0;2;0;15;A01
201600055782;1;2;0;0;0;0;1;A01
201600055783;1;7;0;14;0;3;1;A01
201600055784;2;31;0;0;0;3;1;A01
201600055785;1;10;0;0;2;0;1;B01
201600055785;1;34;0;0;1;0;23;A01
201600055786;1;33;0;0;2;8;1;B01
201600055786;2;2;0;0;2;1;15;A01
201600055787;1;7;0;1;2;3;1;Z01
201600055787;1;32;0;0;2;7;23;A01
201600055788;2;31;0;0;2;1;17;A01
201600055788;1;7;0;0;2;3;15;B01
201600055789;1;7;0;0;2;2;11;A01
201600055789;2;31;0;0;2;5;15;B01
201600055790;1;7;0;0;1;1;15;A01
201600055791;1;33;0;0;1;1;1;A01
201600055792;2;7;0;0;2;6;10;A01
201600055792;2;34;0;0;2;1;1;B01
201600055793;1;7;0;0;1;3;1;A01
201600055794;2;32;0;0;2;3;1;B01
201600055794;0;7;0;0;2;0;13;Z01
201600055795;1;14;0;0;2;4;23;C01
201600055795;1;7;0;0;2;4;2;A01
201600055795;1;7;0;0;2;4;23;B01
201600055796;1;7;0;0;1;1;16;Z01
201600055797;2;7;0;0;1;0;15;Z01
201600055798;1;7;0;0;1;1;16;A01
201600055799;1;1;0;0;2;3;1;A01
201600055799;2;7;0;0;2;1;1;B01
201600055800;2;7;0;0;1;0;15;A01
201600055801;1;7;0;0;2;5;12;A01
201600055801;1;34;0;0;2;3;7;B01
201600055802;1;32;0;16;0;5;1;A01
201600055803;1;7;0;0;2;3;10;A01
201600055803;1;2;0;0;2;7;17;B01
201600055804;1;33;0;0;2;1;1;B01
201600055804;1;7;0;0;2;5;10;A01
201600055805;1;32;0;0;1;1;1;A01
201600055806;1;30;0;0;0;0;1;A01
201600055807;1;10;0;0;1;3;1;A01
201600055808;1;7;0;14;2;8;13;A01
201600055808;2;7;0;0;2;6;1;B01
201600055809;2;10;0;0;2;0;13;A01
201600055809;2;1;0;0;2;0;1;B01
201600055810;1;31;0;0;2;4;23;A01
201600055810;0;7;0;0;2;0;2;Z01
201600055811;2;7;0;0;1;5;4;A01
201600055812;1;30;0;0;2;1;1;A01
201600055812;0;7;0;0;2;4;16;B01
201600055813;1;7;0;0;1;0;1;Z01
201600055814;2;2;0;0;0;8;1;A01
201600055815;1;7;0;0;1;0;1;Z01
201600055816;2;7;0;0;2;2;9;A01
201600055816;2;32;0;0;2;4;1;B01
201600055817;1;7;0;0;2;2;2;A01
201600055817;1;7;0;0;2;4;23;B01
201600055818;2;30;0;0;2;1;21;A01
201600055819;2;7;0;0;1;1;1;Z01
201600055820;1;7;0;0;1;3;1;A01
201600055821;1;7;0;0;1;1;7;A01
201600055822;0;1;0;0;2;1;1;B01
201600055822;2;1;0;0;2;3;19;A01
201600055823;0;10;0;0;1;3;1;A01
201600055824;1;7;0;0;2;2;16;B01
201600055824;1;32;0;0;2;3;7;A01
201600055825;1;31;0;0;2;1;1;B01
201600055825;1;7;0;0;2;6;22;A01
201600055826;1;30;0;0;0;0;5;A01
201600055827;1;1;0;0;1;0;1;Z01
201600055828;2;30;0;0;2;0;1;B01
201600055828;2;7;0;0;2;0;13;A01
201600055829;1;1;0;0;1;0;1;A01
201600055830;1;32;0;14;0;0;14;A01
201600055831;1;33;0;0;1;1;1;A01
201600055832;1;7;0;0;1;1;1;A01
201600055833;1;33;0;0;1;1;14;Z01
201600055834;1;7;0;11;0;3;14;A01
201600055835;1;10;0;0;1;1;1;A01
201600055836;1;7;0;0;2;3;22;A01
201600055836;1;1;0;1;2;1;1;B01
201600055837;1;33;0;0;2;1;1;A01
201600055837;1;7;0;0;2;6;23;B01
201600055838;1;33;0;0;2;1;9;B01
201600055838;1;10;0;0;2;2;1;A01
201600055839;2;7;0;0;2;2;16;A01
201600055839;2;1;0;0;2;8;7;B01
201600055840;1;31;0;0;2;1;2;A01
201600055840;1;30;0;0;2;4;2;B01
201600055841;1;7;0;0;2;3;1;B01
201600055841;1;1;0;0;2;2;17;A01
201600055842;1;7;0;0;2;5;1;B01
201600055842;1;31;0;12;2;3;18;A01
201600055843;1;7;0;0;2;7;22;A01
201600055843;1;33;0;0;2;1;18;B01
201600055844;1;3;0;0;1;2;1;A01
201600055845;1;10;0;0;1;1;16;A01
201600055846;1;10;0;0;2;7;23;B01
201600055846;1;1;0;0;2;0;18;A01
201600055847;2;1;0;1;2;1;1;B01
201600055847;2;7;0;0;2;3;22;A01
201600055848;2;10;0;0;1;2;1;A01
201600055849;1;7;0;0;1;1;1;A01
201600055850;1;7;0;0;2;2;1;B01
201600055850;0;7;0;0;2;1;5;A01
201600055851;1;32;0;0;2;4;15;B01
201600055851;1;33;0;0;2;2;2;A01
201600055852;0;1;0;1;1;0;1;A01
201600055853;2;1;0;0;1;1;1;A01
201600055854;1;10;0;0;2;5;16;A01
201600055854;1;31;0;0;2;3;18;B01
201600055855;0;7;0;0;0;7;16;B01
201600055855;0;33;0;0;2;8;18;A01
201600055856;2;10;0;0;1;6;4;A01
201600055857;2;7;0;1;0;3;5;A01
201600055858;1;7;0;0;2;2;2;A01
201600055858;1;1;0;0;2;3;2;B01
201600055859;1;31;0;0;2;1;1;B01
201600055859;2;7;0;0;2;2;16;A01
201600055860;1;33;0;0;2;3;1;A01
201600055861;1;7;0;0;2;8;22;A01
201600055861;1;1;0;0;2;1;1;B01
201600055862;1;33;0;0;2;1;18;B01
201600055862;1;7;0;0;2;7;22;A01
201600055863;1;7;0;0;1;0;10;A01
201600055864;1;7;0;0;2;6;10;A01
201600055864;1;33;0;0;2;7;17;B01
201600055865;2;7;0;0;2;0;12;Z01
201600055865;2;32;0;0;2;0;3;D01
201600055865;2;33;0;0;2;4;3;B01
201600055865;2;32;0;0;2;8;3;A01
201600055865;2;33;0;0;2;4;3;C01
201600055866;1;30;0;0;2;8;1;A01
201600055866;1;10;0;0;2;7;14;Z01
201600055867;1;33;0;0;1;0;1;Z01
201600055868;2;7;0;0;1;1;1;A01
201600055869;1;2;0;0;1;0;8;Z01
201600055870;2;7;0;0;2;1;1;B01
201600055870;1;2;0;0;2;8;5;A01
201600055871;1;10;0;0;2;5;14;A01
201600055871;1;1;0;0;2;0;7;B01
201600055872;2;7;0;11;0;2;1;A01
201600055873;2;1;0;0;2;1;5;A01
201600055873;1;1;0;0;2;1;1;B01
201600055874;1;7;0;0;2;2;14;B01
201600055874;1;30;0;0;2;8;18;A01
201600055875;1;34;0;0;2;2;17;A01
201600055875;1;7;0;0;2;3;15;B01
201600055876;1;30;0;0;1;1;1;A01
201600055877;0;7;0;8;0;2;16;A01
201600055878;1;7;0;7;0;1;1;A01
201600055879;2;7;0;0;2;8;15;B01
201600055879;2;31;0;0;2;1;17;A01
201600055880;2;7;0;0;1;2;1;A01
201600055881;2;7;0;0;1;1;1;A01
201600055882;2;31;0;0;2;2;2;A01
201600055882;2;10;0;0;2;4;2;B01
201600055883;2;32;0;0;1;3;1;A01
201600055884;2;7;0;0;1;1;1;A01
201600055885;1;33;0;0;2;1;1;A01
201600055885;1;1;0;0;2;2;1;B01
201600055886;1;34;0;0;2;1;1;A01
201600055886;2;7;0;0;2;0;16;Z01
201600055887;1;7;0;0;2;0;10;A01
201600055887;1;34;0;0;2;3;1;B01
201600055888;1;7;0;0;2;6;1;B01
201600055888;1;7;0;0;2;0;1;A01
201600055889;1;10;0;0;2;7;9;A01
201600055889;1;33;0;0;2;8;1;B01
201600055890;1;2;0;0;0;0;21;A01
201600055891;2;2;0;0;2;1;1;B01
201600055891;1;32;0;0;2;7;1;A01
201600055892;1;7;0;0;1;1;1;Z01
201600055893;1;31;0;0;2;0;1;B01
201600055893;2;7;0;0;2;0;1;A01
201600055894;1;7;0;0;2;8;13;A01
201600055894;1;31;0;0;2;7;17;B01
201600055895;1;32;0;0;1;1;1;A01
201600055896;2;7;0;0;1;2;1;A01
201600055897;2;10;0;0;1;0;1;A01
201600055898;2;31;0;0;1;2;1;A01
201600055899;1;7;0;0;1;3;7;A01
201600055900;1;7;0;0;1;2;1;A01
201600055901;1;7;0;0;2;7;22;B01
201600055901;1;30;0;12;2;3;18;A01
201600055902;1;31;0;0;1;3;7;A01
201600055903;1;7;0;0;1;1;1;A01
201600055904;1;30;0;0;2;7;1;A01
201600055904;2;34;0;0;2;1;1;B01
201600055905;1;1;0;0;2;1;13;A01
201600055905;2;33;0;0;2;1;1;B01
201600055906;2;34;0;0;1;1;1;A01
201600055907;2;37;0;0;1;7;7;A01
201600055908;1;30;0;0;2;1;2;A01
201600055908;1;7;0;0;2;3;11;Z01
201600055909;1;32;0;1;0;1;1;A01
201600055910;1;2;0;0;1;1;1;A01
201600055911;1;33;0;0;2;1;1;B01
201600055911;1;30;0;0;2;1;1;A01
201600055912;1;7;0;0;1;2;11;A01
201600055913;1;30;0;0;0;8;21;A01
201600055914;1;7;0;0;2;0;20;A01
201600055914;1;7;0;0;2;5;1;C01
201600055914;1;2;0;0;2;3;1;B01
201600055914;1;7;0;0;2;0;1;Z01
201600055915;0;7;0;0;2;2;1;A01
201600055915;0;7;0;0;2;6;1;B01
201600055916;1;7;0;0;1;1;1;A01
201600055917;1;7;0;0;2;5;1;B01
201600055917;1;2;0;0;2;1;1;A01
201600055918;1;30;0;0;0;0;1;A01
201600055919;1;30;0;11;0;1;14;A01
201600055920;1;7;0;0;2;3;13;A01
201600055920;2;7;0;0;2;3;23;B01
201600055921;1;7;0;0;2;1;15;B01
201600055921;1;32;0;0;2;7;1;A01
201600055922;1;30;0;0;0;0;1;A01
201600055923;2;7;0;0;1;5;4;A01
201600055924;1;10;0;0;2;7;14;A01
201600055924;1;31;0;0;2;7;1;B01
201600055925;0;7;0;0;2;0;22;A01
201600055925;0;1;0;0;2;0;1;B01
201600055926;1;1;0;0;1;0;1;A01
201600055927;2;32;0;0;2;8;1;B01
201600055927;1;7;0;0;2;1;15;A01
201600055928;1;7;0;0;1;1;1;Z01
201600055929;2;30;0;0;2;0;1;B01
201600055929;2;7;0;0;2;0;13;A01
201600055930;1;7;0;0;1;2;16;A01
201600055931;1;7;0;0;2;2;16;A01
201600055931;1;2;0;0;2;0;18;B01
201600055932;2;32;0;0;1;1;1;A01
201600055933;1;7;0;0;2;3;22;A01
201600055933;1;30;0;0;2;1;17;B01
201600055934;2;7;0;11;0;2;1;A01
201600055935;1;34;0;0;1;3;1;A01
201600055936;1;30;0;0;2;8;13;A01
201600055936;1;7;0;0;2;7;1;B01
201600055937;1;34;0;0;1;3;1;A01
201600055938;1;7;0;0;2;2;1;A01
201600055938;2;33;0;0;2;0;1;B01
201600055939;1;7;0;0;1;0;1;Z01
201600055940;1;7;0;0;2;2;1;A01
201600055940;1;34;0;0;2;1;1;B01
201600055941;1;2;0;0;2;1;1;B01
201600055941;1;7;0;0;2;2;1;A01
201600055942;1;33;0;0;2;4;23;B01
201600055942;1;10;0;0;2;1;2;A01
201600055943;2;30;0;0;1;0;1;Z01
201600055944;1;30;0;0;1;1;1;A01
201600055945;2;7;0;0;2;2;16;A01
201600055945;2;1;0;0;2;1;1;B01
201600055946;2;1;0;0;2;2;1;A01
201600055946;1;7;0;0;2;1;1;B01
201600055947;1;7;0;0;1;0;1;A01
201600055948;1;7;0;0;2;5;2;B01
201600055948;1;34;0;0;2;8;2;A01
201600055949;1;30;0;0;2;8;1;A01
201600055949;1;7;0;0;2;1;1;Z01
201600055950;2;7;0;4;1;0;14;Z01
201600055951;2;7;0;0;2;3;13;A01
201600055951;2;33;0;0;2;2;17;B01
201600055952;1;7;0;0;2;0;9;Z01
201600055952;1;7;0;0;2;7;7;A01
201600055952;1;1;0;0;2;8;7;B01
201600055953;1;7;0;0;2;2;1;A01
201600055953;1;33;0;0;2;1;1;B01
201600055954;2;7;0;0;2;1;2;A01
201600055954;2;7;0;0;2;4;23;B01
201600055955;1;7;0;0;2;2;1;A01
201600055955;1;7;0;15;2;2;1;B01
201600055956;1;2;0;0;2;1;18;A01
201600055956;1;2;0;0;2;1;1;B01
201600055957;1;1;0;0;2;0;13;A01
201600055957;1;35;0;0;2;0;17;Z01
201600055958;1;7;0;0;1;4;4;A01
201600055959;2;7;0;0;2;6;23;B01
201600055959;2;2;0;0;2;1;2;A01
201600055960;1;30;0;0;2;7;15;A01
201600055960;1;7;0;0;2;1;1;B01
201600055961;1;2;0;0;0;3;1;A01
201600055962;2;31;0;0;0;2;1;A01
201600055963;1;7;0;0;1;1;15;A01
201600055964;2;7;0;0;1;2;1;A01
201600055965;1;7;0;0;2;1;15;A01
201600055965;2;32;0;0;2;1;1;B01
201600055966;2;2;0;0;0;8;1;A01
201600055967;1;7;0;0;1;1;2;A01
201600055967;1;7;0;0;2;6;23;B01
201600055968;1;7;0;0;2;2;16;B01
201600055968;1;32;0;0;2;2;18;A01
201600055969;2;7;0;0;1;1;1;A01
201600055970;1;32;0;0;2;1;1;B01
201600055970;2;34;0;0;2;3;1;A01
201600055971;2;7;0;0;1;3;7;A01
201600055972;2;7;0;0;2;7;15;A01
201600055972;1;1;0;0;2;1;1;B01
201600055973;1;7;0;0;2;2;16;A01
201600055973;1;33;0;0;2;0;18;Z01
201600055974;2;10;0;0;2;7;16;A01
201600055974;2;34;0;0;2;3;18;B01
201600055975;1;7;0;0;2;4;16;B01
201600055975;1;7;0;0;2;1;2;A01
201600055976;1;7;0;0;1;3;1;A01
201600055977;1;1;0;0;1;1;1;A01
201600055978;1;7;0;0;1;1;1;A01
201600055979;1;7;0;0;2;0;1;A01
201600055979;1;1;0;0;2;0;1;B01
201600055980;0;1;0;0;2;3;1;B01
201600055980;1;10;0;0;2;2;14;A01
201600055981;1;7;0;0;1;2;16;A01
201600055982;1;7;0;0;2;3;1;A01
201600055982;0;7;0;0;2;3;10;Z01
201600055983;1;7;0;0;1;1;1;A01
201600055984;1;10;0;0;1;7;1;A01
201600055985;1;7;0;0;1;7;15;A01
201600055986;1;7;0;0;2;2;2;A01
201600055986;1;1;0;0;2;6;2;B01
201600055987;2;34;0;0;1;2;1;A01
201600055988;1;7;0;0;1;2;1;A01
201600055989;1;10;0;0;1;2;15;A01
201600055990;2;30;0;0;2;2;1;B01
201600055990;1;7;0;0;2;3;13;A01
201600055991;1;7;0;0;1;1;1;A01
201600055992;1;37;0;0;1;2;1;A01
201600055993;1;7;0;0;2;3;1;B01
201600055993;1;32;0;0;2;7;1;A01
201600055994;1;7;0;0;2;4;23;A01
201600055994;1;7;0;0;2;0;2;Z01
201600055995;1;33;0;0;0;0;1;A01
201600055996;1;33;0;0;1;1;1;A01
201600055997;2;2;0;0;0;0;1;A01
201600055998;1;31;0;0;2;0;1;B01
201600055998;1;7;0;0;2;2;14;A01
201600055999;1;7;0;11;0;9;21;A01
201600056000;1;7;0;0;2;6;15;A01
201600056000;1;34;0;0;2;1;2;B01
201600056001;1;7;0;0;2;2;16;B01
201600056001;1;31;0;0;2;1;7;A01
201600056002;2;1;0;0;2;3;1;B01
201600056002;1;7;0;0;2;4;15;A01
201600056003;2;7;0;0;1;1;1;A01
201600056004;1;7;0;0;2;7;14;A01
201600056004;1;1;0;0;2;3;1;B01
201600056005;2;34;0;0;2;3;1;A01
201600056005;2;10;0;0;2;0;17;Z01
201600056006;1;34;0;15;1;4;1;B01
201600056006;1;7;0;0;2;2;1;A01
201600056007;2;10;0;0;2;7;15;A01
201600056007;1;2;0;0;2;1;1;B01
201600056008;1;7;0;0;1;0;16;A01
201600056009;2;7;0;0;2;3;1;B01
201600056009;2;7;0;1;2;3;17;A01
201600056010;0;2;0;0;2;1;2;A01
201600056010;1;7;0;0;2;0;2;B01
201600056011;1;32;0;0;2;0;1;A01
201600056011;1;7;0;0;2;0;15;B01
201600056012;2;7;0;0;1;0;16;Z01
201600056013;1;1;0;0;2;8;1;B01
201600056013;1;14;0;0;2;7;17;A01
201600056014;1;7;0;0;2;6;22;A01
201600056014;1;1;0;0;2;1;1;B01
201600056015;2;7;0;0;2;2;2;Z01
201600056015;2;10;0;0;2;6;23;A01
201600056016;1;10;0;0;2;8;22;A01
201600056016;0;7;0;0;2;2;1;B01
201600056017;1;7;0;0;2;7;15;A01
201600056017;1;7;0;0;2;1;1;B01
201600056018;1;33;0;0;1;1;17;A01
201600056019;2;1;0;0;1;0;1;A01
201600056020;2;34;0;0;1;1;5;A01
201600056021;1;32;0;14;0;8;11;A01
201600056022;2;10;0;0;1;7;16;A01
201600056023;1;32;0;0;0;0;1;A01
201600056024;2;3;0;0;2;9;23;B01
201600056024;2;7;0;0;2;4;23;C01
201600056024;2;7;0;0;2;4;1;A01
201600056025;1;7;0;0;2;5;24;B01
201600056025;1;7;0;1;2;3;1;A01
201600056026;1;15;0;0;1;2;1;A01
201600056027;2;7;0;11;0;1;1;A01
201600056028;1;33;0;0;2;1;1;B01
201600056028;2;7;0;0;2;2;15;A01
201600056029;1;7;0;0;2;8;22;A01
201600056029;1;30;0;0;2;2;1;B01
201600056030;2;7;0;0;1;3;1;A01
201600056031;1;7;0;0;2;0;13;Z01
201600056031;0;31;0;0;2;1;1;A01
201600056032;2;7;0;0;2;0;1;A01
201600056032;2;7;0;0;2;0;23;Z01
201600056033;1;7;0;0;1;4;23;B01
201600056033;1;7;0;0;2;1;2;A01
201600056034;1;7;0;0;2;5;23;B01
201600056034;1;37;0;0;2;8;13;A01
201600056035;2;1;0;0;2;1;1;B01
201600056035;1;7;0;0;2;8;15;A01
201600056036;2;10;0;0;1;2;16;A01
201600056037;2;7;0;0;2;3;1;A01
201600056037;2;7;0;0;2;3;16;B01
201600056038;1;31;0;0;1;7;1;A01
201600056039;1;32;0;0;1;0;1;B01
201600056039;2;32;0;0;1;1;1;A01
201600056040;1;7;0;0;2;0;15;A01
201600056040;1;7;0;0;2;1;1;B01
201600056041;1;37;0;0;0;0;21;A01
201600056042;1;10;0;0;2;3;1;A01
201600056042;1;32;0;0;2;2;14;B01
201600056043;1;30;0;0;1;1;1;A01
201600056044;1;7;0;0;1;2;1;A01
201600056045;0;7;0;0;2;7;15;A01
201600056045;0;33;0;0;2;1;1;B01
201600056046;1;30;0;0;2;2;17;B01
201600056046;1;7;0;0;2;6;13;A01
201600056047;0;7;0;0;2;1;10;A01
201600056047;0;7;0;11;2;3;1;B01
201600056048;1;7;0;7;0;1;1;A01
201600056049;1;7;0;0;2;3;1;A01
201600056049;2;30;0;0;2;1;17;B01
201600056050;1;10;0;0;1;8;1;Z01
201600056051;1;7;0;0;2;2;15;A01
201600056051;1;32;0;0;2;2;1;B01
201600056052;1;7;0;1;0;1;14;A01
201600056053;1;7;0;11;0;1;11;A01
201600056054;1;7;0;0;2;1;2;B01
201600056054;1;10;0;11;0;1;2;A01
201600056055;2;7;0;0;2;2;16;A01
201600056055;2;32;0;0;2;3;7;B01
201600056056;2;7;0;0;1;2;1;A01
201600056057;2;7;0;0;1;2;11;A01
201600056058;0;7;0;0;2;0;0;Z01
201600056058;1;30;0;0;2;0;0;A01
201600056059;1;7;0;0;1;3;1;A01
201600056060;2;7;0;0;2;2;1;A01
201600056060;2;7;0;8;2;5;4;B01
201600056061;1;7;0;0;1;2;1;A01
201600056062;1;7;0;0;2;2;1;B01
201600056062;1;7;0;0;2;3;16;A01
201600056063;1;30;0;0;1;0;1;Z01
201600056064;1;34;0;0;1;2;1;A01
201600056065;2;7;0;8;2;6;1;B01
201600056065;2;7;0;0;2;2;1;A01
201600056066;1;1;0;0;1;1;1;A01
201600056067;1;14;0;0;1;2;9;A01
201600056068;2;7;0;0;1;1;1;Z01
201600056069;0;37;0;0;2;0;1;B01
201600056069;0;7;0;0;2;0;4;A01
201600056070;2;1;0;0;2;1;19;A01
201600056070;2;13;0;0;2;7;1;B01
201600056071;1;7;0;0;2;3;15;A01
201600056071;2;33;0;0;2;8;1;B01
201600056072;1;10;0;0;2;3;2;A01
201600056072;1;7;0;0;2;5;23;B01
201600056073;2;34;0;0;1;0;1;A01
201600056074;1;14;0;0;2;2;16;A01
201600056074;1;1;0;0;2;3;1;B01
201600056075;1;33;0;0;2;0;1;A01
201600056075;1;33;0;0;1;4;5;Z01
201600056076;1;10;0;0;2;3;1;B01
201600056076;1;7;0;5;2;1;13;A01
201600056077;2;30;0;0;1;1;1;Z01
201600056078;1;7;0;0;2;3;22;A01
201600056078;2;1;0;0;2;1;7;B01
201600056079;1;10;0;0;2;0;1;A01
201600056079;1;31;0;0;2;7;1;B01
201600056080;1;30;0;16;1;7;1;A01
201600056081;0;7;0;0;2;4;23;A01
201600056081;0;7;0;0;2;1;2;B01
201600056082;1;30;0;0;1;1;1;A01
201600056083;1;31;0;0;1;1;1;A01
201600056083;2;37;0;0;2;3;23;B01
201600056084;1;1;0;0;2;0;19;B01
201600056084;1;7;0;0;2;2;1;A01
201600056085;1;32;0;0;2;1;17;B01
201600056085;1;7;0;0;2;3;15;A01
201600056086;1;1;0;0;1;1;1;A01
201600056087;1;7;0;0;1;3;4;A01
201600056088;1;7;0;0;1;0;15;Z01
201600056089;1;31;0;0;0;0;1;A01
201600056090;1;33;0;0;2;3;13;A01
201600056090;1;33;0;0;2;2;3;B01
201600056091;2;40;0;0;1;2;1;A01
201600056092;2;7;0;0;2;0;13;Z01
201600056092;2;31;0;1;2;5;17;A01
201600056093;1;33;0;0;1;7;17;A01
201600056094;1;32;0;1;2;3;21;A01
201600056094;1;7;0;0;2;7;23;B01
201600056095;1;7;0;15;0;3;1;A01
201600056096;1;7;0;0;1;3;1;A01
201600056097;1;1;0;0;2;8;1;B01
201600056097;0;7;0;0;2;5;16;A01
201600056098;2;37;0;0;2;6;23;B01
201600056098;2;10;0;0;2;1;2;A01
201600056099;1;7;0;0;1;1;1;A01
201600056100;1;10;0;0;2;5;15;A01
201600056100;1;30;0;0;2;1;1;B01
201600056101;1;2;0;0;0;0;21;A01
201600056102;1;7;0;0;2;2;10;A01
201600056102;2;30;0;0;2;1;1;B01
201600056103;1;7;0;0;2;4;23;A01
201600056103;1;1;0;0;2;4;2;B01
201600056104;2;7;0;4;0;3;13;A01
201600056105;1;7;0;0;2;3;17;A01
201600056105;2;30;0;0;2;1;1;B01
201600056106;1;30;0;0;0;0;1;A01
201600056107;1;30;0;0;2;1;15;A01
201600056107;2;7;0;0;2;8;1;B01
201600056108;2;10;0;0;2;3;15;A01
201600056108;1;2;0;0;2;8;1;B01
201600056109;1;10;0;0;2;2;15;A01
201600056109;2;30;0;0;2;1;1;B01
201600056110;1;7;0;0;1;1;1;A01
201600056111;2;2;0;0;1;1;1;A01
201600056112;1;2;0;0;1;1;1;Z01
201600056113;2;7;0;1;2;7;1;A01
201600056113;1;7;0;0;2;3;1;B01
201600056114;2;33;0;1;2;7;1;A01
201600056114;2;7;0;0;2;3;10;B01
201600056115;2;30;0;0;2;1;5;A01
201600056115;1;7;0;0;2;0;23;B01
201600056116;2;30;0;0;1;1;5;Z01
201600056117;2;10;0;0;1;6;4;A01
201600056118;0;7;0;0;1;2;15;A01
201600056119;0;7;0;0;2;1;7;A01
201600056119;0;7;0;0;2;5;23;B01
201600056119;2;10;0;0;2;6;23;C01
201600056120;1;32;0;0;2;1;1;B01
201600056120;2;10;0;0;2;6;1;A01
201600056121;1;34;0;0;2;7;12;Z01
201600056121;1;34;0;0;2;3;1;A01
201600056121;1;7;0;0;2;6;1;B01
201600056122;2;7;0;0;1;3;1;A01
201600056123;1;2;0;0;2;4;1;B01
201600056123;1;7;0;0;2;2;16;A01
201600056124;1;7;0;0;2;5;15;A01
201600056124;2;1;0;0;2;8;1;B01
201600056125;2;7;0;0;1;7;1;A01
201600056126;1;7;0;0;2;3;10;A01
201600056126;1;31;0;0;2;1;5;B01
201600056127;1;30;0;0;1;1;1;Z01
201600056128;1;2;0;0;1;1;1;A01
201600056129;1;7;0;0;2;1;1;A01
201600056129;2;7;0;0;2;0;1;Z01
201600056130;2;32;0;0;2;8;1;A01
201600056130;2;10;0;0;2;8;15;B01
201600056131;1;34;0;0;1;1;1;A01
201600056132;2;1;0;0;1;1;1;A01
201600056133;1;37;0;0;2;3;16;A01
201600056133;1;7;0;0;2;7;16;B01
201600056134;2;7;0;0;1;4;20;A01
201600056135;1;30;0;1;1;1;17;A01
201600056136;2;10;0;0;2;2;7;B01
201600056136;1;7;0;0;2;5;1;A01
201600056137;1;7;0;0;2;5;17;A01
201600056137;1;37;0;0;2;3;9;B01
201600056138;2;1;0;0;2;7;15;A01
201600056138;2;7;0;0;2;1;1;B01
201600056139;2;7;0;0;2;5;13;A01
201600056139;2;30;0;0;2;3;17;B01
201600056140;1;7;0;0;2;1;2;A01
201600056140;1;7;0;0;2;4;23;B01
201600056141;1;1;0;0;2;1;1;B01
201600056141;1;7;0;0;2;7;22;A01
201600056142;1;10;0;0;1;2;1;A01
201600056143;1;32;0;0;1;1;16;A01
201600056144;1;10;0;0;1;4;4;A01
201600056145;1;30;0;0;1;0;1;Z01
201600056146;2;7;0;0;2;2;16;B01
201600056146;2;33;0;0;2;3;18;A01
201600056147;2;7;0;0;2;1;16;A01
201600056147;2;1;0;0;2;0;19;B01
201600056148;2;7;0;0;1;4;4;A01
201600056149;1;30;0;0;2;5;1;B01
201600056149;1;2;0;0;2;3;15;A01
201600056150;2;7;0;0;1;7;1;A01
201600056151;0;7;0;1;0;2;5;A01
201600056152;1;30;0;0;2;1;2;A01
201600056152;1;7;0;0;2;5;23;B01
201600056153;1;1;0;0;1;1;1;A01
201600056154;2;7;0;0;2;1;15;A01
201600056154;1;1;0;0;2;8;1;B01
201600056155;2;7;0;9;2;2;12;A01