Num_Acc;senc;catv;occutc;obs;obsm;choc;manv;num_veh
201600056155;2;7;0;0;2;8;1;B01
201600056156;2;31;0;0;9;1;1;A01
201600056157;0;7;0;0;2;5;16;B01
201600056157;1;34;0;0;2;3;2;A01
201600056158;1;31;0;12;0;8;13;A01
201600056159;2;30;0;0;2;1;1;A01
201600056159;2;7;0;0;2;8;1;B01
201600056160;2;30;0;0;1;1;1;A01
201600056161;2;30;0;0;2;7;1;A01
201600056161;2;7;0;0;2;6;23;B01
201600056162;2;7;0;0;1;2;1;A01
201600056163;1;2;0;0;2;1;18;A01
201600056163;1;7;0;0;2;3;16;B01
201600056164;1;10;0;0;1;0;4;A01
201600056165;2;7;0;0;2;2;1;A01
201600056165;1;7;0;0;2;1;15;B01
201600056166;2;1;0;0;2;1;1;B01
201600056166;2;10;0;0;2;0;22;A01
201600056167;2;7;0;0;2;2;13;A01
201600056167;2;1;0;0;2;8;17;B01
201600056168;1;7;0;0;1;3;15;A01
201600056169;1;33;0;0;2;3;1;B01
201600056169;1;7;0;0;2;2;15;A01
201600056170;2;7;0;0;1;3;1;A01
201600056171;1;7;0;0;1;2;1;A01
201600056172;1;7;0;12;0;3;13;A01
201600056173;1;7;0;0;2;5;22;B01
201600056173;1;7;0;0;2;1;1;A01
201600056174;2;31;0;8;9;1;1;A01
201600056175;1;32;0;0;2;7;1;B01
201600056175;1;10;0;0;2;0;9;A01
201600056176;2;7;0;0;1;0;1;Z01
201600056177;1;33;0;0;0;0;21;A01
201600056178;1;14;0;0;2;3;1;A01
201600056178;1;33;0;0;2;4;3;B01
201600056179;0;1;0;0;1;0;1;Z01
201600056180;2;7;0;0;1;2;1;A01
201600056181;1;37;0;0;2;7;14;B01
201600056181;2;10;0;0;2;4;5;A01
201600056182;2;7;0;0;2;2;15;A01
201600056182;1;31;0;0;2;8;1;B01
201600056183;1;7;0;1;0;1;13;A01
201600056184;1;31;0;0;2;1;17;B01
201600056184;1;7;0;0;2;3;15;A01
201600056185;1;1;0;0;2;8;1;B01
201600056185;1;1;0;0;2;1;13;A01
201600056186;1;7;0;0;1;4;4;A01
201600056187;1;7;0;0;2;0;22;Z01
201600056187;1;33;0;0;2;0;17;A01
201600056188;0;7;0;0;2;8;13;B01
201600056188;0;13;0;0;2;2;1;A01
201600056189;1;33;0;0;2;4;3;B01
201600056189;1;7;0;0;2;2;23;A01
201600056189;1;10;0;0;2;4;23;C01
201600056190;2;31;0;0;0;0;1;A01
201600056191;1;2;0;0;1;1;1;Z01
201600056192;2;1;0;0;2;7;7;B01
201600056192;2;10;0;0;2;8;15;A01
201600056193;2;31;0;1;0;2;14;A01
201600056194;2;33;0;0;2;1;17;A01
201600056194;1;7;0;0;2;2;9;B01
201600056195;1;37;0;0;1;2;1;A01
201600056196;1;7;0;0;1;3;1;A01
201600056197;1;7;0;12;2;3;14;A01
201600056197;1;10;0;0;2;5;23;B01
201600056198;2;33;0;0;2;1;17;B01
201600056198;2;7;0;0;2;3;10;A01
201600056199;1;7;0;0;1;0;1;A01
201600056200;1;2;0;0;2;8;10;B01
201600056200;1;7;0;0;2;2;7;A01
201600056201;2;30;0;0;0;7;17;B01
201600056201;1;37;0;0;2;3;1;A01
201600056202;1;7;0;0;1;1;17;A01
201600056203;2;7;0;0;2;2;15;A01
201600056203;1;31;0;0;2;8;1;B01
201600056204;2;2;0;0;2;0;5;Z01
201600056204;2;1;0;0;2;1;1;A01
201600056205;2;1;0;0;2;1;17;A01
201600056205;1;1;0;0;2;1;1;B01
201600056206;2;1;0;0;2;8;1;B01
201600056206;2;7;0;0;9;7;17;A01
201600056207;0;10;0;0;1;0;1;A01
201600056208;1;7;0;0;2;3;15;A01
201600056208;1;30;0;0;2;2;17;B01
201600056209;0;1;0;0;2;7;19;A01
201600056209;2;7;0;0;2;0;1;B01
201600056210;1;7;0;0;2;3;1;B01
201600056210;2;2;0;0;2;5;5;A01
201600056211;1;33;0;0;2;1;7;A01
201600056211;1;7;0;0;2;2;16;B01
201600056212;0;7;0;0;2;4;2;B01
201600056212;2;10;0;0;2;1;2;A01
201600056213;2;7;0;0;1;3;1;A01
201600056214;2;7;0;0;2;1;1;A01
201600056214;1;7;0;0;2;4;23;B01
201600056215;1;2;0;0;1;0;1;Z01
201600056216;0;7;0;0;2;3;1;A01
201600056216;0;7;0;0;2;1;1;Z01
201600056217;0;34;0;0;2;0;1;B01
201600056217;0;7;0;0;2;6;14;A01
201600056218;0;31;0;0;1;0;1;A01
201600056219;1;7;0;0;2;4;4;A01
201600056219;1;1;0;0;2;1;1;B01
201600056220;2;34;0;0;1;0;17;A01
201600056221;1;32;0;0;2;8;23;B01
201600056221;1;7;0;0;2;0;14;A01
201600056222;2;31;0;0;0;1;1;A01
201600056223;1;7;0;0;2;1;1;A01
201600056223;2;10;0;0;2;2;15;B01
201600056224;1;7;0;0;2;3;15;A01
201600056224;2;1;0;0;2;0;1;B01
201600056225;2;7;0;0;1;2;1;A01
201600056226;1;30;0;0;2;1;1;A01
201600056226;1;7;0;0;2;0;1;Z01
201600056227;1;1;0;0;1;1;1;A01
201600056228;2;7;0;6;0;1;1;Z01
201600056229;1;7;0;0;1;2;15;A01
201600056230;2;1;0;0;1;1;1;A01
201600056231;2;7;0;1;1;4;1;A01
201600056232;1;31;0;0;2;1;1;B01
201600056232;1;7;0;0;2;7;1;A01
201600056233;2;33;0;0;2;0;17;A01
201600056233;2;7;0;0;2;3;15;B01
201600056234;2;30;0;14;2;1;1;B01
201600056234;2;7;0;0;2;4;23;A01
201600056235;1;34;0;0;2;2;1;A01
201600056235;1;7;0;0;2;0;13;Z01
201600056236;2;33;0;0;2;5;1;A01
201600056236;2;7;0;0;2;3;11;B01
201600056237;1;33;0;0;2;1;1;A01
201600056237;1;7;0;0;2;4;1;B01
201600056238;1;7;0;0;1;1;15;Z01
201600056239;2;33;0;0;1;1;1;A01
201600056240;2;32;0;0;1;1;1;A01
201600056241;1;30;0;0;0;0;1;A01
201600056242;2;1;0;0;2;1;1;B01
201600056242;2;7;0;0;2;7;16;A01
201600056243;1;7;0;0;2;3;22;C01
201600056243;1;37;0;0;2;5;7;B01
201600056243;1;32;0;1;2;2;7;A01
201600056244;1;30;0;0;1;0;1;A01
201600056245;1;33;0;0;2;1;16;A01
201600056245;1;7;0;0;2;2;1;B01
201600056246;0;34;0;0;2;2;1;B01
201600056246;0;7;0;0;2;6;11;A01
201600056247;1;2;0;0;0;0;1;A01
201600056248;2;33;0;0;1;2;1;A01
201600056249;1;32;0;0;2;2;17;A01
201600056249;1;7;0;0;2;0;16;B01
201600056250;1;30;0;0;2;0;1;B01
201600056250;1;7;0;0;2;0;14;A01
201600056251;1;2;0;0;1;1;1;Z01
201600056252;2;10;0;0;1;2;1;A01
201600056253;0;7;0;8;2;0;16;B01
201600056253;0;1;0;0;2;0;1;A01
201600056254;1;30;0;0;2;1;1;A01
201600056254;2;30;0;0;2;8;9;B01
201600056255;2;2;0;0;1;1;5;A01
201600056256;2;30;0;0;0;1;21;A01
201600056257;2;31;0;0;1;0;16;Z01
201600056258;2;7;0;0;1;4;4;A01
201600056259;2;30;0;0;2;1;1;B01
201600056259;1;1;0;0;2;2;15;A01
201600056260;0;30;0;0;2;0;2;A01
201600056260;0;7;0;0;2;0;2;Z01
201600056261;1;7;0;0;1;1;1;A01
201600056262;2;7;0;0;2;5;15;A01
201600056262;1;33;0;0;2;1;1;B01
201600056263;1;7;0;0;2;1;15;A01
201600056263;2;31;0;0;2;1;1;B01
201600056264;2;7;0;0;1;6;4;A01
201600056265;2;7;0;0;1;2;1;Z01
201600056266;0;30;0;0;2;1;2;A01
201600056266;0;32;0;0;2;4;23;B01
201600056267;1;1;0;8;0;0;21;A01
201600056268;1;1;0;0;2;1;2;A01
201600056269;1;7;0;0;2;4;23;B01
201600056269;1;7;0;0;2;0;23;C01
201600056269;1;7;0;0;2;4;2;A01
201600056270;1;7;0;0;2;2;15;A01
201600056270;2;7;0;0;2;3;1;B01
201600056271;1;10;0;0;2;5;7;B01
201600056271;1;1;0;0;2;0;7;A01
201600056272;1;7;0;0;2;8;0;A01
201600056272;1;7;0;1;2;1;1;Z01
201600056273;0;15;0;0;2;1;2;A01
201600056273;0;7;0;0;2;4;23;B01
201600056274;2;10;0;0;1;1;1;A01
201600056275;2;30;0;0;2;1;1;B01
201600056275;2;7;0;0;2;7;22;A01
201600056276;1;10;0;0;2;6;24;B01
201600056276;1;14;0;1;2;0;14;A01
201600056277;2;7;0;0;2;1;2;A01
201600056277;2;7;0;0;2;4;23;B01
201600056278;1;31;0;0;2;4;2;A01
201600056278;1;7;0;0;2;4;23;B01
201600056279;1;1;0;0;1;4;1;A01
201600056280;1;7;0;0;2;5;15;A01
201600056280;2;33;0;0;2;3;1;B01
201600056281;2;1;0;0;2;1;1;A01
201600056281;1;7;0;0;2;5;15;B01
201600056282;1;2;0;0;0;7;1;A01
201600056283;2;7;0;0;1;1;1;A01
201600056284;1;7;0;0;2;1;1;B01
201600056284;1;7;0;0;2;4;17;A01
201600056285;1;7;0;0;1;3;15;A01
201600056286;2;7;0;0;2;7;15;B01
201600056286;1;7;0;0;2;1;1;A01
201600056287;1;37;0;0;1;7;1;A01
201600056288;1;7;0;0;1;1;1;A01
201600056289;1;7;0;0;2;4;23;B01
201600056289;1;7;0;14;2;1;1;A01
201600056290;2;37;0;0;1;2;1;A01
201600056291;1;7;0;0;2;7;16;A01
201600056291;1;31;0;0;2;1;7;B01
201600056292;2;7;0;0;1;2;1;A01
201600056293;2;7;0;1;1;0;14;A01
201600056294;2;33;0;0;2;2;1;A01
201600056294;1;32;0;0;2;3;1;B01
201600056295;2;10;0;0;2;2;16;A01
201600056295;2;32;0;0;2;3;7;B01
201600056296;1;1;0;0;0;5;1;A01
201600056297;2;33;0;0;2;5;23;B01
201600056297;2;34;0;0;2;2;14;A01
201600056298;1;7;0;0;2;2;1;A01
201600056298;1;1;0;0;2;3;13;B01
201600056299;2;7;0;0;1;3;1;A01
201600056300;1;32;0;1;0;1;1;A01
201600056301;2;7;0;1;1;1;16;A01
201600056302;1;30;0;0;2;3;12;A01
201600056302;1;7;0;0;2;7;1;B01
201600056303;1;2;0;14;0;8;1;A01
201600056304;1;7;0;0;1;4;4;A01
201600056305;2;2;0;0;1;2;5;A01
201600056306;0;2;0;0;2;7;14;A01
201600056306;0;7;0;0;2;0;1;B01
201600056307;2;34;0;0;1;3;1;A01
201600056308;1;7;0;0;1;3;1;A01
201600056309;2;7;0;0;2;8;22;A01
201600056309;2;1;0;0;2;0;1;B01
201600056310;2;2;0;0;1;1;1;A01
201600056311;2;31;0;0;2;1;1;B01
201600056311;1;7;0;0;2;5;15;A01
201600056312;1;7;0;0;1;2;1;A01
201600056313;2;34;0;0;2;3;1;A01
201600056313;1;7;0;0;2;3;15;B01
201600056314;1;32;0;0;2;1;1;B01
201600056314;2;7;0;0;2;3;15;A01
201600056315;2;1;0;0;1;1;1;A01
201600056316;1;7;0;0;1;3;1;A01
201600056317;1;7;0;0;1;1;15;A01
201600056318;0;7;0;0;1;2;1;A01
201600056319;0;1;0;0;2;4;19;B01
201600056319;1;7;0;0;2;2;1;A01
201600056320;2;33;0;0;2;0;1;B01
201600056320;1;7;0;0;2;3;15;A01
201600056321;2;1;0;0;2;4;2;A01
201600056321;2;7;0;0;2;2;2;Z01
201600056322;0;2;0;0;2;7;1;A01
201600056322;0;31;0;0;2;3;16;B01
201600056323;0;30;0;0;1;0;1;Z01
201600056324;1;7;0;0;2;2;16;A01
201600056324;0;1;0;0;2;1;1;B01
201600056325;0;30;0;0;2;7;1;B01
201600056325;0;30;0;1;2;9;13;A01
201600056326;1;32;0;0;2;1;3;B01
201600056326;1;7;0;0;2;5;12;A01
201600056327;1;7;0;0;2;0;15;A01
201600056327;2;1;0;0;2;0;1;B01
201600056328;2;1;0;0;2;4;1;B01
201600056328;2;33;0;0;2;1;1;A01
201600056329;2;2;0;0;1;1;1;A01
201600056330;1;7;0;0;2;0;15;A01
201600056330;2;32;0;0;2;0;1;B01
201600056331;1;7;0;0;2;3;1;B01
201600056331;1;32;0;0;2;7;17;A01
201600056332;1;7;0;0;2;0;0;C01
201600056332;0;7;0;0;2;0;0;A01
201600056332;1;7;0;0;2;0;0;B01
201600056333;1;7;0;0;1;2;1;A01
201600056334;1;34;0;0;1;3;1;A01
201600056335;2;7;0;0;1;1;1;A01
201600056336;1;32;0;0;2;5;17;B01
201600056336;1;7;0;0;2;3;10;A01
201600056337;2;2;0;0;2;1;13;A01
201600056337;1;37;0;0;2;3;1;B01
201600056338;2;31;0;0;2;2;10;A01
201600056338;1;1;0;0;2;0;1;B01
201600056339;2;31;0;12;0;7;21;A01
201600056340;1;7;0;0;2;7;1;B01
201600056340;1;31;0;0;2;8;3;A01
201600056341;1;30;0;0;2;2;17;A01
201600056341;2;7;0;0;2;6;15;B01
201600056342;1;31;0;1;0;0;13;A01
201600056343;0;2;0;0;2;0;15;B01
201600056343;0;7;0;0;2;0;1;A01
201600056344;1;1;0;0;2;3;1;B01
201600056344;0;7;0;0;2;5;23;C01
201600056344;1;7;0;0;2;5;22;A01
201600056345;1;2;0;0;0;0;1;A01
201600056346;1;10;0;0;1;2;16;A01
201600056347;2;7;0;0;1;6;4;A01
201600056348;2;31;0;0;0;7;1;A01
201600056349;0;7;0;0;1;0;15;Z01
201600056350;2;33;0;0;1;1;17;A01
201600056351;2;10;0;0;2;3;17;A01
201600056351;2;2;0;0;2;7;1;B01
201600056352;1;2;0;0;2;1;1;A01
201600056352;1;7;0;0;2;3;22;B01
201600056353;1;1;0;0;2;3;1;A01
201600056353;2;7;0;0;2;3;1;Z01
201600056354;2;7;0;0;2;0;23;B01
201600056354;2;33;0;0;2;0;1;A01
201600056354;2;7;0;0;2;0;23;C01
201600056355;1;2;0;0;1;0;1;Z01
201600056356;1;1;0;1;2;1;1;A01
201600056356;1;10;0;0;2;4;24;B01
201600056357;2;7;0;0;2;6;23;C01
201600056357;2;33;0;1;2;1;11;A01
201600056357;2;7;0;0;2;5;1;B01
201600056358;2;2;0;0;2;1;1;A01
201600056358;2;7;0;0;2;1;15;B01
201600056359;1;1;0;0;2;0;19;B01
201600056359;2;7;0;0;2;1;1;A01
201600056360;1;13;0;0;2;0;1;B01
201600056360;1;31;0;0;2;3;1;A01
201600056361;1;7;0;0;1;1;1;A01
201600056362;2;14;0;1;0;2;1;B01
201600056362;2;7;0;0;2;8;22;A01
201600056363;1;1;0;0;2;7;17;B01
201600056363;1;7;0;0;2;3;15;A01
201600056364;2;7;0;0;2;1;1;A01
201600056364;2;7;0;0;2;5;1;B01
201600056365;1;7;0;0;2;0;1;Z01
201600056365;2;1;0;0;2;0;17;A01
201600056366;2;31;0;0;1;2;1;A01
201600056367;0;32;0;0;1;7;1;A01
201600056368;1;7;0;0;2;8;10;B01
201600056368;1;2;0;0;2;1;5;A01
201600056369;1;7;0;0;2;0;1;B01
201600056369;1;30;0;0;2;0;1;A01
201600056370;1;32;0;1;2;7;1;A01
201600056370;1;10;0;0;2;8;22;B01
201600056371;1;3;0;0;1;5;4;A01
201600056372;1;34;0;0;1;1;1;A01
201600056373;1;7;0;0;2;2;14;A01
201600056373;1;10;0;0;2;0;23;B01
201600056374;1;32;0;0;0;0;1;A01
201600056375;1;31;0;0;0;8;16;A01
201600056376;1;31;0;0;1;0;17;A01
201600056377;1;7;0;0;2;3;10;A01
201600056377;1;32;0;0;2;2;1;B01
201600056378;1;30;0;0;0;0;1;A01
201600056379;2;7;0;0;1;6;4;Z01
201600056380;1;30;0;1;0;1;14;A01
201600056381;2;2;0;0;1;2;1;A01
201600056382;2;1;0;0;1;7;1;A01
201600056383;1;10;0;0;2;4;23;C01
201600056383;1;10;0;0;2;1;2;A01
201600056383;1;7;0;0;2;4;23;B01
201600056384;1;31;0;0;1;1;17;A01
201600056385;1;14;0;0;2;6;1;A01
201600056385;0;10;0;0;2;7;22;B01
201600056386;2;7;0;0;2;2;1;A01
201600056386;2;30;0;8;2;2;18;B01
201600056387;2;33;0;0;2;2;2;B01
201600056387;2;7;0;0;2;4;2;A01
201600056388;2;7;0;0;2;7;15;A01
201600056388;1;33;0;0;2;1;1;B01
201600056389;2;7;0;0;2;0;1;C01
201600056389;1;30;0;0;2;3;17;A01
201600056389;1;7;0;0;2;0;1;B01
201600056390;2;2;0;0;2;0;1;Z01
201600056390;1;31;0;0;2;7;15;A01
201600056391;2;30;0;0;2;1;18;B01
201600056391;2;31;0;0;2;7;16;A01
201600056392;2;7;0;0;2;3;9;A01
201600056392;2;31;0;0;2;2;1;B01
201600056393;1;10;0;0;2;1;2;A01
201600056393;1;7;0;0;2;4;23;B01
201600056394;0;31;0;0;0;1;1;A01
201600056395;1;7;0;0;1;1;1;Z01
201600056396;1;2;0;1;0;0;14;A01
201600056397;2;7;0;0;2;5;10;A01
201600056397;2;10;0;0;2;3;1;B01
201600056398;2;7;0;7;0;1;14;A01
201600056399;2;7;0;0;2;3;2;A01
201600056399;2;7;0;0;2;1;23;B01
201600056400;1;30;0;0;2;1;1;A01
201600056400;1;7;0;0;2;4;23;B01
201600056401;1;7;0;0;2;2;1;E01
201600056401;1;7;0;12;2;1;2;A01
201600056401;1;7;0;0;2;3;0;D01
201600056401;1;7;0;0;2;6;2;B01
201600056401;1;7;0;0;2;0;2;C01
201600056402;1;7;0;0;2;8;22;B01
201600056402;1;7;0;0;2;7;17;A01
201600056403;0;33;0;0;2;0;2;B01
201600056403;1;34;0;0;2;0;2;A01
201600056404;1;10;0;0;2;2;22;B01
201600056404;1;1;0;0;2;1;1;A01
201600056405;2;7;0;0;2;1;13;A01
201600056405;1;2;0;0;2;3;1;B01
201600056406;1;7;0;0;2;1;2;A01
201600056406;1;7;0;0;2;9;2;B01
201600056406;1;7;0;0;2;4;2;C01
201600056407;2;32;0;0;2;7;17;B01
201600056407;2;7;0;0;2;3;15;A01
201600056408;1;30;0;0;2;1;15;A01
201600056408;2;7;0;0;2;3;1;B01
201600056409;2;33;0;0;2;6;1;A01
201600056409;2;7;0;0;2;1;1;Z01
201600056410;0;7;0;0;2;1;2;A01
201600056410;0;10;0;0;2;4;23;B01
201600056411;1;33;0;0;2;1;1;A01
201600056411;2;7;0;0;2;0;15;Z01
201600056412;2;7;0;4;0;1;13;A01
201600056413;1;7;0;0;2;8;1;A01
201600056413;0;7;0;0;2;0;15;B01
201600056414;0;10;0;0;2;3;16;A01
201600056414;0;30;0;0;2;7;1;B01
201600056415;2;10;0;0;2;4;23;B01
201600056415;2;2;0;0;2;1;1;A01
201600056416;0;34;0;0;2;3;1;A01
201600056416;0;7;0;0;2;2;1;Z01
201600056417;0;7;0;0;2;3;1;A01
201600056417;0;32;0;0;2;4;23;B01
201600056418;2;34;0;0;2;1;1;C01
201600056418;1;7;0;0;2;3;10;A01
201600056418;2;33;0;0;2;1;1;B01
201600056419;0;1;0;0;2;8;1;B01
201600056419;2;7;0;0;2;7;14;A01
201600056420;1;10;0;0;1;2;1;A01
201600056421;2;7;0;0;2;3;15;A01
201600056421;2;2;0;0;2;1;17;B01
201600056422;0;7;0;0;2;0;23;B01
201600056422;0;30;0;0;2;1;1;A01
201600056423;1;7;0;0;2;2;1;B01
201600056423;1;37;0;0;2;3;13;A01
201600056424;2;7;0;0;2;3;18;A01
201600056424;2;10;0;0;2;2;16;B01
201600056425;1;31;0;0;2;0;17;B01
201600056425;1;7;0;0;2;0;10;A01
201600056426;0;17;0;0;2;2;14;A01
201600056426;0;7;0;0;2;6;1;B01
201600056427;1;7;0;0;1;2;16;A01
201600056428;1;30;0;0;2;1;1;B01
201600056428;1;7;0;0;2;5;16;A01
201600056429;0;7;0;14;0;1;13;A01
201600056430;2;7;0;0;2;6;2;A01
201600056430;2;7;0;0;2;0;2;Z01
201600056431;0;31;0;0;2;8;1;B01
201600056431;0;7;0;0;2;2;13;A01
201600056432;1;7;0;0;2;5;4;A01
201600056432;2;34;0;0;2;8;1;B01
201600056433;1;7;0;1;1;3;1;A01
201600056434;1;7;0;0;1;2;1;A01
201600056435;2;1;0;0;1;0;1;A01
201600056436;1;2;0;0;0;0;21;A01
201600056437;1;30;0;0;1;0;1;Z01
201600056438;1;7;0;0;2;6;10;A01
201600056438;2;1;0;0;2;1;1;B01
201600056439;1;7;0;0;2;0;15;A01
201600056439;1;32;0;0;2;0;1;B01
201600056440;1;7;0;0;1;3;15;A01
201600056441;1;7;0;0;2;3;1;A01
201600056441;2;1;0;0;2;1;23;B01
201600056442;2;7;0;0;1;3;15;A01
201600056443;2;30;0;0;1;1;16;A01
201600056444;1;7;0;0;1;2;1;A01
201600056445;1;7;0;0;1;3;1;A01
201600056446;1;2;0;0;1;1;16;A01
201600056447;1;7;0;4;2;6;2;A01
201600056447;1;7;0;0;2;0;2;Z01
201600056448;2;32;0;0;2;8;18;A01
201600056448;2;7;0;0;2;7;16;Z01
201600056449;0;1;0;0;1;0;1;A01
201600056450;2;7;0;0;2;6;15;B01
201600056450;2;2;0;0;2;2;2;A01
201600056451;0;7;0;7;0;1;1;A01
201600056452;1;32;0;0;2;2;1;B01
201600056452;1;7;0;0;2;3;11;A01
201600056453;1;10;0;0;1;3;15;A01
201600056454;1;34;0;0;1;1;1;A01
201600056455;1;7;0;0;2;1;1;A01
201600056455;1;1;0;0;2;1;1;B01
201600056456;1;7;0;0;1;0;1;Z01
201600056457;0;7;0;1;2;2;12;A01
201600056457;0;7;0;0;2;3;1;B01
201600056458;2;7;0;0;2;0;15;Z01
201600056458;1;1;0;0;2;1;1;A01
201600056459;1;7;0;0;2;3;1;B01
201600056459;2;7;0;0;2;3;15;A01
201600056460;1;10;0;0;1;4;4;A01
201600056461;1;7;0;0;2;3;15;A01
201600056461;1;34;0;0;2;2;17;B01
201600056462;0;7;0;0;2;6;23;A01
201600056462;0;7;0;0;2;0;1;Z01
201600056463;2;34;0;0;2;9;1;B01
201600056463;1;7;0;0;2;1;15;A01
201600056464;1;10;0;0;2;7;22;A01
201600056464;1;1;0;1;2;1;1;B01
201600056465;1;7;0;0;1;8;1;A01
201600056466;1;31;0;0;2;2;2;A01
201600056466;1;10;0;0;2;6;23;B01
201600056467;0;10;0;8;1;0;10;A01
201600056468;1;7;0;0;2;8;15;A01
201600056468;2;2;0;0;2;8;1;B01
201600056469;2;2;0;0;1;1;1;A01
201600056470;2;30;0;12;0;1;18;A01
201600056471;1;2;0;0;2;1;1;A01
201600056471;2;7;0;0;2;5;15;B01
201600056472;1;7;0;0;1;1;15;A01
201600056473;1;34;0;0;1;1;1;A01
201600056474;1;30;0;0;1;3;1;Z01
201600056475;1;7;0;0;2;0;10;A01
201600056475;2;33;0;8;2;1;1;C01
201600056475;2;7;0;0;2;7;1;B01
201600056476;2;1;0;0;2;1;1;A01
201600056476;2;10;0;0;2;8;1;B01
201600056477;1;32;0;0;2;0;17;B01
201600056477;2;10;0;0;2;0;9;A01
201600056478;1;30;0;0;2;1;1;Z01
201600056478;1;30;0;0;2;1;1;A01
201600056479;1;30;0;0;2;1;1;A01
201600056479;2;10;0;0;2;2;15;B01
201600056480;1;7;0;0;2;2;1;B01
201600056480;1;7;0;0;2;6;10;A01
201600056481;1;7;0;0;1;2;1;A01
201600056482;0;1;0;0;2;1;7;B01
201600056482;0;7;0;0;2;0;4;A01
201600056483;1;7;0;0;1;6;15;A01
201600056484;2;7;0;0;2;2;15;A01
201600056484;1;7;0;14;2;1;1;B01
201600056485;1;7;0;0;2;2;12;A01
201600056485;1;32;0;0;2;3;3;B01
201600056486;0;1;0;0;2;1;19;B01
201600056486;1;10;0;1;2;2;15;A01
201600056487;1;7;0;15;2;1;14;A01
201600056488;1;31;0;0;2;7;1;B01
201600056488;0;7;0;0;2;1;9;A01
201600056489;0;37;0;0;2;2;9;A01
201600056489;0;33;0;0;2;8;1;B01
201600056490;0;31;0;0;2;7;1;A01
201600056490;0;7;0;0;2;8;13;Z01
201600056491;2;37;0;0;1;5;1;A01
201600056492;0;32;0;0;2;8;1;B01
201600056492;0;7;0;0;2;2;15;A01
201600056493;0;13;0;0;1;0;1;A01
201600056494;0;2;0;0;2;7;23;B01
201600056494;2;10;0;0;2;4;4;A01
201600056495;2;7;0;0;2;8;10;A01
201600056495;2;33;0;0;2;1;17;B01
201600056496;1;7;0;0;1;0;1;Z01
201600056497;1;7;0;0;1;3;1;A01
201600056498;2;7;0;0;2;2;14;A01
201600056498;2;1;0;0;2;1;1;B01
201600056499;0;7;0;0;2;0;1;Z01
201600056499;2;30;0;0;2;1;1;A01
201600056500;2;31;0;0;2;1;1;B01
201600056500;1;7;0;0;2;3;9;A01
201600056501;1;7;0;0;2;2;10;A01
201600056501;1;33;0;0;2;1;1;B01
201600056502;1;33;0;0;2;7;17;B01
201600056502;1;7;0;0;2;3;15;A01
201600056503;1;7;0;0;1;3;1;A01
201600056504;2;37;0;0;2;7;1;A01
201600056504;2;7;0;0;2;1;1;B01
201600056505;1;7;0;0;1;2;1;A01
201600056506;0;32;0;0;2;6;9;B01
201600056506;0;7;0;0;2;2;1;A01
201600056507;1;7;0;1;2;2;1;A01
201600056508;1;33;0;0;2;4;2;B01
201600056508;1;31;0;0;2;1;2;A01
201600056509;1;33;0;0;2;0;17;B01
201600056509;1;7;0;0;2;3;1;A01
201600056510;1;7;0;0;1;3;1;A01
201600056511;1;7;0;0;2;4;2;A01
201600056511;1;38;0;0;2;0;2;Z01
201600056512;2;7;0;8;0;3;14;A01
201600056513;2;37;0;0;1;3;17;A01
201600056514;1;30;0;0;1;1;17;A01
201600056515;0;7;0;0;2;3;1;B01
201600056515;0;7;0;0;2;6;1;A01
201600056516;2;10;0;1;1;4;4;A01
201600056517;1;2;0;0;2;0;15;A01
201600056517;2;33;0;0;2;0;1;B01
201600056518;2;7;0;0;1;2;1;A01
201600056519;2;10;0;0;1;1;1;A01
201600056520;0;10;0;0;2;0;2;Z01
201600056520;2;7;0;0;2;6;2;A01
201600056521;2;10;0;0;1;2;1;A01
201600056522;1;34;0;0;2;2;17;A01
201600056522;2;7;0;0;2;6;15;B01
201600056523;1;7;0;0;2;2;1;A01
201600056523;1;30;0;0;2;3;23;B01
201600056524;1;7;0;0;1;2;1;A01
201600056525;2;33;0;0;1;0;1;A01
201600056526;0;7;0;0;2;6;1;C01
201600056526;0;33;0;0;2;9;1;B01
201600056526;0;7;0;0;2;1;1;A01
201600056527;2;7;0;0;2;3;15;A01
201600056527;2;33;0;0;2;2;1;B01
201600056528;1;7;0;0;2;5;1;A01
201600056528;1;1;0;0;2;1;1;B01
201600056529;1;10;0;0;1;2;1;A01
201600056530;0;33;0;0;2;2;17;B01
201600056530;0;7;0;0;2;3;13;A01
201600056531;1;7;0;0;1;2;1;A01
201600056532;2;7;0;15;1;1;14;A01
201600056533;1;13;0;0;2;5;17;A01
201600056533;1;1;0;0;2;4;1;B01
201600056534;1;7;0;0;1;2;1;A01
201600056535;1;1;0;0;2;1;18;A01
201600056535;1;7;0;0;2;7;16;B01
201600056536;2;30;0;0;2;1;18;B01
201600056536;2;7;0;0;2;0;22;A01
201600056537;1;10;0;0;1;0;21;A01
201600056538;2;1;0;0;0;0;1;A01
201600056539;1;7;0;0;1;2;1;A01
201600056540;2;7;0;0;2;1;1;A01
201600056540;2;1;0;0;2;2;15;B01
201600056541;2;30;0;0;2;3;18;A01
201600056541;2;1;0;0;2;1;1;B01
201600056542;1;30;0;0;1;1;1;A01
201600056543;1;7;0;0;1;3;1;A01
201600056544;0;7;0;0;2;3;1;A01
201600056544;0;7;0;0;2;5;1;B01
201600056545;2;7;0;0;2;8;1;B01