Num_Acc;senc;catv;occutc;obs;obsm;choc;manv;num_veh
201600057262;1;14;0;0;2;1;1;B01
201600057263;1;33;0;0;2;4;1;B01
201600057263;1;7;0;0;2;1;1;A01
201600057264;2;7;0;0;2;1;1;A01
201600057264;2;7;0;0;2;4;23;B01
201600057265;2;33;0;0;2;2;3;B01
201600057265;2;7;0;0;2;7;11;A01
201600057266;2;7;0;0;2;0;17;Z01
201600057266;2;10;0;0;2;4;21;B01
201600057266;2;33;0;1;2;1;1;A01
201600057267;1;31;0;0;0;0;3;A01
201600057268;2;7;0;0;2;6;1;B01
201600057268;2;7;0;0;2;2;14;A01
201600057269;2;7;0;0;2;5;12;A01
201600057269;2;32;0;0;2;3;3;B01
201600057270;1;7;0;0;2;4;23;B01
201600057270;1;7;0;0;2;4;23;C01
201600057270;1;10;0;0;2;1;1;A01
201600057271;2;10;0;0;2;4;2;B01
201600057271;2;7;0;0;2;1;2;A01
201600057272;2;7;0;0;2;0;1;B01
201600057272;2;7;0;0;2;0;11;A01
201600057273;1;7;0;0;2;0;1;C01
201600057273;1;34;0;0;2;1;11;A01
201600057273;1;31;0;0;2;9;3;B01
201600057274;2;7;0;0;2;1;1;A01
201600057274;0;7;0;0;2;4;1;B01
201600057275;2;7;0;0;2;0;11;Z01
201600057275;2;33;0;0;2;7;3;A01
201600057275;2;7;0;0;2;7;1;B01
201600057276;1;33;0;16;0;8;1;A01
201600057277;1;7;0;0;2;4;1;C01
201600057277;1;7;0;0;2;1;1;A01
201600057277;1;7;0;0;2;9;1;B01
201600057278;1;34;0;8;0;3;13;A01
201600057279;2;7;0;4;2;1;18;A01
201600057279;2;7;0;4;2;6;1;B01
201600057280;1;7;0;0;2;1;1;A01
201600057280;1;7;0;0;2;4;23;C01
201600057280;1;10;0;0;2;4;23;B01
201600057281;1;7;0;0;2;6;11;A01
201600057281;1;34;0;0;2;2;1;B01
201600057282;1;31;0;0;2;8;3;A01
201600057282;1;7;0;0;2;7;12;Z01
201600057283;2;7;0;0;2;1;1;A01
201600057283;2;7;0;0;2;0;1;B01
201600057284;2;7;0;0;2;5;1;C01
201600057284;2;33;0;0;2;3;3;A01
201600057284;2;7;0;0;2;7;1;B01
201600057285;1;7;0;0;2;8;1;B01
201600057285;1;33;0;0;2;2;3;A01
201600057286;2;7;0;0;2;1;2;A01
201600057286;2;7;0;0;2;4;2;B01
201600057287;1;31;0;0;2;5;3;A01
201600057287;1;7;0;0;2;5;11;B01
201600057288;2;7;0;0;2;2;12;A01
201600057288;2;33;0;0;2;3;3;B01
201600057289;1;31;0;0;2;3;3;B01
201600057289;1;7;0;0;2;2;12;A01
201600057290;2;34;0;0;2;1;2;A01
201600057290;2;33;0;0;2;4;2;B01
201600057291;2;10;0;0;2;6;11;A01
201600057291;2;33;0;0;2;2;3;B01
201600057292;2;31;0;0;2;8;3;A01
201600057292;2;7;0;0;2;7;11;B01
201600057293;1;7;0;4;2;6;9;B01
201600057293;1;7;0;0;2;7;13;Z01
201600057293;1;7;0;0;2;8;1;A01
201600057294;1;7;0;0;2;1;2;A01
201600057294;1;7;0;0;2;4;23;C01
201600057294;1;7;0;0;2;4;23;B01
201600057295;1;7;0;4;0;9;13;A01
201600057296;1;7;0;0;2;2;12;A01
201600057296;1;34;0;0;2;8;3;B01
201600057297;2;7;0;0;2;1;2;A01
201600057297;2;38;0;0;2;4;23;B01
201600057298;2;34;0;0;2;1;2;A01
201600057298;2;7;0;0;2;6;23;B01
201600057299;2;7;0;0;2;3;2;A01
201600057299;2;7;0;0;2;5;23;B01
201600057300;1;14;0;0;2;1;2;A01
201600057300;1;14;0;0;2;4;2;B01
201600057301;2;7;0;0;2;2;12;A01
201600057301;2;31;0;0;2;3;3;B01
201600057302;2;7;0;0;2;2;12;A01
201600057302;2;31;0;0;2;6;3;B01
201600057302;2;7;0;0;2;5;23;C01
201600057302;2;7;0;0;2;4;23;D01
201600057303;1;7;0;4;2;5;14;A01
201600057303;1;7;0;0;2;3;1;B01
201600057304;1;7;0;0;2;1;2;A01
201600057304;1;7;0;0;2;4;2;B01
201600057305;1;33;0;0;2;8;3;B01
201600057305;1;7;0;0;2;2;12;A01
201600057306;1;10;0;9;0;1;14;A01
201600057307;1;33;0;0;2;1;2;A01
201600057307;1;7;0;0;2;1;2;Z01
201600057308;2;7;0;0;2;2;16;A01
201600057308;2;33;0;0;2;4;1;B01
201600057309;1;7;0;0;2;6;1;C01
201600057309;1;7;0;0;2;8;11;A01
201600057309;1;31;0;4;2;2;3;B01
201600057310;2;10;0;0;2;5;1;B01
201600057310;2;7;0;0;2;3;13;Z01
201600057310;2;33;0;0;2;5;3;A01
201600057311;2;7;0;0;2;5;2;B01
201600057311;2;33;0;0;2;3;2;A01
201600057312;2;7;0;0;2;2;12;A01
201600057312;2;33;0;0;2;8;3;B01
201600057313;2;10;0;0;2;5;12;A01
201600057313;2;33;0;0;2;3;1;B01
201600057314;2;7;0;0;2;0;2;B01
201600057314;2;7;0;0;2;0;2;C01
201600057314;2;10;0;0;2;0;2;A01
201600057314;2;34;0;0;2;0;2;D01
201600057315;1;31;0;0;0;8;1;A01
201600057316;1;7;0;0;2;0;12;Z01
201600057316;1;31;0;0;2;8;3;A01
201600057316;1;7;0;0;2;4;1;B01
201600057317;1;33;0;0;2;3;1;C01
201600057317;1;10;0;0;2;5;12;A01
201600057317;1;34;0;0;2;8;3;B01
201600057318;1;7;0;0;2;0;12;A01
201600057318;1;32;0;0;2;0;1;B01
201600057319;1;33;0;0;2;7;3;B01
201600057319;1;10;0;0;2;6;11;A01
201600057320;2;7;0;0;2;5;23;B01
201600057320;2;33;0;0;2;1;2;A01
201600057321;1;7;0;0;2;0;12;Z01
201600057321;1;7;0;0;2;5;1;B01
201600057321;1;33;0;0;2;1;3;A01
201600057322;2;7;0;0;2;4;2;B01
201600057322;2;7;0;0;2;1;2;A01
201600057323;2;7;0;4;2;4;1;A01
201600057323;2;7;0;0;2;1;1;Z01
201600057324;1;7;0;0;2;0;12;A01
201600057324;1;34;0;14;2;0;1;B01
201600057325;1;10;0;0;2;2;1;A01
201600057325;1;7;0;0;2;6;1;B01
201600057326;1;7;0;0;2;6;1;B01
201600057326;1;7;0;0;2;7;23;C01
201600057326;1;10;0;0;2;2;1;A01
201600057327;2;7;0;0;2;4;23;B01
201600057327;2;7;0;0;2;1;2;A01
201600057328;1;7;0;0;2;2;12;A01
201600057328;1;33;0;0;2;8;3;B01
201600057329;0;33;0;0;2;7;1;A01
201600057329;1;7;0;0;2;8;11;Z01
201600057330;1;10;0;0;2;4;1;B01
201600057330;1;7;0;0;2;1;1;A01
201600057331;2;7;0;0;2;3;11;A01
201600057331;2;33;0;4;2;7;3;B01
201600057332;1;7;0;0;2;1;2;A01
201600057332;1;7;0;0;2;4;23;B01
201600057333;1;32;0;0;0;8;1;A01
201600057334;2;33;0;0;0;1;1;A01
201600057335;2;33;0;0;2;3;3;A01
201600057335;1;7;0;0;2;5;12;B01
201600057336;1;33;0;0;0;7;1;A01
201600057337;1;10;0;0;2;4;1;B01
201600057337;1;34;0;0;2;1;1;A01
201600057338;2;32;0;0;0;8;1;A01
201600057339;2;17;0;0;2;2;1;B01
201600057339;2;7;0;0;2;4;1;A01
201600057340;2;34;0;0;2;3;1;B01
201600057340;2;7;0;0;2;5;12;A01
201600057341;1;7;0;0;2;8;1;C01
201600057341;1;33;0;0;2;1;1;A01
201600057341;1;33;0;0;2;4;1;B01
201600057342;1;2;0;4;0;2;14;A01
201600057343;1;33;0;0;2;1;3;A01
201600057343;2;7;0;0;2;6;1;B01
201600057344;2;7;0;0;2;5;23;B01
201600057344;2;10;0;0;2;0;11;Z01
201600057344;2;33;0;0;2;1;1;A01
201600057345;1;33;0;0;2;8;3;B01
201600057345;1;10;0;0;2;7;1;C01
201600057345;1;7;0;0;2;0;13;A01
201600057346;1;7;0;0;2;1;2;C01
201600057346;1;33;0;0;2;1;2;A01
201600057346;1;7;0;0;2;1;2;B01
201600057346;1;7;0;0;2;4;2;D01
201600057347;1;7;0;0;2;5;1;C01
201600057347;1;7;0;0;2;0;13;A01
201600057347;1;32;0;0;2;2;3;B01
201600057348;2;7;0;0;2;6;1;C01
201600057348;2;33;0;0;2;8;3;B01
201600057348;2;7;0;0;2;2;12;A01
201600057349;2;7;0;0;2;4;1;C01
201600057349;2;10;0;0;2;4;1;B01
201600057349;2;10;0;0;2;1;1;A01
201600057349;2;7;0;0;2;4;1;D01
201600057350;1;31;0;0;2;8;1;A01
201600057350;0;7;0;0;2;0;12;Z01
201600057351;2;10;0;0;2;5;12;A01
201600057351;2;32;0;0;2;1;3;B01
201600057352;2;10;0;0;2;1;1;C01
201600057352;2;33;0;0;2;1;1;A01
201600057352;2;10;0;0;2;0;1;B01
201600057353;1;7;0;0;2;2;14;A01
201600057353;1;10;0;0;2;6;1;C01
201600057353;1;33;0;0;2;8;3;B01
201600057354;1;33;0;0;2;1;1;A01
201600057354;1;7;0;0;2;4;1;B01
201600057355;1;7;0;0;2;4;1;B01
201600057355;1;7;0;0;2;1;1;A01
201600057356;1;31;0;0;0;0;1;A01
201600057357;1;33;0;0;2;1;2;A01
201600057357;1;7;0;0;2;6;23;B01
201600057358;1;33;0;0;2;1;2;A01
201600057358;1;7;0;0;2;6;2;B01
201600057359;2;33;0;0;2;2;3;B01
201600057359;2;7;0;0;2;8;11;A01
201600057360;1;34;0;0;0;8;1;A01
201600057361;2;33;0;0;2;1;1;A01
201600057361;2;7;0;0;2;4;1;B01
201600057362;1;34;0;0;2;1;1;B01
201600057362;1;7;0;0;2;6;1;C01
201600057362;1;7;0;0;2;3;1;A01
201600057363;0;10;0;0;2;4;2;B01
201600057363;2;7;0;0;2;1;2;A01
201600057364;1;34;0;0;2;8;3;B01
201600057364;1;7;0;0;2;7;12;A01
201600057365;1;10;0;4;0;2;14;A01
201600057366;2;33;0;0;2;1;3;B01
201600057366;2;7;0;0;2;2;12;A01
201600057367;2;7;0;4;0;3;13;A01
201600057368;2;33;0;0;2;8;3;B01
201600057368;2;7;0;0;2;2;12;A01
201600057369;2;7;0;0;2;1;1;A01
201600057369;2;7;0;0;2;5;23;B01
201600057370;2;7;0;0;2;4;23;C01
201600057370;2;7;0;0;2;1;1;A01
201600057370;2;10;0;0;2;4;23;B01
201600057371;2;33;0;0;2;1;2;A01
201600057371;2;33;0;0;2;7;2;B01
201600057372;2;7;0;0;2;0;1;A01
201600057372;2;31;0;0;2;0;23;B01
201600057373;1;7;0;0;2;2;12;A01
201600057373;1;33;0;0;2;3;3;B01
201600057374;2;7;0;0;2;4;2;B01
201600057374;2;10;0;0;2;1;2;A01
201600057375;2;7;0;0;2;5;23;B01
201600057375;2;33;0;0;2;1;1;A01
201600057376;2;7;0;0;2;4;11;A01
201600057376;2;32;0;0;2;1;1;B01
201600057377;2;10;0;0;2;1;2;A01
201600057377;2;7;0;0;2;4;2;B01
201600057377;2;7;0;0;2;4;2;C01
201600057378;2;10;0;0;2;4;23;B01
201600057378;2;7;0;0;2;4;23;C01
201600057378;2;13;0;0;2;1;1;A01
201600057379;2;7;0;0;2;8;11;A01
201600057379;2;33;0;0;2;1;3;B01
201600057380;2;10;0;0;2;6;2;B01
201600057380;2;33;0;0;2;7;2;A01
201600057381;2;7;0;4;0;3;13;A01
201600057382;2;33;0;0;2;8;3;B01
201600057382;2;7;0;0;2;2;12;A01
201600057383;2;7;0;4;0;1;13;A01
201600057384;1;7;0;0;2;6;1;B01
201600057384;1;33;0;0;2;1;12;A01
201600057385;2;34;0;0;2;8;11;A01
201600057385;2;33;0;0;2;2;3;B01
201600057385;2;10;0;0;2;5;1;C01
201600057386;1;33;0;0;2;8;3;B01
201600057386;1;7;0;0;2;2;12;A01
201600057387;2;34;0;0;2;1;3;B01
201600057387;2;7;0;0;2;2;12;A01
201600057388;2;7;0;0;2;5;1;B01
201600057388;2;7;0;0;2;6;1;C01
201600057388;2;31;0;0;2;2;3;A01
201600057389;1;7;0;4;0;2;14;A01
201600057390;1;7;0;3;0;1;16;A01
201600057391;2;7;0;0;2;1;2;A01
201600057391;2;7;0;0;2;4;23;B01
201600057392;1;7;0;0;2;4;23;B01
201600057392;1;7;0;0;2;1;2;A01
201600057393;1;7;0;0;2;1;1;C01
201600057393;1;7;0;4;2;2;1;A01
201600057393;1;7;0;0;2;6;1;B01
201600057394;1;7;0;0;2;1;1;A01
201600057394;1;7;0;0;2;4;1;B01
201600057395;2;33;0;0;2;8;3;B01
201600057395;2;7;0;0;2;7;12;A01
201600057396;2;33;0;0;2;3;14;A01
201600057396;2;7;0;0;2;5;1;B01
201600057396;2;10;0;0;2;6;1;C01
201600057397;2;7;0;0;2;6;11;A01
201600057397;2;31;0;0;2;1;3;B01
201600057398;1;10;0;0;2;6;12;B01
201600057398;1;31;0;0;2;1;3;A01
201600057399;2;7;0;0;2;4;23;C01
201600057399;2;7;0;0;2;1;1;A01
201600057399;2;7;0;0;2;4;23;B01
201600057400;1;7;0;4;2;1;1;A01
201600057400;1;7;0;0;2;5;1;B01
201600057401;1;7;0;0;2;0;12;Z01
201600057401;1;33;0;0;2;7;3;A01
201600057401;1;7;0;0;2;5;1;B01
201600057402;1;7;0;0;2;1;23;B01
201600057402;1;7;0;0;2;1;1;A01
201600057403;1;7;0;0;2;1;1;A01
201600057403;1;7;0;0;2;4;23;B01
201600057404;1;7;0;0;2;8;1;B01
201600057404;1;17;0;0;2;3;1;A01
201600057405;2;7;0;0;2;6;11;A01
201600057405;2;31;0;0;2;1;3;B01
201600057406;1;32;0;0;0;7;1;A01
201600057407;1;7;0;0;2;8;1;D01
201600057407;1;31;0;0;2;7;3;B01
201600057407;1;33;0;0;2;6;11;A01
201600057407;1;7;0;0;2;7;1;C01
201600057408;1;7;0;0;2;4;23;C01
201600057408;1;7;0;0;2;1;2;A01
201600057408;1;7;0;0;2;1;23;B01
201600057409;1;7;0;0;2;5;12;A01
201600057409;1;31;0;0;2;2;1;B01
201600057410;2;33;0;0;0;8;3;A01
201600057411;2;33;0;0;2;1;3;A01
201600057411;2;7;0;0;2;6;1;B01
201600057412;1;10;0;0;2;1;2;A01
201600057412;1;7;0;0;2;4;23;B01
201600057412;1;7;0;0;2;4;23;C01
201600057413;1;31;0;0;2;1;3;A01
201600057413;1;7;0;0;2;6;11;B01
201600057414;1;7;0;0;2;1;1;A01
201600057414;1;7;0;4;2;3;12;B01
201600057415;1;31;0;0;2;8;1;B01
201600057415;1;7;0;0;2;5;12;A01
201600057416;1;33;0;0;2;7;1;B01
201600057416;1;7;0;0;2;8;11;A01
201600057417;2;34;0;0;2;8;3;C01
201600057417;0;31;0;0;2;0;3;B01
201600057417;2;7;0;0;2;0;12;A01
201600057418;2;33;0;0;2;7;12;A01
201600057418;2;33;0;0;2;8;11;B01
201600057419;2;7;0;0;2;6;23;B01
201600057419;2;31;0;0;2;1;14;A01
201600057420;1;7;0;0;2;4;2;B01
201600057420;1;7;0;0;2;1;2;A01
201600057421;2;10;0;0;2;7;12;A01
201600057421;2;33;0;0;2;8;1;B01
201600057422;1;7;0;4;2;3;2;C01
201600057422;1;7;0;4;2;6;2;B01
201600057422;1;7;0;4;2;4;2;A01
201600057423;1;10;0;0;2;7;12;A01
201600057423;1;33;0;0;2;1;3;B01
201600057424;1;10;0;0;2;3;2;A01
201600057424;1;31;0;0;2;2;2;B01
201600057424;1;30;0;0;2;1;2;Z01
201600057425;2;33;0;0;2;1;3;C01
201600057425;2;10;0;0;2;2;12;A01
201600057425;2;31;0;0;2;3;3;B01
201600057426;2;7;0;0;2;4;11;A01
201600057426;2;33;0;0;2;1;1;B01
201600057427;1;33;0;4;0;7;14;A01
201600057428;2;32;0;0;2;8;3;A01
201600057428;2;33;0;0;2;7;18;Z01
201600057429;1;7;0;0;2;0;1;Z01
201600057429;1;7;0;14;2;6;1;A01
201600057430;1;7;0;0;2;1;1;A01
201600057430;1;7;0;0;2;4;1;B01
201600057430;0;7;0;0;2;4;1;C01
201600057431;1;32;0;0;0;0;1;A01
201600057432;1;7;0;0;2;2;12;A01
201600057432;1;31;0;0;2;1;3;B01
201600057433;2;33;0;0;2;4;3;B01
201600057433;2;34;0;0;2;1;3;A01
201600057434;2;34;0;0;0;8;1;A01
201600057435;2;7;0;0;2;6;1;B01
201600057435;2;7;0;0;2;2;12;A01
201600057436;1;7;0;0;2;4;23;B01
201600057436;1;7;0;0;2;1;1;A01
201600057436;1;7;0;0;2;4;23;C01
201600057437;1;7;0;0;2;7;12;A01
201600057437;1;32;0;0;2;3;3;B01
201600057438;2;7;0;0;2;5;1;B01
201600057438;2;7;0;0;2;5;12;C01
201600057438;2;33;0;0;2;1;3;A01
201600057439;1;32;0;0;2;1;3;B01
201600057439;2;7;0;0;2;5;1;C01
201600057439;2;10;0;0;2;3;11;A01
201600057440;1;7;0;0;2;0;23;C01
201600057440;1;7;0;0;2;1;1;A01
201600057440;1;7;0;0;2;4;23;B01
201600057441;1;7;0;6;0;2;14;A01
201600057442;2;10;0;0;2;1;1;A01
201600057442;2;14;0;0;2;4;1;B01
201600057443;2;10;0;0;2;4;2;B01
201600057443;2;7;0;0;2;1;2;A01
201600057444;1;7;0;0;2;1;2;A01
201600057444;1;10;0;0;2;4;23;B01
201600057445;1;7;0;0;2;4;23;C01
201600057445;1;7;0;0;2;1;1;A01
201600057445;1;7;0;0;2;4;23;B01
201600057446;1;33;0;0;2;1;3;A01
201600057446;1;10;0;0;2;6;11;B01
201600057447;1;7;0;0;2;3;11;Z01
201600057447;1;7;0;5;2;2;1;A01
201600057448;1;10;0;0;2;1;2;A01
201600057448;1;7;0;0;2;1;2;C01
201600057448;0;7;0;0;2;4;2;D01
201600057448;1;10;0;0;2;4;23;B01
201600057449;2;33;0;0;0;8;1;A01
201600057450;1;7;0;0;2;4;1;C01
201600057450;1;7;0;0;2;7;12;A01
201600057450;1;33;0;0;2;7;3;B01
201600057451;1;7;0;0;2;4;1;B01
201600057451;1;7;0;0;2;1;1;C01
201600057451;1;10;0;0;2;1;1;A01
201600057452;2;31;0;0;0;0;1;A01
201600057453;1;7;0;0;2;2;12;A01
201600057453;2;33;0;0;2;1;1;B01
201600057454;1;10;0;0;2;1;11;A01
201600057454;1;7;0;0;2;4;1;B01
201600057455;2;33;0;4;0;3;21;A01
201600057456;2;10;0;0;2;0;11;A01
201600057456;2;31;0;0;2;0;3;B01
201600057457;2;14;0;0;2;2;12;A01
201600057457;2;7;0;0;2;6;1;B01
201600057458;1;31;0;0;2;1;2;A01
201600057458;1;10;0;0;2;5;2;B01
201600057459;1;7;0;0;2;6;11;A01
201600057459;1;33;0;0;2;2;3;B01
201600057460;0;33;0;0;2;1;12;A01
201600057460;0;10;0;0;2;4;1;B01
201600057461;1;33;0;0;2;1;3;A01
201600057461;1;7;0;0;2;2;12;B01
201600057462;0;7;0;0;2;4;23;C01
201600057462;1;10;0;0;2;1;1;A01
201600057462;1;7;0;0;2;4;23;B01
201600057462;0;7;0;0;2;4;23;D01
201600057463;2;7;0;0;2;8;12;A01
201600057463;2;32;0;0;2;1;1;C01
201600057463;2;7;0;0;2;7;1;B01
201600057464;2;7;0;0;2;7;12;A01
201600057464;2;32;0;0;2;8;3;B01
201600057465;2;34;0;0;2;7;3;A01
201600057465;0;7;0;0;2;0;11;Z01
201600057466;1;10;0;0;2;8;11;A01
201600057466;1;33;0;0;2;1;3;B01
201600057467;1;7;0;0;2;6;1;B01
201600057467;1;33;0;0;2;1;1;A01
201600057468;2;33;0;0;2;7;1;B01
201600057468;2;7;0;0;2;6;11;A01
201600057469;2;7;0;6;0;6;1;A01
201600057470;2;32;0;0;2;1;3;C01
201600057470;2;10;0;0;2;1;1;A01
201600057470;2;10;0;0;2;4;1;B01
201600057471;1;7;0;0;2;8;13;A01
201600057471;1;33;0;0;2;7;3;B01
201600057472;2;33;0;0;2;2;3;A01
201600057472;2;7;0;0;2;5;1;B01
201600057473;2;32;0;0;2;1;1;A01
201600057473;2;7;0;0;2;6;23;B01
201600057474;1;33;0;0;2;3;3;B01
201600057474;1;7;0;0;2;7;12;A01
201600057475;1;7;0;0;2;5;12;A01
201600057475;1;33;0;0;2;1;3;B01
201600057476;2;7;0;0;2;6;23;B01
201600057476;2;33;0;0;2;1;2;A01
201600057477;0;7;0;0;2;4;23;Z01
201600057477;1;7;0;0;2;1;2;A01
201600057478;2;10;0;0;2;6;11;A01
201600057478;2;33;0;0;2;1;3;B01
201600057479;2;7;0;0;2;6;1;C01
201600057479;2;7;0;0;2;2;12;A01
201600057479;2;33;0;0;2;3;3;B01
201600057480;2;7;0;0;2;8;11;A01
201600057480;2;33;0;0;2;7;3;B01
201600057481;1;7;0;0;2;4;23;C01
201600057481;1;7;0;0;2;1;2;A01
201600057481;1;33;0;0;2;4;23;B01
201600057482;1;7;0;0;2;5;23;C01
201600057482;1;33;0;0;2;8;3;A01
201600057482;1;7;0;0;2;2;2;B01
201600057483;1;15;0;0;2;2;12;A01
201600057483;1;7;0;0;2;6;1;B01
201600057484;2;7;0;0;2;5;12;A01
201600057484;2;34;0;0;2;8;3;B01
201600057485;1;7;0;0;2;5;12;A01
201600057485;1;33;0;0;2;3;1;B01
201600057486;1;31;0;0;2;3;1;B01
201600057486;1;15;0;0;2;5;12;A01
201600057487;2;33;0;0;2;2;1;B01
201600057487;2;7;0;0;2;3;11;A01
201600057488;2;15;0;0;2;8;1;B01
201600057488;2;7;0;0;2;2;1;C01
201600057488;2;7;0;0;2;7;14;A01
201600057489;1;7;0;0;2;3;13;A01
201600057489;1;7;0;0;2;5;1;B01
201600057490;1;7;0;0;2;3;11;A01
201600057490;1;31;0;0;2;1;3;B01
201600057491;1;7;0;0;2;8;22;A01
201600057491;1;31;0;0;2;7;3;B01
201600057492;1;7;0;0;2;5;12;A01
201600057492;1;33;0;0;2;1;3;B01
201600057493;1;34;0;0;2;5;2;A01
201600057493;1;7;0;0;2;5;2;B01
201600057494;1;7;0;0;2;7;2;C01
201600057494;1;10;0;0;2;6;2;B01
201600057494;1;33;0;0;2;1;11;A01
201600057495;1;33;0;0;2;2;3;B01
201600057495;1;7;0;0;2;6;11;A01
201600057496;1;31;0;0;2;1;11;A01
201600057496;1;7;0;0;2;5;1;B01
201600057497;2;7;0;0;2;8;11;A01
201600057497;0;7;0;4;2;1;1;B01
201600057498;2;7;0;0;2;5;2;B01
201600057498;2;31;0;0;2;1;2;A01
201600057499;2;7;0;0;2;0;2;A01
201600057499;2;7;0;0;2;6;23;B01
201600057500;2;31;0;0;0;7;1;A01
201600057501;1;31;0;0;2;2;3;B01
201600057501;1;7;0;0;2;8;11;A01
201600057502;2;34;0;0;2;0;2;A01
201600057502;2;7;0;0;2;0;23;B01
201600057503;2;31;0;0;2;2;3;B01
201600057503;2;7;0;0;2;6;11;A01
201600057504;1;15;0;0;2;0;11;Z01
201600057504;1;7;0;0;2;6;1;A01
201600057505;2;33;0;0;2;2;1;B01
201600057505;2;7;0;0;2;6;11;A01
201600057506;1;7;0;0;2;1;2;C01
201600057506;1;7;0;0;2;1;2;A01
201600057506;1;10;0;0;2;1;2;B01
201600057507;2;7;0;0;2;1;2;A01
201600057507;2;7;0;0;2;4;2;B01
201600057508;2;7;0;0;2;4;12;A01
201600057508;2;33;0;0;2;7;3;B01
201600057509;1;32;0;0;2;1;1;C01
201600057509;1;34;0;0;2;2;11;A01
201600057509;1;7;0;0;2;4;1;B01
201600057510;1;31;0;0;2;6;12;A01
201600057510;1;7;0;0;2;5;23;B01
201600057511;1;33;0;0;2;2;3;A01
201600057511;1;7;0;0;2;2;12;B01
201600057511;1;7;0;0;2;6;23;C01
201600057512;1;30;0;0;2;7;14;A01
201600057512;1;15;0;0;2;8;1;B01
201600057513;2;7;0;0;2;4;23;C01
201600057513;2;7;0;0;2;4;23;D01
201600057513;2;10;0;0;2;1;2;A01
201600057513;2;7;0;0;2;0;2;B01
201600057514;0;7;0;4;0;3;13;A01
201600057515;1;7;0;0;2;1;2;A01
201600057515;1;7;0;0;2;4;23;B01
201600057515;1;7;0;0;2;4;23;C01
201600057516;1;7;0;0;0;0;14;A01
201600057517;1;31;0;0;2;7;3;B01
201600057517;1;7;0;0;2;3;11;A01
201600057518;1;7;0;0;2;6;12;B01
201600057518;2;31;0;0;2;1;3;A01
201600057519;1;33;0;0;0;8;1;A01
201600057520;1;7;0;0;2;1;1;A01
201600057520;1;7;0;0;2;4;1;B01
201600057521;1;7;0;0;2;4;1;B01
201600057521;1;7;0;0;2;1;1;A01
201600057522;1;7;0;0;2;1;2;Z01
201600057522;1;7;0;0;2;4;23;A01
201600057523;1;32;0;0;2;9;1;A01
201600057523;2;7;0;0;2;7;13;B02
201600057524;1;7;0;0;1;1;1;A01
201600057525;0;2;0;0;2;1;1;B02
201600057525;0;7;0;0;2;2;19;A01
201600057526;1;7;0;0;1;1;2;A01
201600057527;1;7;0;0;0;1;1;A01
201600057527;2;7;0;0;0;1;1;B02
201600057528;1;7;0;12;0;7;15;A01
201600057529;1;7;0;0;2;3;0;A01
201600057529;2;7;0;0;2;3;0;B02
201600057530;1;7;0;0;1;1;1;A01
201600057531;1;7;0;0;1;0;1;A01
201600057532;1;33;0;0;0;0;1;A01
201600057533;2;14;0;0;1;7;1;A01
201600057534;1;7;0;0;0;6;0;A01
201600057534;1;31;0;0;2;1;2;B02
201600057535;2;7;0;0;0;3;0;B02
201600057535;1;7;0;0;0;3;1;A01
201600057536;1;33;0;0;2;1;1;A01
201600057536;2;10;0;0;2;1;10;B02
201600057537;1;7;0;0;1;2;1;A01
201600057538;1;10;0;0;0;3;13;A01
201600057538;1;10;0;0;0;3;0;B02
201600057539;1;33;0;0;0;0;0;A01
201600057539;2;7;0;0;0;0;0;B02
201600057540;1;7;0;0;2;6;15;A01
201600057540;1;33;0;0;2;1;17;B02
201600057541;2;31;0;0;0;0;0;B02
201600057541;1;7;0;0;2;2;2;A01
201600057542;0;7;0;0;2;3;2;A01
201600057542;0;30;0;0;2;1;0;B02
201600057543;1;7;0;0;2;8;15;A01
201600057543;1;31;0;0;2;1;17;B02
201600057544;1;7;0;3;2;1;1;B02
201600057544;2;7;0;3;2;1;1;A01
201600057545;2;7;0;0;2;1;13;B02
201600057545;1;7;0;0;2;1;1;A01
201600057546;2;1;0;0;2;4;2;B02
201600057546;2;10;0;0;2;2;2;A01
201600057547;1;7;0;0;1;1;1;A01
201600057548;1;7;0;0;2;6;0;B02
201600057548;1;33;0;0;2;1;3;A01
201600057548;1;10;0;0;2;2;0;C03
201600057549;0;7;0;0;0;7;14;B02
201600057549;1;38;12;0;2;3;1;A01
201600057550;1;7;0;8;0;1;14;A01
201600057551;2;7;0;0;0;1;0;A01
201600057551;1;7;0;0;0;1;0;B02
201600057552;1;10;0;0;0;8;0;A01
201600057552;2;10;0;0;1;3;0;B02
201600057553;2;10;0;0;2;3;0;C03
201600057553;2;10;0;0;2;9;0;A01
201600057553;1;13;0;0;2;1;0;B02
201600057554;2;7;0;6;0;3;14;A01
201600057555;1;7;0;0;1;1;1;A01
201600057556;1;31;0;0;2;7;1;A01
201600057556;2;7;0;0;2;1;1;B02
201600057556;1;7;0;0;2;1;15;C03
201600057557;2;1;0;0;0;1;1;B02
201600057557;2;7;0;0;0;0;0;A02
201600057558;1;33;0;0;0;0;0;A01
201600057559;1;33;0;0;0;0;0;A01
201600057560;0;7;0;16;0;1;0;A01
201600057561;2;7;0;0;2;3;1;A01
201600057561;1;7;0;0;2;1;1;B02
201600057562;2;33;0;0;2;5;2;B02
201600057562;2;33;0;0;2;3;2;A01
201600057563;1;10;0;0;0;0;0;A01