Num_Acc;senc;catv;occutc;obs;obsm;choc;manv;num_veh
201600057564;1;7;0;0;2;2;1;B02
201600057564;2;10;0;0;2;3;13;A01
201600057565;2;7;0;0;2;1;1;B02
201600057565;1;7;0;0;2;1;13;A01
201600057566;1;14;0;0;2;3;1;B02
201600057566;2;14;0;0;2;3;13;A01
201600057567;1;7;0;4;0;1;1;A01
201600057568;1;7;0;0;1;2;1;A01
201600057569;1;33;0;3;0;1;0;A01
201600057570;1;7;0;0;1;3;1;A01
201600057571;1;7;0;0;2;2;1;A01
201600057571;2;1;0;0;2;4;11;B02
201600057572;0;33;0;0;2;1;1;B02
201600057572;0;7;0;0;2;5;0;A01
201600057573;1;7;0;0;2;1;1;B02
201600057573;1;7;0;0;2;3;1;A01
201600057573;2;7;0;0;2;1;1;C03
201600057574;1;31;0;0;2;1;11;A01
201600057574;1;30;0;0;2;8;15;B02
201600057575;2;7;0;0;2;3;1;A01
201600057575;1;1;0;0;2;8;13;B02
201600057576;0;2;0;0;2;1;13;A01
201600057576;0;2;0;0;2;1;13;B02
201600057577;0;7;0;0;0;8;23;B02
201600057577;0;7;0;0;2;3;9;A01
201600057578;0;7;0;0;2;3;0;A01
201600057578;0;7;0;0;2;3;0;B02
201600057579;0;7;0;0;1;4;23;B02
201600057579;0;7;0;0;0;3;2;A01
201600057580;2;7;0;0;2;3;23;B02
201600057580;1;7;0;0;2;3;1;A01
201600057581;2;31;0;0;2;1;1;B02
201600057581;1;7;0;0;2;5;15;A01
201600057582;1;10;0;0;1;2;1;A01
201600057583;2;38;1;0;2;1;1;B02
201600057583;1;7;0;0;2;7;5;A01
201600057584;1;7;0;0;1;2;1;A01
201600057585;1;33;0;0;2;1;17;A01
201600057585;1;7;0;0;2;6;0;C03
201600057585;2;7;0;0;2;3;1;B02
201600057586;1;14;0;0;0;9;1;A01
201600057587;2;7;0;0;1;1;1;A01
201600057588;0;7;0;6;0;2;1;A01
201600057589;1;34;0;0;2;1;2;A01
201600057589;1;7;0;0;2;6;2;B02
201600057590;0;37;1;0;0;3;1;A01
201600057590;2;34;0;0;2;1;13;B02
201600057591;0;7;0;3;0;7;1;A01
201600057592;1;30;0;0;1;0;2;A01
201600057593;1;7;0;0;0;4;1;A01
201600057593;1;33;0;0;0;1;0;B02
201600057594;2;7;0;0;2;1;15;A01
201600057594;2;31;0;0;2;0;1;B02
201600057595;0;33;0;16;0;7;1;A01
201600057596;0;33;0;1;0;1;1;A01
201600057597;1;7;0;0;2;1;1;A01
201600057597;2;10;0;0;2;1;1;B02
201600057598;1;7;0;0;2;3;13;A01
201600057598;2;7;0;0;2;3;1;B02
201600057599;0;2;0;0;2;3;11;A01
201600057599;0;10;0;0;2;3;1;B02
201600057600;1;33;0;6;2;1;5;A01
201600057600;2;7;0;0;2;2;1;B02
201600057601;0;7;0;0;2;1;13;A01
201600057601;0;7;0;0;2;1;1;B02
201600057602;1;34;0;0;0;8;1;A01
201600057603;2;7;0;0;2;1;15;A01
201600057603;1;33;0;0;2;1;1;B02
201600057604;0;7;0;0;0;9;1;A01
201600057605;2;7;0;0;2;3;0;C03
201600057605;1;2;0;0;2;1;17;A01
201600057605;1;7;0;0;0;6;0;B02
201600057606;0;7;0;0;2;5;15;A01
201600057606;0;31;0;0;2;1;1;B02
201600057607;2;7;0;0;2;3;5;A01
201600057607;1;30;0;0;2;1;1;B02
201600057608;2;7;0;2;0;2;1;A01
201600057609;2;7;0;13;0;1;1;A01
201600057610;0;7;0;0;9;2;5;A01
201600057610;0;1;0;0;2;1;5;B02
201600057611;1;7;0;0;2;3;1;A01
201600057611;1;7;0;0;2;6;15;B02
201600057612;2;33;0;5;0;1;13;A01
201600057613;2;7;0;0;2;5;1;B02
201600057613;2;33;0;0;2;1;2;A01
201600057614;1;7;0;0;1;3;13;A01
201600057615;2;7;0;0;2;1;13;B02
201600057615;1;7;0;0;2;0;1;A01
201600057616;0;1;0;0;2;8;1;A01
201600057616;0;7;0;0;9;3;19;B02
201600057617;2;7;0;0;2;1;2;A01
201600057617;2;7;0;0;2;4;2;B02
201600057618;0;7;0;0;1;1;16;A01
201600057619;0;30;0;0;0;0;0;A01
201600057620;2;38;0;0;1;1;1;A01
201600057621;2;7;0;13;0;1;11;A01
201600057622;0;7;0;0;2;3;1;B02
201600057622;0;7;0;0;2;3;1;A01
201600057623;2;1;0;0;0;4;2;B02
201600057623;2;10;0;0;2;2;2;A01
201600057624;2;34;0;0;1;2;1;A01
201600057625;1;7;0;0;2;1;1;B02
201600057625;2;7;0;0;2;3;0;A01
201600057626;2;7;0;14;0;1;0;C03
201600057626;1;33;0;0;2;1;19;A01
201600057626;0;1;0;0;2;0;1;B02
201600057627;1;7;0;0;1;2;14;A01
201600057628;2;10;0;0;2;3;1;B02
201600057628;1;7;0;0;2;1;1;C03
201600057628;2;7;0;0;2;9;15;A01
201600057629;2;30;0;0;0;0;0;A01
201600057630;1;7;0;0;2;7;15;A01
201600057630;2;7;0;0;2;1;1;B02
201600057631;1;7;0;0;1;3;19;A01
201600057632;0;33;0;0;2;2;0;A01
201600057632;0;7;0;0;0;4;0;B02
201600057633;0;7;0;0;2;8;15;A01
201600057633;0;33;0;0;2;2;21;B02
201600057634;1;7;0;0;2;1;13;A01
201600057634;2;7;0;0;0;1;1;B02
201600057635;1;7;0;0;2;6;15;A01
201600057635;1;33;0;0;2;1;0;B02
201600057636;2;33;0;0;2;1;1;A01
201600057636;1;7;0;0;2;8;15;B02
201600057637;1;7;0;0;2;1;13;A01
201600057637;2;7;0;0;2;1;1;B02
201600057638;2;7;0;0;1;2;1;A01
201600057639;0;30;0;1;0;1;1;A01
201600057640;1;30;0;0;1;2;1;A01
201600057641;1;31;0;6;0;3;1;A01
201600057642;0;32;0;0;2;1;1;A01
201600057642;0;7;0;0;2;2;15;B02
201600057643;0;7;0;0;0;3;15;A01
201600057643;0;7;0;0;2;1;17;B02
201600057644;0;7;0;0;1;1;11;A01
201600057645;0;7;0;6;2;8;2;A01
201600057646;2;33;0;0;2;7;1;A01
201600057646;2;10;0;0;2;8;1;B02
201600057647;1;7;0;0;1;2;1;A01
201600057648;2;10;0;3;0;1;1;A01
201600057649;1;31;0;0;2;1;2;A01
201600057649;1;7;0;0;0;5;0;B02
201600057650;2;7;0;4;0;8;0;A01
201600057651;1;33;0;0;2;1;2;A01
201600057651;1;33;0;0;2;4;2;B02
201600057652;2;33;0;3;0;9;1;A01
201600057653;0;32;0;0;2;1;21;A01
201600057653;0;7;0;0;0;2;0;B02
201600057654;2;7;0;0;9;1;2;A01
201600057654;2;1;0;0;2;4;2;B02
201600057655;0;7;0;16;0;9;0;A01
201600057656;0;2;0;0;2;0;0;B02
201600057656;0;7;0;0;2;1;5;A01
201600057657;0;2;0;0;2;1;0;A01
201600057657;0;10;0;0;2;2;0;B02
201600057658;1;7;0;0;1;3;1;A01
201600057659;0;1;0;0;2;1;0;B02
201600057659;0;7;0;0;2;5;15;A01
201600057660;1;7;0;0;1;2;19;A01
201600057661;1;7;0;0;2;6;19;A01
201600057661;2;33;0;0;2;1;0;B02
201600057662;2;10;0;0;0;2;1;A01
201600057662;2;1;0;0;2;3;9;B02
201600057663;2;31;0;0;2;1;5;A01
201600057663;1;7;0;0;2;3;1;B02
201600057664;0;7;0;13;0;0;14;A01
201600057665;1;7;0;13;0;7;1;A01
201600057666;0;1;0;0;2;8;19;B02
201600057666;1;10;0;0;9;2;1;A01
201600057667;0;7;0;0;2;2;1;B02
201600057667;0;30;0;0;2;1;1;A01
201600057668;1;7;0;0;2;3;1;A01
201600057668;2;31;0;0;2;1;17;B02
201600057669;2;7;0;0;2;8;1;A01
201600057669;1;30;0;0;2;8;13;B02
201600057670;2;10;0;0;2;3;1;A01
201600057670;1;2;0;0;2;1;13;B02
201600057671;0;2;0;0;0;9;13;A01
201600057672;1;7;0;2;0;2;1;A01
201600057673;2;7;0;0;2;2;2;A01
201600057673;2;1;0;0;2;4;2;B02
201600057674;2;7;0;0;2;3;13;A01
201600057674;1;10;0;0;2;3;1;B02
201600057675;2;7;0;0;2;8;15;B02
201600057675;1;33;0;0;2;1;17;A01
201600057676;1;2;0;0;2;1;13;A01
201600057677;2;7;0;2;0;9;1;A01
201600057678;0;14;0;0;2;8;19;A01
201600057678;2;7;0;0;2;1;1;B02
201600057679;1;14;0;0;1;8;1;A01
201600057680;1;7;0;0;2;2;19;A01
201600057680;1;31;0;0;2;1;1;B02
201600057680;2;7;0;0;2;3;23;C03
201600057681;1;7;0;8;0;1;1;C03
201600057681;2;7;0;0;2;1;17;A01
201600057681;1;7;0;0;2;3;1;B02
201600057682;1;30;0;0;2;4;15;B02
201600057682;2;10;0;0;2;2;1;A01
201600057683;0;30;0;0;2;1;17;A01
201600057683;0;7;0;0;2;6;15;B02
201600057684;1;21;0;8;0;0;1;A01
201600057685;1;7;0;0;2;3;15;A01
201600057685;2;31;0;0;2;1;1;B02
201600057686;1;7;0;0;2;1;15;A01
201600057686;2;7;0;0;2;1;1;B02
201600057687;1;7;0;0;2;1;1;A01
201600057687;2;33;0;0;2;1;1;B02
201600057688;1;10;0;0;2;2;19;A01
201600057688;2;30;0;0;2;1;15;B02
201600057689;2;33;0;0;2;7;2;B02
201600057689;2;7;0;0;2;8;2;A01
201600057690;1;7;0;0;0;1;17;A01
201600057690;2;38;0;0;0;3;21;B02
201600057691;2;14;0;0;2;3;1;B02
201600057691;1;10;0;0;2;3;13;A01
201600057692;1;7;0;13;0;7;1;A01
201600057693;0;7;0;0;0;6;15;B02
201600057693;0;7;0;0;2;1;1;A01
201600057694;2;7;0;0;2;3;13;A01
201600057694;1;7;0;0;2;3;1;B02
201600057695;1;7;0;7;1;1;14;A01
201600057696;1;7;0;1;0;3;1;A01
201600057697;1;10;0;13;0;1;1;A01
201600057698;0;2;0;0;2;1;1;A01
201600057698;0;7;0;0;0;2;15;B02
201600057699;2;7;0;0;2;2;15;A01
201600057699;1;2;0;0;2;1;1;B02
201600057700;2;33;0;0;2;1;1;B02
201600057700;1;7;0;0;2;7;15;A01
201600057701;0;7;0;0;2;3;13;A01
201600057701;0;7;0;0;2;2;21;C03
201600057701;0;10;0;0;2;8;21;B02
201600057702;0;7;0;8;0;2;13;A01
201600057703;1;2;0;0;2;1;21;B02
201600057703;1;7;0;0;0;6;23;A01
201600057704;2;7;0;8;0;1;14;A01
201600057705;0;31;0;0;1;1;1;A01
201600057706;0;31;0;0;0;6;0;A01
201600057707;0;7;0;0;2;8;23;A01
201600057707;1;34;0;1;0;1;1;B02
201600057708;2;33;0;13;0;8;1;A01
201600057709;1;32;0;0;2;1;1;B02
201600057709;2;30;0;0;2;7;15;A01
201600057710;1;7;0;8;0;1;17;A01
201600057711;1;7;0;0;2;1;13;A01
201600057711;2;7;0;0;2;1;0;B02
201600057712;1;7;0;0;2;1;1;A01
201600057712;2;7;0;0;2;1;13;B02
201600057713;0;7;0;6;0;1;1;A01
201600057714;1;7;0;13;0;9;13;A01
201600057715;0;34;0;14;0;1;1;A01
201600057716;2;14;0;0;2;3;1;A01
201600057716;1;31;0;0;2;1;1;B02
201600057717;1;30;0;0;2;8;1;B02
201600057717;2;7;0;0;2;8;1;A01
201600057718;1;7;0;0;2;1;1;A01
201600057718;2;7;0;0;2;1;13;B02
201600057719;1;7;0;13;0;8;1;A01
201600057720;0;33;0;16;0;8;1;A01
201600057721;0;7;0;0;0;3;19;A01
201600057721;0;33;0;0;0;1;5;B02
201600057722;1;7;0;0;2;3;13;A01
201600057722;2;7;0;0;2;3;1;B02
201600057723;0;7;0;0;2;2;1;A01
201600057723;0;30;0;0;2;3;9;B02
201600057724;0;7;0;0;2;2;1;A01
201600057724;0;30;0;0;2;4;15;B02
201600057725;2;7;0;0;1;1;1;A01
201600057726;0;33;0;0;2;8;1;A01
201600057726;0;7;0;0;2;8;13;B02
201600057727;2;7;0;0;0;0;0;A01
201600057727;2;1;0;0;2;4;11;B02
201600057728;1;7;0;0;2;2;1;A01
201600057728;1;1;0;0;2;4;1;B02
201600057729;1;7;0;0;1;2;1;A01
201600057730;1;31;0;0;1;1;3;A01
201600057731;2;7;0;2;0;1;1;A01
201600057732;2;7;0;0;2;1;15;A01
201600057732;1;7;0;0;2;3;1;B02
201600057733;2;7;0;2;0;9;13;A01
201600057734;0;10;0;0;2;3;1;B02
201600057734;1;7;0;0;2;3;17;A01
201600057735;1;30;0;12;0;2;1;A01
201600057736;2;30;0;0;0;2;17;B02
201600057736;0;7;0;0;0;3;19;A01
201600057737;2;7;0;0;9;5;2;A01
201600057737;2;1;0;0;2;4;2;B02
201600057738;2;7;0;0;1;1;1;A01
201600057739;2;2;0;0;1;0;1;A01
201600057740;0;7;0;0;0;0;0;A01
201600057740;0;1;0;0;2;1;1;B02
201600057741;0;10;0;0;1;2;1;A01
201600057742;2;30;0;0;2;1;1;B02
201600057742;2;7;0;1;0;3;9;A01
201600057743;1;30;0;0;2;4;24;B02
201600057743;1;30;0;1;0;1;13;A01
201600057744;1;7;0;0;2;2;17;A01
201600057744;1;7;0;0;2;8;15;B02
201600057745;1;7;0;13;0;9;13;A01
201600057746;1;7;0;0;2;3;13;A01
201600057746;2;7;0;0;2;3;1;B02
201600057747;1;7;0;1;0;1;1;A01
201600057748;0;7;0;0;0;9;1;A01
201600057749;1;30;0;0;0;0;0;A01
201600057750;0;7;0;0;2;2;14;A01
201600057750;0;1;0;0;0;3;0;B02
201600057751;2;33;0;0;2;1;1;A01
201600057751;0;7;0;0;2;2;16;B02
201600057752;2;38;0;0;2;2;21;A01
201600057752;1;33;0;0;2;8;21;B02
201600057753;2;10;0;0;1;3;1;A01
201600057754;1;33;0;0;2;1;1;B02
201600057754;1;7;0;0;2;3;15;A01
201600057755;1;99;0;0;0;4;15;B02
201600057755;1;33;0;0;2;1;17;A01
201600057756;1;7;0;0;2;1;1;A01
201600057756;1;2;0;0;2;7;1;B02
201600057757;1;31;0;0;2;1;1;A01
201600057757;1;1;0;0;2;4;15;B02
201600057758;1;7;0;0;2;1;1;A01
201600057758;2;7;0;0;2;5;1;B02
201600057759;1;7;0;0;2;7;13;A01
201600057759;2;7;0;0;2;1;1;B02
201600057760;0;7;0;0;1;2;2;A01
201600057761;2;31;0;6;0;1;1;A01
201600057762;1;7;0;0;2;0;0;A01
201600057762;1;1;0;0;2;8;15;B02
201600057763;2;7;0;0;2;3;1;A01
201600057763;1;7;0;0;2;3;1;B02
201600057764;1;7;0;0;2;2;17;B02
201600057764;1;7;0;0;2;6;15;A01
201600057765;0;1;0;0;0;4;1;A01
201600057765;0;7;0;0;2;2;2;B02
201600057766;0;7;0;0;0;3;19;A01
201600057766;0;7;0;0;0;2;15;B02
201600057767;0;1;0;0;2;1;10;B02
201600057767;0;7;0;0;2;3;1;A01
201600057768;0;7;0;0;2;7;15;A01
201600057768;0;7;0;0;2;2;1;B02
201600057769;0;7;0;0;2;2;1;B02
201600057769;0;30;0;0;2;7;13;A01
201600057770;2;30;0;0;2;2;1;B02
201600057770;2;7;0;0;2;3;1;A01
201600057771;2;10;0;0;1;3;1;A01
201600057772;1;7;0;0;2;1;13;A01
201600057772;2;7;0;0;2;1;1;B02
201600057773;1;7;0;0;2;2;2;A01
201600057773;1;30;0;0;2;4;14;B02
201600057774;2;10;0;2;0;1;14;A01
201600057775;1;7;0;0;0;9;13;A01
201600057776;0;7;0;0;1;1;13;A01
201600057777;1;7;0;2;0;9;1;A01
201600057778;0;1;0;13;0;1;1;A01
201600057779;2;7;0;0;2;2;13;A01
201600057779;1;17;0;0;2;2;1;B02
201600057780;1;7;0;0;2;1;1;B02
201600057780;2;7;0;0;2;7;13;A01
201600057781;0;36;0;15;0;1;5;A01
201600057782;0;7;0;0;2;2;1;A01
201600057782;0;7;0;0;2;8;1;B02
201600057783;0;7;0;0;1;3;1;A01
201600057784;2;7;0;2;0;1;1;A01
201600057785;1;2;0;0;2;8;1;B02
201600057785;2;7;0;0;2;3;13;A01
201600057786;2;7;0;3;0;9;1;A01
201600057787;2;38;10;16;0;2;1;A01
201600057788;1;30;0;0;1;1;1;A01
201600057789;0;1;0;0;0;2;1;B02
201600057789;0;10;0;0;0;1;1;A01
201600057790;1;38;0;0;0;4;23;A01
201600057790;1;10;0;0;2;1;1;B02
201600057791;1;7;0;0;2;4;16;B02
201600057791;1;30;0;0;2;1;1;A01
201600057792;0;7;0;0;2;1;1;A01
201600057792;0;1;0;0;0;8;19;B02
201600057793;0;1;0;0;2;1;15;A01
201600057793;0;7;0;0;2;1;1;B02
201600057794;1;2;0;0;2;8;21;A01
201600057794;2;7;0;0;2;1;1;B02
201600057795;1;7;0;0;2;7;1;A01
201600057795;0;30;0;0;2;1;19;B02
201600057796;2;7;0;0;1;3;1;A01
201600057797;2;7;0;15;1;1;14;A01
201600057798;0;30;0;5;0;2;1;A01
201600057799;0;7;0;8;0;2;1;A01
201600057800;1;7;0;0;1;3;21;A01
201600057801;0;7;0;0;2;3;15;A01
201600057801;0;30;0;0;2;1;17;B02
201600057802;0;32;0;0;0;3;14;B02
201600057802;0;7;0;0;0;5;2;A01
201600057803;2;7;0;10;0;3;13;A01
201600057804;1;7;0;0;1;2;1;A01
201600057805;0;7;0;0;1;2;1;A01
201600057806;0;33;0;0;2;1;17;A01
201600057806;0;7;0;0;0;3;15;B02
201600057807;1;7;0;0;1;2;1;A01
201600057808;0;13;0;0;0;3;1;A01
201600057808;0;30;0;0;0;1;17;B02
201600057809;1;7;0;0;1;2;1;A01
201600057810;1;7;0;0;2;2;1;A01
201600057810;2;30;0;0;0;1;5;B02
201600057811;2;7;0;1;0;1;14;A01
201600057811;0;17;0;0;2;7;23;B02
201600057812;1;7;0;0;1;3;5;A01
201600057813;2;1;0;0;2;4;13;A01
201600057813;2;7;0;0;2;1;1;B02
201600057814;0;10;0;0;0;1;1;A01
201600057815;1;7;0;0;2;3;17;B02
201600057815;2;7;0;0;2;3;1;C03
201600057815;1;7;0;3;0;3;2;A01
201600057816;2;14;0;0;2;3;1;B02
201600057816;1;14;0;0;2;3;1;A01
201600057817;2;30;0;13;0;1;1;A01
201600057818;1;7;0;0;0;0;0;A01
201600057819;1;30;0;0;0;9;1;A01
201600057820;1;14;0;0;0;4;23;C03
201600057820;1;7;0;1;0;7;1;A01
201600057820;1;10;0;0;0;4;23;B02
201600057821;0;31;0;0;2;1;1;B02
201600057821;0;7;0;0;2;7;19;A01
201600057822;0;7;0;0;1;1;1;A01
201600057823;0;30;0;0;2;1;5;B02
201600057823;0;30;0;0;2;1;5;A01
201600057824;1;7;0;6;0;3;0;A01
201600057825;1;7;0;0;2;1;2;C03
201600057825;1;7;0;0;2;4;2;B02
201600057825;1;7;0;0;2;1;2;A01
201600057825;1;17;0;0;2;4;2;D04
201600057826;0;7;0;0;2;3;1;A01
201600057826;0;34;0;0;0;3;1;B02
201600057827;0;10;0;0;1;1;1;A01
201600057828;0;33;0;0;2;4;21;B02
201600057828;0;7;0;0;2;2;2;A01
201600057829;0;30;0;0;0;0;0;A01
201600057830;0;10;0;0;0;6;23;B02
201600057830;0;30;0;0;0;1;0;A01
201600057831;1;7;0;0;1;2;1;A01
201600057832;0;1;0;16;0;0;1;A01
201600057833;1;10;0;0;2;1;1;B02
201600057833;1;30;0;0;2;3;1;A01
201600057834;0;7;0;0;1;6;1;A01
201600057835;0;7;0;0;2;3;15;A01
201600057835;0;33;0;0;2;1;1;B02
201600057836;0;7;0;0;1;3;1;A01
201600057837;0;10;0;0;1;3;1;A01
201600057838;1;7;0;0;1;7;1;A01
201600057839;2;10;0;0;2;3;1;C03
201600057839;1;10;0;0;2;1;13;B02
201600057839;2;7;0;0;2;2;1;A01
201600057840;0;33;0;0;2;1;17;A01
201600057840;0;7;0;0;0;6;17;B02
201600057841;1;7;0;0;1;3;1;A01
201600057842;0;2;0;0;2;3;0;B02
201600057842;0;7;0;0;2;2;2;A01
201600057843;2;7;0;0;2;2;19;A01
201600057843;2;99;0;0;2;8;1;B02
201600057844;0;33;0;12;0;1;6;A01
201600057845;2;7;0;0;0;9;1;A01
201600057846;0;7;0;0;2;8;15;B02
201600057846;0;33;0;0;2;1;11;A01
201600057847;2;30;0;3;0;1;1;A01
201600057848;1;33;0;0;0;0;1;A01
201600057849;1;7;0;0;2;1;2;A01
201600057849;1;7;0;0;2;4;2;B02
201600057850;2;15;0;0;2;2;21;A01
201600057850;2;7;0;0;2;3;13;B02
201600057851;2;7;0;0;2;3;11;B02
201600057851;1;33;0;0;2;3;1;A01
201600057852;2;7;0;8;0;1;1;A01
201600057853;2;33;0;0;2;4;17;A01
201600057853;2;7;0;0;2;1;1;B02
201600057854;2;7;0;0;2;1;1;B02
201600057854;1;7;0;0;2;1;13;A01
201600057855;2;1;0;0;1;1;1;A01
201600057856;2;30;0;6;0;2;14;A01
201600057857;2;33;0;4;0;2;21;A01
201600057858;0;7;0;0;2;3;19;A01
201600057858;0;36;0;0;2;3;21;B02
201600057859;2;10;0;0;2;1;1;A01
201600057859;1;7;0;0;2;1;1;B02
201600057860;2;7;0;0;2;4;2;B02
201600057860;2;7;0;3;2;1;2;A01
201600057861;0;30;0;0;2;1;1;B02
201600057861;1;7;0;0;2;5;15;A01
201600057862;2;7;0;4;0;2;21;A01
201600057863;0;33;0;0;2;7;1;A01
201600057863;0;7;0;0;2;8;15;B02
201600057864;1;7;0;0;0;7;2;A01
201600057864;1;30;0;0;0;3;3;B02
201600057865;1;33;0;0;2;1;1;A01
201600057865;2;7;0;0;2;7;15;B02
201600057866;2;31;0;0;2;1;1;B02
201600057866;2;7;0;0;2;6;10;A01
201600057867;0;10;0;0;2;1;1;A01
201600057867;0;2;0;0;2;7;15;B02
201600057868;0;31;0;0;2;1;3;A01
201600057868;0;7;0;0;2;4;1;B02
201600057868;0;7;0;0;2;3;9;C03
201600057869;2;7;0;0;2;3;1;A01
201600057869;1;7;0;0;2;1;1;B02
201600057869;2;7;0;0;2;1;13;C03
201600057870;0;7;0;0;2;1;21;B02
201600057870;0;2;0;0;2;1;1;A01
201600057871;0;30;0;0;0;0;1;A01
201600057872;0;7;0;0;1;1;7;A01
201600057873;0;30;0;0;0;1;1;A01
201600057874;1;7;0;0;2;2;12;A01
201600057874;1;33;0;0;2;3;18;B02
201600057875;1;7;0;0;1;1;17;A01
201600057876;0;33;0;0;1;1;1;A01
201600057877;0;7;0;0;2;1;1;A01
201600057877;0;1;0;0;2;4;19;B02
201600057878;0;30;0;0;0;0;1;A01
201600057879;2;30;0;0;0;0;1;A01
201600057880;0;33;0;0;2;1;1;B02
201600057880;0;7;0;0;2;2;15;A01
201600057881;0;33;0;8;0;1;1;A01
201600057882;0;14;0;12;0;8;1;A01
201600057883;0;7;0;0;1;2;1;A01
201600057884;0;7;0;0;2;1;13;A01
201600057884;0;7;0;0;2;1;1;B02
201600057885;2;33;0;0;0;7;1;A01
201600057886;1;31;0;2;0;1;1;A01
201600057887;0;10;0;0;1;2;20;A01
201600057888;0;10;0;0;9;3;0;A01
201600057888;0;99;0;0;2;1;0;B02
201600057889;1;7;0;0;1;3;1;A01
201600057890;2;7;0;0;2;3;1;B02
201600057890;1;3;0;0;2;3;1;A01
201600057891;1;33;0;0;1;1;2;A01
201600057892;1;7;0;0;0;4;23;C03
201600057892;1;7;0;0;0;5;23;B02
201600057892;1;7;0;0;2;3;1;A01
201600057893;0;33;0;0;2;1;17;A01
201600057893;0;7;0;0;2;8;15;B02
201600057894;1;7;0;0;2;1;6;B02
201600057894;1;33;0;0;2;1;1;A01
201600057895;1;7;0;0;2;1;13;B02
201600057895;2;7;0;0;2;1;1;A01
201600057896;2;7;0;0;2;1;21;A01
201600057896;1;7;0;0;2;1;5;B02
201600057897;0;10;0;0;2;2;1;B02
201600057897;0;31;0;0;2;1;13;A01
201600057897;0;10;0;0;2;6;1;C03
201600057898;1;7;0;0;1;2;1;A01
201600057899;2;7;0;0;0;3;1;A01
201600057900;1;7;0;0;1;1;1;A01
201600057901;1;7;0;0;1;2;1;A01
201600057902;1;7;0;0;2;2;17;A01
201600057902;1;2;0;0;2;8;15;B02
201600057903;0;31;0;15;0;1;1;A01
201600057904;1;7;0;0;9;2;15;A01
201600057904;2;1;0;0;2;1;1;B02
201600057905;2;7;0;0;9;7;20;A01
201600057905;2;1;0;0;2;3;1;B02
201600057905;2;1;0;0;2;1;1;C03
201600057906;0;7;0;16;0;2;14;A01
201600057907;2;7;0;13;0;2;1;A01
201600057908;2;10;0;0;2;1;13;A01
201600057908;1;38;0;0;2;3;21;B02
201600057909;0;33;0;0;2;1;1;A01
201600057909;0;38;0;0;0;8;15;B02
201600057910;0;37;0;0;1;2;1;A01
201600057911;2;7;0;0;2;3;13;A01
201600057911;1;38;0;0;2;3;1;B02
201600057912;1;1;0;0;2;1;13;A01
201600057912;2;37;0;0;2;3;1;B02
201600057913;1;7;0;0;2;3;15;A01
201600057913;2;30;0;0;2;1;1;B02
201600057914;0;33;0;0;0;1;1;A01
201600057914;0;7;0;0;0;8;1;B02
201600057915;0;7;0;0;2;1;1;B02
201600057915;0;7;0;0;2;1;1;C03
201600057915;0;7;0;0;2;1;13;A01
201600057916;1;30;0;10;0;7;1;A01
201600057917;0;7;0;0;1;2;1;A01
201600057918;2;30;0;15;0;1;1;A01
201600057919;2;7;0;4;2;1;13;A01
201600057919;1;7;0;0;2;3;1;B02
201600057920;2;30;0;0;2;1;1;A01
201600057920;2;7;0;0;0;4;1;B02
201600057921;2;7;0;0;2;5;0;A01
201600057921;1;10;0;0;2;1;1;B02
201600057922;2;10;0;0;2;1;15;A01
201600057922;1;33;0;0;2;1;1;B02
201600057923;0;33;0;16;0;8;1;A01
201600057924;0;30;0;0;0;1;1;A01
201600057925;0;10;0;0;1;3;15;A01
201600057926;2;10;0;1;0;3;1;A01
201600057927;1;7;0;0;1;7;1;A01
201600057928;0;7;0;0;0;5;15;B02
201600057928;0;1;0;0;2;1;1;A01
201600057929;0;30;0;0;2;1;1;B02
201600057929;0;7;0;0;2;2;15;A01
201600057930;0;7;0;0;1;1;1;A01
201600057931;1;7;0;0;1;2;1;A01
201600057932;0;7;0;0;1;3;1;A01
201600057933;1;7;0;0;2;1;1;C03
201600057933;2;7;0;0;2;1;1;B02
201600057933;1;7;0;0;2;1;17;A01
201600057934;0;31;0;0;2;0;21;A01
201600057934;0;7;0;0;2;0;15;B02
201600057935;0;7;0;0;1;2;1;A01
201600057936;0;7;0;0;0;4;2;A01
201600057936;0;33;0;0;2;1;2;B02
201600057937;0;7;0;9;0;1;1;A01
201600057938;2;7;0;0;2;5;1;A01
201600057938;1;10;0;0;2;2;1;B02
201600057939;0;7;0;0;0;7;15;A01
201600057939;0;2;0;0;2;1;1;B02
201600057940;1;7;0;0;2;0;1;A01
201600057940;2;13;0;0;2;3;1;B02
201600057941;2;7;0;0;1;3;1;A01
201600057942;0;10;0;0;1;7;1;A01
201600057943;2;7;0;0;0;3;18;A01
201600057943;2;30;0;0;2;1;1;B02
201600057944;1;2;0;0;2;1;3;A01
201600057944;1;7;0;0;2;3;1;B02
201600057945;1;1;0;0;2;1;1;A01
201600057945;2;7;0;0;9;3;21;B02
201600057946;1;7;0;0;2;1;17;A01
201600057946;2;32;0;0;2;1;1;B02
201600057947;2;7;0;0;2;3;16;A01
201600057947;2;31;0;0;2;1;1;B02
201600057948;2;7;0;0;1;1;1;A01
201600057949;1;34;0;0;1;2;1;A01
201600057950;1;14;0;0;1;0;1;A01
201600057951;2;7;0;0;0;0;23;A01
201600057951;2;33;0;0;2;0;21;B02
201600057952;0;30;0;0;2;1;1;A01