Num_Acc;senc;catv;occutc;obs;obsm;choc;manv;num_veh
201600057952;0;30;0;0;2;1;1;B02
201600057953;2;7;0;0;2;2;1;A01
201600057953;1;1;0;0;2;1;0;B02
201600057954;2;7;0;0;1;1;1;A01
201600057955;2;7;0;0;2;7;16;A01
201600057955;2;30;0;0;2;1;14;B02
201600057956;1;30;0;0;1;1;1;A01
201600057957;1;14;0;0;0;1;1;A01
201600057958;1;7;0;0;2;1;0;A01
201600057958;2;7;0;0;9;8;23;B02
201600057958;1;1;0;1;0;1;5;C03
201600057959;0;7;0;0;1;5;1;A01
201600057960;2;10;0;0;0;1;23;A01
201600057960;1;1;0;0;0;1;0;B02
201600057961;2;7;0;0;2;6;15;A01
201600057961;2;33;0;0;2;1;17;B02
201600057962;1;7;0;0;1;5;0;A01
201600057963;1;99;0;6;0;1;0;A01
201600057964;0;31;0;0;2;3;1;A01
201600057964;0;7;0;0;2;3;11;B02
201600057965;0;7;0;0;1;1;1;A01
201600057966;1;7;0;0;2;2;1;A01
201600057966;1;7;0;0;2;2;1;B02
201600057967;0;30;0;2;0;8;2;A01
201600057968;0;31;0;0;0;1;0;A01
201600057969;0;7;0;0;2;2;0;A01
201600057969;0;32;0;0;2;1;0;B02
201600057970;2;7;0;0;2;1;2;A01
201600057971;0;33;0;0;0;0;0;A01
201600057972;1;7;0;0;2;1;2;A01
201600057972;1;3;0;0;2;1;2;B02
201600057973;1;33;0;0;2;1;2;B02
201600057973;1;7;0;0;0;6;1;A01
201600057974;2;7;0;0;2;3;10;A01
201600057974;2;34;0;0;2;2;2;B02
201600057975;1;7;0;0;9;2;1;A01
201600057975;1;1;0;0;2;0;2;B02
201600057976;0;7;0;0;2;3;1;B02
201600057976;0;7;0;0;2;3;13;A01
201600057977;2;30;0;0;2;7;13;B02
201600057977;1;7;0;0;2;2;1;A01
201600057978;1;7;0;0;2;4;2;A01
201600057978;1;7;0;0;2;1;2;B02
201600057979;0;99;0;0;2;0;5;A01
201600057979;0;7;0;0;2;2;1;B02
201600057980;0;30;0;14;0;1;2;A01
201600057981;1;14;0;0;2;0;16;A01
201600057981;1;31;0;0;2;0;18;B02
201600057982;1;31;0;0;1;1;13;A01
201600057983;0;7;0;0;2;2;15;B02
201600057983;0;33;0;0;2;1;1;A01
201600057984;1;7;0;0;2;4;2;A01
201600057984;1;31;0;0;2;1;2;B02
201600057985;2;10;0;0;2;2;1;A01
201600057985;2;30;0;0;2;1;9;B02
201600057986;1;10;0;0;2;3;1;A01
201600057986;2;2;0;0;2;1;6;B02
201600057987;1;37;1;0;2;8;0;A01
201600057987;2;7;0;0;2;8;0;B02
201600057988;1;1;0;15;0;8;21;A01
201600057988;2;10;0;0;0;7;0;B02
201600057989;2;7;0;1;1;1;0;A01
201600057990;1;7;0;0;0;4;1;A01
201600057990;1;32;0;0;2;1;1;B02
201600057991;1;7;0;0;2;1;1;A01
201600057991;2;30;0;0;2;1;1;B02
201600057992;1;7;0;0;2;3;13;A01
201600057992;2;10;0;0;2;3;13;B02
201600057993;0;33;0;0;2;5;17;A01
201600057993;0;7;0;0;2;3;15;B02
201600057994;0;1;0;0;2;3;1;B02
201600057994;0;7;0;0;9;2;16;A01
201600057995;2;31;0;0;2;1;1;A01
201600057996;1;33;0;0;2;1;17;A01
201600057996;1;7;0;0;2;6;15;B02
201600057997;0;99;0;0;2;5;15;A01
201600057997;0;30;0;0;2;1;0;B02
201600057998;0;7;0;6;0;1;1;A01
201600057999;0;30;0;0;2;1;1;A01
201600057999;0;7;0;0;2;1;5;B02
201600058000;0;14;0;0;2;1;2;B02
201600058000;0;7;0;0;2;1;1;A01
201600058001;2;33;0;0;2;1;1;A01
201600058001;2;7;0;0;0;4;11;B02
201600058002;1;30;0;0;2;1;1;B02
201600058002;0;14;0;0;2;3;5;A01
201600058003;0;7;0;0;2;8;1;B02
201600058003;0;30;0;0;2;1;19;A01
201600058004;2;7;0;0;0;1;1;A01
201600058004;2;30;0;0;0;7;15;B02
201600058005;2;7;0;0;0;3;1;B02
201600058005;2;30;0;0;0;3;17;A01
201600058006;1;2;0;0;2;1;1;B02
201600058006;1;7;0;0;0;8;15;A01
201600058007;0;7;0;0;2;7;1;A01
201600058007;0;7;0;0;2;1;19;B02
201600058008;0;7;0;0;1;8;16;A01
201600058009;0;30;0;0;2;1;1;B02
201600058009;0;7;0;0;2;7;16;A01
201600058010;2;7;0;0;9;1;1;A01
201600058010;2;1;0;0;2;1;5;B02
201600058011;0;7;0;0;2;6;2;A01
201600058011;0;31;0;0;2;1;2;B02
201600058012;0;7;0;0;2;7;15;A01
201600058012;0;30;0;0;2;1;1;B02
201600058013;2;30;0;0;0;1;0;A01
201600058014;1;32;0;13;0;1;1;A01
201600058015;0;7;0;0;2;4;1;A01
201600058015;0;13;0;0;2;2;1;B02
201600058016;2;7;0;0;2;3;15;B02
201600058016;2;33;0;0;2;1;17;A01
201600058017;0;1;0;0;2;1;18;A01
201600058018;0;30;0;0;2;1;1;B02
201600058018;0;7;0;0;2;1;15;A01
201600058019;0;10;0;13;0;1;1;A01
201600058020;0;7;0;0;1;1;1;A01
201600058021;0;10;0;2;0;3;0;A01
201600058022;2;33;0;0;2;1;0;B02
201600058022;1;30;0;0;2;1;0;A01
201600058023;2;7;0;0;1;2;1;A01
201600058023;2;7;0;0;1;1;1;B02
201600058024;2;7;0;0;2;1;13;A01
201600058024;1;14;0;0;2;1;14;B02
201600058025;1;7;0;14;1;1;1;A01
201600058025;1;7;0;14;0;2;1;B02
201600058026;2;10;0;0;2;3;9;B02
201600058026;1;33;0;0;2;1;1;A01
201600058027;1;2;0;6;0;1;19;A01
201600058028;2;34;0;0;2;1;17;B02
201600058028;2;7;0;0;2;8;15;A01
201600058029;1;7;0;4;0;3;17;A01
201600058030;2;7;0;0;0;4;23;A01
201600058030;2;7;0;0;0;9;1;C03
201600058030;2;7;0;1;1;1;1;B02
201600058031;2;33;0;13;0;1;1;A01
201600058032;2;7;0;6;0;1;13;A01
201600058033;1;33;0;0;2;1;1;A01
201600058033;2;7;0;0;2;2;15;B02
201600058034;0;7;0;13;0;2;14;A01
201600058035;0;14;0;0;2;5;0;A01
201600058035;0;33;0;0;2;1;0;B02
201600058036;2;1;0;0;2;4;2;A01
201600058036;2;1;0;0;2;4;2;B02
201600058036;2;7;0;0;9;2;2;C03
201600058037;1;30;0;12;0;1;0;A01
201600058038;0;7;0;15;1;2;15;A01
201600058039;0;7;0;1;1;3;1;A01
201600058040;2;30;0;0;2;0;1;A01
201600058041;0;7;0;0;0;2;1;A01
201600058041;0;30;0;0;2;1;11;B01
201600058042;0;7;0;0;9;3;15;A01
201600058042;0;30;0;0;2;1;2;B02
201600058043;0;7;0;0;9;5;15;A01
201600058043;0;30;0;0;2;1;1;B02
201600058044;0;10;0;0;2;2;15;A01
201600058044;0;30;0;0;2;1;1;B02
201600058045;2;7;0;0;1;2;1;A01
201600058046;0;7;0;0;1;3;19;A01
201600058047;2;7;0;0;0;7;1;A01
201600058047;0;99;0;0;0;1;15;B02
201600058048;0;30;0;0;1;1;1;A01
201600058049;2;7;0;8;0;9;0;A01
201600058050;2;7;0;0;2;1;17;B02
201600058050;1;7;0;0;2;3;1;A01
201600058051;1;7;0;0;0;5;1;A01
201600058051;1;30;0;0;2;1;2;B02
201600058052;1;7;0;0;2;2;1;B02
201600058052;1;1;0;0;2;6;1;A01
201600058053;0;33;0;0;6;1;1;A01
201600058054;2;7;0;0;2;7;2;A01
201600058054;2;30;0;1;2;8;2;B02
201600058055;0;7;0;8;0;1;1;A01
201600058056;0;7;0;0;1;3;1;A01
201600058057;0;14;0;0;1;3;13;A01
201600058058;0;7;0;0;0;1;0;A01
201600058059;0;7;0;0;2;3;15;A01
201600058059;0;30;0;0;2;1;1;B02
201600058060;0;2;0;0;2;1;5;B02
201600058060;0;7;0;0;2;7;1;A01
201600058061;1;7;0;0;0;8;9;A01
201600058061;0;2;0;0;2;1;1;B02
201600058062;1;7;0;0;2;6;19;B02
201600058062;1;33;0;0;2;1;1;A01
201600058063;1;34;0;0;2;8;1;A01
201600058064;2;7;0;0;2;1;1;C03
201600058064;2;7;0;0;2;8;13;A01
201600058064;1;7;0;0;2;7;1;B02
201600058065;0;7;0;0;1;3;0;A01
201600058066;0;7;0;6;0;2;1;A01
201600058067;1;7;0;0;2;8;1;C03
201600058067;2;7;0;0;0;6;23;A01
201600058067;2;30;0;1;2;2;6;B02
201600058068;0;30;0;0;2;1;1;B02
201600058068;0;7;0;0;2;2;15;A01
201600058069;0;30;0;0;2;1;0;A01
201600058069;0;7;0;0;2;7;1;B02
201600058070;0;34;0;0;2;1;5;A01
201600058070;0;7;0;0;2;1;1;B02
201600058071;0;31;0;0;2;1;0;A01
201600058071;0;10;0;0;2;4;1;B02
201600058072;0;1;0;0;2;1;1;B02
201600058072;0;7;0;0;2;7;15;A01
201600058073;0;33;0;0;2;0;1;A01
201600058074;1;7;0;0;2;2;19;B02
201600058074;0;2;0;0;2;1;1;A01
201600058075;0;30;0;0;2;1;2;A01
201600058075;0;7;0;0;0;4;16;B02
201600058076;2;7;0;2;0;1;1;A01
201600058077;1;7;0;0;2;3;1;A01
201600058077;2;30;0;0;2;1;21;B02
201600058078;0;14;0;8;0;1;1;A01
201600058079;2;30;0;8;0;6;0;A01
201600058080;0;33;0;0;2;4;16;B02
201600058080;0;7;0;0;2;1;1;A01
201600058081;0;30;0;8;0;1;0;A01
201600058082;0;33;0;15;0;1;1;A01
201600058083;1;38;0;0;2;5;1;B02
201600058083;1;30;0;0;2;3;13;A01
201600058084;1;31;0;4;0;1;5;A01
201600058085;0;31;0;0;2;1;15;B02
201600058085;0;10;0;0;0;3;1;A01
201600058086;0;7;0;0;2;5;16;A01
201600058086;0;33;0;0;2;1;18;B02
201600058087;2;31;0;0;2;3;13;A01
201600058087;2;7;0;0;2;3;1;B02
201600058088;0;7;0;0;0;0;0;A01
201600058089;2;10;0;0;2;4;1;A01
201600058089;2;14;0;0;2;1;2;B02
201600058090;1;31;0;0;2;1;2;A01
201600058090;1;7;0;0;0;5;23;B02
201600058091;0;7;0;0;2;4;21;A01
201600058091;0;7;0;0;2;1;1;B02
201600058092;1;33;0;0;0;8;17;A01
201600058093;2;7;0;0;2;3;9;C03
201600058093;2;7;0;0;2;5;1;A01
201600058093;2;7;0;0;2;4;17;B02
201600058094;2;30;0;0;0;2;13;B02
201600058094;1;14;0;0;0;3;1;A01
201600058095;0;2;0;0;0;8;15;A01
201600058096;0;7;0;0;2;1;13;B02
201600058096;0;7;0;0;2;8;1;A01
201600058097;0;7;0;0;0;1;2;A01
201600058097;0;14;0;0;0;4;2;B02
201600058098;0;7;0;0;2;4;1;A01
201600058098;0;33;0;0;2;1;1;B02
201600058099;2;30;0;8;0;1;1;A01
201600058100;1;7;0;0;2;1;1;A01
201600058100;1;2;0;0;0;4;1;B02
201600058101;0;37;0;0;0;0;1;A01
201600058102;0;30;0;0;2;1;13;A01
201600058102;0;7;0;0;2;1;1;B02
201600058103;0;30;0;0;2;0;24;D04
201600058103;0;30;0;0;2;0;24;B02
201600058103;0;30;0;0;2;0;24;C03
201600058103;0;7;0;1;0;1;1;A01
201600058104;0;7;0;0;2;3;13;A01
201600058104;0;33;0;0;2;6;1;B02
201600058105;0;7;0;0;0;4;1;A01
201600058105;0;7;0;0;2;1;1;B02
201600058106;2;30;0;0;2;1;1;A01
201600058106;1;7;0;0;2;1;5;B02
201600058107;1;30;0;0;2;1;1;A01
201600058107;2;7;0;0;2;3;1;B02
201600058108;0;7;0;0;1;2;1;A01
201600058109;1;7;0;0;0;1;1;A01
201600058109;2;99;0;1;0;1;1;B02
201600058110;1;30;0;0;2;8;10;A01
201600058110;1;7;0;0;2;2;1;B02
201600058111;0;7;0;0;2;3;16;A01
201600058111;0;7;0;0;2;2;1;B02
201600058112;1;7;0;0;2;3;0;A01
201600058112;2;7;0;0;2;3;1;B02
201600058113;1;32;0;0;1;1;1;A01
201600058114;1;7;0;0;0;9;1;A01
201600058115;2;7;0;0;2;2;1;B02
201600058115;1;31;0;0;2;1;5;A01
201600058116;2;7;0;11;0;1;13;A01
201600058117;1;30;0;0;2;0;2;A01
201600058118;2;7;0;0;2;2;1;A01
201600058118;1;7;0;0;2;3;15;B02
201600058119;1;33;0;1;0;1;21;A01
201600058120;1;7;0;0;2;3;1;B02
201600058120;2;33;0;0;2;3;13;A01
201600058121;2;7;0;0;2;3;9;A01
201600058121;2;7;0;0;2;2;1;B02
201600058122;1;7;0;0;2;1;13;B02
201600058122;2;7;0;0;2;1;1;A01
201600058123;2;7;0;0;2;1;21;B02
201600058123;1;7;0;0;2;8;0;A01
201600058124;1;30;0;0;0;0;0;A01
201600058124;2;31;0;0;0;0;0;B02
201600058125;0;32;0;0;2;1;1;B02
201600058125;0;2;0;0;2;1;5;A01
201600058126;2;34;0;0;2;1;13;A01
201600058126;1;7;0;0;2;1;1;B02
201600058127;1;7;0;8;0;1;13;A01
201600058128;2;7;0;0;2;1;1;A01
201600058128;1;7;0;0;2;1;17;B02
201600058129;2;7;0;0;2;1;13;B02
201600058129;1;7;0;0;2;1;1;A01
201600058130;0;30;0;0;2;1;19;C03
201600058130;0;34;0;0;2;7;1;A01
201600058130;0;31;0;0;2;1;19;B02
201600058131;1;7;0;0;1;1;1;A01
201600058132;1;7;0;0;2;1;13;A01
201600058132;2;7;0;0;2;8;1;B02
201600058133;1;30;0;0;2;1;1;A01
201600058133;2;7;0;0;2;2;1;B02
201600058134;1;7;0;1;0;2;14;A01
201600058135;2;7;0;0;1;1;1;A01
201600058136;1;7;0;0;2;8;13;A01
201600058136;1;38;1;0;2;8;1;C03
201600058136;2;7;0;0;2;8;1;B02
201600058137;2;1;0;0;2;1;16;B02
201600058137;1;7;0;0;2;1;1;A01
201600058137;2;1;0;0;2;1;16;C03
201600058138;1;7;0;6;0;3;1;A01
201600058139;0;7;0;0;1;3;21;A01
201600058140;2;7;0;2;0;3;17;A01
201600058141;1;31;0;11;0;8;1;A01
201600058142;2;7;0;0;1;1;13;A01
201600058143;2;37;1;0;2;3;1;B02
201600058143;1;7;0;0;2;3;13;A01
201600058144;1;7;0;0;2;1;1;B02
201600058144;1;1;0;0;2;8;15;A01
201600058145;1;32;0;2;0;9;14;A01
201600058146;1;7;0;0;2;3;1;B02
201600058146;2;7;0;0;2;3;17;A01
201600058147;1;7;0;10;0;3;1;A01
201600058148;1;7;0;0;1;1;1;A01
201600058149;1;7;0;0;2;3;13;A01
201600058149;1;7;0;0;2;6;1;B02
201600058150;1;10;0;0;2;1;1;A01
201600058150;2;1;0;0;2;8;15;B02
201600058151;0;1;0;0;2;1;1;B02
201600058151;0;7;0;0;9;3;1;A01
201600058152;1;7;0;0;2;1;19;A01
201600058152;2;7;0;0;2;1;1;B02
201600058153;2;33;0;0;2;1;17;B02
201600058153;1;7;0;0;2;3;15;A01
201600058154;2;7;0;6;0;1;1;A01
201600058155;0;1;0;0;2;1;13;A01
201600058155;0;7;0;0;2;2;0;B02
201600058156;1;7;0;0;2;3;5;A01
201600058156;2;7;0;0;2;3;0;B02
201600058157;1;7;0;0;2;5;1;B02
201600058157;1;31;0;0;2;3;11;A01
201600058158;2;7;0;0;2;3;1;B02
201600058158;1;30;0;0;2;1;13;A01
201600058159;1;7;0;0;1;2;1;A01
201600058160;0;7;0;0;1;1;1;A01
201600058161;0;7;0;0;2;1;15;A01
201600058161;0;30;0;0;2;2;15;B02
201600058162;1;31;0;0;2;1;1;B02
201600058162;2;7;0;0;2;8;15;A01
201600058163;0;7;0;15;0;1;13;A01
201600058164;2;7;0;13;0;1;13;A01
201600058165;0;30;0;0;1;1;0;A01
201600058166;0;31;0;6;0;1;1;A01
201600058167;1;30;0;0;2;1;18;A01
201600058167;1;7;0;0;2;6;4;B01
201600058168;1;30;0;0;2;1;13;B01
201600058168;2;7;0;0;2;1;1;A01
201600058169;1;7;0;0;1;0;0;A01
201600058170;1;7;0;0;1;2;0;A01
201600058171;1;34;0;0;2;1;13;B01
201600058171;2;7;0;0;2;2;10;A01
201600058172;1;7;0;0;2;2;15;A01
201600058172;1;30;0;0;2;0;0;B01
201600058173;1;7;0;0;0;7;16;A01
201600058173;1;33;0;0;0;0;0;B01
201600058174;0;7;0;0;2;5;16;B01
201600058174;0;7;0;0;2;3;9;A01
201600058175;1;7;0;0;2;3;15;A01
201600058175;1;7;0;0;2;3;0;B01
201600058176;1;7;0;0;1;2;15;A01
201600058177;1;7;0;0;1;3;0;A01
201600058178;1;7;0;0;1;3;14;A01
201600058179;0;7;0;0;2;3;13;A01
201600058179;0;7;0;0;0;3;1;B01
201600058180;2;7;0;0;1;2;19;A01
201600058181;1;1;0;0;1;0;0;A01
201600058182;1;33;0;0;2;2;2;B01
201600058182;1;7;0;16;0;6;10;A01
201600058183;0;7;0;14;0;1;0;A01
201600058183;0;1;0;0;0;1;0;B01
201600058184;1;7;0;0;2;8;9;A01
201600058184;2;32;0;0;2;0;0;B01
201600058185;0;33;0;0;2;1;0;A01
201600058185;0;7;0;0;2;1;15;B01
201600058186;1;7;0;0;2;6;2;B01
201600058186;2;30;0;0;2;1;2;A01
201600058187;1;7;0;0;2;4;16;A01
201600058187;1;2;0;0;2;1;2;B01
201600058188;1;30;0;0;1;1;2;A01
201600058189;1;7;0;0;1;2;1;A01
201600058190;1;32;0;0;2;1;2;A01
201600058190;1;7;0;0;2;4;23;B01
201600058191;2;33;0;0;2;2;1;B01
201600058191;2;33;0;0;2;2;1;A01
201600058192;1;7;0;0;2;8;15;A01
201600058192;1;33;0;0;2;1;17;B01
201600058193;1;30;0;0;2;2;1;B01
201600058193;1;7;0;0;2;3;16;A01
201600058194;1;2;0;0;2;1;1;B01
201600058194;0;7;0;0;2;3;15;A01
201600058195;1;2;0;0;1;0;1;A01
201600058196;2;7;0;0;2;6;1;B01
201600058196;2;7;0;0;2;2;2;A01
201600058197;1;30;0;0;2;1;14;B01
201600058198;1;30;0;0;2;0;18;B01
201600058198;2;7;0;0;2;0;16;A01
201600058199;1;7;0;0;2;1;1;A01
201600058199;2;7;0;0;2;1;1;B01
201600058200;1;33;0;0;1;1;0;A01
201600058201;1;7;0;0;2;9;0;A01
201600058201;1;30;0;0;2;1;0;B01
201600058202;2;7;0;0;2;1;15;A01
201600058202;1;33;0;0;2;1;1;B01
201600058203;2;7;0;0;2;1;19;A01
201600058203;2;7;0;8;0;8;1;B01
201600058204;1;30;0;0;2;0;0;A01
201600058204;1;7;0;0;2;8;0;B01
201600058205;1;7;0;0;1;1;13;Z01
201600058206;1;30;0;1;2;1;1;A01
201600058206;1;10;0;0;2;8;15;B01
201600058207;1;7;0;0;1;1;15;A01
201600058208;1;7;0;0;2;7;15;A01
201600058208;2;33;0;0;2;1;1;B01
201600058209;1;7;0;0;0;9;2;A01
201600058210;1;7;0;6;0;1;0;A01
201600058211;0;33;0;0;2;8;15;A01
201600058211;0;30;0;0;2;1;17;Z01
201600058212;1;7;0;0;1;8;1;A01
201600058212;1;32;0;0;0;0;2;Z01
201600058213;2;7;0;1;0;1;13;A01
201600058214;1;34;0;0;1;0;1;A01
201600058215;0;7;0;0;0;5;2;A01
201600058215;0;31;0;0;2;1;2;B01
201600058216;0;7;0;0;0;0;0;A01
201600058216;0;30;0;0;0;0;0;B01
201600058217;2;7;0;0;2;1;1;C01
201600058217;1;7;0;0;2;3;13;A01
201600058217;0;7;0;0;2;3;1;B01
201600058218;1;7;0;0;1;0;1;Z01
201600058219;0;7;0;0;2;8;1;B01
201600058219;0;33;0;0;2;7;17;A01
201600058220;1;31;0;0;2;1;15;A01
201600058220;0;7;0;0;2;8;1;B01
201600058221;0;7;0;0;1;2;1;A01
201600058222;1;10;0;0;1;4;4;A01
201600058223;1;10;0;1;1;1;0;A01
201600058224;0;7;0;0;1;0;0;A01
201600058225;0;30;0;0;2;2;17;A01
201600058225;0;7;0;0;2;7;15;B01
201600058226;0;7;0;2;0;2;1;A01
201600058227;1;7;0;0;2;0;0;A01
201600058227;2;7;0;0;2;1;1;B01
201600058228;0;7;0;0;0;0;0;A01
201600058228;0;32;0;0;0;0;0;B01
201600058229;2;7;0;0;2;1;13;A01
201600058229;1;7;0;0;2;3;1;B01
201600058230;1;7;0;0;1;1;1;A01
201600058231;0;34;0;8;0;0;0;A01
201600058232;0;32;0;0;2;1;1;A01
201600058232;0;7;0;0;2;3;1;B01
201600058233;1;7;0;0;1;1;0;A01
201600058234;0;33;0;0;2;1;17;B01
201600058234;0;7;0;0;2;2;15;A01
201600058235;2;7;0;0;0;0;0;B01
201600058235;0;7;0;1;0;0;0;C01
201600058235;1;2;0;0;0;0;0;A01
201600058236;0;7;0;0;1;2;1;A01
201600058237;0;1;0;0;2;4;2;C01
201600058237;0;7;0;0;2;2;2;A01
201600058237;0;1;0;0;2;4;2;B01
201600058238;0;7;0;0;1;2;1;A01
201600058239;1;30;0;0;2;0;0;B01
201600058239;1;7;0;0;2;0;0;A01
201600058240;0;7;0;0;2;8;1;A01
201600058240;0;31;0;0;2;8;1;B01
201600058241;0;7;0;0;1;7;1;A01
201600058242;0;7;0;12;1;2;14;B01
201600058243;1;7;0;0;1;2;0;A01
201600058244;0;7;0;0;2;5;0;A01
201600058244;0;31;0;0;2;1;1;B01
201600058245;0;32;0;0;2;1;1;C01
201600058245;0;7;0;0;2;1;15;A01
201600058245;0;32;0;0;2;1;1;B01
201600058246;1;30;0;0;0;1;17;A01
201600058246;1;7;0;0;0;0;0;B01
201600058247;1;32;0;2;9;1;0;A01
201600058248;1;30;0;1;2;1;1;A01
201600058248;1;10;0;0;2;1;15;C01
201600058249;1;7;0;0;2;8;15;B01
201600058249;1;33;0;0;2;1;17;A01
201600058250;1;7;0;0;2;1;0;A01
201600058250;2;10;0;0;2;3;0;B01
201600058250;1;7;0;0;2;1;0;C01
201600058251;1;7;0;0;2;5;2;A01
201600058251;1;30;0;0;2;1;2;B01
201600058252;2;33;0;0;2;1;0;B01
201600058253;1;7;0;0;2;8;15;B01
201600058253;1;32;0;0;2;2;17;A01
201600058254;2;7;0;0;2;1;15;A01
201600058254;1;30;0;0;2;1;1;B01
201600058255;1;7;0;0;2;2;1;A01
201600058255;2;32;0;0;2;1;13;B01
201600058256;1;7;0;6;2;3;13;A01
201600058256;2;7;0;0;2;2;1;B01
201600058257;1;14;0;0;2;2;1;A01
201600058257;2;10;0;0;2;3;0;B01
201600058258;1;7;0;0;2;4;0;A01
201600058258;1;7;0;0;2;1;0;B01
201600058259;1;34;0;0;2;0;2;A01
201600058259;1;33;0;0;2;0;0;B01
201600058260;1;7;0;0;2;4;2;C01
201600058260;1;7;0;0;2;1;2;A01
201600058260;1;7;0;0;2;4;2;B01
201600058261;1;7;0;0;1;2;0;A01
201600058262;1;7;0;0;2;3;15;A01
201600058262;1;30;0;0;2;1;0;B01
201600058263;1;33;0;0;1;3;1;A01
201600058264;1;7;0;1;2;1;0;A01
201600058264;1;7;0;1;2;5;0;B01
201600058265;1;30;0;1;2;1;0;A01
201600058265;1;7;0;0;2;5;23;B01
201600058266;1;7;0;4;0;9;14;A01
201600058267;2;33;0;0;0;0;0;A01
201600058268;1;7;0;0;2;2;1;A01
201600058268;1;2;0;0;2;3;13;B01
201600058269;1;7;0;0;0;7;13;A01
201600058269;1;7;0;0;2;1;0;B01
201600058270;1;33;0;0;0;0;0;A01
201600058271;1;7;0;0;2;0;0;A01
201600058271;1;7;0;0;2;0;0;B01
201600058271;1;7;0;0;2;0;0;C01
201600058271;1;7;0;0;0;0;24;D01
201600058272;1;7;0;0;1;3;1;A01
201600058273;2;7;0;13;0;2;14;A01
201600058274;1;7;0;0;1;1;15;A01
201600058275;1;7;0;0;2;3;1;B01
201600058275;1;7;0;0;2;3;2;A01
201600058276;0;33;0;0;2;1;0;A01
201600058276;0;7;0;0;2;3;0;B01
201600058277;1;7;0;0;2;3;0;A01
201600058277;1;1;0;0;2;0;0;B01
201600058278;1;30;0;0;2;1;1;Z01
201600058278;1;7;0;0;2;1;1;A01
201600058279;1;7;0;0;2;3;1;B01
201600058279;1;7;0;0;2;8;15;A01
201600058280;1;7;0;0;2;1;2;A01
201600058280;1;1;0;0;2;0;0;B01
201600058281;1;7;0;0;1;2;16;A01
201600058282;2;7;0;4;0;1;2;A01
201600058283;0;7;0;0;2;1;0;A01
201600058283;0;7;0;0;0;3;0;B01
201600058284;0;7;0;0;2;4;2;B01
201600058284;0;33;0;0;2;1;2;A01
201600058285;1;7;0;0;2;2;15;A01
201600058285;1;33;0;0;2;0;1;B01
201600058286;1;7;0;0;2;2;16;A01
201600058286;1;34;0;0;2;1;5;B01
201600058287;2;32;0;0;2;1;9;A01
201600058287;1;7;0;0;2;3;15;B01
201600058288;1;34;0;0;2;1;3;A01
201600058288;1;7;0;0;2;5;1;B01
201600058288;1;7;0;0;2;8;16;C01
201600058289;1;7;0;0;1;0;0;Z01
201600058290;1;7;0;0;1;2;19;A01
201600058291;1;7;0;1;0;2;1;A01
201600058291;1;7;0;1;0;4;1;B01
201600058292;1;7;0;0;1;0;0;Z01
201600058293;1;7;0;0;2;1;2;A01
201600058293;1;7;0;0;2;4;2;B01
201600058293;1;7;0;0;2;2;17;C01
201600058294;1;33;0;0;2;1;0;A01
201600058294;1;10;0;0;2;6;0;B01
201600058295;1;34;0;0;2;1;3;A01
201600058295;1;7;0;0;2;6;1;B01
201600058296;1;10;0;0;2;2;0;A01
201600058296;1;1;0;0;2;1;19;B01
201600058297;1;7;0;0;1;7;1;A01
201600058298;1;7;0;0;2;0;9;A01
201600058298;1;30;0;0;2;1;2;B01
201600058299;2;7;0;0;1;2;1;A01
201600058300;1;33;0;0;0;0;0;A01
201600058301;1;7;0;0;2;0;0;C01
201600058301;1;7;0;0;2;2;1;A01
201600058301;1;7;0;0;2;0;0;B01
201600058302;1;7;0;0;2;8;13;A01
201600058302;1;2;0;0;2;1;17;B01
201600058303;2;33;0;1;0;2;0;A01
201600058304;1;7;0;0;1;1;9;A01
201600058305;1;7;0;0;2;2;16;A01
201600058305;1;32;0;0;2;0;0;B01
201600058306;1;30;0;14;0;1;9;A01
201600058307;1;7;0;0;1;7;2;A01
201600058308;1;7;0;15;0;1;14;A01
201600058309;2;7;0;0;2;6;2;A01
201600058309;2;30;0;0;2;0;2;B01
201600058310;2;7;0;0;2;5;15;A01
201600058310;1;32;0;0;2;0;1;B01
201600058311;1;7;0;0;2;8;15;A01
201600058311;1;33;0;1;2;7;17;B01
201600058312;1;7;0;0;2;3;15;A01
201600058312;2;2;0;0;2;3;1;B01
201600058312;1;7;0;0;2;3;23;C01
201600058313;1;7;0;0;1;7;2;A01
201600058314;1;33;0;0;2;1;2;A01
201600058314;1;7;0;0;2;5;1;B01
201600058315;2;7;0;0;2;3;19;A01
201600058315;1;2;0;0;2;1;1;B01
201600058316;1;7;0;0;1;2;1;A01
201600058317;1;7;0;0;2;1;2;A01
201600058317;1;31;0;0;2;4;2;B01
201600058318;1;7;0;0;2;3;1;B01
201600058318;1;7;0;0;2;3;13;A01
201600058319;1;32;0;0;2;1;1;A01
201600058319;2;7;0;0;2;3;17;B01
201600058320;1;7;0;0;2;0;0;Z01
201600058320;1;1;0;0;2;0;0;B01
201600058321;0;7;0;0;2;0;0;A01
201600058321;0;33;0;0;0;0;0;B01
201600058322;2;7;0;0;1;2;1;A01
201600058323;1;7;0;0;1;1;1;A01
201600058324;1;33;0;0;2;1;1;B01
201600058324;2;7;0;0;2;2;15;A01
201600058325;2;33;0;0;2;1;1;B01
201600058325;1;7;0;0;2;1;5;A01