Num_Acc;senc;catv;occutc;obs;obsm;choc;manv;num_veh
201600058326;1;33;0;12;0;2;14;A01
201600058327;2;7;0;0;1;4;4;A01
201600058328;2;7;0;0;1;1;1;A01
201600058329;2;7;0;0;2;4;23;B01
201600058329;2;30;0;0;2;1;2;A01
201600058330;1;7;0;0;2;4;20;B01
201600058330;1;31;0;0;2;1;2;A01
201600058331;1;33;0;12;0;7;14;A01
201600058332;1;7;0;0;1;1;1;A01
201600058333;1;7;0;0;2;1;2;A01
201600058333;1;7;0;0;2;4;1;B01
201600058334;2;7;0;0;2;8;15;B01
201600058334;2;2;0;0;2;1;17;Z01
201600058335;1;37;10;0;2;8;24;C01
201600058335;1;37;1;0;2;7;1;B01
201600058335;1;30;0;1;2;7;3;A01
201600058336;1;33;0;0;2;1;13;A01
201600058336;2;7;0;0;2;3;1;B01
201600058337;2;7;0;0;2;3;17;B01
201600058337;1;7;0;0;2;3;23;C01
201600058337;1;7;0;0;2;1;17;A01
201600058338;2;31;0;12;0;1;14;A01
201600058339;2;7;0;0;1;2;1;A01
201600058340;1;7;0;0;1;1;15;A01
201600058341;2;7;0;0;1;1;1;A01
201600058342;1;7;0;0;2;1;1;B01
201600058342;2;7;0;0;2;1;17;A01
201600058343;2;31;0;12;0;1;14;A01
201600058344;2;32;0;0;1;1;1;Z01
201600058345;1;1;0;0;2;1;9;A01
201600058345;2;7;0;0;2;8;1;B01
201600058346;2;2;0;0;2;7;17;A01
201600058346;2;7;0;0;2;8;1;B01
201600058347;1;7;0;0;1;1;1;A01
201600058348;2;7;0;0;2;1;13;A01
201600058348;1;37;5;0;2;1;1;B01
201600058349;1;7;0;0;1;2;1;A01
201600058350;1;7;0;0;1;1;15;A01
201600058351;2;33;0;0;1;1;1;A01
201600058352;2;7;0;0;2;1;9;A01
201600058352;2;37;1;0;2;2;1;B03
201600058353;1;2;0;0;1;7;1;Z01
201600058354;1;7;0;0;1;4;4;A01
201600058355;1;7;0;0;1;1;1;A01
201600058356;2;7;0;4;0;3;13;A01
201600058357;1;7;0;16;0;2;14;A01
201600058358;2;7;0;0;2;1;12;Z01
201600058358;2;7;0;0;2;5;1;C01
201600058358;2;33;0;0;2;4;1;B01
201600058359;1;7;0;0;1;2;1;A01
201600058360;1;30;0;0;2;1;17;A01
201600058360;2;7;0;0;2;3;1;B01
201600058361;1;33;0;0;1;1;1;A01
201600058362;1;7;0;0;2;3;1;B01
201600058362;1;7;0;0;2;7;1;C01
201600058362;1;7;0;0;2;7;12;A01
201600058363;1;1;0;0;2;3;1;B01
201600058363;1;7;0;0;2;2;1;A01
201600058364;2;7;0;0;1;2;17;A01
201600058365;1;31;0;0;2;1;9;A01
201600058365;1;7;0;0;2;8;1;B01
201600058366;1;10;0;0;2;5;17;A01
201600058366;1;30;0;0;2;8;1;B01
201600058367;1;33;0;12;0;7;14;A01
201600058368;1;30;0;0;1;1;1;A01
201600058369;2;7;0;0;1;1;1;A01
201600058370;1;7;0;0;1;1;1;A01
201600058371;1;1;0;16;0;8;13;A01
201600058372;2;7;0;12;0;7;14;A01
201600058373;2;30;0;12;0;7;14;A01
201600058374;1;7;0;0;2;1;2;A01
201600058374;1;7;0;0;2;4;23;B01
201600058375;2;30;0;0;1;2;1;A01
201600058376;2;7;0;16;0;2;14;A01
201600058377;1;7;0;0;1;1;14;A01
201600058378;2;7;0;0;1;2;1;A01
201600058379;1;7;0;0;2;4;1;B01
201600058379;1;7;0;0;2;1;2;A01
201600058380;1;7;0;0;1;1;1;A01
201600058381;2;33;0;4;2;1;17;A01
201600058381;1;7;0;0;9;1;1;B01
201600058382;1;32;0;0;2;2;2;A01
201600058382;1;1;0;0;2;1;1;B01
201600058383;2;7;0;0;2;3;1;B01
201600058383;1;7;0;0;2;3;13;A01
201600058384;1;7;0;0;2;1;12;A01
201600058384;2;7;0;0;2;6;1;B01
201600058385;1;7;0;6;0;2;14;A01
201600058386;1;7;0;0;2;7;15;A01
201600058386;1;7;0;0;2;1;23;C01
201600058386;2;33;0;0;2;1;1;Z01
201600058387;1;7;0;0;2;1;1;A01
201600058387;2;30;0;0;2;1;1;B01
201600058387;2;30;0;0;2;1;1;C01
201600058388;2;7;0;0;2;1;15;A01
201600058388;2;30;0;0;2;1;1;B01
201600058389;2;7;0;0;2;1;1;B01
201600058389;2;30;0;0;2;4;13;A01
201600058390;1;31;0;0;2;1;17;A01
201600058390;1;7;0;1;2;8;20;B01
201600058391;2;7;0;1;1;8;11;A01
201600058391;1;7;0;0;2;7;17;B01
201600058392;2;7;0;0;2;1;9;A01
201600058392;2;7;0;10;2;2;1;B01
201600058393;2;2;0;0;1;1;1;Z01
201600058394;2;7;0;16;0;2;14;A01
201600058395;2;7;0;0;1;1;1;A01
201600058396;1;33;0;0;2;1;9;A01
201600058396;2;7;0;0;2;6;0;B01
201600058397;1;33;0;6;0;8;13;A01
201600058398;2;7;0;4;0;8;13;A01
201600058399;2;7;0;4;0;8;13;A01
201600058400;1;7;0;0;1;2;1;A01
201600058401;1;7;0;0;1;8;15;A01
201600058402;2;30;0;0;2;1;1;B01
201600058402;1;7;0;0;2;7;9;A01
201600058403;2;7;0;0;2;1;1;B01
201600058403;2;7;0;0;2;1;9;A01
201600058404;1;7;0;0;2;8;15;A01
201600058404;1;33;0;0;2;1;1;B01
201600058405;1;7;0;0;1;1;1;Z01
201600058406;2;30;0;0;2;1;1;Z01
201600058406;1;7;0;0;2;7;9;A01
201600058407;2;37;1;0;1;3;1;A01
201600058408;1;7;0;0;2;7;1;B01
201600058408;2;32;0;0;2;1;9;A01
201600058409;1;33;0;16;0;1;14;Z01
201600058410;2;1;0;0;2;1;13;A01
201600058410;1;7;0;0;2;7;1;B01
201600058411;1;37;6;5;0;7;22;A01
201600058412;2;7;0;0;2;7;14;A01
201600058412;2;30;0;0;2;8;1;Z01
201600058413;1;7;0;6;0;1;1;A01
201600058414;1;30;0;0;2;4;1;B01
201600058414;1;7;0;0;2;1;2;Z01
201600058415;2;7;0;6;0;2;14;A01
201600058416;2;30;0;0;2;1;1;B01
201600058416;1;32;0;0;2;1;13;A01
201600058417;1;7;0;0;1;1;1;A01
201600058418;1;7;0;6;2;1;13;A01
201600058418;2;30;0;0;2;1;1;B01
201600058419;2;7;0;0;1;1;1;A01
201600058420;2;31;0;0;2;1;17;B01
201600058420;2;7;0;0;2;3;15;A01
201600058421;1;7;0;0;2;3;15;B01
201600058421;1;33;0;0;2;5;17;Z01
201600058422;1;7;0;0;2;2;12;A01
201600058422;1;7;0;4;2;1;1;B01
201600058423;2;32;0;0;1;1;1;Z01
201600058424;1;7;0;0;2;1;3;A01
201600058424;1;7;0;9;2;5;1;B01
201600058424;1;7;0;0;2;6;1;C01
201600058425;2;7;0;0;1;1;1;A01
201600058426;2;7;0;0;2;3;1;B01
201600058426;1;7;0;0;2;3;13;Z01
201600058427;2;30;0;16;0;2;14;A01
201600058428;1;31;0;0;1;1;1;Z01
201600058429;2;7;0;0;2;8;24;B01
201600058429;2;7;0;1;0;2;14;A01
201600058430;2;7;0;0;1;7;1;A01
201600058431;1;7;0;0;1;1;15;A01
201600058432;1;33;0;0;2;1;1;B01
201600058432;2;7;0;0;2;1;19;A01
201600058433;2;7;0;0;2;3;1;B01
201600058433;1;7;0;0;2;3;13;A01
201600058433;2;7;0;0;2;3;1;C01
201600058434;1;7;0;0;2;3;1;B01
201600058434;2;2;0;0;2;1;13;A01
201600058435;2;1;0;0;2;1;13;A01
201600058435;1;31;0;0;2;1;1;B01
201600058436;1;7;0;0;1;1;1;A01
201600058437;1;7;0;4;0;3;13;A01
201600058438;2;7;0;0;2;1;2;A01
201600058438;2;7;0;0;2;4;2;B01
201600058438;2;7;0;0;2;4;12;C01
201600058439;1;7;0;0;2;0;0;A01
201600058439;2;7;0;0;0;0;0;B01
201600058440;1;7;0;0;2;1;2;A01
201600058440;1;7;0;0;2;4;2;B01
201600058440;1;7;0;0;2;4;2;C01
201600058441;1;2;0;0;2;8;1;B01
201600058441;1;10;0;0;2;7;14;A01
201600058442;1;1;0;0;2;1;0;B01
201600058442;1;7;0;0;9;3;1;A01
201600058443;1;7;0;0;2;8;15;B01
201600058443;1;33;0;0;2;7;3;A01
201600058444;2;7;0;16;0;0;0;A01
201600058445;2;7;0;0;2;1;0;B01
201600058445;1;10;0;0;2;1;0;A01
201600058446;1;7;0;0;2;8;9;A01
201600058446;2;31;0;0;2;1;1;B01
201600058447;2;33;0;2;0;1;2;A01
201600058448;1;7;0;0;2;1;1;A01
201600058448;2;2;0;0;2;1;1;B01
201600058449;1;7;0;0;2;9;17;A01
201600058449;1;7;0;0;2;8;1;B01
201600058450;1;7;0;0;1;2;1;A01
201600058451;1;7;0;0;0;0;1;A01
201600058451;2;7;0;0;2;0;1;B01
201600058452;1;7;0;0;2;3;1;A01
201600058452;2;7;0;0;2;3;0;B01
201600058453;2;37;4;0;2;3;1;A01
201600058453;1;14;0;0;2;1;1;B01
201600058454;1;16;0;0;9;4;2;B01
201600058454;1;7;0;0;2;1;2;A01
201600058455;0;34;0;0;2;0;1;A01
201600058455;0;34;0;0;0;0;1;B01
201600058456;2;7;0;0;2;0;13;A01
201600058456;1;30;0;0;2;0;1;B01
201600058457;1;7;0;0;2;1;13;A01
201600058457;2;30;0;0;2;1;0;B01
201600058458;1;7;0;0;2;9;2;A01
201600058458;1;7;0;0;2;4;9;B01
201600058459;1;7;0;0;2;4;1;B01
201600058459;1;7;0;0;2;4;1;C01
201600058459;1;7;0;0;2;1;11;A01
201600058460;1;7;0;0;2;1;1;B01
201600058460;2;7;0;0;2;7;9;A01
201600058461;2;7;0;0;2;4;0;B01
201600058461;2;14;0;0;2;1;2;A01
201600058462;1;7;0;0;0;0;0;A01
201600058463;2;7;0;0;0;0;0;A01
201600058463;2;7;0;0;0;0;0;B01
201600058464;2;7;0;0;0;0;0;B01
201600058464;1;7;0;0;0;0;0;A01
201600058465;1;7;0;0;0;0;0;A01
201600058465;1;7;0;0;0;0;0;B01
201600058466;1;7;0;0;2;5;15;B01
201600058466;2;32;0;0;2;1;1;A01
201600058467;2;1;0;0;2;4;2;B01
201600058467;2;7;0;0;2;1;2;A01
201600058468;2;7;0;2;0;1;1;A01
201600058469;1;30;0;0;2;9;2;B01
201600058469;1;7;0;0;2;1;2;A01
201600058470;2;7;0;0;2;3;15;A01
201600058470;2;32;0;0;2;1;2;B01
201600058471;2;7;0;0;1;2;0;A01
201600058472;1;33;0;0;2;1;17;A01
201600058472;1;7;0;0;2;8;15;B01
201600058473;1;33;0;1;0;1;0;A01
201600058473;2;2;0;0;2;4;24;B01
201600058474;1;7;0;0;2;4;1;B01
201600058474;1;7;0;0;2;1;21;A01
201600058475;1;30;0;0;2;4;2;B01
201600058475;1;7;0;0;2;3;2;A01
201600058476;1;7;0;1;0;1;2;A01
201600058476;1;13;0;0;2;4;23;B01
201600058477;2;7;0;8;0;1;1;A01
201600058478;1;2;0;0;2;8;11;B01
201600058478;1;7;0;0;2;7;12;A01
201600058479;1;2;0;0;2;1;2;A01
201600058479;1;7;0;0;2;4;2;B01
201600058480;1;30;0;0;2;7;14;A01
201600058480;1;7;0;0;2;3;1;B01
201600058481;1;7;0;0;2;4;2;A01
201600058482;1;7;0;0;2;1;21;A01
201600058482;1;7;0;0;2;4;2;B01
201600058482;1;7;0;0;2;4;2;C01
201600058483;1;7;0;0;2;1;14;A01
201600058483;2;7;0;0;2;1;1;B01
201600058484;2;7;0;0;2;4;2;C01
201600058484;2;7;0;0;2;4;2;B01
201600058484;2;7;0;0;2;1;2;A01
201600058485;1;34;0;0;2;1;2;A01
201600058485;1;7;0;0;2;4;2;B01
201600058486;2;7;0;0;2;1;1;B01
201600058486;1;7;0;0;2;1;13;A01
201600058487;1;7;0;0;2;1;1;A01
201600058487;1;7;0;0;2;8;0;B01
201600058488;1;7;0;4;0;1;1;A01
201600058489;2;7;0;6;0;1;13;A01
201600058490;2;7;0;0;2;8;12;A01
201600058490;2;14;0;0;2;7;12;B01
201600058491;2;7;0;0;2;4;2;B01
201600058491;2;7;0;0;2;1;2;A01
201600058492;1;7;0;15;0;1;13;A01
201600058493;1;7;0;0;2;1;2;B01
201600058493;1;7;0;0;2;4;2;A01
201600058494;1;7;0;0;2;9;2;B01
201600058494;1;7;0;0;2;1;2;A01
201600058495;1;7;0;0;2;8;1;A01
201600058495;2;2;0;0;2;1;9;B01
201600058496;1;7;0;0;2;7;1;B01
201600058496;1;7;0;0;2;1;9;A01
201600058497;1;7;0;0;2;1;2;A01
201600058497;2;7;0;0;2;1;5;B01
201600058498;1;7;0;0;2;7;15;A01
201600058498;2;31;0;0;2;1;5;B01
201600058499;1;7;0;0;1;1;11;A01
201600058500;2;7;0;0;2;1;2;A01
201600058500;2;7;0;0;2;4;2;C01
201600058500;2;7;0;0;2;4;2;B01
201600058501;2;7;0;4;0;1;1;A01
201600058502;1;7;0;0;1;1;1;A01
201600058503;2;7;0;0;2;1;2;A01
201600058503;2;7;0;0;2;4;2;B01
201600058503;2;7;0;0;2;4;2;C01
201600058504;1;7;0;0;2;4;2;B01
201600058504;1;33;0;0;2;1;2;A01
201600058505;1;7;0;0;1;3;1;A01
201600058506;1;7;0;0;2;7;1;A01
201600058506;1;2;0;0;2;1;9;B01
201600058507;1;33;0;0;2;1;5;A01
201600058507;2;7;0;0;2;1;5;B01
201600058508;1;30;0;0;2;1;5;A01
201600058508;2;7;0;0;2;3;5;B01
201600058509;1;7;0;0;0;0;0;A01
201600058509;1;33;0;0;0;0;0;B01
201600058510;1;2;0;0;2;1;1;A01
201600058510;1;10;0;0;2;4;1;B01
201600058510;1;10;0;0;2;4;1;C01
201600058511;1;7;0;0;1;1;1;A01
201600058512;1;10;0;0;2;8;0;A01
201600058512;1;7;0;0;2;7;1;B01
201600058513;2;7;0;0;2;4;1;B01
201600058513;2;7;0;0;2;1;1;A01
201600058514;1;32;0;0;0;1;1;A01
201600058514;1;7;0;0;0;0;0;B01
201600058515;2;10;0;0;0;0;1;A01
201600058516;1;7;0;0;2;1;11;A01
201600058516;1;1;0;0;0;0;0;B01
201600058516;2;7;0;0;0;0;0;C01
201600058517;1;7;0;0;0;3;0;A01
201600058517;1;1;0;0;0;0;0;B01
201600058518;1;7;0;0;2;7;1;A01
201600058518;1;33;0;0;0;0;0;B01
201600058519;1;33;0;0;0;0;0;A01
201600058519;2;7;0;0;2;3;2;B01
201600058520;1;7;0;0;1;0;0;A01
201600058521;2;7;0;0;2;1;2;A01
201600058521;2;7;0;0;2;4;2;B01
201600058521;2;7;0;0;2;2;0;C01
201600058522;1;7;0;0;2;9;18;A01
201600058522;1;7;0;0;2;7;1;B01
201600058523;1;13;0;0;1;2;0;A01
201600058524;1;31;0;0;1;0;17;A01
201600058525;2;7;0;0;2;1;2;A01
201600058525;2;10;0;0;2;9;12;B01
201600058525;2;7;0;0;2;2;1;C01
201600058525;2;7;0;0;2;4;1;D01
201600058525;2;7;0;0;2;4;1;E01
201600058526;1;7;0;0;0;8;1;A01
201600058527;1;30;0;0;2;1;15;B01
201600058527;1;30;0;12;2;2;1;A01
201600058528;2;30;0;0;0;7;1;A01
201600058529;0;7;0;0;9;2;15;A01
201600058529;0;2;0;0;0;0;0;B01
201600058530;2;7;0;0;2;7;19;A01
201600058530;2;2;0;0;2;1;1;B01
201600058531;2;2;0;0;0;7;12;A01
201600058532;1;2;0;0;1;1;0;A01
201600058533;1;7;0;0;2;7;0;A01
201600058533;1;7;0;0;2;1;1;B01
201600058534;0;7;0;0;2;8;16;A01
201600058534;0;2;0;0;2;1;1;B01
201600058535;0;30;0;0;2;8;14;A01
201600058535;0;7;0;0;2;7;16;B01
201600058536;1;30;0;0;2;1;2;A01
201600058536;1;7;0;0;0;1;2;B01
201600058537;0;1;0;0;0;0;0;Z01
201600058537;1;2;0;0;9;1;0;B01
201600058538;2;7;0;0;0;5;15;B01
201600058538;2;7;0;0;2;3;2;A01
201600058539;0;7;0;0;2;1;2;A01
201600058539;0;7;0;0;2;4;2;B01
201600058540;1;31;0;0;2;1;2;A01
201600058540;1;7;0;0;9;8;15;B01
201600058541;1;7;0;0;0;0;0;A01
201600058541;1;7;0;2;0;5;1;B01
201600058542;1;7;0;0;2;0;0;A01
201600058542;1;7;0;0;2;0;0;B01
201600058543;1;7;0;0;1;1;0;A01
201600058544;0;7;0;0;0;0;0;B01
201600058544;1;7;0;0;0;0;0;A01
201600058545;1;33;0;0;2;2;14;A01
201600058545;1;7;0;0;2;3;1;B01
201600058546;0;7;0;0;2;7;16;A01
201600058546;0;1;0;0;2;3;1;B01
201600058547;0;2;0;0;2;3;0;A01
201600058547;0;7;0;0;9;7;1;B01
201600058548;0;7;0;0;2;6;4;A01
201600058548;0;2;0;0;2;5;1;B01
201600058549;1;30;0;0;2;1;1;A01
201600058549;1;7;0;0;9;8;15;B01
201600058550;1;7;0;0;2;7;15;A01
201600058550;2;2;0;0;2;1;1;B01
201600058551;2;2;0;0;0;7;1;A01
201600058551;2;7;0;0;0;0;19;B01
201600058552;2;7;0;0;0;7;16;B01
201600058552;2;30;0;9;2;7;1;A01
201600058553;1;7;0;0;2;6;0;B01
201600058553;1;2;0;0;0;0;0;A01
201600058554;1;30;0;0;0;1;21;A01
201600058555;1;32;0;0;0;0;0;A01
201600058556;0;2;0;6;0;2;0;A01
201600058557;0;7;0;0;9;2;15;A01
201600058557;0;2;0;0;2;1;1;B01
201600058558;1;7;0;0;2;1;0;B01
201600058558;1;2;0;0;2;4;19;A01
201600058559;1;2;0;0;2;1;1;B01
201600058559;1;7;0;0;2;5;1;A01
201600058560;2;7;0;0;9;4;15;A01
201600058560;1;32;0;0;2;1;15;B01
201600058561;1;30;0;0;2;7;15;A01
201600058561;1;1;0;0;0;0;0;Z01
201600058562;1;2;0;0;0;6;0;A01
201600058563;0;7;0;0;1;5;1;A01
201600058564;0;1;0;0;2;8;19;B01
201600058564;0;7;0;0;9;1;1;A01
201600058565;1;7;0;13;0;2;0;A01
201600058566;1;7;0;0;9;3;0;A01
201600058566;1;2;0;0;2;0;0;B01
201600058567;0;7;0;0;0;0;0;Z01
201600058567;0;1;0;0;0;1;1;A01
201600058568;0;2;0;0;2;9;18;Z01
201600058568;0;2;0;0;2;8;2;A01
201600058568;0;7;0;0;2;7;17;B01
201600058569;1;7;0;0;2;5;2;B01
201600058569;2;7;0;0;2;0;2;A01
201600058570;0;32;0;0;2;7;17;B01
201600058570;0;7;0;0;2;1;15;A01
201600058571;0;99;0;0;0;8;15;B01
201600058571;0;2;0;0;2;1;2;A01
201600058572;0;30;0;0;2;2;0;A01
201600058572;1;7;0;0;2;2;0;B01
201600058573;1;7;0;0;2;1;2;A01
201600058573;1;7;0;0;2;4;2;B01
201600058574;0;2;0;0;1;8;1;A01
201600058575;0;7;0;0;1;1;1;A01
201600058576;1;2;0;0;2;8;13;A01
201600058576;0;2;0;0;2;3;11;B01
201600058577;1;7;0;0;1;0;0;A01
201600058578;1;2;0;0;2;2;0;B01
201600058578;1;7;0;0;2;2;19;A01
201600058579;1;1;0;0;0;0;0;A01
201600058579;1;10;0;0;0;0;0;B01
201600058580;1;30;0;0;2;1;2;A01
201600058580;1;7;0;0;2;5;2;B01
201600058581;2;2;0;0;0;1;0;A01
201600058582;0;10;0;0;1;0;0;Z01
201600058583;2;2;0;0;2;1;1;A01
201600058583;1;2;0;0;2;1;1;B01
201600058584;0;7;0;0;2;1;15;A01
201600058584;0;7;0;0;2;1;1;B01
201600058585;1;7;0;0;2;2;16;A01
201600058585;1;30;0;0;2;8;2;B01
201600058586;1;7;0;0;2;2;16;A01
201600058586;1;1;0;0;2;0;14;B01
201600058587;0;7;0;0;2;8;0;A01
201600058587;0;30;0;0;2;8;2;B01
201600058588;1;7;0;0;2;1;2;A01
201600058588;1;7;0;0;0;4;2;B01
201600058589;1;34;0;0;2;7;17;A01
201600058589;1;7;0;0;2;1;9;B01
201600058590;1;7;0;0;2;1;15;A01
201600058590;1;7;0;0;2;7;1;B01
201600058591;0;2;0;0;2;1;2;B01
201600058591;0;7;0;0;2;8;22;A01
201600058592;0;7;0;0;2;1;15;A01
201600058592;0;30;0;0;2;3;15;B01
201600058593;1;7;0;0;9;3;17;A01
201600058593;2;2;0;0;2;0;0;B01
201600058594;1;7;0;0;2;6;17;A01
201600058594;1;7;0;0;2;6;15;B01
201600058595;1;30;0;0;2;1;2;A01
201600058595;1;1;0;0;0;4;2;B01
201600058596;0;30;0;4;2;4;13;A01
201600058596;0;7;0;0;0;0;15;B01
201600058597;1;2;0;0;2;7;2;A01
201600058597;1;7;0;0;2;7;15;B01
201600058598;1;1;0;0;0;0;0;A01
201600058598;2;34;0;0;0;0;0;B01
201600058599;0;7;0;0;1;1;1;A01
201600058600;0;7;0;0;2;1;2;A01
201600058600;0;7;0;0;0;4;15;B01
201600058601;0;7;0;0;9;6;15;A01
201600058601;0;2;0;0;2;7;17;B01
201600058602;0;33;0;0;0;1;0;A01
201600058603;2;7;0;0;2;8;1;B01
201600058603;2;7;0;0;2;1;15;A01
201600058603;0;7;0;0;0;0;0;T01
201600058604;1;7;0;0;1;3;1;A01
201600058605;2;31;0;0;2;4;2;B01
201600058605;0;7;0;0;2;4;2;C01
201600058605;2;13;0;0;2;4;0;A01
201600058606;2;7;0;0;2;6;2;B01
201600058606;2;2;0;0;2;1;2;Z01
201600058607;1;32;0;0;2;1;0;B01
201600058607;1;7;0;0;2;7;15;A01
201600058608;1;1;0;0;0;1;0;A01
201600058609;1;33;0;0;2;1;17;B01
201600058609;0;1;0;0;2;8;19;A01
201600058610;1;7;0;0;2;8;22;A01
201600058610;1;30;0;0;2;7;2;B01
201600058611;0;7;0;0;1;1;1;A01
201600058612;1;30;0;0;2;1;19;A01
201600058612;0;33;0;0;2;7;1;B01
201600058613;0;7;0;0;9;5;16;A01
201600058613;0;2;0;0;0;0;0;B01
201600058614;1;7;0;0;2;8;1;B01
201600058614;1;31;0;0;2;1;17;A01
201600058615;2;2;0;0;9;1;0;A01
201600058615;2;1;0;0;9;4;0;B01
201600058616;1;2;0;14;0;1;1;A01
201600058617;0;2;0;0;1;1;17;A01
201600058618;0;7;0;0;1;2;0;A01
201600058619;0;7;0;0;2;3;15;A01
201600058619;0;30;0;0;2;1;0;B01
201600058620;1;10;0;0;1;2;0;A01
201600058621;1;7;0;0;2;8;15;A01
201600058621;0;1;0;0;2;1;2;B01
201600058622;1;7;0;0;2;4;2;B01
201600058622;1;2;0;0;2;1;2;A01
201600058623;1;2;0;0;2;2;0;B01
201600058623;1;1;0;0;2;8;5;A01
201600058624;2;30;0;0;0;0;0;A01
201600058625;2;10;0;0;2;0;1;B01
201600058625;2;10;0;0;2;3;0;A01
201600058626;1;30;0;0;0;1;2;A01
201600058627;1;1;0;0;2;1;15;B01
201600058627;1;7;0;0;2;3;15;A01
201600058628;1;2;0;0;0;5;2;B01
201600058628;1;7;0;0;2;3;1;A01
201600058629;1;7;0;0;2;2;19;A01
201600058629;1;1;0;0;0;0;0;B01
201600058630;1;7;0;0;9;3;13;A01
201600058630;2;2;0;0;2;1;1;B01
201600058631;1;7;0;0;2;1;1;B01
201600058631;1;2;0;0;2;1;5;A01
201600058632;1;30;0;0;2;1;0;B01
201600058632;2;7;0;0;2;3;15;A01
201600058633;1;31;0;0;2;1;2;A01
201600058634;0;2;0;0;9;1;0;B01
201600058634;0;2;0;0;9;1;5;A01
201600058635;1;10;0;0;1;0;16;A01
201600058636;1;10;0;0;2;1;15;A01
201600058636;0;32;0;0;2;8;1;B01
201600058637;0;7;0;0;9;5;16;A01
201600058637;1;2;0;0;2;1;0;B01
201600058638;1;7;0;0;9;0;15;A01
201600058638;0;2;0;0;2;1;1;B01
201600058639;0;7;0;0;1;1;1;A01
201600058640;1;1;0;0;2;1;5;A01
201600058640;1;2;0;0;2;1;2;B01
201600058641;1;7;0;0;2;3;5;A01
201600058641;1;30;0;0;2;1;2;B01
201600058642;0;7;0;0;1;1;1;A01
201600058643;0;2;0;0;2;8;2;B01
201600058643;0;7;0;0;2;2;2;A01
201600058644;0;7;0;0;2;1;15;A01
201600058644;0;30;0;0;2;7;2;B01
201600058645;1;7;0;0;0;6;1;B01
201600058645;1;2;0;0;2;1;2;A01
201600058646;1;30;0;0;0;0;0;B01
201600058646;1;7;0;0;2;2;16;A01
201600058647;2;7;0;0;2;3;0;B01
201600058647;1;7;0;0;0;0;0;Z01
201600058648;1;7;0;0;0;0;0;A01
201600058648;0;1;0;0;0;0;0;B01
201600058649;1;7;0;0;2;2;2;A01
201600058649;1;30;0;0;2;8;2;B01
201600058650;0;2;0;0;2;1;1;A01
201600058650;0;2;0;0;2;0;0;Z01
201600058651;1;10;0;0;0;0;0;B01
201600058651;1;7;0;0;0;0;0;A01
201600058652;1;7;0;0;2;3;19;A01
201600058652;2;33;0;0;2;1;1;B01
201600058653;0;7;0;0;9;3;4;A01
201600058653;0;1;0;0;2;6;1;B01
201600058654;0;7;0;0;2;2;19;A01
201600058654;0;30;0;0;2;7;1;B01
201600058655;2;30;0;0;2;3;5;B01
201600058655;1;7;0;1;0;0;0;A01
201600058656;1;2;0;0;0;0;0;A01
201600058657;2;1;0;0;2;1;2;B01
201600058657;2;7;0;0;9;3;15;A01
201600058658;0;1;0;0;9;0;1;A01
201600058659;1;2;0;0;0;0;2;C01
201600058660;1;7;0;0;2;1;5;A01
201600058660;1;7;0;0;2;7;1;B01
201600058661;1;7;0;0;2;1;2;B01
201600058661;1;7;0;0;2;1;2;C01
201600058661;1;7;0;0;2;1;2;A01
201600058661;1;7;0;0;2;4;2;D01
201600058661;1;7;0;0;2;4;2;E01
201600058662;2;7;0;0;2;1;15;A01
201600058662;1;7;0;0;2;7;1;B01
201600058663;0;7;0;0;2;1;15;A01
201600058663;0;30;0;0;2;3;15;B01
201600058664;0;7;0;3;2;2;6;A01
201600058664;0;7;0;0;2;1;1;B01
201600058665;0;2;0;0;0;8;1;B01
201600058665;0;7;0;0;0;2;1;A01
201600058666;0;7;0;0;1;1;1;A01
201600058667;1;1;0;0;1;1;1;A01
201600058668;0;2;0;0;2;1;1;B01
201600058668;0;7;0;0;2;8;15;A01
201600058669;1;7;0;0;1;0;0;A01
201600058670;0;37;0;0;1;2;2;A01
201600058671;1;7;0;0;2;6;2;B01
201600058671;1;7;0;0;2;3;2;A01
201600058672;0;7;0;0;2;2;16;A01
201600058672;0;2;0;0;2;3;1;B01
201600058673;1;7;0;0;0;0;0;A01
201600058674;1;1;0;0;0;0;0;A01
201600058674;0;7;0;0;2;7;1;B01
201600058675;0;7;0;0;2;1;15;A01
201600058675;0;31;0;0;2;1;17;B01
201600058676;1;2;0;1;0;3;13;A01
201600058677;2;2;0;0;2;1;2;B01
201600058677;1;7;0;0;2;2;15;A01
201600058678;2;30;0;0;2;8;0;B01
201600058678;1;7;0;0;2;1;15;A01
201600058679;2;3;0;0;2;8;0;A01
201600058679;2;31;0;0;0;0;0;B01
201600058680;1;7;0;0;9;7;0;A01
201600058680;1;2;0;0;2;8;2;B01
201600058681;1;1;0;0;2;8;1;B01
201600058681;1;37;0;0;9;7;0;A01
201600058682;0;7;0;0;2;6;15;A01
201600058682;0;30;0;0;2;1;1;B01
201600058683;1;30;0;0;2;8;0;A01
201600058683;1;7;0;0;9;7;0;B01
201600058684;1;2;0;0;2;1;13;A01
201600058684;1;1;0;0;2;1;2;B01
201600058685;0;7;0;0;2;7;16;A01
201600058685;0;2;0;0;2;8;2;B01
201600058686;0;2;0;0;0;8;19;A01
201600058686;0;7;0;0;2;0;0;Z01
201600058687;2;7;0;0;2;3;1;B01
201600058687;2;7;0;6;2;2;19;A01
201600058688;0;34;0;0;2;1;2;A01
201600058688;0;7;0;0;2;4;2;B01
201600058689;0;2;0;0;1;0;0;A01