Num_Acc;senc;catv;occutc;obs;obsm;choc;manv;num_veh
201600059040;1;1;0;0;2;1;2;B01
201600059041;1;7;0;0;1;2;0;A01
201600059042;1;10;0;13;0;7;2;A01
201600059043;2;7;0;0;2;8;1;B01
201600059043;1;7;0;0;2;3;13;A01
201600059044;1;7;0;0;2;2;0;B01
201600059044;2;32;0;0;2;1;2;A01
201600059045;2;7;0;0;9;0;2;Z01
201600059045;1;1;0;0;2;4;0;B01
201600059046;1;15;0;0;2;3;9;A01
201600059046;1;10;0;0;2;7;1;B01
201600059047;1;2;0;0;1;1;1;A01
201600059048;1;7;0;0;2;7;15;A01
201600059048;2;30;0;0;2;0;5;B01
201600059049;1;7;0;0;2;1;1;A01
201600059049;1;2;0;0;2;4;1;B01
201600059050;1;7;0;0;2;1;1;A01
201600059050;1;7;0;7;1;5;16;B01
201600059051;2;1;0;0;2;8;1;B01
201600059051;1;14;0;0;2;1;15;A01
201600059052;2;7;0;0;1;2;16;A01
201600059053;1;7;0;0;1;3;2;A01
201600059054;2;7;0;0;2;6;1;B01
201600059054;2;7;0;10;0;1;17;A01
201600059055;1;2;0;14;0;0;0;A01
201600059056;1;7;0;0;1;1;1;A01
201600059057;1;7;0;0;1;7;1;A01
201600059058;1;14;0;0;1;3;0;A01
201600059059;1;7;0;0;1;2;19;A01
201600059060;0;7;0;0;2;3;15;A01
201600059060;0;32;0;0;1;8;1;B01
201600059061;1;32;0;6;0;1;24;A01
201600059062;1;7;0;0;1;1;0;A01
201600059063;2;31;0;0;2;1;8;A01
201600059063;1;7;0;0;2;8;1;C01
201600059063;2;38;0;0;2;7;15;B01
201600059064;1;7;0;0;1;1;15;A01
201600059065;1;7;0;0;2;6;15;A01
201600059065;1;2;0;0;2;1;7;B01
201600059066;1;14;0;0;1;3;20;A01
201600059067;1;7;0;0;2;3;15;B01
201600059067;1;2;0;0;2;1;5;A01
201600059068;1;7;0;0;2;2;15;A01
201600059068;2;33;0;0;2;1;1;B01
201600059069;1;7;0;0;0;0;1;A01
201600059070;1;7;0;0;2;6;15;A01
201600059070;1;37;0;0;2;2;7;B01
201600059071;1;7;0;0;2;0;0;B01
201600059071;2;33;0;0;2;0;0;A01
201600059072;2;7;0;0;1;1;1;A01
201600059073;2;2;0;0;2;4;2;B01
201600059073;2;10;0;0;2;1;2;A01
201600059074;2;7;0;0;2;1;1;B01
201600059074;1;7;0;0;2;1;13;A01
201600059075;2;7;0;0;2;8;0;C01
201600059075;1;14;0;0;2;2;5;A01
201600059075;2;7;0;0;2;1;0;B01
201600059075;1;37;0;0;2;3;1;D01
201600059076;2;7;0;0;2;3;15;A01
201600059076;2;2;0;0;2;1;1;B01
201600059077;1;33;0;0;2;3;1;B01
201600059077;1;7;0;0;2;3;13;A01
201600059078;1;14;0;0;9;3;1;A01
201600059078;2;1;0;0;2;1;0;B01
201600059079;2;7;0;0;2;7;16;B01
201600059079;2;33;0;0;2;1;2;A01
201600059080;2;33;0;0;2;1;1;A01
201600059080;1;7;0;0;2;7;1;B01
201600059081;2;2;0;0;0;3;0;A01
201600059082;1;31;0;0;2;7;2;A01
201600059082;1;7;0;0;2;6;23;B01
201600059083;1;33;0;0;2;5;0;A01
201600059083;1;7;0;0;2;2;0;B01
201600059084;2;37;0;0;2;1;15;B01
201600059084;1;1;0;0;2;1;16;A01
201600059085;1;30;0;0;2;1;1;A01
201600059085;1;7;0;0;2;3;0;B01
201600059086;1;7;0;1;0;0;13;A01
201600059086;1;7;0;0;2;5;0;B01
201600059087;2;7;0;0;2;8;15;A01
201600059087;2;31;0;1;2;1;17;B01
201600059088;1;33;0;0;0;0;1;A01
201600059089;1;7;0;0;2;1;1;A01
201600059089;2;7;0;0;2;8;1;B01
201600059090;1;7;0;0;2;1;1;A01
201600059090;1;7;0;0;2;6;16;B01
201600059091;2;7;0;0;2;1;15;B01
201600059091;1;2;0;0;2;1;1;A01
201600059092;1;33;0;0;2;1;21;A01
201600059092;1;7;0;0;2;2;1;B01
201600059093;0;7;0;0;2;1;2;A01
201600059093;1;7;0;0;2;4;2;B01
201600059094;1;31;0;0;2;1;1;A01
201600059094;2;7;0;0;2;8;15;B01
201600059095;2;7;0;0;2;2;15;B01
201600059095;1;33;0;0;2;1;2;A01
201600059096;2;33;0;0;2;3;2;A01
201600059096;2;7;0;0;2;7;2;B01
201600059097;2;7;0;0;2;4;2;B01
201600059097;2;7;0;0;2;1;2;A01
201600059098;0;10;0;0;1;2;1;A01
201600059099;1;31;0;0;1;2;3;A01
201600059100;1;30;0;0;2;6;21;A01
201600059100;1;7;0;0;9;2;1;B01
201600059101;1;7;0;0;2;4;2;C01
201600059101;1;7;0;0;2;4;2;D01
201600059101;1;7;0;0;2;4;0;E01
201600059101;1;10;0;2;2;4;11;B01
201600059101;1;7;0;0;2;1;2;A01
201600059102;2;7;0;0;2;2;14;A01
201600059102;2;7;0;0;2;6;24;B01
201600059103;1;1;0;0;2;1;0;A01
201600059103;2;38;0;0;9;0;0;B01
201600059104;2;32;0;0;2;7;17;B01
201600059104;2;7;0;0;2;3;15;A01
201600059105;0;7;0;0;2;3;1;B01
201600059105;1;7;0;0;2;1;13;A01
201600059106;1;7;0;0;9;0;0;B01
201600059106;1;2;0;0;9;0;0;A01
201600059107;1;7;0;15;1;1;1;A01
201600059108;1;7;0;0;2;0;0;A01
201600059108;2;7;0;0;2;0;0;B01
201600059109;1;31;0;0;2;1;0;A01
201600059109;1;7;0;0;2;5;0;B01
201600059110;1;33;0;0;0;0;0;A01
201600059111;1;30;0;12;0;3;6;A01
201600059112;2;7;0;0;2;7;1;B01
201600059112;2;7;0;0;1;1;0;A01
201600059113;2;1;0;3;2;4;1;B01
201600059113;1;7;0;0;2;2;14;A01
201600059114;2;2;0;0;2;1;17;B01
201600059114;1;7;0;0;2;3;15;A01
201600059115;2;7;0;0;9;0;1;C01
201600059115;2;33;0;0;2;7;16;A01
201600059115;2;7;0;0;0;0;0;B01
201600059116;1;7;0;1;2;4;23;A01
201600059116;1;7;0;1;2;1;0;B01
201600059117;2;7;0;0;2;8;17;B01
201600059117;2;33;0;0;2;7;17;A01
201600059118;1;10;0;0;2;3;9;B01
201600059118;1;33;0;0;2;2;13;A01
201600059119;1;1;0;0;2;1;1;A01
201600059120;1;7;0;0;1;1;1;A01
201600059121;2;7;0;0;2;1;1;C01
201600059121;1;31;0;0;2;3;1;A01
201600059121;2;7;0;0;2;3;15;B01
201600059122;1;7;0;0;1;8;1;A01
201600059123;1;1;0;1;0;1;2;B01
201600059123;1;7;0;0;2;6;24;A01
201600059124;1;7;0;0;1;1;0;A01
201600059125;1;37;0;0;1;0;4;A01
201600059126;1;32;0;0;1;2;18;A01
201600059127;1;7;0;6;0;8;1;B01
201600059127;1;7;0;0;2;1;19;A01
201600059128;1;7;0;0;1;3;1;A01
201600059129;1;33;0;12;0;1;1;A01
201600059130;1;30;0;0;6;0;14;A01
201600059131;1;7;0;6;0;0;0;A01
201600059132;2;33;0;0;0;8;2;A01
201600059133;2;2;0;0;2;1;1;B01
201600059133;2;7;0;0;2;7;4;A01
201600059134;2;7;0;0;2;4;1;A01
201600059134;2;7;0;0;2;1;2;B01
201600059135;2;10;0;0;2;4;2;E01
201600059135;2;7;0;0;2;1;2;B01
201600059135;2;10;0;0;2;1;2;F02
201600059135;2;33;0;0;2;9;2;C01
201600059135;2;7;0;0;2;1;2;G02
201600059135;2;7;0;0;2;4;2;D01
201600059135;2;7;0;0;2;4;2;A01
201600059136;2;1;0;0;2;1;1;A01
201600059136;2;7;0;0;2;1;13;B01
201600059137;1;7;0;0;1;1;1;A01
201600059138;1;7;0;0;1;2;1;A01
201600059139;2;7;0;0;1;2;1;A01
201600059140;1;7;0;0;2;1;1;B01
201600059140;2;7;0;0;0;8;1;C01
201600059140;1;2;0;0;2;1;1;A01
201600059141;1;7;0;0;2;2;15;A01
201600059141;2;33;0;0;2;1;1;B01
201600059142;1;10;0;0;1;2;1;A01
201600059143;1;31;0;0;2;7;17;A01
201600059143;1;10;0;0;2;3;15;B01
201600059144;2;7;0;0;2;1;2;A01
201600059144;2;10;0;0;2;4;2;B01
201600059145;1;7;0;0;1;2;14;A01
201600059146;1;7;0;0;2;1;9;A01
201600059146;1;7;0;0;2;5;1;B01
201600059147;1;7;0;0;2;1;14;B01
201600059147;1;7;0;0;2;6;1;A01
201600059148;2;7;0;0;2;1;1;B01
201600059148;1;7;0;0;2;1;18;A01
201600059149;1;7;0;0;2;1;13;A01
201600059149;1;10;0;0;2;1;1;B01
201600059150;2;7;0;1;0;2;2;A01
201600059150;2;7;0;0;2;6;2;B01
201600059151;1;7;0;0;1;3;1;A01
201600059152;1;7;0;0;1;7;1;A01
201600059153;1;33;0;13;0;1;1;A01
201600059154;1;30;0;6;0;1;1;A01
201600059155;1;30;0;0;2;1;11;B01
201600059155;1;7;0;0;2;8;1;A01
201600059156;2;7;0;0;2;3;13;A01
201600059156;1;7;0;0;2;3;1;B01
201600059157;2;7;0;0;0;4;1;B01
201600059157;2;33;0;0;2;1;1;A01
201600059158;1;14;0;0;1;1;19;A01
201600059159;1;7;0;16;0;2;13;A01
201600059160;2;7;0;0;1;1;1;A01
201600059161;1;10;0;0;0;0;0;B01
201600059161;1;7;0;0;5;1;1;A01
201600059162;2;7;0;0;2;1;1;B01
201600059162;2;7;0;0;0;9;17;A01
201600059163;0;2;0;0;2;8;0;B01
201600059163;1;2;0;0;2;0;17;A01
201600059164;1;7;0;12;0;1;1;A01
201600059165;0;34;0;0;2;1;17;A01
201600059165;0;7;0;0;9;8;15;B01
201600059166;1;7;0;0;0;0;0;A01
201600059166;1;30;0;0;2;1;17;B01
201600059167;2;7;0;0;2;3;1;C01
201600059167;2;7;0;0;2;8;0;B01
201600059167;1;7;0;0;2;1;5;A01
201600059168;1;7;0;0;0;5;15;A01
201600059168;1;33;0;0;2;1;2;B01
201600059169;2;7;0;0;1;8;1;A01
201600059170;0;33;0;0;2;4;2;A01
201600059170;0;10;0;0;2;1;2;B01
201600059171;1;7;0;0;2;3;13;A01
201600059171;2;7;0;0;2;3;1;B01
201600059172;1;34;0;12;0;1;16;A01
201600059173;2;30;0;0;0;1;1;A01
201600059174;0;1;0;0;6;1;1;A01
201600059175;0;7;0;0;1;1;1;A01
201600059176;1;7;0;3;0;1;1;A01
201600059177;2;7;0;0;2;1;13;B01
201600059177;1;7;0;0;2;1;1;A01
201600059178;2;7;0;0;1;2;15;A01
201600059179;2;7;0;0;2;8;15;A01
201600059179;2;1;0;0;2;7;17;B01
201600059180;2;7;0;0;2;1;2;A01
201600059180;2;7;0;0;2;4;16;B01
201600059181;0;7;0;0;2;1;1;B01
201600059181;0;7;0;0;2;1;15;A01
201600059182;1;7;0;0;1;1;1;A01
201600059183;2;7;0;0;2;1;2;A01
201600059183;2;7;0;0;2;6;2;B01
201600059184;2;31;0;1;2;1;1;B01
201600059184;2;7;0;0;2;1;9;A01
201600059185;1;7;0;0;2;3;0;A01
201600059185;1;7;0;0;2;1;0;B01
201600059186;1;7;0;0;1;1;0;A01
201600059187;1;33;0;0;2;7;21;B01
201600059187;2;7;0;0;2;2;19;A01
201600059188;1;7;0;0;2;3;15;A01
201600059188;1;7;0;0;2;2;1;B01
201600059189;1;1;0;0;2;0;1;B01
201600059189;1;7;0;0;0;0;0;A01
201600059190;1;7;0;0;1;1;1;A01
201600059191;1;7;0;0;0;0;0;C01
201600059191;2;7;0;0;2;3;13;A01
201600059191;1;7;0;0;2;3;1;B01
201600059192;1;1;0;0;2;4;1;A01
201600059193;1;33;0;0;9;8;1;A01
201600059194;1;7;0;0;1;1;1;A01
201600059195;1;33;0;0;2;8;1;A01
201600059195;0;1;0;0;0;0;0;B01
201600059196;0;7;0;0;2;3;13;A01
201600059196;0;7;0;0;2;7;13;C01
201600059196;0;7;0;0;2;1;1;B01
201600059197;1;31;0;14;0;1;1;A01
201600059198;1;7;0;6;0;1;1;A01
201600059199;1;7;0;13;0;3;13;A01
201600059200;1;7;0;0;2;1;2;A01
201600059200;1;7;0;0;2;4;2;B01
201600059201;2;2;0;0;1;0;0;A01
201600059202;1;33;0;0;2;1;21;A01
201600059202;2;7;0;0;9;7;15;B01
201600059203;0;33;0;0;0;0;0;A01
201600059203;0;7;0;0;0;0;0;B01
201600059204;1;7;0;0;2;1;1;B01
201600059204;1;7;0;0;2;3;13;A01
201600059205;2;7;0;0;2;9;2;A01
201600059205;2;7;0;0;2;4;2;B01
201600059206;1;7;0;0;9;7;16;A01
201600059206;1;1;0;0;2;8;2;B01
201600059207;1;2;0;6;0;1;1;A01
201600059208;2;7;0;0;0;6;0;B01
201600059208;2;33;0;0;0;1;0;A01
201600059209;1;7;0;0;2;4;0;A01
201600059209;1;7;0;0;2;1;0;B01
201600059210;1;1;0;0;1;0;0;A01
201600059211;1;7;0;0;2;0;0;B01
201600059211;2;7;0;0;2;2;1;A01
201600059212;1;7;0;0;2;3;0;A01
201600059212;1;30;0;0;2;1;0;B01
201600059213;1;7;0;0;1;3;17;A01
201600059214;1;7;0;0;2;2;15;A01
201600059214;1;30;0;0;2;3;0;B01
201600059215;0;2;0;0;2;1;1;B01
201600059215;0;7;0;0;2;1;15;A01
201600059216;1;99;0;0;2;0;0;A01
201600059216;2;15;0;0;2;0;0;C01
201600059216;1;7;0;0;2;3;0;B01
201600059217;1;7;0;0;2;5;2;A01
201600059217;1;7;0;0;2;2;2;B01
201600059218;1;7;0;0;1;0;0;A01
201600059219;1;30;0;0;2;8;15;A01
201600059219;0;7;0;0;0;0;0;B01
201600059220;2;7;0;0;2;4;2;C01
201600059220;2;7;0;0;2;4;2;B01
201600059220;2;7;0;0;2;1;9;A01
201600059221;2;33;0;0;2;1;17;A01
201600059221;2;7;0;0;2;3;2;B01
201600059222;1;10;0;0;2;1;0;D01
201600059222;1;7;0;0;2;1;2;C01
201600059222;1;7;0;0;2;5;2;A01
201600059222;1;7;0;0;2;3;2;B01
201600059223;1;7;0;0;1;1;1;A01
201600059224;2;7;0;0;2;8;0;B01
201600059224;2;2;0;0;2;7;17;A01
201600059225;2;7;0;0;1;7;1;A01
201600059226;1;7;0;0;1;0;0;A01
201600059227;1;7;0;2;0;8;19;B01
201600059227;1;99;0;0;2;1;1;A01
201600059228;1;7;0;0;1;1;1;A01
201600059229;1;7;0;0;9;4;15;A01
201600059229;1;1;0;0;2;1;2;B01
201600059230;1;7;0;0;9;1;2;A01
201600059230;0;33;0;0;2;4;2;B01
201600059231;1;7;0;0;2;9;2;B01
201600059231;1;7;0;0;2;1;2;C01
201600059231;1;7;0;0;2;4;1;A01
201600059232;1;7;0;0;2;1;15;A01
201600059232;1;33;0;0;2;7;0;B01
201600059233;2;10;0;0;1;3;1;A01
201600059234;1;7;0;0;9;3;16;A01
201600059234;1;33;0;0;2;7;1;B01
201600059235;1;7;0;0;2;1;15;A01
201600059235;1;33;0;0;2;6;0;B01
201600059236;1;2;0;0;0;8;12;A01
201600059237;1;7;0;0;1;4;4;A01
201600059238;1;7;0;0;1;7;1;A01
201600059239;2;30;0;0;0;0;2;A01
201600059240;1;33;0;0;2;8;2;B01
201600059240;1;7;0;0;2;4;2;D01
201600059240;1;7;0;0;2;1;2;C01
201600059240;1;7;0;0;2;2;2;A01
201600059241;1;7;0;0;2;1;0;B01
201600059241;2;7;0;10;2;1;17;A01
201600059242;1;7;0;0;0;0;20;A01
201600059242;1;33;0;0;2;7;21;B01
201600059243;2;7;0;0;1;1;1;A01
201600059243;2;7;0;0;2;5;17;D01
201600059243;2;7;0;0;2;1;17;C01
201600059243;2;7;0;0;2;1;2;B01
201600059244;1;30;0;0;2;0;0;B01
201600059244;1;7;0;0;9;8;15;A01
201600059245;1;7;0;14;0;0;0;B01
201600059245;1;7;0;8;0;2;2;A01
201600059246;1;2;0;0;2;1;15;A01
201600059246;1;33;0;0;2;1;15;B01
201600059247;1;33;0;4;0;1;19;A01
201600059248;1;7;0;0;1;7;1;A01
201600059249;0;7;0;0;2;4;13;A01
201600059249;0;7;0;0;2;1;1;B01
201600059250;1;7;0;2;0;1;16;A01
201600059251;1;7;0;8;0;1;0;A01
201600059252;1;7;0;0;2;8;1;A01
201600059252;2;7;0;0;2;1;1;C01
201600059252;1;7;0;0;2;1;1;B01
201600059253;0;2;0;0;2;8;5;B01
201600059253;1;7;0;0;2;8;1;A01
201600059254;2;7;0;0;0;0;0;A01
201600059255;2;7;0;0;2;3;0;A01
201600059255;1;30;0;0;2;3;13;B01
201600059256;2;33;0;0;2;1;1;B01
201600059256;1;7;0;0;2;1;15;A01
201600059257;1;30;0;16;0;1;16;A01
201600059258;2;10;0;0;2;1;1;A01
201600059258;1;10;0;0;2;3;1;B01
201600059259;1;7;0;0;2;2;2;A01
201600059259;1;7;0;0;2;4;2;B01
201600059259;1;7;0;0;2;4;0;C01
201600059260;1;7;0;0;1;0;0;A01
201600059261;1;30;0;3;0;1;0;A01
201600059262;1;7;0;0;2;1;19;A01
201600059262;2;2;0;0;2;7;1;B01
201600059263;1;7;0;0;2;1;8;B01
201600059263;2;7;0;0;2;2;19;A01
201600059264;1;7;0;0;1;0;0;A01
201600059265;1;2;0;1;2;1;14;A01
201600059265;2;2;0;0;2;1;21;C01
201600059266;1;33;0;0;2;1;1;A01
201600059266;2;7;0;0;2;6;0;B01
201600059267;1;7;0;0;1;3;9;A01
201600059268;1;7;0;0;1;3;1;A01
201600059269;2;30;0;0;1;1;1;A01
201600059270;1;7;0;0;2;4;1;A01
201600059270;1;30;0;0;2;1;2;B01
201600059271;1;32;0;12;0;0;13;A01
201600059272;2;7;0;0;1;3;1;A01
201600059273;1;7;0;12;0;9;14;A01
201600059274;2;1;0;0;1;0;0;A01
201600059275;2;30;0;0;2;7;17;A01
201600059275;2;7;0;0;2;3;1;B01
201600059276;1;32;0;0;2;1;1;B01
201600059276;2;7;0;0;2;1;13;A01
201600059277;2;7;0;16;1;1;13;A01
201600059278;2;30;0;0;1;1;19;A01
201600059279;1;7;0;0;2;1;17;A01
201600059279;2;7;0;0;2;1;1;B01
201600059280;1;7;0;0;2;3;9;A01
201600059280;1;32;0;0;2;7;1;B01
201600059281;1;7;0;0;2;8;15;A01
201600059281;1;30;0;0;2;1;1;B01
201600059282;1;7;0;0;2;0;15;A01
201600059282;2;32;0;0;2;1;17;B01
201600059283;2;7;0;0;1;1;1;A01
201600059284;1;7;0;0;2;7;17;A01
201600059284;1;30;0;0;2;8;13;B01
201600059285;1;7;0;0;2;4;13;A01
201600059285;1;30;0;0;2;1;1;B01
201600059286;2;30;0;0;2;1;17;A01
201600059286;1;7;0;0;2;3;15;B01
201600059287;1;7;0;0;2;8;15;A01
201600059287;1;32;0;0;2;1;17;B01
201600059288;1;30;0;0;1;0;0;A01
201600059289;2;7;0;0;1;1;1;A01
201600059290;1;7;0;0;1;1;1;A01
201600059291;2;30;0;0;0;7;14;A01
201600059292;2;7;0;0;2;2;15;A01
201600059292;1;30;0;0;2;1;1;B01
201600059293;2;7;0;1;2;1;13;A01
201600059293;1;7;0;0;2;1;1;B01
201600059293;1;7;0;0;2;1;2;C01
201600059294;1;30;0;0;1;1;1;A01
201600059295;1;30;0;0;1;8;0;A01
201600059296;1;7;0;0;1;3;1;A01
201600059297;1;7;0;0;2;8;13;A01
201600059297;1;30;0;0;2;7;17;B01
201600059298;2;30;0;16;0;8;0;A01
201600059299;2;32;0;0;1;1;1;A01
201600059300;1;32;0;0;2;7;1;A01
201600059300;2;7;0;0;2;3;9;B01
201600059301;2;30;0;0;2;1;1;A01
201600059301;1;31;0;0;2;1;17;B01
201600059302;2;7;0;0;1;1;1;A01
201600059303;2;7;0;0;1;1;1;A01
201600059304;2;7;0;0;2;1;17;A01
201600059304;1;30;0;0;2;1;1;B01
201600059305;2;7;0;0;1;1;1;A01
201600059306;2;30;0;0;1;1;1;A01
201600059307;1;30;0;16;0;8;13;A01
201600059308;1;30;0;12;0;7;1;A01
201600059309;1;7;0;0;1;3;1;A01
201600059310;1;7;0;0;1;2;1;A01
201600059311;2;30;0;14;0;8;1;A01
201600059312;1;7;0;0;1;2;1;A01
201600059313;1;31;0;14;0;8;1;A01
201600059314;1;7;0;16;0;1;14;A01
201600059315;2;30;0;16;0;8;0;A01
201600059316;1;32;0;0;1;1;1;A01
201600059317;1;33;0;0;0;8;13;A01
201600059318;2;32;0;0;2;7;17;B01
201600059318;2;7;0;0;2;8;1;Z01
201600059319;2;33;0;0;2;1;1;B01
201600059319;1;7;0;0;2;7;15;Z01
201600059320;2;30;0;16;0;7;14;A01
201600059321;2;30;0;0;1;1;1;A01
201600059322;2;30;0;16;0;8;13;A01
201600059323;1;7;0;16;0;9;14;A01
201600059324;1;7;0;1;0;3;9;A01
201600059324;1;30;0;0;2;1;1;B01
201600059325;1;32;0;0;1;1;1;A01
201600059326;2;7;0;16;0;9;14;A01
201600059327;1;30;0;16;0;7;14;A01
201600059328;2;1;0;0;2;1;14;A01
201600059328;1;7;0;0;2;1;1;B01
201600059329;2;30;0;0;2;1;13;A01
201600059329;1;13;0;0;2;3;1;B01
201600059330;1;30;0;14;0;7;14;A01
201600059331;1;32;0;0;2;1;13;A01
201600059331;2;7;0;0;2;1;1;B01
201600059332;2;7;0;0;2;7;17;A01
201600059332;2;2;0;0;2;8;2;B01
201600059333;1;7;0;0;1;2;9;A01
201600059334;1;30;0;0;1;1;1;A01
201600059335;1;32;0;16;0;8;13;A01
201600059336;2;30;0;0;2;1;1;A01
201600059336;2;7;0;0;2;4;1;B01
201600059337;2;30;0;0;0;1;1;A01
201600059338;2;30;0;0;1;1;1;A01
201600059339;1;37;1;0;1;2;1;A01
201600059340;1;30;0;0;1;1;1;A01
201600059341;2;7;0;0;2;7;15;A01
201600059341;2;30;0;0;2;1;9;B01
201600059342;1;30;0;0;1;1;1;A01
201600059343;1;7;0;0;1;1;1;A01
201600059344;2;7;0;0;2;2;15;A01
201600059344;2;32;0;0;2;1;1;B01
201600059345;1;30;0;0;1;1;1;A01
201600059346;1;30;0;0;1;1;1;A01
201600059347;1;7;0;0;2;2;0;A01
201600059347;1;33;0;0;2;5;0;B01
201600059348;2;7;0;0;1;1;1;A01
201600059349;1;7;0;0;1;1;1;A01
201600059350;2;7;0;0;2;8;15;A01
201600059350;2;32;0;0;2;1;17;B01
201600059350;1;32;0;0;2;1;1;C01
201600059351;2;7;0;0;2;2;17;A01
201600059351;2;30;0;0;2;6;1;B01
201600059352;2;7;0;0;1;1;1;A01
201600059353;2;33;0;0;1;1;1;A01
201600059354;1;32;0;0;2;1;17;A01
201600059354;1;7;0;0;2;3;17;B01
201600059355;2;32;0;0;2;1;17;A01
201600059355;2;7;0;0;2;3;15;B01
201600059356;1;7;0;0;2;3;1;A01
201600059356;2;32;0;0;2;1;17;B01
201600059356;2;32;0;0;2;1;17;C01
201600059356;2;7;0;0;2;8;1;D01
201600059357;1;30;0;0;1;1;1;A01
201600059358;2;32;0;0;2;7;17;A01
201600059358;2;7;0;0;2;8;1;B01
201600059359;1;7;0;0;1;3;1;A01
201600059360;1;32;0;0;2;1;17;A01
201600059360;2;7;0;0;2;3;16;B01
201600059361;2;7;0;0;2;8;15;A01
201600059361;2;34;0;0;2;1;17;B01
201600059362;2;30;0;0;1;1;1;A01
201600059363;1;7;0;0;2;3;15;A01
201600059363;1;32;0;0;2;1;2;B01
201600059364;1;7;0;0;2;1;15;A01
201600059364;2;2;0;0;2;8;16;B01
201600059365;1;7;0;0;1;2;1;A01
201600059366;2;30;0;0;2;8;18;A01
201600059366;2;7;0;0;2;7;1;B01
201600059367;2;30;0;0;1;1;1;A01
201600059368;2;2;0;0;0;0;0;Z01
201600059369;1;33;0;0;1;1;1;A01
201600059370;1;32;0;12;0;1;14;A01
201600059371;2;30;0;0;1;1;1;A01
201600059372;1;7;0;0;1;3;1;A01
201600059373;1;7;0;0;1;2;14;A01
201600059374;2;32;0;0;2;8;17;A01
201600059375;1;7;0;0;1;0;0;Z01
201600059376;1;32;0;0;2;8;15;A01
201600059376;1;30;0;0;2;1;17;B01
201600059377;2;31;0;0;2;1;2;A01
201600059377;2;7;0;0;2;4;1;B01
201600059378;2;7;0;0;2;3;15;A01
201600059378;2;30;0;0;2;1;17;B01
201600059379;1;7;0;0;1;6;1;A01
201600059380;1;7;0;0;1;2;1;A01
201600059381;1;30;0;0;2;5;15;A01
201600059381;2;30;0;0;2;1;17;B01
201600059382;2;32;0;0;2;1;17;A01
201600059382;1;32;0;0;2;6;15;B01
201600059383;1;32;0;0;2;1;2;A01
201600059383;2;7;0;0;0;0;0;Z01
201600059384;1;7;0;0;2;2;15;A01
201600059384;2;30;0;0;2;1;1;B01
201600059385;1;7;0;0;1;1;13;A01
201600059386;2;30;0;12;0;0;15;A01
201600059387;1;7;0;0;9;1;1;A01
201600059387;2;1;0;0;2;1;17;B01
201600059388;1;30;0;0;1;0;0;Z01
201600059389;1;7;0;0;2;8;15;A01
201600059389;1;32;0;0;2;1;17;B01
201600059390;2;1;0;0;2;1;17;B01
201600059390;1;7;0;0;9;0;0;Z01
201600059391;2;7;0;0;1;2;1;A01
201600059392;1;30;0;0;2;1;1;A01
201600059392;2;1;0;0;2;1;13;B01
201600059393;1;32;0;0;2;8;13;A01
201600059394;2;32;0;0;1;1;1;A01
201600059395;1;30;0;0;2;5;15;A01
201600059395;2;33;0;0;2;1;1;B01
201600059396;1;7;0;0;2;6;15;A01
201600059396;1;31;0;0;2;1;17;B01
201600059397;2;32;0;16;0;2;9;A01
201600059398;1;30;0;12;0;2;0;A01
201600059399;1;30;0;0;2;8;15;A01
201600059400;1;7;0;0;1;1;1;A01
201600059401;1;30;0;0;2;1;17;A01
201600059401;1;7;0;0;2;3;15;B01
201600059402;1;30;0;14;0;7;1;A01
201600059403;2;32;0;14;0;8;1;A01
201600059404;1;30;0;0;2;8;15;A01
201600059404;1;31;0;0;2;1;17;B01
201600059405;2;7;0;0;1;3;13;A01
201600059406;2;7;0;0;2;8;15;A01
201600059406;2;33;0;0;2;1;17;B01
201600059407;2;30;0;0;1;1;1;A01
201600059408;1;2;0;16;2;7;17;A01
201600059409;2;1;0;0;1;0;0;Z01
201600059410;2;7;0;0;1;3;1;A01
201600059411;2;7;0;0;1;0;0;Z01
201600059412;1;33;0;0;2;1;13;A01
201600059412;2;32;0;0;2;1;1;B01
201600059413;1;30;0;14;0;8;15;A01
201600059414;1;7;0;0;2;8;1;A01
201600059414;2;30;0;0;2;1;15;B01
201600059415;2;36;0;0;1;1;17;A01
201600059416;2;7;0;0;1;3;1;A01
201600059417;1;7;0;0;2;1;1;A01
201600059417;2;7;0;0;0;0;24;Z01
201600059418;2;7;0;0;1;3;1;A01
201600059419;1;7;0;0;1;0;0;Z01
201600059420;1;7;0;0;1;2;1;A01
201600059421;1;7;0;16;0;7;14;A01
201600059422;1;7;0;0;2;3;15;A01
201600059422;1;1;0;0;2;1;1;B01
201600059423;2;33;0;0;2;8;14;A01
201600059423;2;32;0;0;2;8;1;B01
201600059424;2;32;0;0;1;1;1;A01
201600059425;2;32;0;0;2;7;17;A01
201600059425;1;7;0;0;2;0;1;Z01
201600059426;2;1;0;0;2;1;9;A01
201600059426;2;7;0;0;9;7;1;B01
201600059427;1;2;0;0;1;1;1;A01
201600059428;2;32;0;0;1;7;1;A01
201600059429;2;30;0;11;0;1;14;A01
201600059430;2;7;0;0;2;8;15;A01
201600059430;1;30;0;0;2;1;17;B01
201600059431;2;30;0;0;2;7;15;A01
201600059431;1;30;0;0;2;1;1;B01
201600059432;1;2;0;0;2;7;1;A01
201600059432;2;7;0;0;2;1;9;B01